row_index,MPN,Part_Desc,Manufacturer,Brand,Classpath,classification_status,classification_method,evidence_tier,evidence_type,evidence_url,evidence_match_status,evidence_summary,taxonomy_validation,contradiction_check,confidence,validation_status,rejection_reason
1,DCB518ASTS06G,"DCB518ASTS06G Diablo 1/2""x18"" - Sanding Belt 6pc",Freud Inc,Diablo®,Tools & Equipment>Power Tool Accessories>Abrasives>Sanding Belts,CLASSIFIED,RULE_MATCH,Tier 1,PRODUCT_SPECIFIC_OFFICIAL_URL,https://www.diablotools.com/products/DCB518ASTS06G; https://www.mccoys.com/shop/p/7872492-052303-32/diablo-dcb518asts06g-sanding-belt-12-in-w-18-in-l-50-80-120-grit-coarse-fine-medium-zirconium-abrasive; https://www.amazon.com/Diablo-Sanding-Belt-Zirconium-Blend/dp/B0CZY1CKN1,PASS,Exact official manufacturer URL verified product identity,PASS,PASS,HIGH,PASS,NONE
2,3MABR-7100075678,3M 775L Stikit Film P150 - Cubitron II 50 Disc/Box,3M Company,3M®,Tools & Equipment>Power Tool Accessories>Abrasives>Sanding Discs,CLASSIFIED,RULE_MATCH,Tier 1,PRODUCT_SPECIFIC_OFFICIAL_URL,https://www.3m.com/3M/en_US/p/d/b40064784/,PASS,Exact official manufacturer URL verified product identity,PASS,PASS,HIGH,PASS,NONE
3,3MABR-7100045865,3M 775L Stikit Film P120 - Cubitron II 50 Disc/Box,3M Company,3M®,Tools & Equipment>Power Tool Accessories>Abrasives>Sanding Discs,CLASSIFIED,RULE_MATCH,Tier 1,PRODUCT_SPECIFIC_OFFICIAL_URL,https://www.3m.com/3M/en_US/p/d/b40064784/,PASS,Exact official manufacturer URL verified product identity,PASS,PASS,HIGH,PASS,NONE
4,3MABR-7100048736,3M 775L Stikit Film P80 - Cubitron II 50 Disc/Box,3M Company,3M®,Tools & Equipment>Power Tool Accessories>Abrasives>Sanding Discs,CLASSIFIED,RULE_MATCH,Tier 3,DIRECT_DATASET,,PASS,Explicit product noun phrase in description matched deterministic taxonomy schema,PASS,PASS,HIGH,PASS,NONE
5,3MABR-7100075690,3M 775L Stikit Film P180 - Cubitron II 50 Disc/Box,3M Company,3M®,Tools & Equipment>Power Tool Accessories>Abrasives>Sanding Discs,CLASSIFIED,RULE_MATCH,Tier 3,DIRECT_DATASET,,PASS,Explicit product noun phrase in description matched deterministic taxonomy schema,PASS,PASS,HIGH,PASS,NONE
6,3MABR-7100075692,3M 775L Stikit Film P220 - Cubitron II 50 Disc/Box,3M Company,3M®,Tools & Equipment>Power Tool Accessories>Abrasives>Sanding Discs,CLASSIFIED,RULE_MATCH,Tier 3,DIRECT_DATASET,,PASS,Explicit product noun phrase in description matched deterministic taxonomy schema,PASS,PASS,HIGH,PASS,NONE
7,3MABR-7100145365,3M 775L Stikit Film P320 - Cubitron II 50 Disc/Box,3M Company,3M®,Tools & Equipment>Power Tool Accessories>Abrasives>Sanding Discs,CLASSIFIED,RULE_MATCH,Tier 3,DIRECT_DATASET,,PASS,Explicit product noun phrase in description matched deterministic taxonomy schema,PASS,PASS,HIGH,PASS,NONE
8,5B-332-080,"5B-332-080 HIOLIT 5"" P80",Mirka Abrasives Inc,,Tools & Equipment>Power Tool Accessories>Abrasives>Sanding Discs,CLASSIFIED,RULE_MATCH,Tier 3,DIRECT_DATASET,,PASS,Explicit product noun phrase in description matched deterministic taxonomy schema,PASS,PASS,HIGH,PASS,NONE
9,5B-332-120,"5B-332-120 HIOLIT 5"" P120",Mirka Abrasives Inc,,Tools & Equipment>Power Tool Accessories>Abrasives>Sanding Discs,CLASSIFIED,RULE_MATCH,Tier 3,DIRECT_DATASET,,PASS,Explicit product noun phrase in description matched deterministic taxonomy schema,PASS,PASS,HIGH,PASS,NONE
10,9A-570-240,9A-570-240 Abranet 2.75x30,Mirka Abrasives Inc,,Tools & Equipment>Power Tool Accessories>Abrasives>Sanding Discs,CLASSIFIED,RULE_MATCH,Tier 3,DIRECT_DATASET,,PASS,Explicit product noun phrase in description matched deterministic taxonomy schema,PASS,PASS,HIGH,PASS,NONE
11,9A-570-320,9A-570-320 Abranet 2.75x30,Mirka Abrasives Inc,,Tools & Equipment>Power Tool Accessories>Abrasives>Sanding Discs,CLASSIFIED,RULE_MATCH,Tier 3,DIRECT_DATASET,,PASS,Explicit product noun phrase in description matched deterministic taxonomy schema,PASS,PASS,HIGH,PASS,NONE
12,DBD090094101F,"DBD090094101F Diablo 9"" - Metal Cut-Off Disc",Freud Inc,Diablo®,Tools & Equipment>Power Tool Accessories>Abrasives>Cut-Off Discs,CLASSIFIED,RULE_MATCH,Tier 1,PRODUCT_SPECIFIC_OFFICIAL_URL,https://diablotools.com/products/DBD090094101F; https://www.powerboltandtool.com/products/236595,PASS,Exact official manufacturer URL verified product identity,PASS,PASS,HIGH,PASS,NONE
13,DBDS12125A01F,"DBDS12125A01F Diablo 12"" - Steel Demon Metal Cut-Off Disc",Freud Inc,Diablo®,Tools & Equipment>Power Tool Accessories>Abrasives>Cut-Off Discs,CLASSIFIED,RULE_MATCH,Tier 3,DIRECT_DATASET,,PASS,Explicit product noun phrase in description matched deterministic taxonomy schema,PASS,PASS,HIGH,PASS,NONE
14,DBDS12125G01F,"DBDS12125G01F Diablo 12""x20mm - Speed Demon Metal Cut-Off Disc",Freud Inc,Diablo®,Tools & Equipment>Power Tool Accessories>Abrasives>Cut-Off Discs,CLASSIFIED,RULE_MATCH,Tier 1,PRODUCT_SPECIFIC_OFFICIAL_URL,https://diablotools.com/products/DBDS12125G01F; https://www.mccoys.com/shop/p/7866445-052303-32/diablo-steel-demon-dbds12125g01f-high-speed-cut-off-disc-12-in-dia-18-in-thick-20-mm-arbor-ceramic-abrasive; https://www.gobuildsupply.com/products/12-type-1-steel-demon%E2%84%A2-high-speed-metal-cut-off-disc-copy,PASS,Exact official manufacturer URL verified product identity,PASS,PASS,HIGH,PASS,NONE
15,DBDS14125A01F,"DBDS14125A01F Diablo 14""x1"" - Steel Demon Metal Cut-Off Disc",Freud Inc,Diablo®,Tools & Equipment>Power Tool Accessories>Abrasives>Cut-Off Discs,CLASSIFIED,RULE_MATCH,Tier 3,DIRECT_DATASET,,PASS,Explicit product noun phrase in description matched deterministic taxonomy schema,PASS,PASS,HIGH,PASS,NONE
16,DBDS14125G01F,"DBDS14125G01F Diablo 14""x20mm - Steel Demon Metal Cut-Off Disc",Freud Inc,Diablo®,Tools & Equipment>Power Tool Accessories>Abrasives>Cut-Off Discs,CLASSIFIED,RULE_MATCH,Tier 3,DIRECT_DATASET,,PASS,Explicit product noun phrase in description matched deterministic taxonomy schema,PASS,PASS,HIGH,PASS,NONE
17,49-94-0013,"49-94-0013 Milw 5""x.045""x7/8"" Metal Cut Off Disc",Milwaukee Tool,Milwaukee®,Tools & Equipment>Power Tool Accessories>Abrasives>Cut-Off Discs,CLASSIFIED,RULE_MATCH,Tier 2,PRODUCT_SPECIFIC_DISTRIBUTOR_URL,https://toolup.com/products/milwaukee-49-94-0013-5-in-x-0-045-in-x-7-8-in-type-1-metal-cut-off-wheel-for-metal-and-stainless-steel-1-each,PASS,Exact distributor/catalog URL verified product identity,PASS,PASS,HIGH,PASS,NONE
18,49-94-0029,"49-94-0029 Milw 6-1/2""x1/8""x5/8"" DKO Metal Cut Off Disc",Milwaukee Tool,Milwaukee®,Tools & Equipment>Power Tool Accessories>Abrasives>Cut-Off Discs,CLASSIFIED,RULE_MATCH,Tier 3,DIRECT_DATASET,,PASS,Explicit product noun phrase in description matched deterministic taxonomy schema,PASS,PASS,HIGH,PASS,NONE
19,49-94-0033,"49-94-0033 Milw 7""x1/16""x7/8"" Metal Cut Off Disc",Milwaukee Tool,Milwaukee®,Tools & Equipment>Power Tool Accessories>Abrasives>Cut-Off Discs,CLASSIFIED,RULE_MATCH,Tier 3,DIRECT_DATASET,,PASS,Explicit product noun phrase in description matched deterministic taxonomy schema,PASS,PASS,HIGH,PASS,NONE
20,49-94-0001,"49-94-0001 Milw 4""x.040""x5/8"" Metal Cut Off Disc",Milwaukee Tool,Milwaukee®,Tools & Equipment>Power Tool Accessories>Abrasives>Cut-Off Discs,CLASSIFIED,RULE_MATCH,Tier 3,DIRECT_DATASET,,PASS,Explicit product noun phrase in description matched deterministic taxonomy schema,PASS,PASS,HIGH,PASS,NONE
21,49-94-0039,"49-94-0039 Milw 7""x1/8""x5/8"" DKO Metal Cut Off Disc",Milwaukee Tool,Milwaukee®,Tools & Equipment>Power Tool Accessories>Abrasives>Cut-Off Discs,CLASSIFIED,RULE_MATCH,Tier 3,DIRECT_DATASET,,PASS,Explicit product noun phrase in description matched deterministic taxonomy schema,PASS,PASS,HIGH,PASS,NONE
22,49-94-0043,"49-94-0043 Milw 9""x3/32""x7/8"" Metal Cut Off Disc",Milwaukee Tool,Milwaukee®,Tools & Equipment>Power Tool Accessories>Abrasives>Cut-Off Discs,CLASSIFIED,RULE_MATCH,Tier 3,DIRECT_DATASET,,PASS,Explicit product noun phrase in description matched deterministic taxonomy schema,PASS,PASS,HIGH,PASS,NONE
23,49-94-0048,"49-94-0048 Milw 12""x7/64""x1"" Metal Cut Off Disc General Purpose",Milwaukee Tool,Milwaukee®,Tools & Equipment>Power Tool Accessories>Abrasives>Cut-Off Discs,CLASSIFIED,RULE_MATCH,Tier 3,DIRECT_DATASET,,PASS,Explicit product noun phrase in description matched deterministic taxonomy schema,PASS,PASS,HIGH,PASS,NONE
24,49-94-0053,"49-94-0053 Milw 12""x1/8""x1"" Metal Cut Off Disc",Milwaukee Tool,Milwaukee®,Tools & Equipment>Power Tool Accessories>Abrasives>Cut-Off Discs,CLASSIFIED,RULE_MATCH,Tier 3,DIRECT_DATASET,,PASS,Explicit product noun phrase in description matched deterministic taxonomy schema,PASS,PASS,HIGH,PASS,NONE
25,49-94-0058,"49-94-0058 Milw 12""x1/8""x20mm Metal Cut Off Disc",Milwaukee Tool,Milwaukee®,Tools & Equipment>Power Tool Accessories>Abrasives>Cut-Off Discs,CLASSIFIED,RULE_MATCH,Tier 2,PRODUCT_SPECIFIC_DISTRIBUTOR_URL,https://toolup.com/products/milwaukee-49-94-0058-12-in-type-1-metal-cut-off-wheel-1-8-in-thick-20-mm-arbor,PASS,Exact distributor/catalog URL verified product identity,PASS,PASS,HIGH,PASS,NONE
26,49-94-0063,"49-94-0063 Milw 14""x7/64""x1"" Metal Cut Off Disc General Purpose",Milwaukee Tool,Milwaukee®,Tools & Equipment>Power Tool Accessories>Abrasives>Cut-Off Discs,CLASSIFIED,RULE_MATCH,Tier 3,DIRECT_DATASET,,PASS,Explicit product noun phrase in description matched deterministic taxonomy schema,PASS,PASS,HIGH,PASS,NONE
27,49-94-0068,"49-94-0068 Milw 14""x1/8""x20mm Metal Cut Off Disc",Milwaukee Tool,Milwaukee®,Tools & Equipment>Power Tool Accessories>Abrasives>Cut-Off Discs,CLASSIFIED,RULE_MATCH,Tier 3,DIRECT_DATASET,,PASS,Explicit product noun phrase in description matched deterministic taxonomy schema,PASS,PASS,HIGH,PASS,NONE
28,49-94-0073,"49-94-0073 Milw 14""x1/8""x1"" Metal Cut Off Disc",Milwaukee Tool,Milwaukee®,Tools & Equipment>Power Tool Accessories>Abrasives>Cut-Off Discs,CLASSIFIED,RULE_MATCH,Tier 3,DIRECT_DATASET,,PASS,Explicit product noun phrase in description matched deterministic taxonomy schema,PASS,PASS,HIGH,PASS,NONE
29,49-94-0101,"49-94-0101 Milw 4-1/2""x.045""x7/8"" Perform+ Metal Cut Off Disc 10pc",Milwaukee Tool,Milwaukee®,Tools & Equipment>Power Tool Accessories>Abrasives>Cut-Off Discs,CLASSIFIED,RULE_MATCH,Tier 3,DIRECT_DATASET,,PASS,Explicit product noun phrase in description matched deterministic taxonomy schema,PASS,PASS,HIGH,PASS,NONE
30,49-94-0107,"49-94-0107 Milw 4-1/2""x.045""x7/8"" Performance+ Metal Cut Off Disc",Milwaukee Tool,Milwaukee®,Tools & Equipment>Power Tool Accessories>Abrasives>Cut-Off Discs,CLASSIFIED,RULE_MATCH,Tier 3,DIRECT_DATASET,,PASS,Explicit product noun phrase in description matched deterministic taxonomy schema,PASS,PASS,HIGH,PASS,NONE
31,49-94-0117,"49-94-0117 Milw 5""x.045""x7/8"" Performance+ Metal Cut Off Disc",Milwaukee Tool,Milwaukee®,Tools & Equipment>Power Tool Accessories>Abrasives>Cut-Off Discs,CLASSIFIED,RULE_MATCH,Tier 3,DIRECT_DATASET,,PASS,Explicit product noun phrase in description matched deterministic taxonomy schema,PASS,PASS,HIGH,PASS,NONE
32,49-94-0123,"49-94-0123 Milw 6""x.045""x7/8"" Performance+ Metal Cut Off Disc",Milwaukee Tool,Milwaukee®,Tools & Equipment>Power Tool Accessories>Abrasives>Cut-Off Discs,CLASSIFIED,RULE_MATCH,Tier 3,DIRECT_DATASET,,PASS,Explicit product noun phrase in description matched deterministic taxonomy schema,PASS,PASS,HIGH,PASS,NONE
33,49-94-0023,"49-94-0023 Milw 6""x.045""x7/8"" Metal Cut Off Disc",Milwaukee Tool,Milwaukee®,Tools & Equipment>Power Tool Accessories>Abrasives>Cut-Off Discs,CLASSIFIED,RULE_MATCH,Tier 3,DIRECT_DATASET,,PASS,Explicit product noun phrase in description matched deterministic taxonomy schema,PASS,PASS,HIGH,PASS,NONE
34,49-94-0121,"49-94-0121 Milw 6""x.045""x7/8"" Performance+ Metal Cut Off Disc 10pc",Milwaukee Tool,Milwaukee®,Tools & Equipment>Power Tool Accessories>Abrasives>Cut-Off Discs,CLASSIFIED,RULE_MATCH,Tier 3,DIRECT_DATASET,,PASS,Explicit product noun phrase in description matched deterministic taxonomy schema,PASS,PASS,HIGH,PASS,NONE
35,49-94-0127,"49-94-0127 Milw 6""x.045""x7/8"" Performance+Metal Cut Off Disc",Milwaukee Tool,Milwaukee®,Tools & Equipment>Power Tool Accessories>Abrasives>Cut-Off Discs,CLASSIFIED,RULE_MATCH,Tier 3,DIRECT_DATASET,,PASS,Explicit product noun phrase in description matched deterministic taxonomy schema,PASS,PASS,HIGH,PASS,NONE
36,49-94-0137,"49-94-0137 Milw 7""x3/32""x7/8"" Performance+ Metal Cut Off Disc",Milwaukee Tool,Milwaukee®,Tools & Equipment>Power Tool Accessories>Abrasives>Cut-Off Discs,CLASSIFIED,RULE_MATCH,Tier 3,DIRECT_DATASET,,PASS,Explicit product noun phrase in description matched deterministic taxonomy schema,PASS,PASS,HIGH,PASS,NONE
37,49-94-0160,"49-94-0160 Milw 14""x7/64""x1"" Performance+ Metal Cut Off Disc",Milwaukee Tool,Milwaukee®,Tools & Equipment>Power Tool Accessories>Abrasives>Cut-Off Discs,CLASSIFIED,RULE_MATCH,Tier 3,DIRECT_DATASET,,PASS,Explicit product noun phrase in description matched deterministic taxonomy schema,PASS,PASS,HIGH,PASS,NONE
38,49-94-0223,"49-94-0223 Milw 6""x.045""x7/8"" Ceramic+ Metal Cut Off Disc",Milwaukee Tool,Milwaukee®,Tools & Equipment>Power Tool Accessories>Abrasives>Cut-Off Discs,CLASSIFIED,RULE_MATCH,Tier 3,DIRECT_DATASET,,PASS,Explicit product noun phrase in description matched deterministic taxonomy schema,PASS,PASS,HIGH,PASS,NONE
39,49-94-0445,"49-94-0445 Milw 10""x3/32""x5/8"" Performance+ Metal Cut Off Disc",Milwaukee Tool,Milwaukee®,Tools & Equipment>Power Tool Accessories>Abrasives>Cut-Off Discs,CLASSIFIED,RULE_MATCH,Tier 3,DIRECT_DATASET,,PASS,Explicit product noun phrase in description matched deterministic taxonomy schema,PASS,PASS,HIGH,PASS,NONE
40,49-94-0803,"49-94-0803 Milw 4-1/2""x1/8""x7/8"" Dual Metal Cut and Grind Disc",Milwaukee Tool,Milwaukee®,Tools & Equipment>Power Tool Accessories>Abrasives>Cut & Grind Discs,CLASSIFIED,RULE_MATCH,Tier 3,DIRECT_DATASET,,PASS,Explicit product noun phrase in description matched deterministic taxonomy schema,PASS,PASS,HIGH,PASS,NONE
41,49-94-0903,"49-94-0903 Milw 4-1/2""x1/8""x7/8""Perform+Dual Metal Cut and Grind Disc",Milwaukee Tool,Milwaukee®,Tools & Equipment>Power Tool Accessories>Abrasives>Cut & Grind Discs,CLASSIFIED,RULE_MATCH,Tier 3,DIRECT_DATASET,,PASS,Explicit product noun phrase in description matched deterministic taxonomy schema,PASS,PASS,HIGH,PASS,NONE
42,49-94-0907,"49-94-0907 Milw 4-1/2""x1/8""x5/8-11""Perform+Dual Metal Cut n Grind Disc",Milwaukee Tool,Milwaukee®,Tools & Equipment>Power Tool Accessories>Abrasives>Cut-Off Discs,CLASSIFIED,RULE_MATCH,Tier 3,DIRECT_DATASET,,PASS,Explicit product noun phrase in description matched deterministic taxonomy schema,PASS,PASS,HIGH,PASS,NONE
43,49-94-0923,"49-94-0923 Milw 6""x1/8""x7/8"" Perform+Dual Metal Cut and Grind Disc",Milwaukee Tool,Milwaukee®,Tools & Equipment>Power Tool Accessories>Abrasives>Cut & Grind Discs,CLASSIFIED,RULE_MATCH,Tier 3,DIRECT_DATASET,,PASS,Explicit product noun phrase in description matched deterministic taxonomy schema,PASS,PASS,HIGH,PASS,NONE
44,49-94-1900,"49-94-1900 Milw 4""x1/8""x5/8"" Masonry Cut Off Disc",Milwaukee Tool,Milwaukee®,Tools & Equipment>Power Tool Accessories>Abrasives>Cut-Off Discs,CLASSIFIED,RULE_MATCH,Tier 3,DIRECT_DATASET,,PASS,Explicit product noun phrase in description matched deterministic taxonomy schema,PASS,PASS,HIGH,PASS,NONE
45,49-94-1905,"49-94-1905 Milw 4-1/2""x1/8""x7/8"" Masonry Cut Off Disc",Milwaukee Tool,Milwaukee®,Tools & Equipment>Power Tool Accessories>Abrasives>Cut-Off Discs,CLASSIFIED,RULE_MATCH,Tier 3,DIRECT_DATASET,,PASS,Explicit product noun phrase in description matched deterministic taxonomy schema,PASS,PASS,HIGH,PASS,NONE
46,49-94-1915,"49-94-1915 Milw 6-1/2""x1/8""x5/8"" DKO Masonry Cut Off Disc",Milwaukee Tool,Milwaukee®,Tools & Equipment>Power Tool Accessories>Abrasives>Cut-Off Discs,CLASSIFIED,RULE_MATCH,Tier 3,DIRECT_DATASET,,PASS,Explicit product noun phrase in description matched deterministic taxonomy schema,PASS,PASS,HIGH,PASS,NONE
47,49-94-1920,"49-94-1920 Milw 7""x1/8""x5/8"" DKO Masonry Cut Off Disc",Milwaukee Tool,Milwaukee®,Tools & Equipment>Power Tool Accessories>Abrasives>Cut-Off Discs,CLASSIFIED,RULE_MATCH,Tier 3,DIRECT_DATASET,,PASS,Explicit product noun phrase in description matched deterministic taxonomy schema,PASS,PASS,HIGH,PASS,NONE
48,49-94-1925,"49-94-1925 Milw 10""x1/8""x5/8"" Masonry Cut Off Disc",Milwaukee Tool,Milwaukee®,Tools & Equipment>Power Tool Accessories>Abrasives>Cut-Off Discs,CLASSIFIED,RULE_MATCH,Tier 3,DIRECT_DATASET,,PASS,Explicit product noun phrase in description matched deterministic taxonomy schema,PASS,PASS,HIGH,PASS,NONE
49,49-94-1935,"49-94-1935 Milw 12""x1/8""x1"" Masonry Cut Off Disc",Milwaukee Tool,Milwaukee®,Tools & Equipment>Power Tool Accessories>Abrasives>Cut-Off Discs,CLASSIFIED,RULE_MATCH,Tier 3,DIRECT_DATASET,,PASS,Explicit product noun phrase in description matched deterministic taxonomy schema,PASS,PASS,HIGH,PASS,NONE
50,49-94-1940,"49-94-1940 Milw 14""x1/8""x1"" Masonry Cut Off Disc",Milwaukee Tool,Milwaukee®,Tools & Equipment>Power Tool Accessories>Abrasives>Cut-Off Discs,CLASSIFIED,RULE_MATCH,Tier 3,DIRECT_DATASET,,PASS,Explicit product noun phrase in description matched deterministic taxonomy schema,PASS,PASS,HIGH,PASS,NONE
51,49-94-0501,"49-94-0501 Milw 4""x1/4""x5/8"" Metal Grinding Wheel",Milwaukee Tool,Milwaukee®,Tools & Equipment>Power Tool Accessories>Abrasives>Grinding Wheels,CLASSIFIED,RULE_MATCH,Tier 1,PRODUCT_SPECIFIC_OFFICIAL_URL,https://www.milwaukeetool.com/products/details/4-x-1-4-x-5-8-metal-grinding-wheel-type-27/49-94-0501,PASS,Exact official manufacturer URL verified product identity,PASS,PASS,HIGH,PASS,NONE
52,49-94-0503,"49-94-0503 Milw 4-1/2""x1/4""x7/8"" Metal Grinding Wheel",Milwaukee Tool,Milwaukee®,Tools & Equipment>Power Tool Accessories>Abrasives>Grinding Wheels,CLASSIFIED,RULE_MATCH,Tier 3,DIRECT_DATASET,,PASS,Explicit product noun phrase in description matched deterministic taxonomy schema,PASS,PASS,HIGH,PASS,NONE
53,49-94-0523,"49-94-0523 Milw 6""x1/4""x7/8"" Metal Grinding Wheel",Milwaukee Tool,Milwaukee®,Tools & Equipment>Power Tool Accessories>Abrasives>Grinding Wheels,CLASSIFIED,RULE_MATCH,Tier 3,DIRECT_DATASET,,PASS,Explicit product noun phrase in description matched deterministic taxonomy schema,PASS,PASS,HIGH,PASS,NONE
54,49-94-1955,"49-94-1955 Milw 4-1/2""x1/4""x7/8"" Masonry Grinding Wheel",Milwaukee Tool,Milwaukee®,Tools & Equipment>Power Tool Accessories>Abrasives>Grinding Wheels,CLASSIFIED,RULE_MATCH,Tier 2,PRODUCT_SPECIFIC_DISTRIBUTOR_URL,https://toolup.com/products/milwaukee-49-94-1955-4-1-2-in-x-1-4-in-x-7-8-in-type-27-masonry-grinding-wheel-for-angle-grinders; https://www.acetool.com/products/49-94-1955,PASS,Exact distributor/catalog URL verified product identity,PASS,PASS,HIGH,PASS,NONE
55,49-94-1965,"49-94-1965 Milw 7""x1/4""x7/8"" Masonry Grinding Wheel",Milwaukee Tool,Milwaukee®,Tools & Equipment>Power Tool Accessories>Abrasives>Grinding Wheels,CLASSIFIED,RULE_MATCH,Tier 3,DIRECT_DATASET,,PASS,Explicit product noun phrase in description matched deterministic taxonomy schema,PASS,PASS,HIGH,PASS,NONE
56,49-94-0513,"49-94-0513 Milw 5""x1/4""x7/8"" Metal Grinding Wheel",Milwaukee Tool,Milwaukee®,Tools & Equipment>Power Tool Accessories>Abrasives>Grinding Wheels,CLASSIFIED,RULE_MATCH,Tier 3,DIRECT_DATASET,,PASS,Explicit product noun phrase in description matched deterministic taxonomy schema,PASS,PASS,HIGH,PASS,NONE
57,49-94-0533,"49-94-0533 Milw 7""x1/4""x7/8"" Metal Grinding Wheel",Milwaukee Tool,Milwaukee®,Tools & Equipment>Power Tool Accessories>Abrasives>Grinding Wheels,CLASSIFIED,RULE_MATCH,Tier 3,DIRECT_DATASET,,PASS,Explicit product noun phrase in description matched deterministic taxonomy schema,PASS,PASS,HIGH,PASS,NONE
58,DFBLBLOMFN01G,DFBLBLOMFN01G Diablo 220 Grit - Flat Edge Sanding Sponge,Freud Inc,Diablo®,Tools & Equipment>Power Tool Accessories>Abrasives>Sanding Sponges,CLASSIFIED,RULE_MATCH,Tier 1,PRODUCT_SPECIFIC_OFFICIAL_URL,https://diablotools.com/products/DFBLBLOMFN01G; https://www.toolnut.com/diablo-dfbblocmfn01g-flat-220-grit-ultra-fine-sanding-sponge.html,PASS,Exact official manufacturer URL verified product identity,PASS,PASS,HIGH,PASS,NONE
59,1700-1PK-BB40,3/4x60' Vinyl Elect Tape,3M Company,3M®,Electrical>Electrical Accessories>Tapes & Adhesives,CLASSIFIED,RULE_MATCH,Tier 3,DIRECT_DATASET,,PASS,Explicit product noun phrase in description matched deterministic taxonomy schema,PASS,PASS,HIGH,PASS,NONE
60,ASH-40-40-04,1.5x1.5x13' Legacy Emseal Tape,Emseal Joint Systems Ltd,,Electrical>Electrical Accessories>Tapes & Adhesives,CLASSIFIED,RULE_MATCH,Tier 3,DIRECT_DATASET,,PASS,Explicit product noun phrase in description matched deterministic taxonomy schema,PASS,PASS,HIGH,PASS,NONE
61,KDFM404KPS,KDFM404KPS Dishwasher SS,Appliance Dealers Cooperative,,Appliances>Major Appliances>Dishwashers,CLASSIFIED,RULE_MATCH,Tier 3,DIRECT_DATASET,,PASS,Explicit product noun phrase in description matched deterministic taxonomy schema,PASS,PASS,HIGH,PASS,NONE
62,PDSH4816AF,PDSH4816AF Dishwasher SS - Display Only,Appliance Dealers Cooperative,,Appliances>Major Appliances>Dishwashers,CLASSIFIED,RULE_MATCH,Tier 3,DIRECT_DATASET,,PASS,Explicit product noun phrase in description matched deterministic taxonomy schema,PASS,PASS,HIGH,PASS,NONE
63,PDT715SYVFS,PDT715SYVFS Ge Dishwasher SS,Appliance Dealers Cooperative,,Appliances>Major Appliances>Dishwashers,CLASSIFIED,RULE_MATCH,Tier 3,DIRECT_DATASET,,PASS,Explicit product noun phrase in description matched deterministic taxonomy schema,PASS,PASS,HIGH,PASS,NONE
64,LDPH5554D,LDPH5554D LG Dishwasher BSS,Appliance Dealers Cooperative,,Appliances>Major Appliances>Dishwashers,CLASSIFIED,RULE_MATCH,Tier 3,DIRECT_DATASET,,PASS,Explicit product noun phrase in description matched deterministic taxonomy schema,PASS,PASS,HIGH,PASS,NONE
65,WDTS7024RZ,WDTS7024RZ Dishwasher SS - Display Only,Appliance Dealers Cooperative,,Appliances>Major Appliances>Dishwashers,CLASSIFIED,RULE_MATCH,Tier 3,DIRECT_DATASET,,PASS,Explicit product noun phrase in description matched deterministic taxonomy schema,PASS,PASS,HIGH,PASS,NONE
66,PDD415PYYFS,PDD415PYYFS GE Dishwasher SS,Appliance Dealers Cooperative,,Appliances>Major Appliances>Dishwashers,CLASSIFIED,RULE_MATCH,Tier 3,DIRECT_DATASET,,PASS,Explicit product noun phrase in description matched deterministic taxonomy schema,PASS,PASS,HIGH,PASS,NONE
67,KDTS424SBE,KDTS424SBE Kitchen Aid Dishwasher Bk,Appliance Dealers Cooperative,,Appliances>Major Appliances>Dishwashers,CLASSIFIED,RULE_MATCH,Tier 3,DIRECT_DATASET,,PASS,Explicit product noun phrase in description matched deterministic taxonomy schema,PASS,PASS,HIGH,PASS,NONE
68,KDTS324SPS,KDTS324SPS Kitchen Aid Dishwasher SS,Appliance Dealers Cooperative,,Appliances>Major Appliances>Dishwashers,CLASSIFIED,RULE_MATCH,Tier 3,DIRECT_DATASET,,PASS,Explicit product noun phrase in description matched deterministic taxonomy schema,PASS,PASS,HIGH,PASS,NONE
69,KDPS624SJP,KDPS624SJP Dishwasher Juniper - Display Only,Appliance Dealers Cooperative,,Appliances>Major Appliances>Dishwashers,CLASSIFIED,RULE_MATCH,Tier 3,DIRECT_DATASET,,PASS,Explicit product noun phrase in description matched deterministic taxonomy schema,PASS,PASS,HIGH,PASS,NONE
70,KDTS624SBE,KDTS624SBE Dishwasher BO Display Only,Appliance Dealers Cooperative,,Appliances>Major Appliances>Dishwashers,CLASSIFIED,RULE_MATCH,Tier 3,DIRECT_DATASET,,PASS,Explicit product noun phrase in description matched deterministic taxonomy schema,PASS,PASS,HIGH,PASS,NONE
71,D519127,D519127 Heater Kit,V & V Appliance Parts Inc,,Appliances>Appliance Parts>Appliance Parts & Accessories,CLASSIFIED,RULE_MATCH,Tier 3,DIRECT_DATASET,,PASS,Explicit product noun phrase in description matched deterministic taxonomy schema,PASS,PASS,HIGH,PASS,NONE
72,DF7004WE,DF7004WE Speed Queen Elect Dryer Wh,Appliance Dealers Cooperative,,Appliances>Major Appliances>Clothes Dryers,CLASSIFIED,RULE_MATCH,Tier 3,DIRECT_DATASET,,PASS,Explicit product noun phrase in description matched deterministic taxonomy schema,PASS,PASS,HIGH,PASS,NONE
73,DR7004BE,DR7004BE SQ Elect Dryer Bk,Appliance Dealers Cooperative,,Appliances>Major Appliances>Clothes Dryers,CLASSIFIED,RULE_MATCH,Tier 3,DIRECT_DATASET,,PASS,Explicit product noun phrase in description matched deterministic taxonomy schema,PASS,PASS,HIGH,PASS,NONE
74,DV2000WE,DV2000WE SQ Elect Dryer Wh,Appliance Dealers Cooperative,,Appliances>Major Appliances>Clothes Dryers,CLASSIFIED,RULE_MATCH,Tier 3,DIRECT_DATASET,,PASS,Explicit product noun phrase in description matched deterministic taxonomy schema,PASS,PASS,HIGH,PASS,NONE
75,DC5004WE,DC5004WE SQ Elect Dryer Wh,Appliance Dealers Cooperative,,Appliances>Major Appliances>Clothes Dryers,CLASSIFIED,RULE_MATCH,Tier 3,DIRECT_DATASET,,PASS,Explicit product noun phrase in description matched deterministic taxonomy schema,PASS,PASS,HIGH,PASS,NONE
76,DC5004BE,DC5004BE SQ Elect Dryer Bk,Appliance Dealers Cooperative,,Appliances>Major Appliances>Clothes Dryers,CLASSIFIED,RULE_MATCH,Tier 3,DIRECT_DATASET,,PASS,Explicit product noun phrase in description matched deterministic taxonomy schema,PASS,PASS,HIGH,PASS,NONE
77,WKE100HWA,WKE100HWA LG Laundry Center Wh - Display,Appliance Dealers Cooperative,,Appliances>Major Appliances>Laundry Centers,CLASSIFIED,RULE_MATCH,Tier 3,DIRECT_DATASET,,PASS,Explicit product noun phrase in description matched deterministic taxonomy schema,PASS,PASS,HIGH,PASS,NONE
78,FF7011WN,FF7011WN Speed Queen Washer Wh,Appliance Dealers Cooperative,,Appliances>Major Appliances>Washing Machines,CLASSIFIED,RULE_MATCH,Tier 3,DIRECT_DATASET,,PASS,Explicit product noun phrase in description matched deterministic taxonomy schema,PASS,PASS,HIGH,PASS,NONE
79,PTD70GBPTDG,PTD70GBPTDG GE Gas Dryer DG,Appliance Dealers Cooperative,,Appliances>Major Appliances>Clothes Dryers,CLASSIFIED,RULE_MATCH,Tier 3,DIRECT_DATASET,,PASS,Explicit product noun phrase in description matched deterministic taxonomy schema,PASS,PASS,HIGH,PASS,NONE
80,PTD70GBSTWS,PTD70GBSTWS GE Gas Dryer Wh,Appliance Dealers Cooperative,,Appliances>Major Appliances>Clothes Dryers,CLASSIFIED,RULE_MATCH,Tier 3,DIRECT_DATASET,,PASS,Explicit product noun phrase in description matched deterministic taxonomy schema,PASS,PASS,HIGH,PASS,NONE
81,DR5004WG,DR5004WG SQ Gas Dryer Wh,Appliance Dealers Cooperative,,Appliances>Major Appliances>Clothes Dryers,CLASSIFIED,RULE_MATCH,Tier 3,DIRECT_DATASET,,PASS,Explicit product noun phrase in description matched deterministic taxonomy schema,PASS,PASS,HIGH,PASS,NONE
82,DR7004BG,DR7004BG SQ Gas Dryer Bk,Appliance Dealers Cooperative,,Appliances>Major Appliances>Clothes Dryers,CLASSIFIED,RULE_MATCH,Tier 3,DIRECT_DATASET,,PASS,Explicit product noun phrase in description matched deterministic taxonomy schema,PASS,PASS,HIGH,PASS,NONE
83,DR7004WG,DR7004WG SQ Gas Dryer Wh,Appliance Dealers Cooperative,,Appliances>Major Appliances>Clothes Dryers,CLASSIFIED,RULE_MATCH,Tier 3,DIRECT_DATASET,,PASS,Explicit product noun phrase in description matched deterministic taxonomy schema,PASS,PASS,HIGH,PASS,NONE
84,DV2000WG,DV2000WG SQ Gas Dryer Wh,Appliance Dealers Cooperative,,Appliances>Major Appliances>Clothes Dryers,CLASSIFIED,RULE_MATCH,Tier 3,DIRECT_DATASET,,PASS,Explicit product noun phrase in description matched deterministic taxonomy schema,PASS,PASS,HIGH,PASS,NONE
85,DC5004WG,DC5004WG SQ Gas Dryer Wh,Appliance Dealers Cooperative,,Appliances>Major Appliances>Clothes Dryers,CLASSIFIED,RULE_MATCH,Tier 3,DIRECT_DATASET,,PASS,Explicit product noun phrase in description matched deterministic taxonomy schema,PASS,PASS,HIGH,PASS,NONE
86,DC5004BG,DC5004BG SQ Gas Dryer Bk,Appliance Dealers Cooperative,,Appliances>Major Appliances>Clothes Dryers,CLASSIFIED,RULE_MATCH,Tier 3,DIRECT_DATASET,,PASS,Explicit product noun phrase in description matched deterministic taxonomy schema,PASS,PASS,HIGH,PASS,NONE
87,PTW705BSTWS,PTW705BSTWS GE Washer Wh,Appliance Dealers Cooperative,,Appliances>Major Appliances>Washing Machines,CLASSIFIED,RULE_MATCH,Tier 3,DIRECT_DATASET,,PASS,Explicit product noun phrase in description matched deterministic taxonomy schema,PASS,PASS,HIGH,PASS,NONE
88,MVWP586GW,MVWP586GW Washer Wh - Display,Appliance Dealers Cooperative,,Appliances>Major Appliances>Washing Machines,CLASSIFIED,RULE_MATCH,Tier 3,DIRECT_DATASET,,PASS,Explicit product noun phrase in description matched deterministic taxonomy schema,PASS,PASS,HIGH,PASS,NONE
89,TV2000WN,TV2000WN SQ Elect Washer,Appliance Dealers Cooperative,,Appliances>Major Appliances>Washing Machines,CLASSIFIED,RULE_MATCH,Tier 3,DIRECT_DATASET,,PASS,Explicit product noun phrase in description matched deterministic taxonomy schema,PASS,PASS,HIGH,PASS,NONE
90,TC5003BN,TC5003BN SQ Washer Bk,Appliance Dealers Cooperative,,Appliances>Major Appliances>Washing Machines,CLASSIFIED,RULE_MATCH,Tier 3,DIRECT_DATASET,,PASS,Explicit product noun phrase in description matched deterministic taxonomy schema,PASS,PASS,HIGH,PASS,NONE
91,TR7006WN,TR7006WN Speed Queen Washer Wh,Appliance Dealers Cooperative,,Appliances>Major Appliances>Washing Machines,CLASSIFIED,RULE_MATCH,Tier 3,DIRECT_DATASET,,PASS,Explicit product noun phrase in description matched deterministic taxonomy schema,PASS,PASS,HIGH,PASS,NONE
92,TR7006BN,TR7006BN Speed Queen Washer Bk,Appliance Dealers Cooperative,,Appliances>Major Appliances>Washing Machines,CLASSIFIED,RULE_MATCH,Tier 3,DIRECT_DATASET,,PASS,Explicit product noun phrase in description matched deterministic taxonomy schema,PASS,PASS,HIGH,PASS,NONE
93,TR5006WN,TR5006WN Speed Queen Washer Wh,Appliance Dealers Cooperative,,Appliances>Major Appliances>Washing Machines,CLASSIFIED,RULE_MATCH,Tier 3,DIRECT_DATASET,,PASS,Explicit product noun phrase in description matched deterministic taxonomy schema,PASS,PASS,HIGH,PASS,NONE
94,05134545001,9516 Kneeling Pad& Bttl Opener,Wera Tools NA Inc,,Tools & Equipment>Hand Tools>Hand Tools,CLASSIFIED,RULE_MATCH,Tier 3,DIRECT_DATASET,,PASS,Explicit product noun phrase in description matched deterministic taxonomy schema,PASS,PASS,HIGH,PASS,NONE
95,LNL65301,LNL65301 Digital Tire Pressure - Inflator Gauge,,,Tools & Equipment>Hand Tools>Hand Tools,CLASSIFIED,RULE_MATCH,Tier 3,DIRECT_DATASET,,PASS,Explicit product noun phrase in description matched deterministic taxonomy schema,PASS,PASS,HIGH,PASS,NONE
96,25-A,Charcoal Black 25-A Mortar - Type N,Rees Cast Stone Company,,Building Materials>Building Materials>Structural & Wall Materials,CLASSIFIED,RULE_MATCH,Tier 3,DIRECT_DATASET,,PASS,Explicit product noun phrase in description matched deterministic taxonomy schema,PASS,PASS,HIGH,PASS,NONE
97,38-E,Dark Chocolate 38-E Mortar - Type N,Rees Cast Stone Company,,Building Materials>Building Materials>Structural & Wall Materials,CLASSIFIED,RULE_MATCH,Tier 3,DIRECT_DATASET,,PASS,Explicit product noun phrase in description matched deterministic taxonomy schema,PASS,PASS,HIGH,PASS,NONE
98,59-J,Light Buff 59-J Mortar - Type N,Rees Cast Stone Company,,Building Materials>Building Materials>Structural & Wall Materials,CLASSIFIED,RULE_MATCH,Tier 3,DIRECT_DATASET,,PASS,Explicit product noun phrase in description matched deterministic taxonomy schema,PASS,PASS,HIGH,PASS,NONE
99,44-A,Light Chocolate 44-A Mortar - Type N,Rees Cast Stone Company,,Building Materials>Building Materials>Structural & Wall Materials,CLASSIFIED,RULE_MATCH,Tier 3,DIRECT_DATASET,,PASS,Explicit product noun phrase in description matched deterministic taxonomy schema,PASS,PASS,HIGH,PASS,NONE
100,543302126,6' Wh Select T-Rail Kit Horiz - w/Sq Composite Balusters,"Trex Company, Inc.",Trex®,Building Materials>Decking & Railing>Railing Kits,CLASSIFIED,RULE_MATCH,Tier 3,DIRECT_DATASET,,PASS,Explicit product noun phrase in description matched deterministic taxonomy schema,PASS,PASS,HIGH,PASS,NONE
101,543302146,8' Wh Select T-Rail Kit Horiz - w/Sq Composite Balusters,"Trex Company, Inc.",Trex®,Building Materials>Decking & Railing>Railing Kits,CLASSIFIED,RULE_MATCH,Tier 3,DIRECT_DATASET,,PASS,Explicit product noun phrase in description matched deterministic taxonomy schema,PASS,PASS,HIGH,PASS,NONE
102,73019603,Finyline Wh 6' Fl Rail Kit Sq,Rdi Railing (Barrette Outdoor Living),RDI®,Building Materials>Decking & Railing>Railing Kits,CLASSIFIED,RULE_MATCH,Tier 3,DIRECT_DATASET,,PASS,Explicit product noun phrase in description matched deterministic taxonomy schema,PASS,PASS,HIGH,PASS,NONE
103,73019652,Finyline Wh 8' Fl Rail Kit Sq,Rdi Railing (Barrette Outdoor Living),RDI®,Building Materials>Decking & Railing>Railing Kits,CLASSIFIED,RULE_MATCH,Tier 3,DIRECT_DATASET,,PASS,Explicit product noun phrase in description matched deterministic taxonomy schema,PASS,PASS,HIGH,PASS,NONE
104,73019517,Finyline Wh 10' Fl Rail Kit Sq,Rdi Railing (Barrette Outdoor Living),RDI®,Building Materials>Decking & Railing>Railing Kits,CLASSIFIED,RULE_MATCH,Tier 3,DIRECT_DATASET,,PASS,Explicit product noun phrase in description matched deterministic taxonomy schema,PASS,PASS,HIGH,PASS,NONE
105,73019602,Finyline Wh 6' Fl Rail Kit Rd - w/Black Alum Balusters,Rdi Railing (Barrette Outdoor Living),RDI®,Building Materials>Decking & Railing>Railing Kits,CLASSIFIED,RULE_MATCH,Tier 3,DIRECT_DATASET,,PASS,Explicit product noun phrase in description matched deterministic taxonomy schema,PASS,PASS,HIGH,PASS,NONE
106,73019651,Finyline Wh 8' Fl Rail Kit Rd - w/Black Alum Balusters,Rdi Railing (Barrette Outdoor Living),RDI®,Building Materials>Decking & Railing>Railing Kits,CLASSIFIED,RULE_MATCH,Tier 3,DIRECT_DATASET,,PASS,Explicit product noun phrase in description matched deterministic taxonomy schema,PASS,PASS,HIGH,PASS,NONE
107,73019516,Finyline Wh 10' Fl Rail Kit Rd - w/Black Alum Balusters,Rdi Railing (Barrette Outdoor Living),RDI®,Building Materials>Decking & Railing>Railing Kits,CLASSIFIED,RULE_MATCH,Tier 3,DIRECT_DATASET,,PASS,Explicit product noun phrase in description matched deterministic taxonomy schema,PASS,PASS,HIGH,PASS,NONE
108,543300256,6' Black Select Classic Horiz - Rail w/Rnd Black Alum Baluster,"Trex Company, Inc.",Trex®,Building Materials>Decking & Railing>Railing Kits,CLASSIFIED,RULE_MATCH,Tier 3,DIRECT_DATASET,,PASS,Explicit product noun phrase in description matched deterministic taxonomy schema,PASS,PASS,HIGH,PASS,NONE
109,543300276,8' Black Select Classic Horiz - Rail w/Rnd Black Alum Baluster,"Trex Company, Inc.",Trex®,Building Materials>Decking & Railing>Railing Kits,CLASSIFIED,RULE_MATCH,Tier 3,DIRECT_DATASET,,PASS,Explicit product noun phrase in description matched deterministic taxonomy schema,PASS,PASS,HIGH,PASS,NONE
110,73045028,Custom Finyline Wh Gate Sq Bal,Rdi Railing (Barrette Outdoor Living),RDI®,Building Materials>Decking & Railing>Railing Kits,CLASSIFIED,RULE_MATCH,Tier 3,DIRECT_DATASET,,PASS,Explicit product noun phrase in description matched deterministic taxonomy schema,PASS,PASS,HIGH,PASS,NONE
111,73045031,Custom Finyline Wh Gate Rd - w/Black Alum Balusters,Rdi Railing (Barrette Outdoor Living),RDI®,Building Materials>Decking & Railing>Railing Kits,CLASSIFIED,RULE_MATCH,Tier 3,DIRECT_DATASET,,PASS,Explicit product noun phrase in description matched deterministic taxonomy schema,PASS,PASS,HIGH,PASS,NONE
112,543340126,"6'x36"" Select Alm w/Sq Bal Hor - Assembled Black Rail Panel","Trex Company, Inc.",Trex®,Building Materials>Decking & Railing>Deck Boards,CLASSIFIED,RULE_MATCH,Tier 3,DIRECT_DATASET,,PASS,Explicit product noun phrase in description matched deterministic taxonomy schema,PASS,PASS,HIGH,PASS,NONE
113,543340127,"6'x36"" Select Alm w/Sq Bal Str - Assembled Black Rail Panel","Trex Company, Inc.",Trex®,Building Materials>Decking & Railing>Deck Boards,CLASSIFIED,RULE_MATCH,Tier 3,DIRECT_DATASET,,PASS,Explicit product noun phrase in description matched deterministic taxonomy schema,PASS,PASS,HIGH,PASS,NONE
114,543340146,"8'x36"" Select Alm w/Sq Bal Hor - Assembled Black Rail Panel","Trex Company, Inc.",Trex®,Building Materials>Decking & Railing>Deck Boards,CLASSIFIED,RULE_MATCH,Tier 3,DIRECT_DATASET,,PASS,Explicit product noun phrase in description matched deterministic taxonomy schema,PASS,PASS,HIGH,PASS,NONE
115,543340147,"8'x36"" Select Alm w/Sq Bal Str - Assembled Black Rail Panel","Trex Company, Inc.",Trex®,Building Materials>Decking & Railing>Deck Boards,CLASSIFIED,RULE_MATCH,Tier 3,DIRECT_DATASET,,PASS,Explicit product noun phrase in description matched deterministic taxonomy schema,PASS,PASS,HIGH,PASS,NONE
116,ADB15516CS,1x6-16' Coastline Sq Edge - Vintage Azek PVC Decking,Timbertech (Azek Building Products),TimberTech®,Building Materials>Decking & Railing>Deck Boards,CLASSIFIED,RULE_MATCH,Tier 3,DIRECT_DATASET,,PASS,Explicit product noun phrase in description matched deterministic taxonomy schema,PASS,PASS,HIGH,PASS,NONE
117,ADB15520CS,1x6-20' Coastline Sq Edge - Vintage Azek PVC Decking,Timbertech (Azek Building Products),TimberTech®,Building Materials>Decking & Railing>Deck Boards,CLASSIFIED,RULE_MATCH,Tier 3,DIRECT_DATASET,,PASS,Explicit product noun phrase in description matched deterministic taxonomy schema,PASS,PASS,HIGH,PASS,NONE
118,ADB15516EW,1x6-16' English Walnut Sq Edge - Vintage Azek PVC Decking,Timbertech (Azek Building Products),TimberTech®,Building Materials>Decking & Railing>Deck Boards,CLASSIFIED,RULE_MATCH,Tier 3,DIRECT_DATASET,,PASS,Explicit product noun phrase in description matched deterministic taxonomy schema,PASS,PASS,HIGH,PASS,NONE
119,ADB15520EW,1x6-20' English Walnut Sq Edge - Vintage Azek PVC Decking,Timbertech (Azek Building Products),TimberTech®,Building Materials>Decking & Railing>Deck Boards,CLASSIFIED,RULE_MATCH,Tier 3,DIRECT_DATASET,,PASS,Explicit product noun phrase in description matched deterministic taxonomy schema,PASS,PASS,HIGH,PASS,NONE
120,ADB15516MH,1x6-16' Mahogany Sq Edge - Vintage Azek PVC Decking,Timbertech (Azek Building Products),TimberTech®,Building Materials>Decking & Railing>Deck Boards,CLASSIFIED,RULE_MATCH,Tier 3,DIRECT_DATASET,,PASS,Explicit product noun phrase in description matched deterministic taxonomy schema,PASS,PASS,HIGH,PASS,NONE
121,ADB15520MH,1x6-20' Mahogany Sq Edge - Vintage Azek PVC Decking,Timbertech (Azek Building Products),TimberTech®,Building Materials>Decking & Railing>Deck Boards,CLASSIFIED,RULE_MATCH,Tier 3,DIRECT_DATASET,,PASS,Explicit product noun phrase in description matched deterministic taxonomy schema,PASS,PASS,HIGH,PASS,NONE
122,ADB15516WT,1x6-16' Weathered Teak Sq Edge - Vintage Azek PVC Decking,Timbertech (Azek Building Products),TimberTech®,Building Materials>Decking & Railing>Deck Boards,CLASSIFIED,RULE_MATCH,Tier 3,DIRECT_DATASET,,PASS,Explicit product noun phrase in description matched deterministic taxonomy schema,PASS,PASS,HIGH,PASS,NONE
123,ADB15520WT,1x6-20' Weathered Teak Sq Edge - Vintage Azek PVC Decking,Timbertech (Azek Building Products),TimberTech®,Building Materials>Decking & Railing>Deck Boards,CLASSIFIED,RULE_MATCH,Tier 3,DIRECT_DATASET,,PASS,Explicit product noun phrase in description matched deterministic taxonomy schema,PASS,PASS,HIGH,PASS,NONE
124,AGB15512CS,1x6-12' Coastline Grooved - Vintage Azek PVC Decking,Timbertech (Azek Building Products),TimberTech®,Building Materials>Decking & Railing>Deck Boards,CLASSIFIED,RULE_MATCH,Tier 3,DIRECT_DATASET,,PASS,Explicit product noun phrase in description matched deterministic taxonomy schema,PASS,PASS,HIGH,PASS,NONE
125,AGB15516CS,1x6-16' Coastline Grooved - Vintage Azek PVC Decking,Timbertech (Azek Building Products),TimberTech®,Building Materials>Decking & Railing>Deck Boards,CLASSIFIED,RULE_MATCH,Tier 3,DIRECT_DATASET,,PASS,Explicit product noun phrase in description matched deterministic taxonomy schema,PASS,PASS,HIGH,PASS,NONE
126,AGB15520CS,1x6-20' Coastline Grooved - Vintage Azek PVC Decking,Timbertech (Azek Building Products),TimberTech®,Building Materials>Decking & Railing>Deck Boards,CLASSIFIED,RULE_MATCH,Tier 3,DIRECT_DATASET,,PASS,Explicit product noun phrase in description matched deterministic taxonomy schema,PASS,PASS,HIGH,PASS,NONE
127,AGB15512EW,1x6-12' English Walnut Grooved - Vintage Azek PVC Decking,Timbertech (Azek Building Products),TimberTech®,Building Materials>Decking & Railing>Deck Boards,CLASSIFIED,RULE_MATCH,Tier 3,DIRECT_DATASET,,PASS,Explicit product noun phrase in description matched deterministic taxonomy schema,PASS,PASS,HIGH,PASS,NONE
128,AGB15516EW,1x6-16' English Walnut Grooved - Vintage Azek PVC Decking,Timbertech (Azek Building Products),TimberTech®,Building Materials>Decking & Railing>Deck Boards,CLASSIFIED,RULE_MATCH,Tier 3,DIRECT_DATASET,,PASS,Explicit product noun phrase in description matched deterministic taxonomy schema,PASS,PASS,HIGH,PASS,NONE
129,AGB15520EW,1x6-20' English Walnut Grooved - Vintage Azek PVC Decking,Timbertech (Azek Building Products),TimberTech®,Building Materials>Decking & Railing>Deck Boards,CLASSIFIED,RULE_MATCH,Tier 3,DIRECT_DATASET,,PASS,Explicit product noun phrase in description matched deterministic taxonomy schema,PASS,PASS,HIGH,PASS,NONE
130,AGB15512MH,1x6-12' Mahogany Grooved - Vintage Azek PVC Decking,Timbertech (Azek Building Products),TimberTech®,Building Materials>Decking & Railing>Deck Boards,CLASSIFIED,RULE_MATCH,Tier 3,DIRECT_DATASET,,PASS,Explicit product noun phrase in description matched deterministic taxonomy schema,PASS,PASS,HIGH,PASS,NONE
131,AGB15516MH,1x6-16' Mahogany Grooved - Vintage Azek PVC Decking,Timbertech (Azek Building Products),TimberTech®,Building Materials>Decking & Railing>Deck Boards,CLASSIFIED,RULE_MATCH,Tier 3,DIRECT_DATASET,,PASS,Explicit product noun phrase in description matched deterministic taxonomy schema,PASS,PASS,HIGH,PASS,NONE
132,AGB15520MH,1x6-20' Mahogany Grooved - Vintage Azek PVC Decking,Timbertech (Azek Building Products),TimberTech®,Building Materials>Decking & Railing>Deck Boards,CLASSIFIED,RULE_MATCH,Tier 3,DIRECT_DATASET,,PASS,Explicit product noun phrase in description matched deterministic taxonomy schema,PASS,PASS,HIGH,PASS,NONE
133,AGB15512WT,1x6-12' Weathered Teak Grooved - Vintage Azek PVC Decking,Timbertech (Azek Building Products),TimberTech®,Building Materials>Decking & Railing>Deck Boards,CLASSIFIED,RULE_MATCH,Tier 3,DIRECT_DATASET,,PASS,Explicit product noun phrase in description matched deterministic taxonomy schema,PASS,PASS,HIGH,PASS,NONE
134,AGB15516WT,1x6-16' Weathered Teak Grooved - Vintage Azek PVC Decking,Timbertech (Azek Building Products),TimberTech®,Building Materials>Decking & Railing>Deck Boards,CLASSIFIED,RULE_MATCH,Tier 3,DIRECT_DATASET,,PASS,Explicit product noun phrase in description matched deterministic taxonomy schema,PASS,PASS,HIGH,PASS,NONE
135,AGB15520WT,1x6-20' Weathered Teak Grooved - Vintage Azek PVC Decking,Timbertech (Azek Building Products),TimberTech®,Building Materials>Decking & Railing>Deck Boards,CLASSIFIED,RULE_MATCH,Tier 3,DIRECT_DATASET,,PASS,Explicit product noun phrase in description matched deterministic taxonomy schema,PASS,PASS,HIGH,PASS,NONE
136,ADB15516AW,1x6-16' American Walnut Sq Edg - Landmark Azek PVC Decking,Timbertech (Azek Building Products),TimberTech®,Building Materials>Decking & Railing>Deck Boards,CLASSIFIED,RULE_MATCH,Tier 3,DIRECT_DATASET,,PASS,Explicit product noun phrase in description matched deterministic taxonomy schema,PASS,PASS,HIGH,PASS,NONE
137,ADB15520AW,1x6-20' American Walnut Sq Edg - Landmark Azek PVC Decking,Timbertech (Azek Building Products),TimberTech®,Building Materials>Decking & Railing>Deck Boards,CLASSIFIED,RULE_MATCH,Tier 3,DIRECT_DATASET,,PASS,Explicit product noun phrase in description matched deterministic taxonomy schema,PASS,PASS,HIGH,PASS,NONE
138,ADB15516CG,1x6-16' Castle Gate Sq Edge - Landmark Azek PVC Decking,Timbertech (Azek Building Products),TimberTech®,Building Materials>Decking & Railing>Deck Boards,CLASSIFIED,RULE_MATCH,Tier 3,DIRECT_DATASET,,PASS,Explicit product noun phrase in description matched deterministic taxonomy schema,PASS,PASS,HIGH,PASS,NONE
139,ADB15520CG,1x6-20' Castle Gate Sq Edge - Landmark Azek PVC Decking,Timbertech (Azek Building Products),TimberTech®,Building Materials>Decking & Railing>Deck Boards,CLASSIFIED,RULE_MATCH,Tier 3,DIRECT_DATASET,,PASS,Explicit product noun phrase in description matched deterministic taxonomy schema,PASS,PASS,HIGH,PASS,NONE
140,ADB15516FW,1x6-16' French White Oak Sq Ed - Landmark Azek PVC Decking,Timbertech (Azek Building Products),TimberTech®,Building Materials>Decking & Railing>Deck Boards,CLASSIFIED,RULE_MATCH,Tier 3,DIRECT_DATASET,,PASS,Explicit product noun phrase in description matched deterministic taxonomy schema,PASS,PASS,HIGH,PASS,NONE
141,ADB15520FW,1x6-20' French White Oak Sq Ed - Landmark Azek PVC Decking,Timbertech (Azek Building Products),TimberTech®,Building Materials>Decking & Railing>Deck Boards,CLASSIFIED,RULE_MATCH,Tier 3,DIRECT_DATASET,,PASS,Explicit product noun phrase in description matched deterministic taxonomy schema,PASS,PASS,HIGH,PASS,NONE
142,AGB15512AW,1x6-12' American Walnut Groove - Landmark Azek PVC Decking,Timbertech (Azek Building Products),TimberTech®,Building Materials>Decking & Railing>Deck Boards,CLASSIFIED,RULE_MATCH,Tier 3,DIRECT_DATASET,,PASS,Explicit product noun phrase in description matched deterministic taxonomy schema,PASS,PASS,HIGH,PASS,NONE
143,AGB15516AW,1x6-16' American Walnut Groove - Landmark Azek PVC Decking,Timbertech (Azek Building Products),TimberTech®,Building Materials>Decking & Railing>Deck Boards,CLASSIFIED,RULE_MATCH,Tier 3,DIRECT_DATASET,,PASS,Explicit product noun phrase in description matched deterministic taxonomy schema,PASS,PASS,HIGH,PASS,NONE
144,AGB15520AW,1x6-20' American Walnut Groove - Landmark Azek PVC Decking,Timbertech (Azek Building Products),TimberTech®,Building Materials>Decking & Railing>Deck Boards,CLASSIFIED,RULE_MATCH,Tier 3,DIRECT_DATASET,,PASS,Explicit product noun phrase in description matched deterministic taxonomy schema,PASS,PASS,HIGH,PASS,NONE
145,AGB15512CG,1x6-12' Castle Gate Grooved - Landmark Azek PVC Decking,Timbertech (Azek Building Products),TimberTech®,Building Materials>Decking & Railing>Deck Boards,CLASSIFIED,RULE_MATCH,Tier 3,DIRECT_DATASET,,PASS,Explicit product noun phrase in description matched deterministic taxonomy schema,PASS,PASS,HIGH,PASS,NONE
146,AGB15516CG,1x6-16' Castle Gate Grooved - Landmark Azek PVC Decking,Timbertech (Azek Building Products),TimberTech®,Building Materials>Decking & Railing>Deck Boards,CLASSIFIED,RULE_MATCH,Tier 3,DIRECT_DATASET,,PASS,Explicit product noun phrase in description matched deterministic taxonomy schema,PASS,PASS,HIGH,PASS,NONE
147,AGB15520CG,1x6-20' Castle Gate Grooved - Landmark Azek PVC Decking,Timbertech (Azek Building Products),TimberTech®,Building Materials>Decking & Railing>Deck Boards,CLASSIFIED,RULE_MATCH,Tier 3,DIRECT_DATASET,,PASS,Explicit product noun phrase in description matched deterministic taxonomy schema,PASS,PASS,HIGH,PASS,NONE
148,AGB15512FW,1x6-12' French White Oak Groov - Landmark Azek PVC Decking,Timbertech (Azek Building Products),TimberTech®,Building Materials>Decking & Railing>Deck Boards,CLASSIFIED,RULE_MATCH,Tier 3,DIRECT_DATASET,,PASS,Explicit product noun phrase in description matched deterministic taxonomy schema,PASS,PASS,HIGH,PASS,NONE
149,AGB15516FW,1x6-16' French White Oak Groov - Landmark Azek PVC Decking,Timbertech (Azek Building Products),TimberTech®,Building Materials>Decking & Railing>Deck Boards,CLASSIFIED,RULE_MATCH,Tier 3,DIRECT_DATASET,,PASS,Explicit product noun phrase in description matched deterministic taxonomy schema,PASS,PASS,HIGH,PASS,NONE
150,AGB15520FW,1x6-20' French White Oak Groov - Landmark Azek PVC Decking,Timbertech (Azek Building Products),TimberTech®,Building Materials>Decking & Railing>Deck Boards,CLASSIFIED,RULE_MATCH,Tier 3,DIRECT_DATASET,,PASS,Explicit product noun phrase in description matched deterministic taxonomy schema,PASS,PASS,HIGH,PASS,NONE
151,ADCB15516BS,1x6-16' Brownstone Sq Edge - Harvest Azek PVC Decking,Timbertech (Azek Building Products),TimberTech®,Building Materials>Decking & Railing>Deck Boards,CLASSIFIED,RULE_MATCH,Tier 3,DIRECT_DATASET,,PASS,Explicit product noun phrase in description matched deterministic taxonomy schema,PASS,PASS,HIGH,PASS,NONE
152,ADCB15520BS,1x6-20' Brownstone Sq Edge - Harvest Azek PVC Decking,Timbertech (Azek Building Products),TimberTech®,Building Materials>Decking & Railing>Deck Boards,CLASSIFIED,RULE_MATCH,Tier 3,DIRECT_DATASET,,PASS,Explicit product noun phrase in description matched deterministic taxonomy schema,PASS,PASS,HIGH,PASS,NONE
153,ADCB15516SG,1x6-16' Slate Gray Sq Edge - Harvest Azek PVC Decking,Timbertech (Azek Building Products),TimberTech®,Building Materials>Decking & Railing>Deck Boards,CLASSIFIED,RULE_MATCH,Tier 3,DIRECT_DATASET,,PASS,Explicit product noun phrase in description matched deterministic taxonomy schema,PASS,PASS,HIGH,PASS,NONE
154,ADCB15520SG,1x6-20' Slate Gray Sq Edge - Harvest Azek PVC Decking,Timbertech (Azek Building Products),TimberTech®,Building Materials>Decking & Railing>Deck Boards,CLASSIFIED,RULE_MATCH,Tier 3,DIRECT_DATASET,,PASS,Explicit product noun phrase in description matched deterministic taxonomy schema,PASS,PASS,HIGH,PASS,NONE
155,AGB15512BS,1x6-12' Brownstone Grooved - Harvest Azek PVC Decking,Timbertech (Azek Building Products),TimberTech®,Building Materials>Decking & Railing>Deck Boards,CLASSIFIED,RULE_MATCH,Tier 3,DIRECT_DATASET,,PASS,Explicit product noun phrase in description matched deterministic taxonomy schema,PASS,PASS,HIGH,PASS,NONE
156,AGB15516BS,1x6-16' Brownstone Grooved - Harvest Azek PVC Decking,Timbertech (Azek Building Products),TimberTech®,Building Materials>Decking & Railing>Deck Boards,CLASSIFIED,RULE_MATCH,Tier 3,DIRECT_DATASET,,PASS,Explicit product noun phrase in description matched deterministic taxonomy schema,PASS,PASS,HIGH,PASS,NONE
157,AGB15520BS,1x6-20' Brownstone Grooved - Harvest Azek PVC Decking,Timbertech (Azek Building Products),TimberTech®,Building Materials>Decking & Railing>Deck Boards,CLASSIFIED,RULE_MATCH,Tier 3,DIRECT_DATASET,,PASS,Explicit product noun phrase in description matched deterministic taxonomy schema,PASS,PASS,HIGH,PASS,NONE
158,AGB15512SG,1x6-12' Slate Gray Grooved - Harvest Azek PVC Decking,Timbertech (Azek Building Products),TimberTech®,Building Materials>Decking & Railing>Deck Boards,CLASSIFIED,RULE_MATCH,Tier 3,DIRECT_DATASET,,PASS,Explicit product noun phrase in description matched deterministic taxonomy schema,PASS,PASS,HIGH,PASS,NONE
159,AGB15516SG,1x6-16' Slate Gray Grooved - Harvest Azek PVC Decking,Timbertech (Azek Building Products),TimberTech®,Building Materials>Decking & Railing>Deck Boards,CLASSIFIED,RULE_MATCH,Tier 3,DIRECT_DATASET,,PASS,Explicit product noun phrase in description matched deterministic taxonomy schema,PASS,PASS,HIGH,PASS,NONE
160,AGB15520SG,1x6-20' Slate Gray Grooved - Harvest Azek PVC Decking,Timbertech (Azek Building Products),TimberTech®,Building Materials>Decking & Railing>Deck Boards,CLASSIFIED,RULE_MATCH,Tier 3,DIRECT_DATASET,,PASS,Explicit product noun phrase in description matched deterministic taxonomy schema,PASS,PASS,HIGH,PASS,NONE
161,543140016,1nx6-16' Biscayne Sq Edge - Trex Transcend Lineage Decking,"Trex Company, Inc.",Trex®,Building Materials>Decking & Railing>Deck Boards,CLASSIFIED,RULE_MATCH,Tier 3,DIRECT_DATASET,,PASS,Explicit product noun phrase in description matched deterministic taxonomy schema,PASS,PASS,HIGH,PASS,NONE
162,543140020,1nx6-20' Biscayne Sq Edge - Trex Transcend Lineage Decking,"Trex Company, Inc.",Trex®,Building Materials>Decking & Railing>Deck Boards,CLASSIFIED,RULE_MATCH,Tier 3,DIRECT_DATASET,,PASS,Explicit product noun phrase in description matched deterministic taxonomy schema,PASS,PASS,HIGH,PASS,NONE
163,543142016,1nx6-16' Carmel Sq Edge - Trex Transcend Lineage Decking,"Trex Company, Inc.",Trex®,Building Materials>Decking & Railing>Deck Boards,CLASSIFIED,RULE_MATCH,Tier 3,DIRECT_DATASET,,PASS,Explicit product noun phrase in description matched deterministic taxonomy schema,PASS,PASS,HIGH,PASS,NONE
164,543142020,1nx6-20' Carmel Sq Edge - Trex Transcend Lineage Decking,"Trex Company, Inc.",Trex®,Building Materials>Decking & Railing>Deck Boards,CLASSIFIED,RULE_MATCH,Tier 3,DIRECT_DATASET,,PASS,Explicit product noun phrase in description matched deterministic taxonomy schema,PASS,PASS,HIGH,PASS,NONE
165,543144016,1nx6-16' Island Mist Sq Edge - Trex Transcend Lineage Decking,"Trex Company, Inc.",Trex®,Building Materials>Decking & Railing>Deck Boards,CLASSIFIED,RULE_MATCH,Tier 3,DIRECT_DATASET,,PASS,Explicit product noun phrase in description matched deterministic taxonomy schema,PASS,PASS,HIGH,PASS,NONE
166,543144020,1nx6-20' Island Mist Sq Edge - Trex Transcend Lineage Decking,"Trex Company, Inc.",Trex®,Building Materials>Decking & Railing>Deck Boards,CLASSIFIED,RULE_MATCH,Tier 3,DIRECT_DATASET,,PASS,Explicit product noun phrase in description matched deterministic taxonomy schema,PASS,PASS,HIGH,PASS,NONE
167,543143016,1nx6-16' Jasper Sq Edge - Trex Transcend Lineage Decking,"Trex Company, Inc.",Trex®,Building Materials>Decking & Railing>Deck Boards,CLASSIFIED,RULE_MATCH,Tier 3,DIRECT_DATASET,,PASS,Explicit product noun phrase in description matched deterministic taxonomy schema,PASS,PASS,HIGH,PASS,NONE
168,543143020,1nx6-20' Jasper Sq Edge - Trex Transcend Lineage Decking,"Trex Company, Inc.",Trex®,Building Materials>Decking & Railing>Deck Boards,CLASSIFIED,RULE_MATCH,Tier 3,DIRECT_DATASET,,PASS,Explicit product noun phrase in description matched deterministic taxonomy schema,PASS,PASS,HIGH,PASS,NONE
169,543141016,1nx6-16' Rainier Sq Edge - Trex Transcend Lineage Decking,"Trex Company, Inc.",Trex®,Building Materials>Decking & Railing>Deck Boards,CLASSIFIED,RULE_MATCH,Tier 3,DIRECT_DATASET,,PASS,Explicit product noun phrase in description matched deterministic taxonomy schema,PASS,PASS,HIGH,PASS,NONE
170,543141020,1nx6-20' Rainier Sq Edge - Trex Transcend Lineage Decking,"Trex Company, Inc.",Trex®,Building Materials>Decking & Railing>Deck Boards,CLASSIFIED,RULE_MATCH,Tier 3,DIRECT_DATASET,,PASS,Explicit product noun phrase in description matched deterministic taxonomy schema,PASS,PASS,HIGH,PASS,NONE
171,543140412,1nx6-12' Biscayne Grooved - Trex Transcend Lineage Decking,"Trex Company, Inc.",Trex®,Building Materials>Decking & Railing>Deck Boards,CLASSIFIED,RULE_MATCH,Tier 3,DIRECT_DATASET,,PASS,Explicit product noun phrase in description matched deterministic taxonomy schema,PASS,PASS,HIGH,PASS,NONE
172,543140416,1nx6-16' Biscayne Grooved - Trex Transcend Lineage Decking,"Trex Company, Inc.",Trex®,Building Materials>Decking & Railing>Deck Boards,CLASSIFIED,RULE_MATCH,Tier 3,DIRECT_DATASET,,PASS,Explicit product noun phrase in description matched deterministic taxonomy schema,PASS,PASS,HIGH,PASS,NONE
173,543140420,1nx6-20' Biscayne Grooved - Trex Transcend Lineage Decking,"Trex Company, Inc.",Trex®,Building Materials>Decking & Railing>Deck Boards,CLASSIFIED,RULE_MATCH,Tier 3,DIRECT_DATASET,,PASS,Explicit product noun phrase in description matched deterministic taxonomy schema,PASS,PASS,HIGH,PASS,NONE
174,543142412,1nx6-12' Carmel Grooved - Trex Transcend Lineage Decking,"Trex Company, Inc.",Trex®,Building Materials>Decking & Railing>Deck Boards,CLASSIFIED,RULE_MATCH,Tier 3,DIRECT_DATASET,,PASS,Explicit product noun phrase in description matched deterministic taxonomy schema,PASS,PASS,HIGH,PASS,NONE
175,543142416,1nx6-16' Carmel Grooved - Trex Transcend Lineage Decking,"Trex Company, Inc.",Trex®,Building Materials>Decking & Railing>Deck Boards,CLASSIFIED,RULE_MATCH,Tier 3,DIRECT_DATASET,,PASS,Explicit product noun phrase in description matched deterministic taxonomy schema,PASS,PASS,HIGH,PASS,NONE
176,543142420,1nx6-20' Carmel Grooved - Trex Transcend Lineage Decking,"Trex Company, Inc.",Trex®,Building Materials>Decking & Railing>Deck Boards,CLASSIFIED,RULE_MATCH,Tier 3,DIRECT_DATASET,,PASS,Explicit product noun phrase in description matched deterministic taxonomy schema,PASS,PASS,HIGH,PASS,NONE
177,543144412,1nx6-12' Island Mist Grooved - Trex Transcend Lineage Decking,"Trex Company, Inc.",Trex®,Building Materials>Decking & Railing>Deck Boards,CLASSIFIED,RULE_MATCH,Tier 3,DIRECT_DATASET,,PASS,Explicit product noun phrase in description matched deterministic taxonomy schema,PASS,PASS,HIGH,PASS,NONE
178,543144416,1nx6-16' Island Mist Grooved - Trex Transcend Lineage Decking,"Trex Company, Inc.",Trex®,Building Materials>Decking & Railing>Deck Boards,CLASSIFIED,RULE_MATCH,Tier 3,DIRECT_DATASET,,PASS,Explicit product noun phrase in description matched deterministic taxonomy schema,PASS,PASS,HIGH,PASS,NONE
179,543144420,1nx6-20' Island Mist Grooved - Trex Transcend Lineage Decking,"Trex Company, Inc.",Trex®,Building Materials>Decking & Railing>Deck Boards,CLASSIFIED,RULE_MATCH,Tier 3,DIRECT_DATASET,,PASS,Explicit product noun phrase in description matched deterministic taxonomy schema,PASS,PASS,HIGH,PASS,NONE
180,543143412,1nx6-12' Jasper Grooved - Trex Transcend Lineage Decking,"Trex Company, Inc.",Trex®,Building Materials>Decking & Railing>Deck Boards,CLASSIFIED,RULE_MATCH,Tier 3,DIRECT_DATASET,,PASS,Explicit product noun phrase in description matched deterministic taxonomy schema,PASS,PASS,HIGH,PASS,NONE
181,543143416,1nx6-16' Jasper Grooved - Trex Transcend Lineage Decking,"Trex Company, Inc.",Trex®,Building Materials>Decking & Railing>Deck Boards,CLASSIFIED,RULE_MATCH,Tier 3,DIRECT_DATASET,,PASS,Explicit product noun phrase in description matched deterministic taxonomy schema,PASS,PASS,HIGH,PASS,NONE
182,543143420,1nx6-20' Jasper Grooved - Trex Transcend Lineage Decking,"Trex Company, Inc.",Trex®,Building Materials>Decking & Railing>Deck Boards,CLASSIFIED,RULE_MATCH,Tier 3,DIRECT_DATASET,,PASS,Explicit product noun phrase in description matched deterministic taxonomy schema,PASS,PASS,HIGH,PASS,NONE
183,543141412,1nx6-12' Rainier Grooved - Trex Transcend Lineage Decking,"Trex Company, Inc.",Trex®,Building Materials>Decking & Railing>Deck Boards,CLASSIFIED,RULE_MATCH,Tier 3,DIRECT_DATASET,,PASS,Explicit product noun phrase in description matched deterministic taxonomy schema,PASS,PASS,HIGH,PASS,NONE
184,543141416,1nx6-16' Rainier Grooved - Trex Transcend Lineage Decking,"Trex Company, Inc.",Trex®,Building Materials>Decking & Railing>Deck Boards,CLASSIFIED,RULE_MATCH,Tier 3,DIRECT_DATASET,,PASS,Explicit product noun phrase in description matched deterministic taxonomy schema,PASS,PASS,HIGH,PASS,NONE
185,543141420,1nx6-20' Rainier Grooved - Trex Transcend Lineage Decking,"Trex Company, Inc.",Trex®,Building Materials>Decking & Railing>Deck Boards,CLASSIFIED,RULE_MATCH,Tier 3,DIRECT_DATASET,,PASS,Explicit product noun phrase in description matched deterministic taxonomy schema,PASS,PASS,HIGH,PASS,NONE
186,1513703,1nx6-16' Hatteras Sq Edge - Trex Transcend Lineage Decking,"Trex Company, Inc.",Trex®,Building Materials>Decking & Railing>Deck Boards,CLASSIFIED,RULE_MATCH,Tier 3,DIRECT_DATASET,,PASS,Explicit product noun phrase in description matched deterministic taxonomy schema,PASS,PASS,HIGH,PASS,NONE
187,1513704,1nx6-20' Hatteras Sq Edge - Trex Transcend Lineage Decking,"Trex Company, Inc.",Trex®,Building Materials>Decking & Railing>Deck Boards,CLASSIFIED,RULE_MATCH,Tier 3,DIRECT_DATASET,,PASS,Explicit product noun phrase in description matched deterministic taxonomy schema,PASS,PASS,HIGH,PASS,NONE
188,1513705,1nx6-12' Hatteras Grooved - Trex Transcend Lineage Decking,"Trex Company, Inc.",Trex®,Building Materials>Decking & Railing>Deck Boards,CLASSIFIED,RULE_MATCH,Tier 3,DIRECT_DATASET,,PASS,Explicit product noun phrase in description matched deterministic taxonomy schema,PASS,PASS,HIGH,PASS,NONE
189,1513706,1nx6-16' Hatteras Grooved - Trex Transcend Lineage Decking,"Trex Company, Inc.",Trex®,Building Materials>Decking & Railing>Deck Boards,CLASSIFIED,RULE_MATCH,Tier 3,DIRECT_DATASET,,PASS,Explicit product noun phrase in description matched deterministic taxonomy schema,PASS,PASS,HIGH,PASS,NONE
190,1513707,1nx6-20' Hatteras Grooved - Trex Transcend Lineage Decking,"Trex Company, Inc.",Trex®,Building Materials>Decking & Railing>Deck Boards,CLASSIFIED,RULE_MATCH,Tier 3,DIRECT_DATASET,,PASS,Explicit product noun phrase in description matched deterministic taxonomy schema,PASS,PASS,HIGH,PASS,NONE
191,1513708,1nx6-16' Salt Flat Sq Edge - Trex Transcend Lineage Decking,"Trex Company, Inc.",Trex®,Building Materials>Decking & Railing>Deck Boards,CLASSIFIED,RULE_MATCH,Tier 3,DIRECT_DATASET,,PASS,Explicit product noun phrase in description matched deterministic taxonomy schema,PASS,PASS,HIGH,PASS,NONE
192,1513709,1nx6-20' Salt Flat Sq Edge - Trex Transcend Lineage Decking,"Trex Company, Inc.",Trex®,Building Materials>Decking & Railing>Deck Boards,CLASSIFIED,RULE_MATCH,Tier 3,DIRECT_DATASET,,PASS,Explicit product noun phrase in description matched deterministic taxonomy schema,PASS,PASS,HIGH,PASS,NONE
193,1513710,1nx6-12' Salt Flat Grooved - Trex Transcend Lineage Decking,"Trex Company, Inc.",Trex®,Building Materials>Decking & Railing>Deck Boards,CLASSIFIED,RULE_MATCH,Tier 3,DIRECT_DATASET,,PASS,Explicit product noun phrase in description matched deterministic taxonomy schema,PASS,PASS,HIGH,PASS,NONE
194,1513711,1nx6-16' Salt Flat Grooved - Trex Transcend Lineage Decking,"Trex Company, Inc.",Trex®,Building Materials>Decking & Railing>Deck Boards,CLASSIFIED,RULE_MATCH,Tier 3,DIRECT_DATASET,,PASS,Explicit product noun phrase in description matched deterministic taxonomy schema,PASS,PASS,HIGH,PASS,NONE
195,1513712,1nx6-20' Salt Flat Grooved - Trex Transcend Lineage Decking,"Trex Company, Inc.",Trex®,Building Materials>Decking & Railing>Deck Boards,CLASSIFIED,RULE_MATCH,Tier 3,DIRECT_DATASET,,PASS,Explicit product noun phrase in description matched deterministic taxonomy schema,PASS,PASS,HIGH,PASS,NONE
196,1513717,1nx6-16' Honey Grove Sq Edge - Trex Enhance Naturals Decking,"Trex Company, Inc.",Trex®,Building Materials>Decking & Railing>Deck Boards,CLASSIFIED,RULE_MATCH,Tier 3,DIRECT_DATASET,,PASS,Explicit product noun phrase in description matched deterministic taxonomy schema,PASS,PASS,HIGH,PASS,NONE
197,1513718,1nx6-20' Honey Grove Sq Edge - Trex Enhance Naturals Decking,"Trex Company, Inc.",Trex®,Building Materials>Decking & Railing>Deck Boards,CLASSIFIED,RULE_MATCH,Tier 3,DIRECT_DATASET,,PASS,Explicit product noun phrase in description matched deterministic taxonomy schema,PASS,PASS,HIGH,PASS,NONE
198,1513719,1nx6-12' Honey Grove Grooved - Trex Enhance Naturals Decking,"Trex Company, Inc.",Trex®,Building Materials>Decking & Railing>Deck Boards,CLASSIFIED,RULE_MATCH,Tier 3,DIRECT_DATASET,,PASS,Explicit product noun phrase in description matched deterministic taxonomy schema,PASS,PASS,HIGH,PASS,NONE
199,1513720,1nx6-16' Honey Grove Grooved - Trex Enhance Naturals Decking,"Trex Company, Inc.",Trex®,Building Materials>Decking & Railing>Deck Boards,CLASSIFIED,RULE_MATCH,Tier 3,DIRECT_DATASET,,PASS,Explicit product noun phrase in description matched deterministic taxonomy schema,PASS,PASS,HIGH,PASS,NONE
200,1513721,1nx6-20' Honey Grove Grooved - Trex Enhance Naturals Decking,"Trex Company, Inc.",Trex®,Building Materials>Decking & Railing>Deck Boards,CLASSIFIED,RULE_MATCH,Tier 3,DIRECT_DATASET,,PASS,Explicit product noun phrase in description matched deterministic taxonomy schema,PASS,PASS,HIGH,PASS,NONE
201,1513724,1nx6-16' Tide Pool Sq Edge - Trex Enhance Basics Decking,"Trex Company, Inc.",Trex®,Building Materials>Decking & Railing>Deck Boards,CLASSIFIED,RULE_MATCH,Tier 3,DIRECT_DATASET,,PASS,Explicit product noun phrase in description matched deterministic taxonomy schema,PASS,PASS,HIGH,PASS,NONE
202,1513725,1nx6-20' Tide Pool Sq Edge - Trex Enhance Basics Decking,"Trex Company, Inc.",Trex®,Building Materials>Decking & Railing>Deck Boards,CLASSIFIED,RULE_MATCH,Tier 3,DIRECT_DATASET,,PASS,Explicit product noun phrase in description matched deterministic taxonomy schema,PASS,PASS,HIGH,PASS,NONE
203,1513726,1nx6-12' Tide Pool Grooved - Trex Enhance Basics Decking,"Trex Company, Inc.",Trex®,Building Materials>Decking & Railing>Deck Boards,CLASSIFIED,RULE_MATCH,Tier 3,DIRECT_DATASET,,PASS,Explicit product noun phrase in description matched deterministic taxonomy schema,PASS,PASS,HIGH,PASS,NONE
204,1513727,1nx6-16' Tide Pool Grooved - Trex Enhance Basics Decking,"Trex Company, Inc.",Trex®,Building Materials>Decking & Railing>Deck Boards,CLASSIFIED,RULE_MATCH,Tier 3,DIRECT_DATASET,,PASS,Explicit product noun phrase in description matched deterministic taxonomy schema,PASS,PASS,HIGH,PASS,NONE
205,1513728,1nx6-20' Tide Pool Grooved - Trex Enhance Basics Decking,"Trex Company, Inc.",Trex®,Building Materials>Decking & Railing>Deck Boards,CLASSIFIED,RULE_MATCH,Tier 3,DIRECT_DATASET,,PASS,Explicit product noun phrase in description matched deterministic taxonomy schema,PASS,PASS,HIGH,PASS,NONE
206,543076016,1nx6-16' Cinnamon Cove Sq Edge - Trex Enhance Naturals Decking,"Trex Company, Inc.",Trex®,Building Materials>Decking & Railing>Deck Boards,CLASSIFIED,RULE_MATCH,Tier 3,DIRECT_DATASET,,PASS,Explicit product noun phrase in description matched deterministic taxonomy schema,PASS,PASS,HIGH,PASS,NONE
207,543076020,1nx6-20' Cinnamon Cove Sq Edge - Trex Enhance Naturals Decking,"Trex Company, Inc.",Trex®,Building Materials>Decking & Railing>Deck Boards,CLASSIFIED,RULE_MATCH,Tier 3,DIRECT_DATASET,,PASS,Explicit product noun phrase in description matched deterministic taxonomy schema,PASS,PASS,HIGH,PASS,NONE
208,543076412,1nx6-12' Cinnamon Cove Grooved - Trex Enhance Naturals Decking,"Trex Company, Inc.",Trex®,Building Materials>Decking & Railing>Deck Boards,CLASSIFIED,RULE_MATCH,Tier 3,DIRECT_DATASET,,PASS,Explicit product noun phrase in description matched deterministic taxonomy schema,PASS,PASS,HIGH,PASS,NONE
209,543076416,1nx6-16' Cinnamon Cove Grooved - Trex Enhance Naturals Decking,"Trex Company, Inc.",Trex®,Building Materials>Decking & Railing>Deck Boards,CLASSIFIED,RULE_MATCH,Tier 3,DIRECT_DATASET,,PASS,Explicit product noun phrase in description matched deterministic taxonomy schema,PASS,PASS,HIGH,PASS,NONE
210,543076420,1nx6-20' Cinnamon Cove Grooved - Trex Enhance Naturals Decking,"Trex Company, Inc.",Trex®,Building Materials>Decking & Railing>Deck Boards,CLASSIFIED,RULE_MATCH,Tier 3,DIRECT_DATASET,,PASS,Explicit product noun phrase in description matched deterministic taxonomy schema,PASS,PASS,HIGH,PASS,NONE
211,1516870,1nx6-16' Golden Hour Sq Edge - Trex Enhance Naturals Decking,"Trex Company, Inc.",Trex®,Building Materials>Decking & Railing>Deck Boards,CLASSIFIED,RULE_MATCH,Tier 3,DIRECT_DATASET,,PASS,Explicit product noun phrase in description matched deterministic taxonomy schema,PASS,PASS,HIGH,PASS,NONE
212,1516871,1nx6-20' Golden Hour Sq Edge - Trex Enhance Naturals Decking,"Trex Company, Inc.",Trex®,Building Materials>Decking & Railing>Deck Boards,CLASSIFIED,RULE_MATCH,Tier 3,DIRECT_DATASET,,PASS,Explicit product noun phrase in description matched deterministic taxonomy schema,PASS,PASS,HIGH,PASS,NONE
213,1516872,1nx6-12' Golden Hour Grooved - Trex Enhance Naturals Decking,"Trex Company, Inc.",Trex®,Building Materials>Decking & Railing>Deck Boards,CLASSIFIED,RULE_MATCH,Tier 3,DIRECT_DATASET,,PASS,Explicit product noun phrase in description matched deterministic taxonomy schema,PASS,PASS,HIGH,PASS,NONE
214,1516873,1nx6-16' Golden Hour Grooved - Trex Enhance Naturals Decking,"Trex Company, Inc.",Trex®,Building Materials>Decking & Railing>Deck Boards,CLASSIFIED,RULE_MATCH,Tier 3,DIRECT_DATASET,,PASS,Explicit product noun phrase in description matched deterministic taxonomy schema,PASS,PASS,HIGH,PASS,NONE
215,1516874,1nx6-20' Golden Hour Grooved - Trex Enhance Naturals Decking,"Trex Company, Inc.",Trex®,Building Materials>Decking & Railing>Deck Boards,CLASSIFIED,RULE_MATCH,Tier 3,DIRECT_DATASET,,PASS,Explicit product noun phrase in description matched deterministic taxonomy schema,PASS,PASS,HIGH,PASS,NONE
216,1516879,1nx6-16' Pebble Beach Sq Edge - Trex Enhance Basics Decking,"Trex Company, Inc.",Trex®,Building Materials>Decking & Railing>Deck Boards,CLASSIFIED,RULE_MATCH,Tier 3,DIRECT_DATASET,,PASS,Explicit product noun phrase in description matched deterministic taxonomy schema,PASS,PASS,HIGH,PASS,NONE
217,1516880,1nx6-20' Pebble Beach Sq Edge - Trex Enhance Basics Decking,"Trex Company, Inc.",Trex®,Building Materials>Decking & Railing>Deck Boards,CLASSIFIED,RULE_MATCH,Tier 3,DIRECT_DATASET,,PASS,Explicit product noun phrase in description matched deterministic taxonomy schema,PASS,PASS,HIGH,PASS,NONE
218,1516881,1nx6-12' Pebble Beach Grooved - Trex Enhance Basics Decking,"Trex Company, Inc.",Trex®,Building Materials>Decking & Railing>Deck Boards,CLASSIFIED,RULE_MATCH,Tier 3,DIRECT_DATASET,,PASS,Explicit product noun phrase in description matched deterministic taxonomy schema,PASS,PASS,HIGH,PASS,NONE
219,1516882,1nx6-16' Pebble Beach Grooved - Trex Enhance Basics Decking,"Trex Company, Inc.",Trex®,Building Materials>Decking & Railing>Deck Boards,CLASSIFIED,RULE_MATCH,Tier 3,DIRECT_DATASET,,PASS,Explicit product noun phrase in description matched deterministic taxonomy schema,PASS,PASS,HIGH,PASS,NONE
220,1516883,1nx6-20' Pebble Beach Grooved - Trex Enhance Basics Decking,"Trex Company, Inc.",Trex®,Building Materials>Decking & Railing>Deck Boards,CLASSIFIED,RULE_MATCH,Tier 3,DIRECT_DATASET,,PASS,Explicit product noun phrase in description matched deterministic taxonomy schema,PASS,PASS,HIGH,PASS,NONE
221,543005016,7/8nx6-16' Malted Barley Sq Edge - Trex Select 2.0 Decking,"Trex Company, Inc.",Trex®,Building Materials>Decking & Railing>Deck Boards,CLASSIFIED,RULE_MATCH,Tier 3,DIRECT_DATASET,,PASS,Explicit product noun phrase in description matched deterministic taxonomy schema,PASS,PASS,HIGH,PASS,NONE
222,543005020,7/8nx6-20' Malted Barley Sq Edge - Trex Select 2.0 Decking,"Trex Company, Inc.",Trex®,Building Materials>Decking & Railing>Deck Boards,CLASSIFIED,RULE_MATCH,Tier 3,DIRECT_DATASET,,PASS,Explicit product noun phrase in description matched deterministic taxonomy schema,PASS,PASS,HIGH,PASS,NONE
223,543005412,7/8nx6-12' Malted Barley Grooved - Trex Select 2.0 Decking,"Trex Company, Inc.",Trex®,Building Materials>Decking & Railing>Deck Boards,CLASSIFIED,RULE_MATCH,Tier 3,DIRECT_DATASET,,PASS,Explicit product noun phrase in description matched deterministic taxonomy schema,PASS,PASS,HIGH,PASS,NONE
224,543005416,7/8nx6-16' Malted Barley Grooved - Trex Select 2.0 Decking,"Trex Company, Inc.",Trex®,Building Materials>Decking & Railing>Deck Boards,CLASSIFIED,RULE_MATCH,Tier 3,DIRECT_DATASET,,PASS,Explicit product noun phrase in description matched deterministic taxonomy schema,PASS,PASS,HIGH,PASS,NONE
225,543005420,7/8nx6-20' Malted Barley Grooved - Trex Select 2.0 Decking,"Trex Company, Inc.",Trex®,Building Materials>Decking & Railing>Deck Boards,CLASSIFIED,RULE_MATCH,Tier 3,DIRECT_DATASET,,PASS,Explicit product noun phrase in description matched deterministic taxonomy schema,PASS,PASS,HIGH,PASS,NONE
226,1516891,7/8nx6-16' Millstone Sq Edge - Trex Select 2.0 Decking,"Trex Company, Inc.",Trex®,Building Materials>Decking & Railing>Deck Boards,CLASSIFIED,RULE_MATCH,Tier 3,DIRECT_DATASET,,PASS,Explicit product noun phrase in description matched deterministic taxonomy schema,PASS,PASS,HIGH,PASS,NONE
227,1516892,7/8nx6-20' Millstone Sq Edge -Trex Select 2.0 Decking,"Trex Company, Inc.",Trex®,Building Materials>Decking & Railing>Deck Boards,CLASSIFIED,RULE_MATCH,Tier 3,DIRECT_DATASET,,PASS,Explicit product noun phrase in description matched deterministic taxonomy schema,PASS,PASS,HIGH,PASS,NONE
228,1516893,7/8nx6-12' Millstone Grooved - Trex Select 2.0 Decking,"Trex Company, Inc.",Trex®,Building Materials>Decking & Railing>Deck Boards,CLASSIFIED,RULE_MATCH,Tier 3,DIRECT_DATASET,,PASS,Explicit product noun phrase in description matched deterministic taxonomy schema,PASS,PASS,HIGH,PASS,NONE
229,1516894,7/8nx6-16' Millstone Grooved - Trex Select 2.0 Decking,"Trex Company, Inc.",Trex®,Building Materials>Decking & Railing>Deck Boards,CLASSIFIED,RULE_MATCH,Tier 3,DIRECT_DATASET,,PASS,Explicit product noun phrase in description matched deterministic taxonomy schema,PASS,PASS,HIGH,PASS,NONE
230,1516895,7/8nx6-20' Millstone Grooved - Trex Select 2.0 Decking,"Trex Company, Inc.",Trex®,Building Materials>Decking & Railing>Deck Boards,CLASSIFIED,RULE_MATCH,Tier 3,DIRECT_DATASET,,PASS,Explicit product noun phrase in description matched deterministic taxonomy schema,PASS,PASS,HIGH,PASS,NONE
231,543007016,7/8nx6-16' Whiskey Barrel Sq Edge - Trex Select 2.0 Decking,"Trex Company, Inc.",Trex®,Building Materials>Decking & Railing>Deck Boards,CLASSIFIED,RULE_MATCH,Tier 3,DIRECT_DATASET,,PASS,Explicit product noun phrase in description matched deterministic taxonomy schema,PASS,PASS,HIGH,PASS,NONE
232,543007020,7/8nx6-20' Whiskey Barrel Sq Edge - Trex Select 2.0 Decking,"Trex Company, Inc.",Trex®,Building Materials>Decking & Railing>Deck Boards,CLASSIFIED,RULE_MATCH,Tier 3,DIRECT_DATASET,,PASS,Explicit product noun phrase in description matched deterministic taxonomy schema,PASS,PASS,HIGH,PASS,NONE
233,543007412,7/8nx6-12' Whiskey Barrel Grooved - Trex Select 2.0 Decking,"Trex Company, Inc.",Trex®,Building Materials>Decking & Railing>Deck Boards,CLASSIFIED,RULE_MATCH,Tier 3,DIRECT_DATASET,,PASS,Explicit product noun phrase in description matched deterministic taxonomy schema,PASS,PASS,HIGH,PASS,NONE
234,543007416,7/8nx6-16' Whiskey Barrel Grooved - Trex Select 2.0 Decking,"Trex Company, Inc.",Trex®,Building Materials>Decking & Railing>Deck Boards,CLASSIFIED,RULE_MATCH,Tier 3,DIRECT_DATASET,,PASS,Explicit product noun phrase in description matched deterministic taxonomy schema,PASS,PASS,HIGH,PASS,NONE
235,543007420,7/8nx6-20' Whiskey Barrel Grooved - Trex Select 2.0 Decking,"Trex Company, Inc.",Trex®,Building Materials>Decking & Railing>Deck Boards,CLASSIFIED,RULE_MATCH,Tier 3,DIRECT_DATASET,,PASS,Explicit product noun phrase in description matched deterministic taxonomy schema,PASS,PASS,HIGH,PASS,NONE
236,ADR5117512CS,1x12-12' Coastline - Vintage Azek PVC Fascia,Timbertech (Azek Building Products),TimberTech®,Building Materials>Decking & Railing>Fascia Boards,CLASSIFIED,RULE_MATCH,Tier 3,DIRECT_DATASET,,PASS,Explicit product noun phrase in description matched deterministic taxonomy schema,PASS,PASS,HIGH,PASS,NONE
237,ADR5117512MH,1x12-12' Mahogany - Vintage Azek PVC Fascia,Timbertech (Azek Building Products),TimberTech®,Building Materials>Decking & Railing>Fascia Boards,CLASSIFIED,RULE_MATCH,Tier 3,DIRECT_DATASET,,PASS,Explicit product noun phrase in description matched deterministic taxonomy schema,PASS,PASS,HIGH,PASS,NONE
238,ADR5117512WT,1x12-12' Weathered Teak - Vintage Azek PVC Fascia,Timbertech (Azek Building Products),TimberTech®,Building Materials>Decking & Railing>Fascia Boards,CLASSIFIED,RULE_MATCH,Tier 3,DIRECT_DATASET,,PASS,Explicit product noun phrase in description matched deterministic taxonomy schema,PASS,PASS,HIGH,PASS,NONE
239,ADR5117512AW,1x12-12' American Walnut - Landmark Azek PVC Fascia,Timbertech (Azek Building Products),TimberTech®,Building Materials>Decking & Railing>Fascia Boards,CLASSIFIED,RULE_MATCH,Tier 3,DIRECT_DATASET,,PASS,Explicit product noun phrase in description matched deterministic taxonomy schema,PASS,PASS,HIGH,PASS,NONE
240,ADR5117512CG,1x12-12' Castle Gate - Landmark Azek PVC Fascia,Timbertech (Azek Building Products),TimberTech®,Building Materials>Decking & Railing>Fascia Boards,CLASSIFIED,RULE_MATCH,Tier 3,DIRECT_DATASET,,PASS,Explicit product noun phrase in description matched deterministic taxonomy schema,PASS,PASS,HIGH,PASS,NONE
241,ADR5117512FW,1x12-12' French White Oak - Landmark Azek PVC Fascia,Timbertech (Azek Building Products),TimberTech®,Building Materials>Decking & Railing>Fascia Boards,CLASSIFIED,RULE_MATCH,Tier 3,DIRECT_DATASET,,PASS,Explicit product noun phrase in description matched deterministic taxonomy schema,PASS,PASS,HIGH,PASS,NONE
242,1508395,1x8-12' Brownstone - Harvest Azek PVC Fascia,Timbertech (Azek Building Products),TimberTech®,Building Materials>Decking & Railing>Fascia Boards,CLASSIFIED,RULE_MATCH,Tier 3,DIRECT_DATASET,,PASS,Explicit product noun phrase in description matched deterministic taxonomy schema,PASS,PASS,HIGH,PASS,NONE
243,1508396,1x8-12' Slate Gray - Harvest Azek PVC Fascia,Timbertech (Azek Building Products),TimberTech®,Building Materials>Decking & Railing>Fascia Boards,CLASSIFIED,RULE_MATCH,Tier 3,DIRECT_DATASET,,PASS,Explicit product noun phrase in description matched deterministic taxonomy schema,PASS,PASS,HIGH,PASS,NONE
244,ADCR5117512BS,1x12-12' Brownstone - Harvest Azek PVC Fascia,Timbertech (Azek Building Products),TimberTech®,Building Materials>Decking & Railing>Fascia Boards,CLASSIFIED,RULE_MATCH,Tier 3,DIRECT_DATASET,,PASS,Explicit product noun phrase in description matched deterministic taxonomy schema,PASS,PASS,HIGH,PASS,NONE
245,ADCR5117512SG,1x12-12' Slate Gray - Harvest Azek PVC Fascia,Timbertech (Azek Building Products),TimberTech®,Building Materials>Decking & Railing>Fascia Boards,CLASSIFIED,RULE_MATCH,Tier 3,DIRECT_DATASET,,PASS,Explicit product noun phrase in description matched deterministic taxonomy schema,PASS,PASS,HIGH,PASS,NONE
246,543140908,1x8-12' Biscayne - Trex Lineage,"Trex Company, Inc.",Trex®,Building Materials>Decking & Railing>Deck Boards,CLASSIFIED,RULE_MATCH,Tier 3,DIRECT_DATASET,,PASS,Explicit product noun phrase in description matched deterministic taxonomy schema,PASS,PASS,HIGH,PASS,NONE
247,543142908,1x8-12' Carmel - Trex Lineage,"Trex Company, Inc.",Trex®,Building Materials>Decking & Railing>Deck Boards,CLASSIFIED,RULE_MATCH,Tier 3,DIRECT_DATASET,,PASS,Explicit product noun phrase in description matched deterministic taxonomy schema,PASS,PASS,HIGH,PASS,NONE
248,543143908,1x8-12' Jasper - Trex Lineage,"Trex Company, Inc.",Trex®,Building Materials>Decking & Railing>Deck Boards,CLASSIFIED,RULE_MATCH,Tier 3,DIRECT_DATASET,,PASS,Explicit product noun phrase in description matched deterministic taxonomy schema,PASS,PASS,HIGH,PASS,NONE
249,543140912,1x12-12' Biscayne - Trex Lineage,"Trex Company, Inc.",Trex®,Building Materials>Decking & Railing>Deck Boards,CLASSIFIED,RULE_MATCH,Tier 3,DIRECT_DATASET,,PASS,Explicit product noun phrase in description matched deterministic taxonomy schema,PASS,PASS,HIGH,PASS,NONE
250,543142912,1x12-12' Carmel - Trex Lineage,"Trex Company, Inc.",Trex®,Building Materials>Decking & Railing>Deck Boards,CLASSIFIED,RULE_MATCH,Tier 3,DIRECT_DATASET,,PASS,Explicit product noun phrase in description matched deterministic taxonomy schema,PASS,PASS,HIGH,PASS,NONE
251,543143912,1x12-12' Jasper - Trex Lineage,"Trex Company, Inc.",Trex®,Building Materials>Decking & Railing>Deck Boards,CLASSIFIED,RULE_MATCH,Tier 3,DIRECT_DATASET,,PASS,Explicit product noun phrase in description matched deterministic taxonomy schema,PASS,PASS,HIGH,PASS,NONE
252,1513715,1x12-12' Hatteras - Trex Lineage,"Trex Company, Inc.",Trex®,Building Materials>Decking & Railing>Deck Boards,CLASSIFIED,RULE_MATCH,Tier 3,DIRECT_DATASET,,PASS,Explicit product noun phrase in description matched deterministic taxonomy schema,PASS,PASS,HIGH,PASS,NONE
253,1513716,1x12-12' Salt Flat - Trex Lineage,"Trex Company, Inc.",Trex®,Building Materials>Decking & Railing>Deck Boards,CLASSIFIED,RULE_MATCH,Tier 3,DIRECT_DATASET,,PASS,Explicit product noun phrase in description matched deterministic taxonomy schema,PASS,PASS,HIGH,PASS,NONE
254,1513722,1x8-12' Honey Grove - Trex Enhance Naturals Fascia,"Trex Company, Inc.",Trex®,Building Materials>Decking & Railing>Fascia Boards,CLASSIFIED,RULE_MATCH,Tier 3,DIRECT_DATASET,,PASS,Explicit product noun phrase in description matched deterministic taxonomy schema,PASS,PASS,HIGH,PASS,NONE
255,1513723,1x12-12' Honey Grove - Trex Enhance Naturals Fascia,"Trex Company, Inc.",Trex®,Building Materials>Decking & Railing>Fascia Boards,CLASSIFIED,RULE_MATCH,Tier 3,DIRECT_DATASET,,PASS,Explicit product noun phrase in description matched deterministic taxonomy schema,PASS,PASS,HIGH,PASS,NONE
256,1513729,1x8-12' Tide Pool - Trex Enhance Basics Fascia,"Trex Company, Inc.",Trex®,Building Materials>Decking & Railing>Fascia Boards,CLASSIFIED,RULE_MATCH,Tier 3,DIRECT_DATASET,,PASS,Explicit product noun phrase in description matched deterministic taxonomy schema,PASS,PASS,HIGH,PASS,NONE
257,1513730,1x12-12' Tide Pool - Trex Enhance Basics Fascia,"Trex Company, Inc.",Trex®,Building Materials>Decking & Railing>Fascia Boards,CLASSIFIED,RULE_MATCH,Tier 3,DIRECT_DATASET,,PASS,Explicit product noun phrase in description matched deterministic taxonomy schema,PASS,PASS,HIGH,PASS,NONE
258,543076916,1x8-12' Cinnamon Cove - Trex Enhance Naturals Fascia,"Trex Company, Inc.",Trex®,Building Materials>Decking & Railing>Fascia Boards,CLASSIFIED,RULE_MATCH,Tier 3,DIRECT_DATASET,,PASS,Explicit product noun phrase in description matched deterministic taxonomy schema,PASS,PASS,HIGH,PASS,NONE
259,1516876,1x8-12' Golden Hour - Trex Enhance Naturals Fascia,"Trex Company, Inc.",Trex®,Building Materials>Decking & Railing>Fascia Boards,CLASSIFIED,RULE_MATCH,Tier 3,DIRECT_DATASET,,PASS,Explicit product noun phrase in description matched deterministic taxonomy schema,PASS,PASS,HIGH,PASS,NONE
260,543076936,1x12-12' Cinnamon Cove - Trex Enhance Naturals Fascia,"Trex Company, Inc.",Trex®,Building Materials>Decking & Railing>Fascia Boards,CLASSIFIED,RULE_MATCH,Tier 3,DIRECT_DATASET,,PASS,Explicit product noun phrase in description matched deterministic taxonomy schema,PASS,PASS,HIGH,PASS,NONE
261,1516878,1x12-12' Golden Hour - Trex Enhance Naturals Fascia,"Trex Company, Inc.",Trex®,Building Materials>Decking & Railing>Fascia Boards,CLASSIFIED,RULE_MATCH,Tier 3,DIRECT_DATASET,,PASS,Explicit product noun phrase in description matched deterministic taxonomy schema,PASS,PASS,HIGH,PASS,NONE
262,1516884,1x8-12' Pebble Beach - Trex Enhance Basics Fascia,"Trex Company, Inc.",Trex®,Building Materials>Decking & Railing>Fascia Boards,CLASSIFIED,RULE_MATCH,Tier 3,DIRECT_DATASET,,PASS,Explicit product noun phrase in description matched deterministic taxonomy schema,PASS,PASS,HIGH,PASS,NONE
263,1516885,1x12-12' Pebble Beach - Trex Enhance Basics Fascia,"Trex Company, Inc.",Trex®,Building Materials>Decking & Railing>Fascia Boards,CLASSIFIED,RULE_MATCH,Tier 3,DIRECT_DATASET,,PASS,Explicit product noun phrase in description matched deterministic taxonomy schema,PASS,PASS,HIGH,PASS,NONE
264,543005916,1x8-12' Malted Barley - Trex Select 2.0 Fascia,"Trex Company, Inc.",Trex®,Building Materials>Decking & Railing>Fascia Boards,CLASSIFIED,RULE_MATCH,Tier 3,DIRECT_DATASET,,PASS,Explicit product noun phrase in description matched deterministic taxonomy schema,PASS,PASS,HIGH,PASS,NONE
265,1516902,1x8-12' Millstone - Trex Select 2.0 Fascia,"Trex Company, Inc.",Trex®,Building Materials>Decking & Railing>Fascia Boards,CLASSIFIED,RULE_MATCH,Tier 3,DIRECT_DATASET,,PASS,Explicit product noun phrase in description matched deterministic taxonomy schema,PASS,PASS,HIGH,PASS,NONE
266,543007916,1x8-12' Whiskey Barrel - Trex Select 2.0 Fascia,"Trex Company, Inc.",Trex®,Building Materials>Decking & Railing>Fascia Boards,CLASSIFIED,RULE_MATCH,Tier 3,DIRECT_DATASET,,PASS,Explicit product noun phrase in description matched deterministic taxonomy schema,PASS,PASS,HIGH,PASS,NONE
267,543005936,1x12-12' Malted Barley - Trex Select 2.0 Fascia,"Trex Company, Inc.",Trex®,Building Materials>Decking & Railing>Fascia Boards,CLASSIFIED,RULE_MATCH,Tier 3,DIRECT_DATASET,,PASS,Explicit product noun phrase in description matched deterministic taxonomy schema,PASS,PASS,HIGH,PASS,NONE
268,1516905,1x12-12' Millstone - Trex Select 2.0 Fascia,"Trex Company, Inc.",Trex®,Building Materials>Decking & Railing>Fascia Boards,CLASSIFIED,RULE_MATCH,Tier 3,DIRECT_DATASET,,PASS,Explicit product noun phrase in description matched deterministic taxonomy schema,PASS,PASS,HIGH,PASS,NONE
269,543007936,1x12-12' Whiskey Barrel - Trex Select 2.0 Fascia,"Trex Company, Inc.",Trex®,Building Materials>Decking & Railing>Fascia Boards,CLASSIFIED,RULE_MATCH,Tier 3,DIRECT_DATASET,,PASS,Explicit product noun phrase in description matched deterministic taxonomy schema,PASS,PASS,HIGH,PASS,NONE
270,543144908,1x8-12' Island Mist - Trex Lineage,"Trex Company, Inc.",Trex®,Building Materials>Decking & Railing>Deck Boards,CLASSIFIED,RULE_MATCH,Tier 3,DIRECT_DATASET,,PASS,Explicit product noun phrase in description matched deterministic taxonomy schema,PASS,PASS,HIGH,PASS,NONE
271,543141908,1x8-12' Rainier - Trex Lineage,"Trex Company, Inc.",Trex®,Building Materials>Decking & Railing>Deck Boards,CLASSIFIED,RULE_MATCH,Tier 3,DIRECT_DATASET,,PASS,Explicit product noun phrase in description matched deterministic taxonomy schema,PASS,PASS,HIGH,PASS,NONE
272,543144912,1x12-12' Island Mist - Trex Lineage,"Trex Company, Inc.",Trex®,Building Materials>Decking & Railing>Deck Boards,CLASSIFIED,RULE_MATCH,Tier 3,DIRECT_DATASET,,PASS,Explicit product noun phrase in description matched deterministic taxonomy schema,PASS,PASS,HIGH,PASS,NONE
273,543141912,1x12-12' Rainier - Trex Lineage,"Trex Company, Inc.",Trex®,Building Materials>Decking & Railing>Deck Boards,CLASSIFIED,RULE_MATCH,Tier 3,DIRECT_DATASET,,PASS,Explicit product noun phrase in description matched deterministic taxonomy schema,PASS,PASS,HIGH,PASS,NONE
274,1513713,1x8-12' Hatteras - Trex Lineage,"Trex Company, Inc.",Trex®,Building Materials>Decking & Railing>Deck Boards,CLASSIFIED,RULE_MATCH,Tier 3,DIRECT_DATASET,,PASS,Explicit product noun phrase in description matched deterministic taxonomy schema,PASS,PASS,HIGH,PASS,NONE
275,1513714,1x8-12' Salt Flat - Trex Lineage,"Trex Company, Inc.",Trex®,Building Materials>Decking & Railing>Deck Boards,CLASSIFIED,RULE_MATCH,Tier 3,DIRECT_DATASET,,PASS,Explicit product noun phrase in description matched deterministic taxonomy schema,PASS,PASS,HIGH,PASS,NONE
276,73012503,4x4 Wh Heritage Post Trim RDI,Rdi Railing (Barrette Outdoor Living),RDI®,Building Materials>Decking & Railing>Railing Kits,CLASSIFIED,RULE_MATCH,Tier 3,DIRECT_DATASET,,PASS,Explicit product noun phrase in description matched deterministic taxonomy schema,PASS,PASS,HIGH,PASS,NONE
277,73018131,6x6 Wh Elite Post Trim 4pc RDI,Rdi Railing (Barrette Outdoor Living),RDI®,Building Materials>Decking & Railing>Railing Kits,CLASSIFIED,RULE_MATCH,Tier 3,DIRECT_DATASET,,PASS,Explicit product noun phrase in description matched deterministic taxonomy schema,PASS,PASS,HIGH,PASS,NONE
278,73018091,4x4 Wh Elite Post Trim RDI,Rdi Railing (Barrette Outdoor Living),RDI®,Building Materials>Decking & Railing>Railing Kits,CLASSIFIED,RULE_MATCH,Tier 3,DIRECT_DATASET,,PASS,Explicit product noun phrase in description matched deterministic taxonomy schema,PASS,PASS,HIGH,PASS,NONE
279,73018066,Clay 6x6 Elite Post Trim RDI - 4pc,Rdi Railing (Barrette Outdoor Living),RDI®,Building Materials>Decking & Railing>Railing Kits,CLASSIFIED,RULE_MATCH,Tier 3,DIRECT_DATASET,,PASS,Explicit product noun phrase in description matched deterministic taxonomy schema,PASS,PASS,HIGH,PASS,NONE
280,73018076,4x4 Wh Flat Post Cap RDI,Rdi Railing (Barrette Outdoor Living),RDI®,Building Materials>Decking & Railing>Railing Kits,CLASSIFIED,RULE_MATCH,Tier 3,DIRECT_DATASET,,PASS,Explicit product noun phrase in description matched deterministic taxonomy schema,PASS,PASS,HIGH,PASS,NONE
281,61109087,Wh 4x4-39 Blank Post RDI,Rdi Railing (Barrette Outdoor Living),RDI®,Building Materials>Decking & Railing>Railing Kits,CLASSIFIED,RULE_MATCH,Tier 3,DIRECT_DATASET,,PASS,Explicit product noun phrase in description matched deterministic taxonomy schema,PASS,PASS,HIGH,PASS,NONE
282,73018731,Wh 6x6-108 Post Sleeve RDI,Rdi Railing (Barrette Outdoor Living),RDI®,Building Materials>Decking & Railing>Railing Kits,CLASSIFIED,RULE_MATCH,Tier 3,DIRECT_DATASET,,PASS,Explicit product noun phrase in description matched deterministic taxonomy schema,PASS,PASS,HIGH,PASS,NONE
283,61109090,Wh 4x4-108 Post Sleeve RDI,Rdi Railing (Barrette Outdoor Living),RDI®,Building Materials>Decking & Railing>Railing Kits,CLASSIFIED,RULE_MATCH,Tier 3,DIRECT_DATASET,,PASS,Explicit product noun phrase in description matched deterministic taxonomy schema,PASS,PASS,HIGH,PASS,NONE
284,73053603,Clay 4x4-108 Post Sleeve RDI,Rdi Railing (Barrette Outdoor Living),RDI®,Building Materials>Decking & Railing>Railing Kits,CLASSIFIED,RULE_MATCH,Tier 3,DIRECT_DATASET,,PASS,Explicit product noun phrase in description matched deterministic taxonomy schema,PASS,PASS,HIGH,PASS,NONE
285,73053608,Clay 6x6-108 Post Sleeve RDI,Rdi Railing (Barrette Outdoor Living),RDI®,Building Materials>Decking & Railing>Railing Kits,CLASSIFIED,RULE_MATCH,Tier 3,DIRECT_DATASET,,PASS,Explicit product noun phrase in description matched deterministic taxonomy schema,PASS,PASS,HIGH,PASS,NONE
286,543340896,"4x4-37"" Black Alum Post Sleeve Select Alum Railing - w/Cap & Skirt","Trex Company, Inc.",Trex®,Building Materials>Decking & Railing>Railing Kits,CLASSIFIED,RULE_MATCH,Tier 3,DIRECT_DATASET,,PASS,Explicit product noun phrase in description matched deterministic taxonomy schema,PASS,PASS,HIGH,PASS,NONE
287,543340898,"4x4-43"" Black Alum Post Sleeve Select Alum Railing w/Cap & Skirt","Trex Company, Inc.",Trex®,Building Materials>Decking & Railing>Railing Kits,CLASSIFIED,RULE_MATCH,Tier 3,DIRECT_DATASET,,PASS,Explicit product noun phrase in description matched deterministic taxonomy schema,PASS,PASS,HIGH,PASS,NONE
288,73272TBK,6x6-10' Black Alum Deco - Support Post,Palmer Donavin Mfg Company,DSI Westbury,Building Materials>Decking & Railing>Post Sleeves & Accessories,CLASSIFIED,RULE_MATCH,Tier 3,DIRECT_DATASET,,PASS,Explicit product noun phrase in description matched deterministic taxonomy schema,PASS,PASS,HIGH,PASS,NONE
289,543302127,6' Wh Select T-Rail Kit Stair - w/Sq Composite Balusters,"Trex Company, Inc.",Trex®,Building Materials>Decking & Railing>Railing Kits,CLASSIFIED,RULE_MATCH,Tier 3,DIRECT_DATASET,,PASS,Explicit product noun phrase in description matched deterministic taxonomy schema,PASS,PASS,HIGH,PASS,NONE
290,543302147,8' Wh Select T-Rail Kit Stair - w/Sq Composite Balusters,"Trex Company, Inc.",Trex®,Building Materials>Decking & Railing>Railing Kits,CLASSIFIED,RULE_MATCH,Tier 3,DIRECT_DATASET,,PASS,Explicit product noun phrase in description matched deterministic taxonomy schema,PASS,PASS,HIGH,PASS,NONE
291,73019599,Finyline Wh 6' Str Rail Kit Sq,Rdi Railing (Barrette Outdoor Living),RDI®,Building Materials>Decking & Railing>Railing Kits,CLASSIFIED,RULE_MATCH,Tier 3,DIRECT_DATASET,,PASS,Explicit product noun phrase in description matched deterministic taxonomy schema,PASS,PASS,HIGH,PASS,NONE
292,73019648,Finyline Wh 8' Str Rail Kit Sq,Rdi Railing (Barrette Outdoor Living),RDI®,Building Materials>Decking & Railing>Railing Kits,CLASSIFIED,RULE_MATCH,Tier 3,DIRECT_DATASET,,PASS,Explicit product noun phrase in description matched deterministic taxonomy schema,PASS,PASS,HIGH,PASS,NONE
293,73019598,Finyline Wh 6' Str Rail Kit Rd - w/Black Alum Balusters,Rdi Railing (Barrette Outdoor Living),RDI®,Building Materials>Decking & Railing>Railing Kits,CLASSIFIED,RULE_MATCH,Tier 3,DIRECT_DATASET,,PASS,Explicit product noun phrase in description matched deterministic taxonomy schema,PASS,PASS,HIGH,PASS,NONE
294,73019647,Finyline Wh 8' Str Rail Kit Rd - w/Black Alum Balusters,Rdi Railing (Barrette Outdoor Living),RDI®,Building Materials>Decking & Railing>Railing Kits,CLASSIFIED,RULE_MATCH,Tier 3,DIRECT_DATASET,,PASS,Explicit product noun phrase in description matched deterministic taxonomy schema,PASS,PASS,HIGH,PASS,NONE
295,543300257,6' Black Select Classic Stair - Rail w/Rnd Black Alum Baluster,"Trex Company, Inc.",Trex®,Building Materials>Decking & Railing>Railing Kits,CLASSIFIED,RULE_MATCH,Tier 3,DIRECT_DATASET,,PASS,Explicit product noun phrase in description matched deterministic taxonomy schema,PASS,PASS,HIGH,PASS,NONE
296,543300277,8' Black Select Classic Stair - Rail w/Rnd Black Alum Baluster,"Trex Company, Inc.",Trex®,Building Materials>Decking & Railing>Railing Kits,CLASSIFIED,RULE_MATCH,Tier 3,DIRECT_DATASET,,PASS,Explicit product noun phrase in description matched deterministic taxonomy schema,PASS,PASS,HIGH,PASS,NONE
297,SPB-44BPL,"Patriot 4""x4""x37""/43"" Adjustable Self Leveling Support Post",,,Building Materials>Decking & Railing>Post Sleeves & Accessories,CLASSIFIED,RULE_MATCH,Tier 3,DIRECT_DATASET,,PASS,Explicit product noun phrase in description matched deterministic taxonomy schema,PASS,PASS,HIGH,PASS,NONE
298,925219,"2""x50' Deck Joist Tape - Protecto Wrap",Palmer Donavin Mfg Company,,Electrical>Electrical Accessories>Tapes & Adhesives,CLASSIFIED,RULE_MATCH,Tier 3,DIRECT_DATASET,,PASS,Explicit product noun phrase in description matched deterministic taxonomy schema,PASS,PASS,HIGH,PASS,NONE
299,27233,24x48 WH Attic Access Door,A J Manufacturing Inc,AJM,Building Materials>Windows & Doors>Windows & Doors,CLASSIFIED,RULE_MATCH,Tier 3,DIRECT_DATASET,,PASS,Explicit product noun phrase in description matched deterministic taxonomy schema,PASS,PASS,HIGH,PASS,NONE
300,1517602,6068R Gliding Patio Dr 4500 United Blk Ext/WH Int LowE Arg w/J,United Window & Door,United Window & Door®,Building Materials>Windows & Doors>Windows & Doors,CLASSIFIED,RULE_MATCH,Tier 3,DIRECT_DATASET,,PASS,Explicit product noun phrase in description matched deterministic taxonomy schema,PASS,PASS,HIGH,PASS,NONE
301,1517603,6068L Gliding Patio Dr 4500 United Blk Ext/WH Int LowE Arg w/J,United Window & Door,United Window & Door®,Building Materials>Windows & Doors>Windows & Doors,CLASSIFIED,RULE_MATCH,Tier 3,DIRECT_DATASET,,PASS,Explicit product noun phrase in description matched deterministic taxonomy schema,PASS,PASS,HIGH,PASS,NONE
302,1517604,6068L Gliding Patio Dr 4500 United White LowE Arg w/J,United Window & Door,United Window & Door®,Building Materials>Windows & Doors>Windows & Doors,CLASSIFIED,RULE_MATCH,Tier 3,DIRECT_DATASET,,PASS,Explicit product noun phrase in description matched deterministic taxonomy schema,PASS,PASS,HIGH,PASS,NONE
303,1517605,6068R Gliding Patio Dr 4500 United White LowE Arg w/J,United Window & Door,United Window & Door®,Building Materials>Windows & Doors>Windows & Doors,CLASSIFIED,RULE_MATCH,Tier 3,DIRECT_DATASET,,PASS,Explicit product noun phrase in description matched deterministic taxonomy schema,PASS,PASS,HIGH,PASS,NONE
304,FS C01 2004S,"FS C01 Velux Fxd Skylt Gry/Wh - w/Solar Shade RO 21""x26-7/8""",Velux America Inc,,Building Materials>Windows & Doors>Windows & Doors,CLASSIFIED,RULE_MATCH,Tier 3,DIRECT_DATASET,,PASS,Explicit product noun phrase in description matched deterministic taxonomy schema,PASS,PASS,HIGH,PASS,NONE
305,FS C04 2004S,"FS C04 Velux Fxd Skylt Gry/Wh - w/Solar Shade RO 21""x37-7/8""",Velux America Inc,,Building Materials>Windows & Doors>Windows & Doors,CLASSIFIED,RULE_MATCH,Tier 3,DIRECT_DATASET,,PASS,Explicit product noun phrase in description matched deterministic taxonomy schema,PASS,PASS,HIGH,PASS,NONE
306,FS C06 2004S,"FS C06 Velux Fxd Skylt Gry/Wh - w/Solar Shade RO 21""x45-7/8""",Velux America Inc,,Building Materials>Windows & Doors>Windows & Doors,CLASSIFIED,RULE_MATCH,Tier 3,DIRECT_DATASET,,PASS,Explicit product noun phrase in description matched deterministic taxonomy schema,PASS,PASS,HIGH,PASS,NONE
307,1501831,31.5x14.75 Bsmt ecoLitePlus WH - Hopper DLA w/Screen,ProVia,PROVIA,Building Materials>Windows & Doors>Windows & Doors,CLASSIFIED,RULE_MATCH,Tier 3,DIRECT_DATASET,,PASS,Explicit product noun phrase in description matched deterministic taxonomy schema,PASS,PASS,HIGH,PASS,NONE
308,1501832,31.5x22.75 Bsmt ecoLitePlus WH - Hopper DLA w/Screen,ProVia,PROVIA,Building Materials>Windows & Doors>Windows & Doors,CLASSIFIED,RULE_MATCH,Tier 3,DIRECT_DATASET,,PASS,Explicit product noun phrase in description matched deterministic taxonomy schema,PASS,PASS,HIGH,PASS,NONE
309,1515974,3030 Slider 3900 United Black WH Int LowE-2 w/Half Scrn w/J,United Window & Door,United Window & Door®,Building Materials>Windows & Doors>Windows & Doors,CLASSIFIED,RULE_MATCH,Tier 3,DIRECT_DATASET,,PASS,Explicit product noun phrase in description matched deterministic taxonomy schema,PASS,PASS,HIGH,PASS,NONE
310,640383,"1/2"" 54""x10 Drywall Easi-Lite",Certainteed Gypsum,,Building Materials>Building Materials>Structural & Wall Materials,CLASSIFIED,RULE_MATCH,Tier 3,DIRECT_DATASET,,PASS,Explicit product noun phrase in description matched deterministic taxonomy schema,PASS,PASS,HIGH,PASS,NONE
311,653258,"5/8"" 4x9 Drywall Firelite",Certainteed Gypsum,,Building Materials>Building Materials>Structural & Wall Materials,CLASSIFIED,RULE_MATCH,Tier 3,DIRECT_DATASET,,PASS,Explicit product noun phrase in description matched deterministic taxonomy schema,PASS,PASS,HIGH,PASS,NONE
312,413S-DBA-36,"413S 36"" Alum Threshold DBZ",Hager Hinge Co,HAGER,Hardware>Door Hardware>Door Hardware & Thresholds,CLASSIFIED,RULE_MATCH,Tier 3,DIRECT_DATASET,,PASS,Explicit product noun phrase in description matched deterministic taxonomy schema,PASS,PASS,HIGH,PASS,NONE
313,413S-DBA-72,"413S 72"" Alum Threshold DBZ",Hager Hinge Co,HAGER,Hardware>Door Hardware>Door Hardware & Thresholds,CLASSIFIED,RULE_MATCH,Tier 3,DIRECT_DATASET,,PASS,Explicit product noun phrase in description matched deterministic taxonomy schema,PASS,PASS,HIGH,PASS,NONE
314,1511506,4'x65' Zip Rainscreen,Huber Eng Wood LLC,,Building Materials>Building Materials>Structural & Wall Materials,CLASSIFIED,RULE_MATCH,Tier 3,DIRECT_DATASET,,PASS,Explicit product noun phrase in description matched deterministic taxonomy schema,PASS,PASS,HIGH,PASS,NONE
315,1513577,1x8-12' Doug Fir STK Smooth 1S2E,Westwood Lumber Sales,COMMODITY - UNBRANDED,Building Materials>Building Materials>Structural & Wall Materials,CLASSIFIED,RULE_MATCH,Tier 3,DIRECT_DATASET,,PASS,Explicit product noun phrase in description matched deterministic taxonomy schema,PASS,PASS,HIGH,PASS,NONE
316,1513578,1x8-16' Doug Fir STK Smooth 1S2E,Westwood Lumber Sales,COMMODITY - UNBRANDED,Building Materials>Building Materials>Structural & Wall Materials,CLASSIFIED,RULE_MATCH,Tier 3,DIRECT_DATASET,,PASS,Explicit product noun phrase in description matched deterministic taxonomy schema,PASS,PASS,HIGH,PASS,NONE
317,1513579,1x12-12 'Doug Fir STK Smooth 1S2E,Westwood Lumber Sales,COMMODITY - UNBRANDED,Building Materials>Building Materials>Structural & Wall Materials,CLASSIFIED,RULE_MATCH,Tier 3,DIRECT_DATASET,,PASS,Explicit product noun phrase in description matched deterministic taxonomy schema,PASS,PASS,HIGH,PASS,NONE
318,1513580,1x12-16' Doug Fir STK Smooth 1S2E,Westwood Lumber Sales,COMMODITY - UNBRANDED,Building Materials>Building Materials>Structural & Wall Materials,CLASSIFIED,RULE_MATCH,Tier 3,DIRECT_DATASET,,PASS,Explicit product noun phrase in description matched deterministic taxonomy schema,PASS,PASS,HIGH,PASS,NONE
319,1501767,"3/4"" 4x8T&G Huber Blue PlusOSB - Sub Floor",,,Building Materials>Building Materials>Structural & Wall Materials,CLASSIFIED,RULE_MATCH,Tier 3,DIRECT_DATASET,,PASS,Explicit product noun phrase in description matched deterministic taxonomy schema,PASS,PASS,HIGH,PASS,NONE
320,PP-8BL,8' Premier Rib XL Black,Premier Metals,,Building Materials>Building Materials>Structural & Wall Materials,CLASSIFIED,RULE_MATCH,Tier 3,DIRECT_DATASET,,PASS,Explicit product noun phrase in description matched deterministic taxonomy schema,PASS,PASS,HIGH,PASS,NONE
321,PP-10BL,10' Premier Rib XL Black,Premier Metals,,Building Materials>Building Materials>Structural & Wall Materials,CLASSIFIED,RULE_MATCH,Tier 3,DIRECT_DATASET,,PASS,Explicit product noun phrase in description matched deterministic taxonomy schema,PASS,PASS,HIGH,PASS,NONE
322,PP-12BL,12' Premier Rib XL Black,Premier Metals,,Building Materials>Building Materials>Structural & Wall Materials,CLASSIFIED,RULE_MATCH,Tier 3,DIRECT_DATASET,,PASS,Explicit product noun phrase in description matched deterministic taxonomy schema,PASS,PASS,HIGH,PASS,NONE
323,PP-8CH,8' Premier Rib XL Charcoal,Premier Metals,,Building Materials>Building Materials>Structural & Wall Materials,CLASSIFIED,RULE_MATCH,Tier 3,DIRECT_DATASET,,PASS,Explicit product noun phrase in description matched deterministic taxonomy schema,PASS,PASS,HIGH,PASS,NONE
324,PP-10CH,10' Premier Rib XL Charcoal,Premier Metals,,Building Materials>Building Materials>Structural & Wall Materials,CLASSIFIED,RULE_MATCH,Tier 3,DIRECT_DATASET,,PASS,Explicit product noun phrase in description matched deterministic taxonomy schema,PASS,PASS,HIGH,PASS,NONE
325,PP-12CH,12' Premier Rib XL Charcoal,Premier Metals,,Building Materials>Building Materials>Structural & Wall Materials,CLASSIFIED,RULE_MATCH,Tier 3,DIRECT_DATASET,,PASS,Explicit product noun phrase in description matched deterministic taxonomy schema,PASS,PASS,HIGH,PASS,NONE
326,PP-8WH,8' Premier Rib XL White,Premier Metals,,Building Materials>Building Materials>Structural & Wall Materials,CLASSIFIED,RULE_MATCH,Tier 3,DIRECT_DATASET,,PASS,Explicit product noun phrase in description matched deterministic taxonomy schema,PASS,PASS,HIGH,PASS,NONE
327,PP-10WH,10' Premier Rib XL White,Premier Metals,,Building Materials>Building Materials>Structural & Wall Materials,CLASSIFIED,RULE_MATCH,Tier 3,DIRECT_DATASET,,PASS,Explicit product noun phrase in description matched deterministic taxonomy schema,PASS,PASS,HIGH,PASS,NONE
328,1504345,OC Duration TruDef Wburg Gray (BDL),Palmer Donavin Mfg Company,,Building Materials>Building Materials>Structural & Wall Materials,CLASSIFIED,RULE_MATCH,Tier 3,DIRECT_DATASET,,PASS,Explicit product noun phrase in description matched deterministic taxonomy schema,PASS,PASS,HIGH,PASS,NONE
329,2733,3'x65' Henry Eaveguard - Ice Guard,Palmer Donavin Mfg Company,,Building Materials>Building Materials>Structural & Wall Materials,CLASSIFIED,RULE_MATCH,Tier 3,DIRECT_DATASET,,PASS,Explicit product noun phrase in description matched deterministic taxonomy schema,PASS,PASS,HIGH,PASS,NONE
330,7547,Ice Guard OC Weathr Lk Mat 2sq,,,Building Materials>Building Materials>Structural & Wall Materials,CLASSIFIED,RULE_MATCH,Tier 3,DIRECT_DATASET,,PASS,Explicit product noun phrase in description matched deterministic taxonomy schema,PASS,PASS,HIGH,PASS,NONE
331,8912220,"7-1/4""x12' Hardie Sdg Smooth - Primed HardiePlank",Boise Cascade Building Materials,JAMESHARDIE,Building Materials>Building Materials>Structural & Wall Materials,CLASSIFIED,RULE_MATCH,Tier 3,DIRECT_DATASET,,PASS,Explicit product noun phrase in description matched deterministic taxonomy schema,PASS,PASS,HIGH,PASS,NONE
332,8904015,4'x10' HardiePanel Smooth - Primed,Boise Cascade Building Materials,JAMESHARDIE,Building Materials>Building Materials>Structural & Wall Materials,CLASSIFIED,RULE_MATCH,Tier 3,DIRECT_DATASET,,PASS,Explicit product noun phrase in description matched deterministic taxonomy schema,PASS,PASS,HIGH,PASS,NONE
333,25796,"6""x16' Smart Lap Sdg Cedar",U S Lumber,LP SMARTSIDE,Building Materials>Building Materials>Structural & Wall Materials,CLASSIFIED,RULE_MATCH,Tier 3,DIRECT_DATASET,,PASS,Explicit product noun phrase in description matched deterministic taxonomy schema,PASS,PASS,HIGH,PASS,NONE
334,40503,"3/8"" 16""x16' Smart Pan Cedar - No-Groove Sq Edge B&B",U S Lumber,LP SMARTSIDE,Building Materials>Building Materials>Structural & Wall Materials,CLASSIFIED,RULE_MATCH,Tier 3,DIRECT_DATASET,,PASS,Explicit product noun phrase in description matched deterministic taxonomy schema,PASS,PASS,HIGH,PASS,NONE
335,25825,"3/8"" 4x10 Smart Pan Cedar - No-Groove w/Shiplap Edges",U S Lumber,LP SMARTSIDE,Building Materials>Building Materials>Structural & Wall Materials,CLASSIFIED,RULE_MATCH,Tier 3,DIRECT_DATASET,,PASS,Explicit product noun phrase in description matched deterministic taxonomy schema,PASS,PASS,HIGH,PASS,NONE
336,25822,"3/8"" 12""x16' Smart Vented Soff - Cedar Soffit",U S Lumber,LP SMARTSIDE,Building Materials>Building Materials>Structural & Wall Materials,CLASSIFIED,RULE_MATCH,Tier 3,DIRECT_DATASET,,PASS,Explicit product noun phrase in description matched deterministic taxonomy schema,PASS,PASS,HIGH,PASS,NONE
337,543650101,Black Alum ADA Wall Mount Trex,"Trex Company, Inc.",Trex®,Building Materials>Decking & Railing>Railing Kits,CLASSIFIED,RULE_MATCH,Tier 3,DIRECT_DATASET,,PASS,Explicit product noun phrase in description matched deterministic taxonomy schema,PASS,PASS,HIGH,PASS,NONE
338,543650010,Black Alum ADA Int End Cap - Trex,"Trex Company, Inc.",Trex®,Building Materials>Decking & Railing>Railing Kits,CLASSIFIED,RULE_MATCH,Tier 3,DIRECT_DATASET,,PASS,Explicit product noun phrase in description matched deterministic taxonomy schema,PASS,PASS,HIGH,PASS,NONE
339,543650048,8' Black Alum ADA Rail Trex,"Trex Company, Inc.",Trex®,Building Materials>Decking & Railing>Railing Kits,CLASSIFIED,RULE_MATCH,Tier 3,DIRECT_DATASET,,PASS,Explicit product noun phrase in description matched deterministic taxonomy schema,PASS,PASS,HIGH,PASS,NONE
340,1506969,"1-1/2"" 4x8 Huber Zip R6.6 - Insulated R-Sheathing",,,Building Materials>Building Materials>Structural & Wall Materials,CLASSIFIED,RULE_MATCH,Tier 3,DIRECT_DATASET,,PASS,Explicit product noun phrase in description matched deterministic taxonomy schema,PASS,PASS,HIGH,PASS,NONE
341,1514681,"1"" 4x8 Huber Zip R3.6 - Insulated R-Sheathing",,,Building Materials>Building Materials>Structural & Wall Materials,CLASSIFIED,RULE_MATCH,Tier 3,DIRECT_DATASET,,PASS,Explicit product noun phrase in description matched deterministic taxonomy schema,PASS,PASS,HIGH,PASS,NONE
342,1514726,"2"" 4x8 Huber Zip R9.6 - Insulated R-Sheathing",,,Building Materials>Building Materials>Structural & Wall Materials,CLASSIFIED,RULE_MATCH,Tier 3,DIRECT_DATASET,,PASS,Explicit product noun phrase in description matched deterministic taxonomy schema,PASS,PASS,HIGH,PASS,NONE
343,1728ABL,2x2 Black Fine Fissured 1728BL,Palmer Donavin Mfg Company,,Building Materials>Building Materials>Structural & Wall Materials,CLASSIFIED,RULE_MATCH,Tier 3,DIRECT_DATASET,,PASS,Explicit product noun phrase in description matched deterministic taxonomy schema,PASS,PASS,HIGH,PASS,NONE
344,402-R,402R 12V12AH 8D Battery,MillerTech Energy Solutions,,Tools & Equipment>Power Tools>Batteries & Chargers,CLASSIFIED,RULE_MATCH,Tier 3,DIRECT_DATASET,,PASS,Explicit product noun phrase in description matched deterministic taxonomy schema,PASS,PASS,HIGH,PASS,NONE
345,SL1672,SL1672 Jumpstart & Pwr Supply,Schumacher Electric Corporation,Schumacher®,Tools & Equipment>Power Tools>Batteries & Chargers,CLASSIFIED,RULE_MATCH,Tier 3,DIRECT_DATASET,,PASS,Explicit product noun phrase in description matched deterministic taxonomy schema,PASS,PASS,HIGH,PASS,NONE
346,BM-DW20-YLW-6,BM-DW20-YLW-6 Dewalt - Battery Mounts 6pk,"Stanley Black & Decker, Inc.",DEWALT®,Tools & Equipment>Power Tools>Batteries & Chargers,CLASSIFIED,RULE_MATCH,Tier 3,DIRECT_DATASET,,PASS,Explicit product noun phrase in description matched deterministic taxonomy schema,PASS,PASS,HIGH,PASS,NONE
347,BHA1-UPC,16-24 Adjust Hanger,Southwire/g Turner,Southwire,Electrical>Wiring & Boxes>Electrical Wiring & Boxes,CLASSIFIED,RULE_MATCH,Tier 3,DIRECT_DATASET,,PASS,Explicit product noun phrase in description matched deterministic taxonomy schema,PASS,PASS,HIGH,PASS,NONE
348,G1941-UPC,"G1941UPC 4"" Sq Cover Sw/Outlet",Southwire/g Turner,Southwire,Electrical>Wiring & Boxes>Electrical Wiring & Boxes,CLASSIFIED,RULE_MATCH,Tier 3,DIRECT_DATASET,,PASS,Explicit product noun phrase in description matched deterministic taxonomy schema,PASS,PASS,HIGH,PASS,NONE
349,G1950-UPC,4x4 2G GFI Box Cover,Southwire/g Turner,Southwire,Electrical>Wiring & Boxes>Electrical Wiring & Boxes,CLASSIFIED,RULE_MATCH,Tier 3,DIRECT_DATASET,,PASS,Explicit product noun phrase in description matched deterministic taxonomy schema,PASS,PASS,HIGH,PASS,NONE
350,A410RCAR,4x4 1G PVC Box Cover,Thomas & Betts,Carlon,Electrical>Wiring & Boxes>Electrical Wiring & Boxes,CLASSIFIED,RULE_MATCH,Tier 3,DIRECT_DATASET,,PASS,Explicit product noun phrase in description matched deterministic taxonomy schema,PASS,PASS,HIGH,PASS,NONE
351,G1951-UPC,4x4 2G GFCI Duplex Box Cover,Southwire/g Turner,Southwire,Electrical>Wiring & Boxes>Electrical Wiring & Boxes,CLASSIFIED,RULE_MATCH,Tier 3,DIRECT_DATASET,,PASS,Explicit product noun phrase in description matched deterministic taxonomy schema,PASS,PASS,HIGH,PASS,NONE
352,52C3-5/8-UPC,4x4 1G Box Cover,Southwire/g Turner,Southwire,Electrical>Wiring & Boxes>Electrical Wiring & Boxes,CLASSIFIED,RULE_MATCH,Tier 3,DIRECT_DATASET,,PASS,Explicit product noun phrase in description matched deterministic taxonomy schema,PASS,PASS,HIGH,PASS,NONE
353,52C14-5/8-UPC,4x4 1G Box Cover,Southwire/g Turner,Southwire,Electrical>Wiring & Boxes>Electrical Wiring & Boxes,CLASSIFIED,RULE_MATCH,Tier 3,DIRECT_DATASET,,PASS,Explicit product noun phrase in description matched deterministic taxonomy schema,PASS,PASS,HIGH,PASS,NONE
354,52C3-UPC,4x4 1G Box Cover,Southwire/g Turner,Southwire,Electrical>Wiring & Boxes>Electrical Wiring & Boxes,CLASSIFIED,RULE_MATCH,Tier 3,DIRECT_DATASET,,PASS,Explicit product noun phrase in description matched deterministic taxonomy schema,PASS,PASS,HIGH,PASS,NONE
355,54151-F-UPC,4x4x1-1/2 Oct Box w/Bracket,Southwire/g Turner,Southwire,Electrical>Wiring & Boxes>Electrical Wiring & Boxes,CLASSIFIED,RULE_MATCH,Tier 3,DIRECT_DATASET,,PASS,Explicit product noun phrase in description matched deterministic taxonomy schema,PASS,PASS,HIGH,PASS,NONE
356,54151-HUR-UPC,4x4x1-1/2 Oct Box w/Hanger,Southwire/g Turner,Southwire,Electrical>Wiring & Boxes>Electrical Wiring & Boxes,CLASSIFIED,RULE_MATCH,Tier 3,DIRECT_DATASET,,PASS,Explicit product noun phrase in description matched deterministic taxonomy schema,PASS,PASS,HIGH,PASS,NONE
357,54151-JR-UPC,4x4x1-1/2 Oct Box w/Brakcet,Southwire/g Turner,Southwire,Electrical>Wiring & Boxes>Electrical Wiring & Boxes,CLASSIFIED,RULE_MATCH,Tier 3,DIRECT_DATASET,,PASS,Explicit product noun phrase in description matched deterministic taxonomy schema,PASS,PASS,HIGH,PASS,NONE
358,54171-R-UPC,4x4x2 Oct Box,Southwire/g Turner,Southwire,Electrical>Wiring & Boxes>Electrical Wiring & Boxes,CLASSIFIED,RULE_MATCH,Tier 3,DIRECT_DATASET,,PASS,Explicit product noun phrase in description matched deterministic taxonomy schema,PASS,PASS,HIGH,PASS,NONE
359,52151-S-UPC,4x4x1-1/2 Square Box,Southwire/g Turner,Southwire,Electrical>Wiring & Boxes>Electrical Wiring & Boxes,CLASSIFIED,RULE_MATCH,Tier 3,DIRECT_DATASET,,PASS,Explicit product noun phrase in description matched deterministic taxonomy schema,PASS,PASS,HIGH,PASS,NONE
360,72171-3/4-1W-UPC,4-1/2x4-1/2x2 2G Box,Southwire/g Turner,Southwire,Electrical>Wiring & Boxes>Electrical Wiring & Boxes,CLASSIFIED,RULE_MATCH,Tier 3,DIRECT_DATASET,,PASS,Explicit product noun phrase in description matched deterministic taxonomy schema,PASS,PASS,HIGH,PASS,NONE
361,5522-5EV,5522-5EV 2 Port Decor Plate,Cooper Wiring Devices,,Electrical>Wiring & Boxes>Electrical Wiring & Boxes,CLASSIFIED,RULE_MATCH,Tier 3,DIRECT_DATASET,,PASS,Explicit product noun phrase in description matched deterministic taxonomy schema,PASS,PASS,HIGH,PASS,NONE
362,AYCL-153PH-LA,AYCL-153PH-LA Lutron Dimmer LA,Fenton Bros Electric Inc,,Electrical>Wiring & Boxes>Electrical Wiring & Boxes,CLASSIFIED,RULE_MATCH,Tier 3,DIRECT_DATASET,,PASS,Explicit product noun phrase in description matched deterministic taxonomy schema,PASS,PASS,HIGH,PASS,NONE
363,AYCL-153PH-WH,AYCL-153PH-WH Lutron Dimmer Wh,Fenton Bros Electric Inc,,Electrical>Wiring & Boxes>Electrical Wiring & Boxes,CLASSIFIED,RULE_MATCH,Tier 3,DIRECT_DATASET,,PASS,Explicit product noun phrase in description matched deterministic taxonomy schema,PASS,PASS,HIGH,PASS,NONE
364,D23LP-R02-1RW,D23LPR021RW Plug In Dimmer Wh,Leviton Mfg Co,Leviton,Electrical>Wiring & Boxes>Electrical Wiring & Boxes,CLASSIFIED,RULE_MATCH,Tier 3,DIRECT_DATASET,,PASS,Explicit product noun phrase in description matched deterministic taxonomy schema,PASS,PASS,HIGH,PASS,NONE
365,TNOCD002,TNOCD002 125V Outdooor Timer,Prime Wire & Cable,Prime,Electrical>Wiring & Boxes>Electrical Wiring & Boxes,CLASSIFIED,RULE_MATCH,Tier 3,DIRECT_DATASET,,PASS,Explicit product noun phrase in description matched deterministic taxonomy schema,PASS,PASS,HIGH,PASS,NONE
366,TNDHD002,TNDHD002 125V 7Day Timer,Prime Wire & Cable,Prime,Electrical>Wiring & Boxes>Electrical Wiring & Boxes,CLASSIFIED,RULE_MATCH,Tier 3,DIRECT_DATASET,,PASS,Explicit product noun phrase in description matched deterministic taxonomy schema,PASS,PASS,HIGH,PASS,NONE
367,TNIDP12,TNIDP12 125V Dig Indoor Timer,Prime Wire & Cable,Prime,Electrical>Wiring & Boxes>Electrical Wiring & Boxes,CLASSIFIED,RULE_MATCH,Tier 3,DIRECT_DATASET,,PASS,Explicit product noun phrase in description matched deterministic taxonomy schema,PASS,PASS,HIGH,PASS,NONE
368,TNIW24,TNIW24 125V 24hr Mech Timer,Prime Wire & Cable,Prime,Electrical>Wiring & Boxes>Electrical Wiring & Boxes,CLASSIFIED,RULE_MATCH,Tier 3,DIRECT_DATASET,,PASS,Explicit product noun phrase in description matched deterministic taxonomy schema,PASS,PASS,HIGH,PASS,NONE
369,65-1222,65-1222 1' Led Lt Multi CCT,Satco Prod Inc,,Lighting & Ceiling Fans>Light Fixtures>Lighting Fixtures,CLASSIFIED,RULE_MATCH,Tier 3,DIRECT_DATASET,,PASS,Explicit product noun phrase in description matched deterministic taxonomy schema,PASS,PASS,HIGH,PASS,NONE
370,65-1224,65-1224 4' Led Strip Light,Satco Prod Inc,Satco,Lighting & Ceiling Fans>Light Fixtures>Lighting Fixtures,CLASSIFIED,RULE_MATCH,Tier 3,DIRECT_DATASET,,PASS,Explicit product noun phrase in description matched deterministic taxonomy schema,PASS,PASS,HIGH,PASS,NONE
371,45297BK,45297BK Kichler Wall Lt,Kichler Lighting,,Lighting & Ceiling Fans>Light Fixtures>Lighting Fixtures,CLASSIFIED,RULE_MATCH,Tier 3,DIRECT_DATASET,,PASS,Explicit product noun phrase in description matched deterministic taxonomy schema,PASS,PASS,HIGH,PASS,NONE
372,45573BK,45573BK Kichler Wall Light,Kichler Lighting,,Lighting & Ceiling Fans>Wall Lights>Wall Sconces & Lanterns,CLASSIFIED,RULE_MATCH,Tier 3,DIRECT_DATASET,,PASS,Explicit product noun phrase in description matched deterministic taxonomy schema,PASS,PASS,HIGH,PASS,NONE
373,37418A,37418A Kichler Bath Light,Kichler Lighting,,Lighting & Ceiling Fans>Light Fixtures>Lighting Fixtures,CLASSIFIED,RULE_MATCH,Tier 3,DIRECT_DATASET,,PASS,Explicit product noun phrase in description matched deterministic taxonomy schema,PASS,PASS,HIGH,PASS,NONE
374,37423A,37423A Kichler Bath Light,Kichler Lighting,,Lighting & Ceiling Fans>Light Fixtures>Lighting Fixtures,CLASSIFIED,RULE_MATCH,Tier 3,DIRECT_DATASET,,PASS,Explicit product noun phrase in description matched deterministic taxonomy schema,PASS,PASS,HIGH,PASS,NONE
375,45496BKCLR,45496BKCLR Kichler Bath Light,Kichler Lighting,,Lighting & Ceiling Fans>Light Fixtures>Lighting Fixtures,CLASSIFIED,RULE_MATCH,Tier 3,DIRECT_DATASET,,PASS,Explicit product noun phrase in description matched deterministic taxonomy schema,PASS,PASS,HIGH,PASS,NONE
376,45973BK,45973BK Kichler Wall Light,Kichler Lighting,,Lighting & Ceiling Fans>Wall Lights>Wall Sconces & Lanterns,CLASSIFIED,RULE_MATCH,Tier 3,DIRECT_DATASET,,PASS,Explicit product noun phrase in description matched deterministic taxonomy schema,PASS,PASS,HIGH,PASS,NONE
377,55155BK,55155BK Kichler Wall Lt,Kichler Lighting,,Lighting & Ceiling Fans>Light Fixtures>Lighting Fixtures,CLASSIFIED,RULE_MATCH,Tier 3,DIRECT_DATASET,,PASS,Explicit product noun phrase in description matched deterministic taxonomy schema,PASS,PASS,HIGH,PASS,NONE
378,55157CPZ,55157CPZ Kichler Wall Light,Kichler Lighting,,Lighting & Ceiling Fans>Wall Lights>Wall Sconces & Lanterns,CLASSIFIED,RULE_MATCH,Tier 3,DIRECT_DATASET,,PASS,Explicit product noun phrase in description matched deterministic taxonomy schema,PASS,PASS,HIGH,PASS,NONE
379,55184BK,55184BK Kichler Wall Lt,Kichler Lighting,,Lighting & Ceiling Fans>Light Fixtures>Lighting Fixtures,CLASSIFIED,RULE_MATCH,Tier 3,DIRECT_DATASET,,PASS,Explicit product noun phrase in description matched deterministic taxonomy schema,PASS,PASS,HIGH,PASS,NONE
380,55185BK,55185BK Kichler Wall Lt,Kichler Lighting,,Lighting & Ceiling Fans>Light Fixtures>Lighting Fixtures,CLASSIFIED,RULE_MATCH,Tier 3,DIRECT_DATASET,,PASS,Explicit product noun phrase in description matched deterministic taxonomy schema,PASS,PASS,HIGH,PASS,NONE
381,55186CH,55186CH Kichler Wall Lt,Kichler Lighting,,Lighting & Ceiling Fans>Light Fixtures>Lighting Fixtures,CLASSIFIED,RULE_MATCH,Tier 3,DIRECT_DATASET,,PASS,Explicit product noun phrase in description matched deterministic taxonomy schema,PASS,PASS,HIGH,PASS,NONE
382,55210NI,55210NI Kichler Wall Light,Kichler Lighting,,Lighting & Ceiling Fans>Wall Lights>Wall Sconces & Lanterns,CLASSIFIED,RULE_MATCH,Tier 3,DIRECT_DATASET,,PASS,Explicit product noun phrase in description matched deterministic taxonomy schema,PASS,PASS,HIGH,PASS,NONE
383,55211BK,55211BK Kichler Wall Light,Kichler Lighting,,Lighting & Ceiling Fans>Wall Lights>Wall Sconces & Lanterns,CLASSIFIED,RULE_MATCH,Tier 3,DIRECT_DATASET,,PASS,Explicit product noun phrase in description matched deterministic taxonomy schema,PASS,PASS,HIGH,PASS,NONE
384,55211NI,55211NI Kichler Wall Light,Kichler Lighting,,Lighting & Ceiling Fans>Wall Lights>Wall Sconces & Lanterns,CLASSIFIED,RULE_MATCH,Tier 3,DIRECT_DATASET,,PASS,Explicit product noun phrase in description matched deterministic taxonomy schema,PASS,PASS,HIGH,PASS,NONE
385,55212NI,55212NI Kichler Wall Light,Kichler Lighting,,Lighting & Ceiling Fans>Wall Lights>Wall Sconces & Lanterns,CLASSIFIED,RULE_MATCH,Tier 3,DIRECT_DATASET,,PASS,Explicit product noun phrase in description matched deterministic taxonomy schema,PASS,PASS,HIGH,PASS,NONE
386,55226BKLFU,55226BKFLU Kichler Wall Lt,Kichler Lighting,,Lighting & Ceiling Fans>Light Fixtures>Lighting Fixtures,CLASSIFIED,RULE_MATCH,Tier 3,DIRECT_DATASET,,PASS,Explicit product noun phrase in description matched deterministic taxonomy schema,PASS,PASS,HIGH,PASS,NONE
387,55239CPZLED,55239CPZLED Kichler Wall Lt,Kichler Lighting,,Lighting & Ceiling Fans>Light Fixtures>Lighting Fixtures,CLASSIFIED,RULE_MATCH,Tier 3,DIRECT_DATASET,,PASS,Explicit product noun phrase in description matched deterministic taxonomy schema,PASS,PASS,HIGH,PASS,NONE
388,44072DBK,44072DBK Kichler Chandelier Lt,Kichler Lighting,,Lighting & Ceiling Fans>Ceiling Lights>Chandeliers,CLASSIFIED,RULE_MATCH,Tier 3,DIRECT_DATASET,,PASS,Explicit product noun phrase in description matched deterministic taxonomy schema,PASS,PASS,HIGH,PASS,NONE
389,44073NI,44073NI Kichler Chandelier Lt,Kichler Lighting,,Lighting & Ceiling Fans>Ceiling Lights>Chandeliers,CLASSIFIED,RULE_MATCH,Tier 3,DIRECT_DATASET,,PASS,Explicit product noun phrase in description matched deterministic taxonomy schema,PASS,PASS,HIGH,PASS,NONE
390,52033BK,52033BK Kichler Chandelier Lt,Kichler Lighting,,Lighting & Ceiling Fans>Ceiling Lights>Chandeliers,CLASSIFIED,RULE_MATCH,Tier 3,DIRECT_DATASET,,PASS,Explicit product noun phrase in description matched deterministic taxonomy schema,PASS,PASS,HIGH,PASS,NONE
391,84322WH,84322WH Kichler Chandelier Lt,Kichler Lighting,,Lighting & Ceiling Fans>Ceiling Lights>Chandeliers,CLASSIFIED,RULE_MATCH,Tier 3,DIRECT_DATASET,,PASS,Explicit product noun phrase in description matched deterministic taxonomy schema,PASS,PASS,HIGH,PASS,NONE
392,52404BK,52404BK Kichler Chandelier Lt,Kichler Lighting,,Lighting & Ceiling Fans>Ceiling Lights>Chandeliers,CLASSIFIED,RULE_MATCH,Tier 3,DIRECT_DATASET,,PASS,Explicit product noun phrase in description matched deterministic taxonomy schema,PASS,PASS,HIGH,PASS,NONE
393,34686A,34686A Kichler Chandelier Lt,Kichler Lighting,,Lighting & Ceiling Fans>Ceiling Lights>Chandeliers,CLASSIFIED,RULE_MATCH,Tier 3,DIRECT_DATASET,,PASS,Explicit product noun phrase in description matched deterministic taxonomy schema,PASS,PASS,HIGH,PASS,NONE
394,34687A,34687A Kichler Chandelier Lt,Kichler Lighting,,Lighting & Ceiling Fans>Ceiling Lights>Chandeliers,CLASSIFIED,RULE_MATCH,Tier 3,DIRECT_DATASET,,PASS,Explicit product noun phrase in description matched deterministic taxonomy schema,PASS,PASS,HIGH,PASS,NONE
395,34688A,34688A Kichler Chandelier Lt,,,Lighting & Ceiling Fans>Ceiling Lights>Chandeliers,CLASSIFIED,RULE_MATCH,Tier 3,DIRECT_DATASET,,PASS,Explicit product noun phrase in description matched deterministic taxonomy schema,PASS,PASS,HIGH,PASS,NONE
396,43671BKCLR,43671BKCLR Kichler Chand Lt,Kichler Lighting,,Lighting & Ceiling Fans>Light Fixtures>Lighting Fixtures,CLASSIFIED,RULE_MATCH,Tier 3,DIRECT_DATASET,,PASS,Explicit product noun phrase in description matched deterministic taxonomy schema,PASS,PASS,HIGH,PASS,NONE
397,52616BK,52616BK Kichler Chandelier Lt,Kichler Lighting,,Lighting & Ceiling Fans>Ceiling Lights>Chandeliers,CLASSIFIED,RULE_MATCH,Tier 3,DIRECT_DATASET,,PASS,Explicit product noun phrase in description matched deterministic taxonomy schema,PASS,PASS,HIGH,PASS,NONE
398,52616NI,52616NI Kichler Chandelier Lt,Kichler Lighting,,Lighting & Ceiling Fans>Ceiling Lights>Chandeliers,CLASSIFIED,RULE_MATCH,Tier 3,DIRECT_DATASET,,PASS,Explicit product noun phrase in description matched deterministic taxonomy schema,PASS,PASS,HIGH,PASS,NONE
399,52678BK,52678BK Kichler Chandelier Lt,Kichler Lighting,,Lighting & Ceiling Fans>Ceiling Lights>Chandeliers,CLASSIFIED,RULE_MATCH,Tier 3,DIRECT_DATASET,,PASS,Explicit product noun phrase in description matched deterministic taxonomy schema,PASS,PASS,HIGH,PASS,NONE
400,52680CPZ,52680CPZ Kichler Chandelier Lt,Kichler Lighting,,Lighting & Ceiling Fans>Ceiling Lights>Chandeliers,CLASSIFIED,RULE_MATCH,Tier 3,DIRECT_DATASET,,PASS,Explicit product noun phrase in description matched deterministic taxonomy schema,PASS,PASS,HIGH,PASS,NONE
401,52772BK,52772BK Kichler Chandelier Lt,Kichler Lighting,,Lighting & Ceiling Fans>Ceiling Lights>Chandeliers,CLASSIFIED,RULE_MATCH,Tier 3,DIRECT_DATASET,,PASS,Explicit product noun phrase in description matched deterministic taxonomy schema,PASS,PASS,HIGH,PASS,NONE
402,82399,82399 Kichler Chandelier Lt,Kichler Lighting,,Lighting & Ceiling Fans>Ceiling Lights>Chandeliers,CLASSIFIED,RULE_MATCH,Tier 3,DIRECT_DATASET,,PASS,Explicit product noun phrase in description matched deterministic taxonomy schema,PASS,PASS,HIGH,PASS,NONE
403,65-771R3,65-771R3 Nuvo Highbay Light,Satco Prod Inc,,Lighting & Ceiling Fans>Ceiling Lights>Flush Mount & Recessed Lights,CLASSIFIED,RULE_MATCH,Tier 3,DIRECT_DATASET,,PASS,Explicit product noun phrase in description matched deterministic taxonomy schema,PASS,PASS,HIGH,PASS,NONE
404,42955BK,42955BK Kichler Ceiling Lt,Kichler Lighting,,Lighting & Ceiling Fans>Light Fixtures>Lighting Fixtures,CLASSIFIED,RULE_MATCH,Tier 3,DIRECT_DATASET,,PASS,Explicit product noun phrase in description matched deterministic taxonomy schema,PASS,PASS,HIGH,PASS,NONE
405,42275BK,42275BK Kichler Ceiling Lt,Kichler Lighting,,Lighting & Ceiling Fans>Light Fixtures>Lighting Fixtures,CLASSIFIED,RULE_MATCH,Tier 3,DIRECT_DATASET,,PASS,Explicit product noun phrase in description matched deterministic taxonomy schema,PASS,PASS,HIGH,PASS,NONE
406,62-1850,"62-1850 11"" Led Ceiling Light",Satco Prod Inc,,Lighting & Ceiling Fans>Light Fixtures>Lighting Fixtures,CLASSIFIED,RULE_MATCH,Tier 3,DIRECT_DATASET,,PASS,Explicit product noun phrase in description matched deterministic taxonomy schema,PASS,PASS,HIGH,PASS,NONE
407,62-1852,"62-1852 14"" Satco Led Ceiling Lt",Satco Prod Inc,,Lighting & Ceiling Fans>Light Fixtures>Lighting Fixtures,CLASSIFIED,RULE_MATCH,Tier 3,DIRECT_DATASET,,PASS,Explicit product noun phrase in description matched deterministic taxonomy schema,PASS,PASS,HIGH,PASS,NONE
408,62-1875,"62-1875 10"" Led Ceiling Lt Bn",Satco Prod Inc,,Lighting & Ceiling Fans>Light Fixtures>Lighting Fixtures,CLASSIFIED,RULE_MATCH,Tier 3,DIRECT_DATASET,,PASS,Explicit product noun phrase in description matched deterministic taxonomy schema,PASS,PASS,HIGH,PASS,NONE
409,62-1876,"62-1876 13"" Satco Ceiling Light BN",Satco Prod Inc,,Lighting & Ceiling Fans>Light Fixtures>Lighting Fixtures,CLASSIFIED,RULE_MATCH,Tier 3,DIRECT_DATASET,,PASS,Explicit product noun phrase in description matched deterministic taxonomy schema,PASS,PASS,HIGH,PASS,NONE
410,42296BK,42296BK Kichler Ceiling Lt,Kichler Lighting,,Lighting & Ceiling Fans>Light Fixtures>Lighting Fixtures,CLASSIFIED,RULE_MATCH,Tier 3,DIRECT_DATASET,,PASS,Explicit product noun phrase in description matched deterministic taxonomy schema,PASS,PASS,HIGH,PASS,NONE
411,43913BK,43913BK Kichler Pendant Lt,Kichler Lighting,,Lighting & Ceiling Fans>Ceiling Lights>Pendant Lights,CLASSIFIED,RULE_MATCH,Tier 3,DIRECT_DATASET,,PASS,Explicit product noun phrase in description matched deterministic taxonomy schema,PASS,PASS,HIGH,PASS,NONE
412,HLSMS9129FS1E,"HLSMS9129FS1E 9"" Motion Lt",Cooper Lighting,,Lighting & Ceiling Fans>Ceiling Lights>Flush Mount & Recessed Lights,CLASSIFIED,RULE_MATCH,Tier 3,DIRECT_DATASET,,PASS,Explicit product noun phrase in description matched deterministic taxonomy schema,PASS,PASS,HIGH,PASS,NONE
413,64-110,64-110 Satco Tape Light 16',Satco Prod Inc,,Electrical>Electrical Accessories>Tapes & Adhesives,CLASSIFIED,RULE_MATCH,Tier 3,DIRECT_DATASET,,PASS,Explicit product noun phrase in description matched deterministic taxonomy schema,PASS,PASS,HIGH,PASS,NONE
414,603571,603571 3' Strip Light Ext,Phillips Lighting,Wiz,Tools & Equipment>Power Tool Accessories>Cutting Tools>Bits,CLASSIFIED,RULE_MATCH,Tier 3,DIRECT_DATASET,,PASS,Explicit product noun phrase in description matched deterministic taxonomy schema,PASS,PASS,HIGH,PASS,NONE
415,65-572R1,65572 Satco 2x4 Led Flat Panel,Satco Prod Inc,,Lighting & Ceiling Fans>Ceiling Lights>Flush Mount & Recessed Lights,CLASSIFIED,RULE_MATCH,Tier 3,DIRECT_DATASET,,PASS,Explicit product noun phrase in description matched deterministic taxonomy schema,PASS,PASS,HIGH,PASS,NONE
416,52476AVI,52476AVI Kichler Pendant Lt,Kichler Lighting,,Lighting & Ceiling Fans>Ceiling Lights>Pendant Lights,CLASSIFIED,RULE_MATCH,Tier 3,DIRECT_DATASET,,PASS,Explicit product noun phrase in description matched deterministic taxonomy schema,PASS,PASS,HIGH,PASS,NONE
417,42199BK,42199BK Kichler Pendant Lt,Kichler Lighting,,Lighting & Ceiling Fans>Ceiling Lights>Pendant Lights,CLASSIFIED,RULE_MATCH,Tier 3,DIRECT_DATASET,,PASS,Explicit product noun phrase in description matched deterministic taxonomy schema,PASS,PASS,HIGH,PASS,NONE
418,42199BKCS,42199BKCS Kichler Pendant Lt,Kichler Lighting,,Lighting & Ceiling Fans>Ceiling Lights>Pendant Lights,CLASSIFIED,RULE_MATCH,Tier 3,DIRECT_DATASET,,PASS,Explicit product noun phrase in description matched deterministic taxonomy schema,PASS,PASS,HIGH,PASS,NONE
419,42200BK,42200BK Kichler Pendant Lt,Kichler Lighting,,Lighting & Ceiling Fans>Ceiling Lights>Pendant Lights,CLASSIFIED,RULE_MATCH,Tier 3,DIRECT_DATASET,,PASS,Explicit product noun phrase in description matched deterministic taxonomy schema,PASS,PASS,HIGH,PASS,NONE
420,42200BKCS,42200BKCS Kichler Pendant Lt,Kichler Lighting,,Lighting & Ceiling Fans>Ceiling Lights>Pendant Lights,CLASSIFIED,RULE_MATCH,Tier 3,DIRECT_DATASET,,PASS,Explicit product noun phrase in description matched deterministic taxonomy schema,PASS,PASS,HIGH,PASS,NONE
421,43851BK,43851BK Kichler Pendant Lt,Kichler Lighting,,Lighting & Ceiling Fans>Ceiling Lights>Pendant Lights,CLASSIFIED,RULE_MATCH,Tier 3,DIRECT_DATASET,,PASS,Explicit product noun phrase in description matched deterministic taxonomy schema,PASS,PASS,HIGH,PASS,NONE
422,43852BK,43852BK Kichler Pendant Lt,Kichler Lighting,,Lighting & Ceiling Fans>Ceiling Lights>Pendant Lights,CLASSIFIED,RULE_MATCH,Tier 3,DIRECT_DATASET,,PASS,Explicit product noun phrase in description matched deterministic taxonomy schema,PASS,PASS,HIGH,PASS,NONE
423,43853BK,43853BK Kichler Pendant Lt,Kichler Lighting,,Lighting & Ceiling Fans>Ceiling Lights>Pendant Lights,CLASSIFIED,RULE_MATCH,Tier 3,DIRECT_DATASET,,PASS,Explicit product noun phrase in description matched deterministic taxonomy schema,PASS,PASS,HIGH,PASS,NONE
424,43905BK,43905BK Kichler Pendant Lt,Kichler Lighting,,Lighting & Ceiling Fans>Ceiling Lights>Pendant Lights,CLASSIFIED,RULE_MATCH,Tier 3,DIRECT_DATASET,,PASS,Explicit product noun phrase in description matched deterministic taxonomy schema,PASS,PASS,HIGH,PASS,NONE
425,43911BK,43911BK Kichler Pendant Lt,Kichler Lighting,,Lighting & Ceiling Fans>Ceiling Lights>Pendant Lights,CLASSIFIED,RULE_MATCH,Tier 3,DIRECT_DATASET,,PASS,Explicit product noun phrase in description matched deterministic taxonomy schema,PASS,PASS,HIGH,PASS,NONE
426,52529BK,52529BK Kichler Pendant Light,Kichler Lighting,,Lighting & Ceiling Fans>Ceiling Lights>Pendant Lights,CLASSIFIED,RULE_MATCH,Tier 3,DIRECT_DATASET,,PASS,Explicit product noun phrase in description matched deterministic taxonomy schema,PASS,PASS,HIGH,PASS,NONE
427,52662BKCLR,52662BKCLR Kichler Pendant Lt,Kichler Lighting,,Lighting & Ceiling Fans>Ceiling Lights>Pendant Lights,CLASSIFIED,RULE_MATCH,Tier 3,DIRECT_DATASET,,PASS,Explicit product noun phrase in description matched deterministic taxonomy schema,PASS,PASS,HIGH,PASS,NONE
428,52734CPZ,52734CPZ Kichler Pendant Light,Kichler Lighting,,Lighting & Ceiling Fans>Ceiling Lights>Pendant Lights,CLASSIFIED,RULE_MATCH,Tier 3,DIRECT_DATASET,,PASS,Explicit product noun phrase in description matched deterministic taxonomy schema,PASS,PASS,HIGH,PASS,NONE
429,82400,82400 Kichler Pendant Lt,Kichler Lighting,,Lighting & Ceiling Fans>Ceiling Lights>Pendant Lights,CLASSIFIED,RULE_MATCH,Tier 3,DIRECT_DATASET,,PASS,Explicit product noun phrase in description matched deterministic taxonomy schema,PASS,PASS,HIGH,PASS,NONE
430,S11606,"S11606 8"" Round Down Lt 30K",Satco Prod Inc,,Lighting & Ceiling Fans>Ceiling Lights>Flush Mount & Recessed Lights,CLASSIFIED,RULE_MATCH,Tier 3,DIRECT_DATASET,,PASS,Explicit product noun phrase in description matched deterministic taxonomy schema,PASS,PASS,HIGH,PASS,NONE
431,S11828,"S11828 8"" Led Down Light",Satco Prod Inc,,Lighting & Ceiling Fans>Ceiling Lights>Flush Mount & Recessed Lights,CLASSIFIED,RULE_MATCH,Tier 3,DIRECT_DATASET,,PASS,Explicit product noun phrase in description matched deterministic taxonomy schema,PASS,PASS,HIGH,PASS,NONE
432,801274,"801274 10w LED 6"" Retro 50k",Phillips Lighting,Philips,Tools & Equipment>Power Tool Accessories>Cutting Tools>Bits,CLASSIFIED,RULE_MATCH,Tier 3,DIRECT_DATASET,,PASS,Explicit product noun phrase in description matched deterministic taxonomy schema,PASS,PASS,HIGH,PASS,NONE
433,S11860,"S11860 6"" Downlight White 5 CCT",Satco Prod Inc,,Lighting & Ceiling Fans>Ceiling Lights>Flush Mount & Recessed Lights,CLASSIFIED,RULE_MATCH,Tier 3,DIRECT_DATASET,,PASS,Explicit product noun phrase in description matched deterministic taxonomy schema,PASS,PASS,HIGH,PASS,NONE
434,S11562,"S11562 Starfish 6"" D/W Downlight",Satco Prod Inc,,Lighting & Ceiling Fans>Ceiling Lights>Flush Mount & Recessed Lights,CLASSIFIED,RULE_MATCH,Tier 3,DIRECT_DATASET,,PASS,Explicit product noun phrase in description matched deterministic taxonomy schema,PASS,PASS,HIGH,PASS,NONE
435,S11646,"S11646 6"" Downlight Wh",Satco Prod Inc,,Lighting & Ceiling Fans>Ceiling Lights>Flush Mount & Recessed Lights,CLASSIFIED,RULE_MATCH,Tier 3,DIRECT_DATASET,,PASS,Explicit product noun phrase in description matched deterministic taxonomy schema,PASS,PASS,HIGH,PASS,NONE
436,S11801R1,"S11801R1 6"" Led Downlight Wh",Satco Prod Inc,,Lighting & Ceiling Fans>Ceiling Lights>Flush Mount & Recessed Lights,CLASSIFIED,RULE_MATCH,Tier 3,DIRECT_DATASET,,PASS,Explicit product noun phrase in description matched deterministic taxonomy schema,PASS,PASS,HIGH,PASS,NONE
437,S11848,"S11848 10"" Down Light Wh",Satco Prod Inc,,Lighting & Ceiling Fans>Ceiling Lights>Flush Mount & Recessed Lights,CLASSIFIED,RULE_MATCH,Tier 3,DIRECT_DATASET,,PASS,Explicit product noun phrase in description matched deterministic taxonomy schema,PASS,PASS,HIGH,PASS,NONE
438,S11849,"S11849 12"" Down Light Wh",Satco Prod Inc,,Lighting & Ceiling Fans>Ceiling Lights>Flush Mount & Recessed Lights,CLASSIFIED,RULE_MATCH,Tier 3,DIRECT_DATASET,,PASS,Explicit product noun phrase in description matched deterministic taxonomy schema,PASS,PASS,HIGH,PASS,NONE
439,HLBSL609FS5,"HLBSL609FS5 6"" Down Light",Cooper Lighting,,Lighting & Ceiling Fans>Ceiling Lights>Flush Mount & Recessed Lights,CLASSIFIED,RULE_MATCH,Tier 3,DIRECT_DATASET,,PASS,Explicit product noun phrase in description matched deterministic taxonomy schema,PASS,PASS,HIGH,PASS,NONE
440,WF4REGSWW590CRIMW,"WF4REGSWW590CRIMW 4"" Down Light",Lithonia Lighting,,Lighting & Ceiling Fans>Ceiling Lights>Flush Mount & Recessed Lights,CLASSIFIED,RULE_MATCH,Tier 3,DIRECT_DATASET,,PASS,Explicit product noun phrase in description matched deterministic taxonomy schema,PASS,PASS,HIGH,PASS,NONE
441,43849WH5CCT,43849WH5CCT Kichler Ceiling Lt,Kichler Lighting,,Lighting & Ceiling Fans>Light Fixtures>Lighting Fixtures,CLASSIFIED,RULE_MATCH,Tier 3,DIRECT_DATASET,,PASS,Explicit product noun phrase in description matched deterministic taxonomy schema,PASS,PASS,HIGH,PASS,NONE
442,62-1777,"62-1777 15"" Ceiling Lt Wh",Satco Prod Inc,,Lighting & Ceiling Fans>Light Fixtures>Lighting Fixtures,CLASSIFIED,RULE_MATCH,Tier 3,DIRECT_DATASET,,PASS,Explicit product noun phrase in description matched deterministic taxonomy schema,PASS,PASS,HIGH,PASS,NONE
443,62-1778,"62-1778 19"" Ceiling Lt Wh",Satco Prod Inc,,Lighting & Ceiling Fans>Light Fixtures>Lighting Fixtures,CLASSIFIED,RULE_MATCH,Tier 3,DIRECT_DATASET,,PASS,Explicit product noun phrase in description matched deterministic taxonomy schema,PASS,PASS,HIGH,PASS,NONE
444,62-1784,62-1784 24x24 Led Ceiling Lt,Satco Prod Inc,,Lighting & Ceiling Fans>Light Fixtures>Lighting Fixtures,CLASSIFIED,RULE_MATCH,Tier 3,DIRECT_DATASET,,PASS,Explicit product noun phrase in description matched deterministic taxonomy schema,PASS,PASS,HIGH,PASS,NONE
445,62-1787,"62-1787 15"" Ceiling Lt Bk",Satco Prod Inc,,Lighting & Ceiling Fans>Light Fixtures>Lighting Fixtures,CLASSIFIED,RULE_MATCH,Tier 3,DIRECT_DATASET,,PASS,Explicit product noun phrase in description matched deterministic taxonomy schema,PASS,PASS,HIGH,PASS,NONE
446,62-1788,"62-1788 19"" Ceiling Lt Bk",Satco Prod Inc,,Lighting & Ceiling Fans>Light Fixtures>Lighting Fixtures,CLASSIFIED,RULE_MATCH,Tier 3,DIRECT_DATASET,,PASS,Explicit product noun phrase in description matched deterministic taxonomy schema,PASS,PASS,HIGH,PASS,NONE
447,SHOP/4X2/840/V1,4' Feit Shop Light 4500L 40k,Feit Electric,Feit Electric,Lighting & Ceiling Fans>Ceiling Lights>Flush Mount & Recessed Lights,CLASSIFIED,RULE_MATCH,Tier 3,DIRECT_DATASET,,PASS,Explicit product noun phrase in description matched deterministic taxonomy schema,PASS,PASS,HIGH,PASS,NONE
448,45495BKCLR,45495BKCLR Kichler Wall Lt,Kichler Lighting,,Lighting & Ceiling Fans>Light Fixtures>Lighting Fixtures,CLASSIFIED,RULE_MATCH,Tier 3,DIRECT_DATASET,,PASS,Explicit product noun phrase in description matched deterministic taxonomy schema,PASS,PASS,HIGH,PASS,NONE
449,55209NI,55209NI Kichler Wall Sconce,Kichler Lighting,,Lighting & Ceiling Fans>Wall Lights>Wall Sconces & Lanterns,CLASSIFIED,RULE_MATCH,Tier 3,DIRECT_DATASET,,PASS,Explicit product noun phrase in description matched deterministic taxonomy schema,PASS,PASS,HIGH,PASS,NONE
450,65-1210,65-1210 2' LED Wrap Lt,Satco Prod Inc,,Lighting & Ceiling Fans>Ceiling Lights>Flush Mount & Recessed Lights,CLASSIFIED,RULE_MATCH,Tier 3,DIRECT_DATASET,,PASS,Explicit product noun phrase in description matched deterministic taxonomy schema,PASS,PASS,HIGH,PASS,NONE
451,65-1211,65-1211 4' Led Wrap Light,Satco Prod Inc,,Lighting & Ceiling Fans>Ceiling Lights>Flush Mount & Recessed Lights,CLASSIFIED,RULE_MATCH,Tier 3,DIRECT_DATASET,,PASS,Explicit product noun phrase in description matched deterministic taxonomy schema,PASS,PASS,HIGH,PASS,NONE
452,141465,"141465 15W Flor 18"" T12 27k",Phillips Lighting,Philips,Tools & Equipment>Power Tool Accessories>Cutting Tools>Bits,CLASSIFIED,RULE_MATCH,Tier 3,DIRECT_DATASET,,PASS,Explicit product noun phrase in description matched deterministic taxonomy schema,PASS,PASS,HIGH,PASS,NONE
453,391227,"391227 32W Led 12"" T9 30K",Phillips Lighting,Philips,Tools & Equipment>Power Tool Accessories>Cutting Tools>Bits,CLASSIFIED,RULE_MATCH,Tier 3,DIRECT_DATASET,,PASS,Explicit product noun phrase in description matched deterministic taxonomy schema,PASS,PASS,HIGH,PASS,NONE
454,392225,"392225 22W Flor 8"" T9 30k",Phillips Lighting,Philips,Tools & Equipment>Power Tool Accessories>Cutting Tools>Bits,CLASSIFIED,RULE_MATCH,Tier 3,DIRECT_DATASET,,PASS,Explicit product noun phrase in description matched deterministic taxonomy schema,PASS,PASS,HIGH,PASS,NONE
455,S3539,S3539 20W Halogen Pin T4,Satco Prod Inc,Satco,Lighting & Ceiling Fans>Light Bulbs>Light Bulbs,CLASSIFIED,RULE_MATCH,Tier 3,DIRECT_DATASET,,PASS,Explicit product noun phrase in description matched deterministic taxonomy schema,PASS,PASS,HIGH,PASS,NONE
456,S3496,S3496 300W Halogen T3 Bulb,Satco Prod Inc,Satco,Lighting & Ceiling Fans>Light Bulbs>Light Bulbs,CLASSIFIED,RULE_MATCH,Tier 3,DIRECT_DATASET,,PASS,Explicit product noun phrase in description matched deterministic taxonomy schema,PASS,PASS,HIGH,PASS,NONE
457,467316,467316 150W Sodium Med 21k,Phillips Lighting,Philips,Tools & Equipment>Power Tool Accessories>Cutting Tools>Bits,CLASSIFIED,RULE_MATCH,Tier 3,DIRECT_DATASET,,PASS,Explicit product noun phrase in description matched deterministic taxonomy schema,PASS,PASS,HIGH,PASS,NONE
458,S3709,S3709 25W Incan 27K,Satco Prod Inc,Satco,Lighting & Ceiling Fans>Light Bulbs>Light Bulbs,CLASSIFIED,RULE_MATCH,Tier 3,DIRECT_DATASET,,PASS,Explicit product noun phrase in description matched deterministic taxonomy schema,PASS,PASS,HIGH,PASS,NONE
459,S4720,S4720 25W Incan 27K,Satco Prod Inc,Satco,Lighting & Ceiling Fans>Light Bulbs>Light Bulbs,CLASSIFIED,RULE_MATCH,Tier 3,DIRECT_DATASET,,PASS,Explicit product noun phrase in description matched deterministic taxonomy schema,PASS,PASS,HIGH,PASS,NONE
460,S3720,S3720 40w Inc A15 Med 26k,Satco Prod Inc,Satco,Lighting & Ceiling Fans>Light Bulbs>Light Bulbs,CLASSIFIED,RULE_MATCH,Tier 3,DIRECT_DATASET,,PASS,Explicit product noun phrase in description matched deterministic taxonomy schema,PASS,PASS,HIGH,PASS,NONE
461,S3702,S3702 40W Incan Med 27K,Satco Prod Inc,Satco,Lighting & Ceiling Fans>Light Bulbs>Light Bulbs,CLASSIFIED,RULE_MATCH,Tier 3,DIRECT_DATASET,,PASS,Explicit product noun phrase in description matched deterministic taxonomy schema,PASS,PASS,HIGH,PASS,NONE
462,S3703,S3703 40W Incan Med 27K,Satco Prod Inc,Satco,Lighting & Ceiling Fans>Light Bulbs>Light Bulbs,CLASSIFIED,RULE_MATCH,Tier 3,DIRECT_DATASET,,PASS,Explicit product noun phrase in description matched deterministic taxonomy schema,PASS,PASS,HIGH,PASS,NONE
463,S3797,S3797 4W Incan Cand 27K 2pk,Satco Prod Inc,Satco,Lighting & Ceiling Fans>Light Bulbs>Light Bulbs,CLASSIFIED,RULE_MATCH,Tier 3,DIRECT_DATASET,,PASS,Explicit product noun phrase in description matched deterministic taxonomy schema,PASS,PASS,HIGH,PASS,NONE
464,S4724,S4724 4W Incan Cand 27K 4pk,Satco Prod Inc,Satco,Lighting & Ceiling Fans>Light Bulbs>Light Bulbs,CLASSIFIED,RULE_MATCH,Tier 3,DIRECT_DATASET,,PASS,Explicit product noun phrase in description matched deterministic taxonomy schema,PASS,PASS,HIGH,PASS,NONE
465,S4717,S4717 6W Incan Cand 27k 2pk,Satco Prod Inc,Satco,Lighting & Ceiling Fans>Light Bulbs>Light Bulbs,CLASSIFIED,RULE_MATCH,Tier 3,DIRECT_DATASET,,PASS,Explicit product noun phrase in description matched deterministic taxonomy schema,PASS,PASS,HIGH,PASS,NONE
466,S3794,S3794 7W Incan Med 27K,Satco Prod Inc,Satco,Lighting & Ceiling Fans>Light Bulbs>Light Bulbs,CLASSIFIED,RULE_MATCH,Tier 3,DIRECT_DATASET,,PASS,Explicit product noun phrase in description matched deterministic taxonomy schema,PASS,PASS,HIGH,PASS,NONE
467,S3795,S3795 7W Incan Med 27K,Satco Prod Inc,Satco,Lighting & Ceiling Fans>Light Bulbs>Light Bulbs,CLASSIFIED,RULE_MATCH,Tier 3,DIRECT_DATASET,,PASS,Explicit product noun phrase in description matched deterministic taxonomy schema,PASS,PASS,HIGH,PASS,NONE
468,S4726,S4726 7W Incan Cand 27K 4pk,Satco Prod Inc,Satco,Lighting & Ceiling Fans>Light Bulbs>Light Bulbs,CLASSIFIED,RULE_MATCH,Tier 3,DIRECT_DATASET,,PASS,Explicit product noun phrase in description matched deterministic taxonomy schema,PASS,PASS,HIGH,PASS,NONE
469,S11429,S11429 60W Led Bulb 27K,Satco Prod Inc,Satco,Lighting & Ceiling Fans>Light Bulbs>Light Bulbs,CLASSIFIED,RULE_MATCH,Tier 3,DIRECT_DATASET,,PASS,Explicit product noun phrase in description matched deterministic taxonomy schema,PASS,PASS,HIGH,PASS,NONE
470,S21354,S21354 8W Led T9 Med 27k,Satco Prod Inc,,Lighting & Ceiling Fans>Light Bulbs>Light Bulbs,CLASSIFIED,RULE_MATCH,Tier 3,DIRECT_DATASET,,PASS,Explicit product noun phrase in description matched deterministic taxonomy schema,PASS,PASS,HIGH,PASS,NONE
471,S21363,S21363 8W Led Edison ST19 27K,Satco Prod Inc,,Lighting & Ceiling Fans>Light Bulbs>Light Bulbs,CLASSIFIED,RULE_MATCH,Tier 3,DIRECT_DATASET,,PASS,Explicit product noun phrase in description matched deterministic taxonomy schema,PASS,PASS,HIGH,PASS,NONE
472,S11445,S11445 12W Led Med 30k Motion,Satco Prod Inc,,Lighting & Ceiling Fans>Light Bulbs>Light Bulbs,CLASSIFIED,RULE_MATCH,Tier 3,DIRECT_DATASET,,PASS,Explicit product noun phrase in description matched deterministic taxonomy schema,PASS,PASS,HIGH,PASS,NONE
473,567313,567313 50W Led MR16 30K 3pk,Phillips Lighting,Philips,Tools & Equipment>Power Tool Accessories>Cutting Tools>Bits,CLASSIFIED,RULE_MATCH,Tier 3,DIRECT_DATASET,,PASS,Explicit product noun phrase in description matched deterministic taxonomy schema,PASS,PASS,HIGH,PASS,NONE
474,586875,586875 60W Led Multi CCT 4pk,Phillips Lighting,Philips,Tools & Equipment>Power Tool Accessories>Cutting Tools>Bits,CLASSIFIED,RULE_MATCH,Tier 3,DIRECT_DATASET,,PASS,Explicit product noun phrase in description matched deterministic taxonomy schema,PASS,PASS,HIGH,PASS,NONE
475,576355,576355 60/100/150 Led Med 50k,Phillips Lighting,Philips,Tools & Equipment>Power Tool Accessories>Cutting Tools>Bits,CLASSIFIED,RULE_MATCH,Tier 3,DIRECT_DATASET,,PASS,Explicit product noun phrase in description matched deterministic taxonomy schema,PASS,PASS,HIGH,PASS,NONE
476,576363,576363 100/150/200 Led Med 27k,Phillips Lighting,Philips,Tools & Equipment>Power Tool Accessories>Cutting Tools>Bits,CLASSIFIED,RULE_MATCH,Tier 3,DIRECT_DATASET,,PASS,Explicit product noun phrase in description matched deterministic taxonomy schema,PASS,PASS,HIGH,PASS,NONE
477,565374,565374 75W Led A19 Med 27k 4pk,Phillips Lighting,Philips,Tools & Equipment>Power Tool Accessories>Cutting Tools>Bits,CLASSIFIED,RULE_MATCH,Tier 3,DIRECT_DATASET,,PASS,Explicit product noun phrase in description matched deterministic taxonomy schema,PASS,PASS,HIGH,PASS,NONE
478,565390,565390 75W Led A19 Med 50k 4pk,Phillips Lighting,Philips,Tools & Equipment>Power Tool Accessories>Cutting Tools>Bits,CLASSIFIED,RULE_MATCH,Tier 3,DIRECT_DATASET,,PASS,Explicit product noun phrase in description matched deterministic taxonomy schema,PASS,PASS,HIGH,PASS,NONE
479,576371,576371 100/150/200 Led Med 50k,Phillips Lighting,Philips,Tools & Equipment>Power Tool Accessories>Cutting Tools>Bits,CLASSIFIED,RULE_MATCH,Tier 3,DIRECT_DATASET,,PASS,Explicit product noun phrase in description matched deterministic taxonomy schema,PASS,PASS,HIGH,PASS,NONE
480,576496,576496 45W Led R20 Med 27k,Phillips Lighting,Philips,Tools & Equipment>Power Tool Accessories>Cutting Tools>Bits,CLASSIFIED,RULE_MATCH,Tier 3,DIRECT_DATASET,,PASS,Explicit product noun phrase in description matched deterministic taxonomy schema,PASS,PASS,HIGH,PASS,NONE
481,564856,564856 40W Led ST19 27k 2pk,Phillips Lighting,Philips,Tools & Equipment>Power Tool Accessories>Cutting Tools>Bits,CLASSIFIED,RULE_MATCH,Tier 3,DIRECT_DATASET,,PASS,Explicit product noun phrase in description matched deterministic taxonomy schema,PASS,PASS,HIGH,PASS,NONE
482,565796,565796 60W Led A19 Med 20k,Phillips Lighting,Philips,Tools & Equipment>Power Tool Accessories>Cutting Tools>Bits,CLASSIFIED,RULE_MATCH,Tier 3,DIRECT_DATASET,,PASS,Explicit product noun phrase in description matched deterministic taxonomy schema,PASS,PASS,HIGH,PASS,NONE
483,576389,576389 100/200/300 Led Med 27k,Phillips Lighting,Philips,Tools & Equipment>Power Tool Accessories>Cutting Tools>Bits,CLASSIFIED,RULE_MATCH,Tier 3,DIRECT_DATASET,,PASS,Explicit product noun phrase in description matched deterministic taxonomy schema,PASS,PASS,HIGH,PASS,NONE
484,564492,564492 75W Adj Base 27k 3pk,Phillips Lighting,Philips,Tools & Equipment>Power Tool Accessories>Cutting Tools>Bits,CLASSIFIED,RULE_MATCH,Tier 3,DIRECT_DATASET,,PASS,Explicit product noun phrase in description matched deterministic taxonomy schema,PASS,PASS,HIGH,PASS,NONE
485,603449,603449 Wiz 60W Led Med Clr Ch,Phillips Lighting,Wiz,Tools & Equipment>Power Tool Accessories>Cutting Tools>Bits,CLASSIFIED,RULE_MATCH,Tier 3,DIRECT_DATASET,,PASS,Explicit product noun phrase in description matched deterministic taxonomy schema,PASS,PASS,HIGH,PASS,NONE
486,586909,586909 Led 60W Med A19 27K,Phillips Lighting,Philips,Tools & Equipment>Power Tool Accessories>Cutting Tools>Bits,CLASSIFIED,RULE_MATCH,Tier 3,DIRECT_DATASET,,PASS,Explicit product noun phrase in description matched deterministic taxonomy schema,PASS,PASS,HIGH,PASS,NONE
487,566364,566364 75W Led ST19 27k 4pk,Phillips Lighting,Philips,Tools & Equipment>Power Tool Accessories>Cutting Tools>Bits,CLASSIFIED,RULE_MATCH,Tier 3,DIRECT_DATASET,,PASS,Explicit product noun phrase in description matched deterministic taxonomy schema,PASS,PASS,HIGH,PASS,NONE
488,576397,576394 100/200/300 Led A23 50k,Phillips Lighting,Philips,Tools & Equipment>Power Tool Accessories>Cutting Tools>Bits,CLASSIFIED,RULE_MATCH,Tier 3,DIRECT_DATASET,,PASS,Explicit product noun phrase in description matched deterministic taxonomy schema,PASS,PASS,HIGH,PASS,NONE
489,571497,571497 150W Led Med 27k,Phillips Lighting,Philips,Tools & Equipment>Power Tool Accessories>Cutting Tools>Bits,CLASSIFIED,RULE_MATCH,Tier 3,DIRECT_DATASET,,PASS,Explicit product noun phrase in description matched deterministic taxonomy schema,PASS,PASS,HIGH,PASS,NONE
490,576306,576306 40W Led A19 5CCT 4pk,Phillips Lighting,Philips,Tools & Equipment>Power Tool Accessories>Cutting Tools>Bits,CLASSIFIED,RULE_MATCH,Tier 3,DIRECT_DATASET,,PASS,Explicit product noun phrase in description matched deterministic taxonomy schema,PASS,PASS,HIGH,PASS,NONE
491,588533,588533 40W Led Cand 3pk,Phillips Lighting,Philips,Tools & Equipment>Power Tool Accessories>Cutting Tools>Bits,CLASSIFIED,RULE_MATCH,Tier 3,DIRECT_DATASET,,PASS,Explicit product noun phrase in description matched deterministic taxonomy schema,PASS,PASS,HIGH,PASS,NONE
492,576520,576520 65W Led Med 27k,Phillips Lighting,Philips,Tools & Equipment>Power Tool Accessories>Cutting Tools>Bits,CLASSIFIED,RULE_MATCH,Tier 3,DIRECT_DATASET,,PASS,Explicit product noun phrase in description matched deterministic taxonomy schema,PASS,PASS,HIGH,PASS,NONE
493,574004,574004 75W Led ST19 27k 2pk,Phillips Lighting,Philips,Tools & Equipment>Power Tool Accessories>Cutting Tools>Bits,CLASSIFIED,RULE_MATCH,Tier 3,DIRECT_DATASET,,PASS,Explicit product noun phrase in description matched deterministic taxonomy schema,PASS,PASS,HIGH,PASS,NONE
494,574012,574012 75W Led ST19 50k 2pk,Phillips Lighting,Philips,Tools & Equipment>Power Tool Accessories>Cutting Tools>Bits,CLASSIFIED,RULE_MATCH,Tier 3,DIRECT_DATASET,,PASS,Explicit product noun phrase in description matched deterministic taxonomy schema,PASS,PASS,HIGH,PASS,NONE
495,573971,573971 75W Led ST19 20k 4pk,Phillips Lighting,Philips,Tools & Equipment>Power Tool Accessories>Cutting Tools>Bits,CLASSIFIED,RULE_MATCH,Tier 3,DIRECT_DATASET,,PASS,Explicit product noun phrase in description matched deterministic taxonomy schema,PASS,PASS,HIGH,PASS,NONE
496,573989,573989 40W Led Med 27K 4pk,Phillips Lighting,Philips,Tools & Equipment>Power Tool Accessories>Cutting Tools>Bits,CLASSIFIED,RULE_MATCH,Tier 3,DIRECT_DATASET,,PASS,Explicit product noun phrase in description matched deterministic taxonomy schema,PASS,PASS,HIGH,PASS,NONE
497,576769,576769 65W Led BR30 Med 27k,Phillips Lighting,Philips,Tools & Equipment>Power Tool Accessories>Cutting Tools>Bits,CLASSIFIED,RULE_MATCH,Tier 3,DIRECT_DATASET,,PASS,Explicit product noun phrase in description matched deterministic taxonomy schema,PASS,PASS,HIGH,PASS,NONE
498,567446,567446 60W Led Med 50K 3pk,Phillips Lighting,Philips,Tools & Equipment>Power Tool Accessories>Cutting Tools>Bits,CLASSIFIED,RULE_MATCH,Tier 3,DIRECT_DATASET,,PASS,Explicit product noun phrase in description matched deterministic taxonomy schema,PASS,PASS,HIGH,PASS,NONE
499,573997,573997 40W Led Med 50k 4pk,Phillips Lighting,Philips,Tools & Equipment>Power Tool Accessories>Cutting Tools>Bits,CLASSIFIED,RULE_MATCH,Tier 3,DIRECT_DATASET,,PASS,Explicit product noun phrase in description matched deterministic taxonomy schema,PASS,PASS,HIGH,PASS,NONE
500,571463,571463 100W Led BR30 Med 50k,Phillips Lighting,Philips,Tools & Equipment>Power Tool Accessories>Cutting Tools>Bits,CLASSIFIED,RULE_MATCH,Tier 3,DIRECT_DATASET,,PASS,Explicit product noun phrase in description matched deterministic taxonomy schema,PASS,PASS,HIGH,PASS,NONE
501,576512,576512 65W Led BR40 Med 27k,Phillips Lighting,Philips,Tools & Equipment>Power Tool Accessories>Cutting Tools>Bits,CLASSIFIED,RULE_MATCH,Tier 3,DIRECT_DATASET,,PASS,Explicit product noun phrase in description matched deterministic taxonomy schema,PASS,PASS,HIGH,PASS,NONE
502,581181,581181 40W Led Med 2pk,Phillips Lighting,Philips,Tools & Equipment>Power Tool Accessories>Cutting Tools>Bits,CLASSIFIED,RULE_MATCH,Tier 3,DIRECT_DATASET,,PASS,Explicit product noun phrase in description matched deterministic taxonomy schema,PASS,PASS,HIGH,PASS,NONE
503,GT-CB-100C,GTCB100C Led 100W Cob Bulb,Keystone,GT-Lite,Lighting & Ceiling Fans>Light Bulbs>Light Bulbs,CLASSIFIED,RULE_MATCH,Tier 3,DIRECT_DATASET,,PASS,Explicit product noun phrase in description matched deterministic taxonomy schema,PASS,PASS,HIGH,PASS,NONE
504,566430,566430 75W Led Med 50k 4pk,Phillips Lighting,Philips,Tools & Equipment>Power Tool Accessories>Cutting Tools>Bits,CLASSIFIED,RULE_MATCH,Tier 3,DIRECT_DATASET,,PASS,Explicit product noun phrase in description matched deterministic taxonomy schema,PASS,PASS,HIGH,PASS,NONE
505,568337,568337 120W Led Par38 Med 50k,Phillips Lighting,Philips,Tools & Equipment>Power Tool Accessories>Cutting Tools>Bits,CLASSIFIED,RULE_MATCH,Tier 3,DIRECT_DATASET,,PASS,Explicit product noun phrase in description matched deterministic taxonomy schema,PASS,PASS,HIGH,PASS,NONE
506,565788,565788 40W Led A19 Med 27k,Phillips Lighting,Philips,Tools & Equipment>Power Tool Accessories>Cutting Tools>Bits,CLASSIFIED,RULE_MATCH,Tier 3,DIRECT_DATASET,,PASS,Explicit product noun phrase in description matched deterministic taxonomy schema,PASS,PASS,HIGH,PASS,NONE
507,565770,565770 40W Led A19 Med 50k,Phillips Lighting,Philips,Tools & Equipment>Power Tool Accessories>Cutting Tools>Bits,CLASSIFIED,RULE_MATCH,Tier 3,DIRECT_DATASET,,PASS,Explicit product noun phrase in description matched deterministic taxonomy schema,PASS,PASS,HIGH,PASS,NONE
508,573436,573436 60W Led A19 Med 27k 2pk,Phillips Lighting,Philips,Tools & Equipment>Power Tool Accessories>Cutting Tools>Bits,CLASSIFIED,RULE_MATCH,Tier 3,DIRECT_DATASET,,PASS,Explicit product noun phrase in description matched deterministic taxonomy schema,PASS,PASS,HIGH,PASS,NONE
509,576538,576538 65W Led BR30 Med 50k,Phillips Lighting,Philips,Tools & Equipment>Power Tool Accessories>Cutting Tools>Bits,CLASSIFIED,RULE_MATCH,Tier 3,DIRECT_DATASET,,PASS,Explicit product noun phrase in description matched deterministic taxonomy schema,PASS,PASS,HIGH,PASS,NONE
510,573451,573451 40W Led Med 27k 2pk,Phillips Lighting,Philips,Tools & Equipment>Power Tool Accessories>Cutting Tools>Bits,CLASSIFIED,RULE_MATCH,Tier 3,DIRECT_DATASET,,PASS,Explicit product noun phrase in description matched deterministic taxonomy schema,PASS,PASS,HIGH,PASS,NONE
511,586883,586883 100W Led Multi CCT 2pk,Phillips Lighting,Philips,Tools & Equipment>Power Tool Accessories>Cutting Tools>Bits,CLASSIFIED,RULE_MATCH,Tier 3,DIRECT_DATASET,,PASS,Explicit product noun phrase in description matched deterministic taxonomy schema,PASS,PASS,HIGH,PASS,NONE
512,586859,586859 40W Led Med 27K Back Up,Phillips Lighting,Philips,Tools & Equipment>Power Tool Accessories>Cutting Tools>Bits,CLASSIFIED,RULE_MATCH,Tier 3,DIRECT_DATASET,,PASS,Explicit product noun phrase in description matched deterministic taxonomy schema,PASS,PASS,HIGH,PASS,NONE
513,576488,576488 45W Led R20 Med 50k,Phillips Lighting,Philips,Tools & Equipment>Power Tool Accessories>Cutting Tools>Bits,CLASSIFIED,RULE_MATCH,Tier 3,DIRECT_DATASET,,PASS,Explicit product noun phrase in description matched deterministic taxonomy schema,PASS,PASS,HIGH,PASS,NONE
514,575217,575217 60W Led Med 50k 2pk,Phillips Lighting,Philips,Tools & Equipment>Power Tool Accessories>Cutting Tools>Bits,CLASSIFIED,RULE_MATCH,Tier 3,DIRECT_DATASET,,PASS,Explicit product noun phrase in description matched deterministic taxonomy schema,PASS,PASS,HIGH,PASS,NONE
515,586479,586479 90W Led Med Multi CCT,Phillips Lighting,Philips,Tools & Equipment>Power Tool Accessories>Cutting Tools>Bits,CLASSIFIED,RULE_MATCH,Tier 3,DIRECT_DATASET,,PASS,Explicit product noun phrase in description matched deterministic taxonomy schema,PASS,PASS,HIGH,PASS,NONE
516,571471,571471 100W Led BR30 Med 27k,Phillips Lighting,Philips,Tools & Equipment>Power Tool Accessories>Cutting Tools>Bits,CLASSIFIED,RULE_MATCH,Tier 3,DIRECT_DATASET,,PASS,Explicit product noun phrase in description matched deterministic taxonomy schema,PASS,PASS,HIGH,PASS,NONE
517,570762,570762 50W Led Par16 30k 3pk,Phillips Lighting,Philips,Tools & Equipment>Power Tool Accessories>Cutting Tools>Bits,CLASSIFIED,RULE_MATCH,Tier 3,DIRECT_DATASET,,PASS,Explicit product noun phrase in description matched deterministic taxonomy schema,PASS,PASS,HIGH,PASS,NONE
518,533352,571505 150W Led Med 50k,Phillips Lighting,Philips,Tools & Equipment>Power Tool Accessories>Cutting Tools>Bits,CLASSIFIED,RULE_MATCH,Tier 3,DIRECT_DATASET,,PASS,Explicit product noun phrase in description matched deterministic taxonomy schema,PASS,PASS,HIGH,PASS,NONE
519,573519,573519 100W Led A21 27k 2pk,Phillips Lighting,Philips,Tools & Equipment>Power Tool Accessories>Cutting Tools>Bits,CLASSIFIED,RULE_MATCH,Tier 3,DIRECT_DATASET,,PASS,Explicit product noun phrase in description matched deterministic taxonomy schema,PASS,PASS,HIGH,PASS,NONE
520,573378,573378 60W Led Med 27k 3pk,Phillips Lighting,Philips,Tools & Equipment>Power Tool Accessories>Cutting Tools>Bits,CLASSIFIED,RULE_MATCH,Tier 3,DIRECT_DATASET,,PASS,Explicit product noun phrase in description matched deterministic taxonomy schema,PASS,PASS,HIGH,PASS,NONE
521,565622,565622 60W Led Med 20k,Phillips Lighting,Philips,Tools & Equipment>Power Tool Accessories>Cutting Tools>Bits,CLASSIFIED,RULE_MATCH,Tier 3,DIRECT_DATASET,,PASS,Explicit product noun phrase in description matched deterministic taxonomy schema,PASS,PASS,HIGH,PASS,NONE
522,586891,586891 Led 60W Med A19 27k,Phillips Lighting,Philips,Tools & Equipment>Power Tool Accessories>Cutting Tools>Bits,CLASSIFIED,RULE_MATCH,Tier 3,DIRECT_DATASET,,PASS,Explicit product noun phrase in description matched deterministic taxonomy schema,PASS,PASS,HIGH,PASS,NONE
523,585448,585448 120W Led Motion Bulb,Phillips Lighting,Philips,Tools & Equipment>Power Tool Accessories>Cutting Tools>Bits,CLASSIFIED,RULE_MATCH,Tier 3,DIRECT_DATASET,,PASS,Explicit product noun phrase in description matched deterministic taxonomy schema,PASS,PASS,HIGH,PASS,NONE
524,573444,573444 60W Led A19 Med 50k 2pk,Phillips Lighting,Philips,Tools & Equipment>Power Tool Accessories>Cutting Tools>Bits,CLASSIFIED,RULE_MATCH,Tier 3,DIRECT_DATASET,,PASS,Explicit product noun phrase in description matched deterministic taxonomy schema,PASS,PASS,HIGH,PASS,NONE
525,566687,566687 60W Cand Led 27k 3pk,Phillips Lighting,Philips,Tools & Equipment>Power Tool Accessories>Cutting Tools>Bits,CLASSIFIED,RULE_MATCH,Tier 3,DIRECT_DATASET,,PASS,Explicit product noun phrase in description matched deterministic taxonomy schema,PASS,PASS,HIGH,PASS,NONE
526,564385,564385 40w Led Med 27k 2pk,Phillips Lighting,Philips,Tools & Equipment>Power Tool Accessories>Cutting Tools>Bits,CLASSIFIED,RULE_MATCH,Tier 3,DIRECT_DATASET,,PASS,Explicit product noun phrase in description matched deterministic taxonomy schema,PASS,PASS,HIGH,PASS,NONE
527,566661,566661 40W LED Cand 27k 3pk,Phillips Lighting,Philips,Tools & Equipment>Power Tool Accessories>Cutting Tools>Bits,CLASSIFIED,RULE_MATCH,Tier 3,DIRECT_DATASET,,PASS,Explicit product noun phrase in description matched deterministic taxonomy schema,PASS,PASS,HIGH,PASS,NONE
528,564898,564898 60W Cand Led 50k 3pk,Phillips Lighting,Philips,Tools & Equipment>Power Tool Accessories>Cutting Tools>Bits,CLASSIFIED,RULE_MATCH,Tier 3,DIRECT_DATASET,,PASS,Explicit product noun phrase in description matched deterministic taxonomy schema,PASS,PASS,HIGH,PASS,NONE
529,538319,588525 40W Led Cand 3pk,Phillips Lighting,Philips,Tools & Equipment>Power Tool Accessories>Cutting Tools>Bits,CLASSIFIED,RULE_MATCH,Tier 3,DIRECT_DATASET,,PASS,Explicit product noun phrase in description matched deterministic taxonomy schema,PASS,PASS,HIGH,PASS,NONE
530,576009,576009 100W Led Par30L Med 50k,Phillips Lighting,Philips,Tools & Equipment>Power Tool Accessories>Cutting Tools>Bits,CLASSIFIED,RULE_MATCH,Tier 3,DIRECT_DATASET,,PASS,Explicit product noun phrase in description matched deterministic taxonomy schema,PASS,PASS,HIGH,PASS,NONE
531,564450,564450 40W Led Cand 27k 2pk,Phillips Lighting,Philips,Tools & Equipment>Power Tool Accessories>Cutting Tools>Bits,CLASSIFIED,RULE_MATCH,Tier 3,DIRECT_DATASET,,PASS,Explicit product noun phrase in description matched deterministic taxonomy schema,PASS,PASS,HIGH,PASS,NONE
532,572669,572669 60W Led F15 Med 27k,Phillips Lighting,Philips,Tools & Equipment>Power Tool Accessories>Cutting Tools>Bits,CLASSIFIED,RULE_MATCH,Tier 3,DIRECT_DATASET,,PASS,Explicit product noun phrase in description matched deterministic taxonomy schema,PASS,PASS,HIGH,PASS,NONE
533,564906,564906 60W Led Med 27k 2pk,Phillips Lighting,Philips,Tools & Equipment>Power Tool Accessories>Cutting Tools>Bits,CLASSIFIED,RULE_MATCH,Tier 3,DIRECT_DATASET,,PASS,Explicit product noun phrase in description matched deterministic taxonomy schema,PASS,PASS,HIGH,PASS,NONE
534,573410,573410 40W Led A19 Med 27k 2pk,Phillips Lighting,Philips,Tools & Equipment>Power Tool Accessories>Cutting Tools>Bits,CLASSIFIED,RULE_MATCH,Tier 3,DIRECT_DATASET,,PASS,Explicit product noun phrase in description matched deterministic taxonomy schema,PASS,PASS,HIGH,PASS,NONE
535,576504,576504 65W Led BR40 Med 50k,Phillips Lighting,Philips,Tools & Equipment>Power Tool Accessories>Cutting Tools>Bits,CLASSIFIED,RULE_MATCH,Tier 3,DIRECT_DATASET,,PASS,Explicit product noun phrase in description matched deterministic taxonomy schema,PASS,PASS,HIGH,PASS,NONE
536,576017,576017 100W Led Par30L Med 30k,Phillips Lighting,Philips,Tools & Equipment>Power Tool Accessories>Cutting Tools>Bits,CLASSIFIED,RULE_MATCH,Tier 3,DIRECT_DATASET,,PASS,Explicit product noun phrase in description matched deterministic taxonomy schema,PASS,PASS,HIGH,PASS,NONE
537,574392,574392 40W Led B11 Med 27k 3pk,Phillips Lighting,Philips,Tools & Equipment>Power Tool Accessories>Cutting Tools>Bits,CLASSIFIED,RULE_MATCH,Tier 3,DIRECT_DATASET,,PASS,Explicit product noun phrase in description matched deterministic taxonomy schema,PASS,PASS,HIGH,PASS,NONE
538,576751,576751 65W Led BR30 Med 3pk,Phillips Lighting,Philips,Tools & Equipment>Power Tool Accessories>Cutting Tools>Bits,CLASSIFIED,RULE_MATCH,Tier 3,DIRECT_DATASET,,PASS,Explicit product noun phrase in description matched deterministic taxonomy schema,PASS,PASS,HIGH,PASS,NONE
539,583161,583161 Led 65W Med BR30 3pk,Phillips Lighting,Philips,Tools & Equipment>Power Tool Accessories>Cutting Tools>Bits,CLASSIFIED,RULE_MATCH,Tier 3,DIRECT_DATASET,,PASS,Explicit product noun phrase in description matched deterministic taxonomy schema,PASS,PASS,HIGH,PASS,NONE
540,566695,566695 60W Led Med 27k 3pk,Phillips Lighting,Philips,Tools & Equipment>Power Tool Accessories>Cutting Tools>Bits,CLASSIFIED,RULE_MATCH,Tier 3,DIRECT_DATASET,,PASS,Explicit product noun phrase in description matched deterministic taxonomy schema,PASS,PASS,HIGH,PASS,NONE
541,577007,577007 125W Led Med 30k Flood,Phillips Lighting,Philips,Tools & Equipment>Power Tool Accessories>Cutting Tools>Bits,CLASSIFIED,RULE_MATCH,Tier 3,DIRECT_DATASET,,PASS,Explicit product noun phrase in description matched deterministic taxonomy schema,PASS,PASS,HIGH,PASS,NONE
542,566653,566653 25W Led Cand 27k 3pk,Phillips Lighting,Philips,Tools & Equipment>Power Tool Accessories>Cutting Tools>Bits,CLASSIFIED,RULE_MATCH,Tier 3,DIRECT_DATASET,,PASS,Explicit product noun phrase in description matched deterministic taxonomy schema,PASS,PASS,HIGH,PASS,NONE
543,566679,566679 40W Led Med 27k 3pk,Phillips Lighting,Philips,Tools & Equipment>Power Tool Accessories>Cutting Tools>Bits,CLASSIFIED,RULE_MATCH,Tier 3,DIRECT_DATASET,,PASS,Explicit product noun phrase in description matched deterministic taxonomy schema,PASS,PASS,HIGH,PASS,NONE
544,573311,573311 60W Led Med 27k 2pk,Phillips Lighting,Philips,Tools & Equipment>Power Tool Accessories>Cutting Tools>Bits,CLASSIFIED,RULE_MATCH,Tier 3,DIRECT_DATASET,,PASS,Explicit product noun phrase in description matched deterministic taxonomy schema,PASS,PASS,HIGH,PASS,NONE
545,573394,573394 60W Led Cand 27k 2pk,Phillips Lighting,Philips,Tools & Equipment>Power Tool Accessories>Cutting Tools>Bits,CLASSIFIED,RULE_MATCH,Tier 3,DIRECT_DATASET,,PASS,Explicit product noun phrase in description matched deterministic taxonomy schema,PASS,PASS,HIGH,PASS,NONE
546,573329,573329 60W Cand Led 27k 2pk,Phillips Lighting,Philips,Tools & Equipment>Power Tool Accessories>Cutting Tools>Bits,CLASSIFIED,RULE_MATCH,Tier 3,DIRECT_DATASET,,PASS,Explicit product noun phrase in description matched deterministic taxonomy schema,PASS,PASS,HIGH,PASS,NONE
547,564930,564930 40W Cand Led 50k 3pk,Phillips Lighting,Philips,Tools & Equipment>Power Tool Accessories>Cutting Tools>Bits,CLASSIFIED,RULE_MATCH,Tier 3,DIRECT_DATASET,,PASS,Explicit product noun phrase in description matched deterministic taxonomy schema,PASS,PASS,HIGH,PASS,NONE
548,565000,565000 60W Led Med 27k 2pk,Phillips Lighting,Philips,Tools & Equipment>Power Tool Accessories>Cutting Tools>Bits,CLASSIFIED,RULE_MATCH,Tier 3,DIRECT_DATASET,,PASS,Explicit product noun phrase in description matched deterministic taxonomy schema,PASS,PASS,HIGH,PASS,NONE
549,564922,564922 60W Led BA11 50k 3pk,Phillips Lighting,Philips,Tools & Equipment>Power Tool Accessories>Cutting Tools>Bits,CLASSIFIED,RULE_MATCH,Tier 3,DIRECT_DATASET,,PASS,Explicit product noun phrase in description matched deterministic taxonomy schema,PASS,PASS,HIGH,PASS,NONE
550,573295,573295 40W Led Med 27k 2pk,Phillips Lighting,Philips,Tools & Equipment>Power Tool Accessories>Cutting Tools>Bits,CLASSIFIED,RULE_MATCH,Tier 3,DIRECT_DATASET,,PASS,Explicit product noun phrase in description matched deterministic taxonomy schema,PASS,PASS,HIGH,PASS,NONE
551,564914,564914 60W Med Led 50k 2pk,Phillips Lighting,Philips,Tools & Equipment>Power Tool Accessories>Cutting Tools>Bits,CLASSIFIED,RULE_MATCH,Tier 3,DIRECT_DATASET,,PASS,Explicit product noun phrase in description matched deterministic taxonomy schema,PASS,PASS,HIGH,PASS,NONE
552,573485,573485 60W Led A19 Med 50k 2pk,Phillips Lighting,Philips,Tools & Equipment>Power Tool Accessories>Cutting Tools>Bits,CLASSIFIED,RULE_MATCH,Tier 3,DIRECT_DATASET,,PASS,Explicit product noun phrase in description matched deterministic taxonomy schema,PASS,PASS,HIGH,PASS,NONE
553,573337,573337 40W Led G25 Med 50k 2pk,Phillips Lighting,Philips,Tools & Equipment>Power Tool Accessories>Cutting Tools>Bits,CLASSIFIED,RULE_MATCH,Tier 3,DIRECT_DATASET,,PASS,Explicit product noun phrase in description matched deterministic taxonomy schema,PASS,PASS,HIGH,PASS,NONE
554,544874,544874 32W Led T8 UBulb 40k,Phillips Lighting,Philips,Tools & Equipment>Power Tool Accessories>Cutting Tools>Bits,CLASSIFIED,RULE_MATCH,Tier 3,DIRECT_DATASET,,PASS,Explicit product noun phrase in description matched deterministic taxonomy schema,PASS,PASS,HIGH,PASS,NONE
555,570846,570846 50W Led Med 22K 2pk,Phillips Lighting,Philips,Tools & Equipment>Power Tool Accessories>Cutting Tools>Bits,CLASSIFIED,RULE_MATCH,Tier 3,DIRECT_DATASET,,PASS,Explicit product noun phrase in description matched deterministic taxonomy schema,PASS,PASS,HIGH,PASS,NONE
556,565473,565473 60W Led A19 Bulb 2pk,Phillips Lighting,Philips,Tools & Equipment>Power Tool Accessories>Cutting Tools>Bits,CLASSIFIED,RULE_MATCH,Tier 3,DIRECT_DATASET,,PASS,Explicit product noun phrase in description matched deterministic taxonomy schema,PASS,PASS,HIGH,PASS,NONE
557,573402,573402 60W Led Med 50k 2pk,Phillips Lighting,Philips,Tools & Equipment>Power Tool Accessories>Cutting Tools>Bits,CLASSIFIED,RULE_MATCH,Tier 3,DIRECT_DATASET,,PASS,Explicit product noun phrase in description matched deterministic taxonomy schema,PASS,PASS,HIGH,PASS,NONE
558,573352,573352 40W Led Med 27k 2pk,Phillips Lighting,Philips,Tools & Equipment>Power Tool Accessories>Cutting Tools>Bits,CLASSIFIED,RULE_MATCH,Tier 3,DIRECT_DATASET,,PASS,Explicit product noun phrase in description matched deterministic taxonomy schema,PASS,PASS,HIGH,PASS,NONE
559,573428,573428 40W Med Led 50k 2pk,Phillips Lighting,Philips,Tools & Equipment>Power Tool Accessories>Cutting Tools>Bits,CLASSIFIED,RULE_MATCH,Tier 3,DIRECT_DATASET,,PASS,Explicit product noun phrase in description matched deterministic taxonomy schema,PASS,PASS,HIGH,PASS,NONE
560,573386,573386 60W Led Med 27k 2pk,Phillips Lighting,Philips,Tools & Equipment>Power Tool Accessories>Cutting Tools>Bits,CLASSIFIED,RULE_MATCH,Tier 3,DIRECT_DATASET,,PASS,Explicit product noun phrase in description matched deterministic taxonomy schema,PASS,PASS,HIGH,PASS,NONE
561,564948,564948 40W Led Med 50k 3pk,Phillips Lighting,Philips,Tools & Equipment>Power Tool Accessories>Cutting Tools>Bits,CLASSIFIED,RULE_MATCH,Tier 3,DIRECT_DATASET,,PASS,Explicit product noun phrase in description matched deterministic taxonomy schema,PASS,PASS,HIGH,PASS,NONE
562,573303,573303 40W Led Cand 27k 2pk,Phillips Lighting,Philips,Tools & Equipment>Power Tool Accessories>Cutting Tools>Bits,CLASSIFIED,RULE_MATCH,Tier 3,DIRECT_DATASET,,PASS,Explicit product noun phrase in description matched deterministic taxonomy schema,PASS,PASS,HIGH,PASS,NONE
563,573188,573188 250W Led Par38 Med 50k,Phillips Lighting,Philips,Tools & Equipment>Power Tool Accessories>Cutting Tools>Bits,CLASSIFIED,RULE_MATCH,Tier 3,DIRECT_DATASET,,PASS,Explicit product noun phrase in description matched deterministic taxonomy schema,PASS,PASS,HIGH,PASS,NONE
564,573469,573469 40W Led A19 Med 50k 2pk,Phillips Lighting,Philips,Tools & Equipment>Power Tool Accessories>Cutting Tools>Bits,CLASSIFIED,RULE_MATCH,Tier 3,DIRECT_DATASET,,PASS,Explicit product noun phrase in description matched deterministic taxonomy schema,PASS,PASS,HIGH,PASS,NONE
565,565671,565671 25W Led Med 20K,Phillips Lighting,Philips,Tools & Equipment>Power Tool Accessories>Cutting Tools>Bits,CLASSIFIED,RULE_MATCH,Tier 3,DIRECT_DATASET,,PASS,Explicit product noun phrase in description matched deterministic taxonomy schema,PASS,PASS,HIGH,PASS,NONE
566,573204,573204 75W Led Par20 Med 50k,Phillips Lighting,Philips,Tools & Equipment>Power Tool Accessories>Cutting Tools>Bits,CLASSIFIED,RULE_MATCH,Tier 3,DIRECT_DATASET,,PASS,Explicit product noun phrase in description matched deterministic taxonomy schema,PASS,PASS,HIGH,PASS,NONE
567,581199,581199 60W Led Med 2pk,Phillips Lighting,Philips,Tools & Equipment>Power Tool Accessories>Cutting Tools>Bits,CLASSIFIED,RULE_MATCH,Tier 3,DIRECT_DATASET,,PASS,Explicit product noun phrase in description matched deterministic taxonomy schema,PASS,PASS,HIGH,PASS,NONE
568,565887,565887 60W Led Med 20k,Phillips Lighting,Philips,Tools & Equipment>Power Tool Accessories>Cutting Tools>Bits,CLASSIFIED,RULE_MATCH,Tier 3,DIRECT_DATASET,,PASS,Explicit product noun phrase in description matched deterministic taxonomy schema,PASS,PASS,HIGH,PASS,NONE
569,586867,586867 60W Led Med 27K,Phillips Lighting,Philips,Tools & Equipment>Power Tool Accessories>Cutting Tools>Bits,CLASSIFIED,RULE_MATCH,Tier 3,DIRECT_DATASET,,PASS,Explicit product noun phrase in description matched deterministic taxonomy schema,PASS,PASS,HIGH,PASS,NONE
570,568451,5686451 50W Led Med 50k 2pk,Phillips Lighting,Philips,Tools & Equipment>Power Tool Accessories>Cutting Tools>Bits,CLASSIFIED,RULE_MATCH,Tier 3,DIRECT_DATASET,,PASS,Explicit product noun phrase in description matched deterministic taxonomy schema,PASS,PASS,HIGH,PASS,NONE
571,568444,568444 90W Led Par38 50k 2pk,Phillips Lighting,Philips,Tools & Equipment>Power Tool Accessories>Cutting Tools>Bits,CLASSIFIED,RULE_MATCH,Tier 3,DIRECT_DATASET,,PASS,Explicit product noun phrase in description matched deterministic taxonomy schema,PASS,PASS,HIGH,PASS,NONE
572,573196,573196 75W Led Med 30K,Phillips Lighting,Philips,Tools & Equipment>Power Tool Accessories>Cutting Tools>Bits,CLASSIFIED,RULE_MATCH,Tier 3,DIRECT_DATASET,,PASS,Explicit product noun phrase in description matched deterministic taxonomy schema,PASS,PASS,HIGH,PASS,NONE
573,564500,564500 75W Adj Base 50k 3pk,Phillips Lighting,Philips,Tools & Equipment>Power Tool Accessories>Cutting Tools>Bits,CLASSIFIED,RULE_MATCH,Tier 3,DIRECT_DATASET,,PASS,Explicit product noun phrase in description matched deterministic taxonomy schema,PASS,PASS,HIGH,PASS,NONE
574,571513,571513 40/60/100 Led Med 27k,Phillips Lighting,Philips,Tools & Equipment>Power Tool Accessories>Cutting Tools>Bits,CLASSIFIED,RULE_MATCH,Tier 3,DIRECT_DATASET,,PASS,Explicit product noun phrase in description matched deterministic taxonomy schema,PASS,PASS,HIGH,PASS,NONE
575,588566,588566 40W Led Med 55k 3pk,Phillips Lighting,Philips,Tools & Equipment>Power Tool Accessories>Cutting Tools>Bits,CLASSIFIED,RULE_MATCH,Tier 3,DIRECT_DATASET,,PASS,Explicit product noun phrase in description matched deterministic taxonomy schema,PASS,PASS,HIGH,PASS,NONE
576,565655,565655 25W Led A15 Med 20k,Phillips Lighting,Philips,Tools & Equipment>Power Tool Accessories>Cutting Tools>Bits,CLASSIFIED,RULE_MATCH,Tier 3,DIRECT_DATASET,,PASS,Explicit product noun phrase in description matched deterministic taxonomy schema,PASS,PASS,HIGH,PASS,NONE
577,565812,565812 60W Med Led 50k,Phillips Lighting,Philips,Tools & Equipment>Power Tool Accessories>Cutting Tools>Bits,CLASSIFIED,RULE_MATCH,Tier 3,DIRECT_DATASET,,PASS,Explicit product noun phrase in description matched deterministic taxonomy schema,PASS,PASS,HIGH,PASS,NONE
578,586917,586917 40W Led Cand 27K 2pk,Phillips Lighting,Philips,Tools & Equipment>Power Tool Accessories>Cutting Tools>Bits,CLASSIFIED,RULE_MATCH,Tier 3,DIRECT_DATASET,,PASS,Explicit product noun phrase in description matched deterministic taxonomy schema,PASS,PASS,HIGH,PASS,NONE
579,46719,49719 Wall Light Motion Wh,Maxsa Innovations,,Lighting & Ceiling Fans>Wall Lights>Wall Sconces & Lanterns,CLASSIFIED,RULE_MATCH,Tier 3,DIRECT_DATASET,,PASS,Explicit product noun phrase in description matched deterministic taxonomy schema,PASS,PASS,HIGH,PASS,NONE
580,59061BSL,59061BSL Kichler Ext Wall Lt,Kichler Lighting,,Lighting & Ceiling Fans>Light Fixtures>Lighting Fixtures,CLASSIFIED,RULE_MATCH,Tier 3,DIRECT_DATASET,,PASS,Explicit product noun phrase in description matched deterministic taxonomy schema,PASS,PASS,HIGH,PASS,NONE
581,59062BSL,59062BSL Kichler Ext Wall Lt,Kichler Lighting,,Lighting & Ceiling Fans>Light Fixtures>Lighting Fixtures,CLASSIFIED,RULE_MATCH,Tier 3,DIRECT_DATASET,,PASS,Explicit product noun phrase in description matched deterministic taxonomy schema,PASS,PASS,HIGH,PASS,NONE
582,59124BKT,59124BKT Kichler Ext Wall Lt,Kichler Lighting,,Lighting & Ceiling Fans>Light Fixtures>Lighting Fixtures,CLASSIFIED,RULE_MATCH,Tier 3,DIRECT_DATASET,,PASS,Explicit product noun phrase in description matched deterministic taxonomy schema,PASS,PASS,HIGH,PASS,NONE
583,59025BK,59025BK Kichler Post Lt,Kichler Lighting,,Lighting & Ceiling Fans>Light Fixtures>Lighting Fixtures,CLASSIFIED,RULE_MATCH,Tier 3,DIRECT_DATASET,,PASS,Explicit product noun phrase in description matched deterministic taxonomy schema,PASS,PASS,HIGH,PASS,NONE
584,DCL183,Dewalt DCL183 Light - Rechargeable,"Stanley Black & Decker, Inc.",DEWALT®,UNRESOLVED,UNRESOLVED,UNRESOLVED,Tier 4,INSUFFICIENT_EVIDENCE,,NO_MATCH,No explicit product noun phrase or verified live web evidence,UNRESOLVED,PASS,NONE,PASS,INSUFFICIENT_PRODUCT_DESCRIPTION
585,73020,73020 Nano Clip Light Bk,Streamlight,,Lighting & Ceiling Fans>Light Fixtures>Lighting Fixtures,CLASSIFIED,RULE_MATCH,Tier 3,DIRECT_DATASET,,PASS,Explicit product noun phrase in description matched deterministic taxonomy schema,PASS,PASS,HIGH,PASS,NONE
586,NEB-FLT-1021,NEBFLT1021 Slyde King FlashLt,ACG Brands,,Lighting & Ceiling Fans>Light Fixtures>Lighting Fixtures,CLASSIFIED,RULE_MATCH,Tier 3,DIRECT_DATASET,,PASS,Explicit product noun phrase in description matched deterministic taxonomy schema,PASS,PASS,HIGH,PASS,NONE
587,NEB-FLT-0053,NEBFLT0053 2600L Flash Light,ACG Brands,,Lighting & Ceiling Fans>Light Fixtures>Lighting Fixtures,CLASSIFIED,RULE_MATCH,Tier 3,DIRECT_DATASET,,PASS,Explicit product noun phrase in description matched deterministic taxonomy schema,PASS,PASS,HIGH,PASS,NONE
588,97708,97708 Police 800L Headlight,Police Security,Police Security,Lighting & Ceiling Fans>Light Fixtures>Lighting Fixtures,CLASSIFIED,RULE_MATCH,Tier 3,DIRECT_DATASET,,PASS,Explicit product noun phrase in description matched deterministic taxonomy schema,PASS,PASS,HIGH,PASS,NONE
589,WORK6000XLTPPLUG,6000L Twin Head Work Light,Feit Electric,Feit Electric,Lighting & Ceiling Fans>Light Fixtures>Lighting Fixtures,CLASSIFIED,RULE_MATCH,Tier 3,DIRECT_DATASET,,PASS,Explicit product noun phrase in description matched deterministic taxonomy schema,PASS,PASS,HIGH,PASS,NONE
590,HOM2040M200PRB,HOM2040M200PRB 200A Load Cntr,Square D Con Prod Dv,,Electrical>Wiring & Boxes>Electrical Wiring & Boxes,CLASSIFIED,RULE_MATCH,Tier 3,DIRECT_DATASET,,PASS,Explicit product noun phrase in description matched deterministic taxonomy schema,PASS,PASS,HIGH,PASS,NONE
591,HOM3060L225PGC,HOM3060L225PGC 225 Load Center,Square D Con Prod Dv,Square D,Electrical>Wiring & Boxes>Electrical Wiring & Boxes,CLASSIFIED,RULE_MATCH,Tier 3,DIRECT_DATASET,,PASS,Explicit product noun phrase in description matched deterministic taxonomy schema,PASS,PASS,HIGH,PASS,NONE
592,QO612L100RBCP,QO612L100RBCP 100A Load Center,Square D Con Prod Dv,Square D,Electrical>Wiring & Boxes>Electrical Wiring & Boxes,CLASSIFIED,RULE_MATCH,Tier 3,DIRECT_DATASET,,PASS,Explicit product noun phrase in description matched deterministic taxonomy schema,PASS,PASS,HIGH,PASS,NONE
593,13093005,4/0 Aluminum Entrance Cable (Linear Foot),Southwire/g Turner,,Electrical>Wiring & Boxes>Electrical Wiring & Boxes,CLASSIFIED,RULE_MATCH,Tier 3,DIRECT_DATASET,,PASS,Explicit product noun phrase in description matched deterministic taxonomy schema,PASS,PASS,HIGH,PASS,NONE
594,12-4 SO,12-4 SO Cord (Linear Foot),,,Electrical>Wiring & Boxes>Electrical Wiring & Boxes,CLASSIFIED,RULE_MATCH,Tier 3,DIRECT_DATASET,,PASS,Explicit product noun phrase in description matched deterministic taxonomy schema,PASS,PASS,HIGH,PASS,NONE
595,96263-46-06,96263-46-06 CAT5E Wire (Linear Foot),Woods Wire Southwire,,Electrical>Wiring & Boxes>Electrical Wiring & Boxes,CLASSIFIED,RULE_MATCH,Tier 3,DIRECT_DATASET,,PASS,Explicit product noun phrase in description matched deterministic taxonomy schema,PASS,PASS,HIGH,PASS,NONE
596,R50003-ID,16-2 Stranded Wire CL3 500' (Linear Foot),Southwire/g Turner,,Electrical>Wiring & Boxes>Electrical Wiring & Boxes,CLASSIFIED,RULE_MATCH,Tier 3,DIRECT_DATASET,,PASS,Explicit product noun phrase in description matched deterministic taxonomy schema,PASS,PASS,HIGH,PASS,NONE
597,10-4 SO,10-4 SO Cord (Linear Foot),Southwire/g Turner,,Electrical>Wiring & Boxes>Electrical Wiring & Boxes,CLASSIFIED,RULE_MATCH,Tier 3,DIRECT_DATASET,,PASS,Explicit product noun phrase in description matched deterministic taxonomy schema,PASS,PASS,HIGH,PASS,NONE
598,23346-0408,23346-0408 Wire 16/3 SJEWA 250 (Linear Foot),,,Electrical>Wiring & Boxes>Electrical Wiring & Boxes,CLASSIFIED,RULE_MATCH,Tier 3,DIRECT_DATASET,,PASS,Explicit product noun phrase in description matched deterministic taxonomy schema,PASS,PASS,HIGH,PASS,NONE
599,2/2/4 UD ALUM,2/2/4 UD Aluminum Triplex Wire (Linear Foot),Southwire/g Turner,,Electrical>Wiring & Boxes>Electrical Wiring & Boxes,CLASSIFIED,RULE_MATCH,Tier 3,DIRECT_DATASET,,PASS,Explicit product noun phrase in description matched deterministic taxonomy schema,PASS,PASS,HIGH,PASS,NONE
600,55418901,6/6/6 UD Triplex Aluminum Wire,Southwire/g Turner,,Electrical>Wiring & Boxes>Electrical Wiring & Boxes,CLASSIFIED,RULE_MATCH,Tier 3,DIRECT_DATASET,,PASS,Explicit product noun phrase in description matched deterministic taxonomy schema,PASS,PASS,HIGH,PASS,NONE
601,CG50K,"CG50K 1/2"" Cord Grip Kit",Fenton Bros Electric Inc,,Electrical>Wiring & Boxes>Electrical Wiring & Boxes,CLASSIFIED,RULE_MATCH,Tier 3,DIRECT_DATASET,,PASS,Explicit product noun phrase in description matched deterministic taxonomy schema,PASS,PASS,HIGH,PASS,NONE
602,R02-D215P-1RW,R02D215P1RW 15A Mini Outlet Wh,Leviton Mfg Co,Leviton,Electrical>Wiring & Boxes>Electrical Wiring & Boxes,CLASSIFIED,RULE_MATCH,Tier 3,DIRECT_DATASET,,PASS,Explicit product noun phrase in description matched deterministic taxonomy schema,PASS,PASS,HIGH,PASS,NONE
603,PBUC013,PBUC013 15A Wall Tap w/USB,Prime Wire & Cable,Prime,Electrical>Wiring & Boxes>Electrical Wiring & Boxes,CLASSIFIED,RULE_MATCH,Tier 3,DIRECT_DATASET,,PASS,Explicit product noun phrase in description matched deterministic taxonomy schema,PASS,PASS,HIGH,PASS,NONE
604,R00-GFNT1-00K,R00GFNT100K 15A Outlet Br,Leviton Mfg Co,Leviton,Electrical>Wiring & Boxes>Electrical Wiring & Boxes,CLASSIFIED,RULE_MATCH,Tier 3,DIRECT_DATASET,,PASS,Explicit product noun phrase in description matched deterministic taxonomy schema,PASS,PASS,HIGH,PASS,NONE
605,R92-GFWT1-0KW,R92GFWT10KW 15A GFCI Outlet Wh,Leviton Mfg Co,Leviton,Electrical>Wiring & Boxes>Electrical Wiring & Boxes,CLASSIFIED,RULE_MATCH,Tier 3,DIRECT_DATASET,,PASS,Explicit product noun phrase in description matched deterministic taxonomy schema,PASS,PASS,HIGH,PASS,NONE
606,R12-AGTR1-0KW,R12AGTR10KW 15A GFCI Outler Wh,Leviton Mfg Co,Leviton,Electrical>Wiring & Boxes>Electrical Wiring & Boxes,CLASSIFIED,RULE_MATCH,Tier 3,DIRECT_DATASET,,PASS,Explicit product noun phrase in description matched deterministic taxonomy schema,PASS,PASS,HIGH,PASS,NONE
607,R62-GFTA1-0KW,R92GFTA10KW 15A GFCI Outlet Wh,Leviton Mfg Co,Leviton,Electrical>Wiring & Boxes>Electrical Wiring & Boxes,CLASSIFIED,RULE_MATCH,Tier 3,DIRECT_DATASET,,PASS,Explicit product noun phrase in description matched deterministic taxonomy schema,PASS,PASS,HIGH,PASS,NONE
608,165-04729-00C,1650472900C 15A 125V Cord Conn,Leviton Mfg Co,Leviton,Electrical>Wiring & Boxes>Electrical Wiring & Boxes,CLASSIFIED,RULE_MATCH,Tier 3,DIRECT_DATASET,,PASS,Explicit product noun phrase in description matched deterministic taxonomy schema,PASS,PASS,HIGH,PASS,NONE
609,161-04720-00C,1610472000C 15A 125V Cord Conn,Leviton Mfg Co,Leviton,Electrical>Wiring & Boxes>Electrical Wiring & Boxes,CLASSIFIED,RULE_MATCH,Tier 3,DIRECT_DATASET,,PASS,Explicit product noun phrase in description matched deterministic taxonomy schema,PASS,PASS,HIGH,PASS,NONE
610,R02-GUAC1-0BW,R02GUAC10BW 15A/USB Outlet Wh,Leviton Mfg Co,Leviton,Electrical>Wiring & Boxes>Electrical Wiring & Boxes,CLASSIFIED,RULE_MATCH,Tier 3,DIRECT_DATASET,,PASS,Explicit product noun phrase in description matched deterministic taxonomy schema,PASS,PASS,HIGH,PASS,NONE
611,R56-CBR15-00T,R56CBR1500T 15A Outlet LA,Leviton Mfg Co,Leviton,Electrical>Wiring & Boxes>Electrical Wiring & Boxes,CLASSIFIED,RULE_MATCH,Tier 3,DIRECT_DATASET,,PASS,Explicit product noun phrase in description matched deterministic taxonomy schema,PASS,PASS,HIGH,PASS,NONE
612,R20-05378-P00,R2005378P00 6-50R Welder Outet,Leviton Mfg Co,Leviton,UNRESOLVED,UNRESOLVED,UNRESOLVED,Tier 4,INSUFFICIENT_EVIDENCE,,NO_MATCH,No explicit product noun phrase or verified live web evidence,UNRESOLVED,PASS,NONE,PASS,INSUFFICIENT_PRODUCT_DESCRIPTION
613,WC1V12W-SG-UPC,WC1V12WSGUPC 1G Cover Wh,Southwire/g Turner,Southwire,UNRESOLVED,UNRESOLVED,UNRESOLVED,Tier 4,INSUFFICIENT_EVIDENCE,,NO_MATCH,No explicit product noun phrase or verified live web evidence,UNRESOLVED,PASS,NONE,PASS,INSUFFICIENT_PRODUCT_DESCRIPTION
614,R51-GSRA1-THD,R5GSRA1THD 15A GFCI Plug,Leviton Mfg Co,Leviton,Electrical>Wiring & Boxes>Electrical Wiring & Boxes,CLASSIFIED,RULE_MATCH,Tier 3,DIRECT_DATASET,,PASS,Explicit product noun phrase in description matched deterministic taxonomy schema,PASS,PASS,HIGH,PASS,NONE
615,R62-CBR15-00W,R62CBR1500W 15A Outlet Wh,Leviton Mfg Co,Leviton,Electrical>Wiring & Boxes>Electrical Wiring & Boxes,CLASSIFIED,RULE_MATCH,Tier 3,DIRECT_DATASET,,PASS,Explicit product noun phrase in description matched deterministic taxonomy schema,PASS,PASS,HIGH,PASS,NONE
616,S03-05226-IS,S0305226IS IV Switch / Pilot,Leviton Mfg Co,Leviton,Electrical>Wiring & Boxes>Electrical Wiring & Boxes,CLASSIFIED,RULE_MATCH,Tier 3,DIRECT_DATASET,,PASS,Explicit product noun phrase in description matched deterministic taxonomy schema,PASS,PASS,HIGH,PASS,NONE
617,174-0CSB3-15W,174-OCSB3-15A Toggle 3-Way Switch Wh,Leviton Mfg Co,,Electrical>Wiring & Boxes>Electrical Wiring & Boxes,CLASSIFIED,RULE_MATCH,Tier 3,DIRECT_DATASET,,PASS,Explicit product noun phrase in description matched deterministic taxonomy schema,PASS,PASS,HIGH,PASS,NONE
618,R50-0SL13-000,T50-0SL13000 1G Wallplate SS - Blank,Leviton Mfg Co,Leviton,UNRESOLVED,UNRESOLVED,UNRESOLVED,Tier 4,INSUFFICIENT_EVIDENCE,,NO_MATCH,No explicit product noun phrase or verified live web evidence,UNRESOLVED,PASS,NONE,PASS,INSUFFICIENT_PRODUCT_DESCRIPTION
619,R52-0PJ13-00W,R520PJ1300W 1G Wallplate Wh - Blank,Leviton Mfg Co,Leviton,UNRESOLVED,UNRESOLVED,UNRESOLVED,Tier 4,INSUFFICIENT_EVIDENCE,,NO_MATCH,No explicit product noun phrase or verified live web evidence,UNRESOLVED,PASS,NONE,PASS,INSUFFICIENT_PRODUCT_DESCRIPTION
620,XOU2470BCGS,XOU2470BCGS Tall Beverage Center SS,Appliance Dealers Cooperative,,Appliances>Major Appliances>Refrigerators,CLASSIFIED,RULE_MATCH,Tier 3,DIRECT_DATASET,,PASS,Explicit product noun phrase in description matched deterministic taxonomy schema,PASS,PASS,HIGH,PASS,NONE
621,XOU24BCGSR,XOU24BCGSR Beverage Center SS,Appliance Dealers Cooperative,,Appliances>Major Appliances>Refrigerators,CLASSIFIED,RULE_MATCH,Tier 3,DIRECT_DATASET,,PASS,Explicit product noun phrase in description matched deterministic taxonomy schema,PASS,PASS,HIGH,PASS,NONE
622,XOU24WDZGBR,XOU24WDZGBR Beverage Center Bk,Appliance Dealers Cooperative,,Appliances>Major Appliances>Refrigerators,CLASSIFIED,RULE_MATCH,Tier 3,DIRECT_DATASET,,PASS,Explicit product noun phrase in description matched deterministic taxonomy schema,PASS,PASS,HIGH,PASS,NONE
623,C7CDAAS3PD3,C7CDAAS3PD3 Café Drip Coffee Maker MB,Appliance Dealers Cooperative,,Appliances>Major Appliances>Cooking Appliances,CLASSIFIED,RULE_MATCH,Tier 3,DIRECT_DATASET,,PASS,Explicit product noun phrase in description matched deterministic taxonomy schema,PASS,PASS,HIGH,PASS,NONE
624,C7CDAAS4PW3,C7CDAAS4PW3 Café Drip Coffee Maker MW,Appliance Dealers Cooperative,,Appliances>Major Appliances>Cooking Appliances,CLASSIFIED,RULE_MATCH,Tier 3,DIRECT_DATASET,,PASS,Explicit product noun phrase in description matched deterministic taxonomy schema,PASS,PASS,HIGH,PASS,NONE
625,C7CDABS2RS3,C7CDABS2RS3 Cafe Coffee Maker,Appliance Dealers Cooperative,,Appliances>Major Appliances>Cooking Appliances,CLASSIFIED,RULE_MATCH,Tier 3,DIRECT_DATASET,,PASS,Explicit product noun phrase in description matched deterministic taxonomy schema,PASS,PASS,HIGH,PASS,NONE
626,C7CDABS3RD3,C7CDABS3RD3 Café Coffee Maker MB,Appliance Dealers Cooperative,,Appliances>Major Appliances>Cooking Appliances,CLASSIFIED,RULE_MATCH,Tier 3,DIRECT_DATASET,,PASS,Explicit product noun phrase in description matched deterministic taxonomy schema,PASS,PASS,HIGH,PASS,NONE
627,C7CDABS4RW3,C7CDABS4RW3 Café Coffee Maker MW,Appliance Dealers Cooperative,,Appliances>Major Appliances>Cooking Appliances,CLASSIFIED,RULE_MATCH,Tier 3,DIRECT_DATASET,,PASS,Explicit product noun phrase in description matched deterministic taxonomy schema,PASS,PASS,HIGH,PASS,NONE
628,C7CEBBS2RS3,C7CEBBS2RS3 Cafe Auto Espresso Machine SS,Appliance Dealers Cooperative,,Appliances>Major Appliances>Cooking Appliances,CLASSIFIED,RULE_MATCH,Tier 3,DIRECT_DATASET,,PASS,Explicit product noun phrase in description matched deterministic taxonomy schema,PASS,PASS,HIGH,PASS,NONE
629,C7CEBBS4RW3,C7CEBBS4RW3 Café Auto Espresso Machine Wh,Appliance Dealers Cooperative,,Appliances>Major Appliances>Cooking Appliances,CLASSIFIED,RULE_MATCH,Tier 3,DIRECT_DATASET,,PASS,Explicit product noun phrase in description matched deterministic taxonomy schema,PASS,PASS,HIGH,PASS,NONE
630,C7CESAS2RS3,C7CESAS2RS3 Café Espresso SS,Appliance Dealers Cooperative,,Appliances>Major Appliances>Cooking Appliances,CLASSIFIED,RULE_MATCH,Tier 3,DIRECT_DATASET,,PASS,Explicit product noun phrase in description matched deterministic taxonomy schema,PASS,PASS,HIGH,PASS,NONE
631,C7CESAS3RD3,C7CESAS3RD3 Café Espresso Machine MB,Appliance Dealers Cooperative,,Appliances>Major Appliances>Cooking Appliances,CLASSIFIED,RULE_MATCH,Tier 3,DIRECT_DATASET,,PASS,Explicit product noun phrase in description matched deterministic taxonomy schema,PASS,PASS,HIGH,PASS,NONE
632,C7CESAS4RW3,C7CESAS4RW3 Cafe Espresso Wh,Appliance Dealers Cooperative,,Appliances>Major Appliances>Cooking Appliances,CLASSIFIED,RULE_MATCH,Tier 3,DIRECT_DATASET,,PASS,Explicit product noun phrase in description matched deterministic taxonomy schema,PASS,PASS,HIGH,PASS,NONE
633,WOSP30100SS,WOSP30100SS Beko Wall Oven SS,Appliance Dealers Cooperative,,Appliances>Major Appliances>Cooking Appliances,CLASSIFIED,RULE_MATCH,Tier 3,DIRECT_DATASET,,PASS,Explicit product noun phrase in description matched deterministic taxonomy schema,PASS,PASS,HIGH,PASS,NONE
634,MSER2090S,MSER2090S LG Microwave SS,Appliance Dealers Cooperative,,Appliances>Major Appliances>Cooking Appliances,CLASSIFIED,RULE_MATCH,Tier 3,DIRECT_DATASET,,PASS,Explicit product noun phrase in description matched deterministic taxonomy schema,PASS,PASS,HIGH,PASS,NONE
635,GCST16S1WSS,GCST16S1WSS GE Microwave SS,Appliance Dealers Cooperative,,Appliances>Major Appliances>Cooking Appliances,CLASSIFIED,RULE_MATCH,Tier 3,DIRECT_DATASET,,PASS,Explicit product noun phrase in description matched deterministic taxonomy schema,PASS,PASS,HIGH,PASS,NONE
636,PCWK15C1WSS,PCWK15C1WSS GE Microwave,Appliance Dealers Cooperative,,Appliances>Major Appliances>Cooking Appliances,CLASSIFIED,RULE_MATCH,Tier 3,DIRECT_DATASET,,PASS,Explicit product noun phrase in description matched deterministic taxonomy schema,PASS,PASS,HIGH,PASS,NONE
637,SMC2266KS,SMC2266KS Microwave SS Display Only,Appliance Dealers Cooperative,,Appliances>Major Appliances>Cooking Appliances,CLASSIFIED,RULE_MATCH,Tier 3,DIRECT_DATASET,,PASS,Explicit product noun phrase in description matched deterministic taxonomy schema,PASS,PASS,HIGH,PASS,NONE
638,SMD2479JS,SMD2479JS Microwave Drawer SS Display Only,Appliance Dealers Cooperative,,Appliances>Major Appliances>Cooking Appliances,CLASSIFIED,RULE_MATCH,Tier 3,DIRECT_DATASET,,PASS,Explicit product noun phrase in description matched deterministic taxonomy schema,PASS,PASS,HIGH,PASS,NONE
639,PEP9030DTBB,"PEP9030DTBB 30"" GE Cooktop Bk",Appliance Dealers Cooperative,,Appliances>Major Appliances>Cooking Appliances,CLASSIFIED,RULE_MATCH,Tier 3,DIRECT_DATASET,,PASS,Explicit product noun phrase in description matched deterministic taxonomy schema,PASS,PASS,HIGH,PASS,NONE
640,CES700P3MD1,"CES700P3MD1 Cafe 30"" Range Bk - Display",Appliance Dealers Cooperative,,Appliances>Major Appliances>Cooking Appliances,CLASSIFIED,RULE_MATCH,Tier 3,DIRECT_DATASET,,PASS,Explicit product noun phrase in description matched deterministic taxonomy schema,PASS,PASS,HIGH,PASS,NONE
641,PS960YPFS,"PS960YPFS 30"" GE Electric Range SS - Display Only",Appliance Dealers Cooperative,,Appliances>Major Appliances>Cooking Appliances,CLASSIFIED,RULE_MATCH,Tier 3,DIRECT_DATASET,,PASS,Explicit product noun phrase in description matched deterministic taxonomy schema,PASS,PASS,HIGH,PASS,NONE
642,PB900YVFS,"PB900YVFS Elect 30"" Range SS",Appliance Dealers Cooperative,,Appliances>Major Appliances>Cooking Appliances,CLASSIFIED,RULE_MATCH,Tier 3,DIRECT_DATASET,,PASS,Explicit product noun phrase in description matched deterministic taxonomy schema,PASS,PASS,HIGH,PASS,NONE
643,PCFE3080AF,"PCFE3080AF 30"" Elect Range SS - Display Only",Appliance Dealers Cooperative,,Appliances>Major Appliances>Cooking Appliances,CLASSIFIED,RULE_MATCH,Tier 3,DIRECT_DATASET,,PASS,Explicit product noun phrase in description matched deterministic taxonomy schema,PASS,PASS,HIGH,PASS,NONE
644,SLER30524SS,"SLER30524SS 30"" Elect Range SS",Appliance Dealers Cooperative,,Appliances>Major Appliances>Cooking Appliances,CLASSIFIED,RULE_MATCH,Tier 3,DIRECT_DATASET,,PASS,Explicit product noun phrase in description matched deterministic taxonomy schema,PASS,PASS,HIGH,PASS,NONE
645,LSEL6333ZE,"LSEL6333ZE LG 30"" Elec Range BS-Display Only",Appliance Dealers Cooperative,,Appliances>Major Appliances>Cooking Appliances,CLASSIFIED,RULE_MATCH,Tier 3,DIRECT_DATASET,,PASS,Explicit product noun phrase in description matched deterministic taxonomy schema,PASS,PASS,HIGH,PASS,NONE
646,KSES530SBE,"KSES530SBE 30"" Elect Range BO Display Only",Appliance Dealers Cooperative,,Appliances>Major Appliances>Cooking Appliances,CLASSIFIED,RULE_MATCH,Tier 3,DIRECT_DATASET,,PASS,Explicit product noun phrase in description matched deterministic taxonomy schema,PASS,PASS,HIGH,PASS,NONE
647,GCFG3661AF,"GCFG3661AF 36"" Frigidaire Gas Range SS",Appliance Dealers Cooperative,,Appliances>Major Appliances>Cooking Appliances,CLASSIFIED,RULE_MATCH,Tier 3,DIRECT_DATASET,,PASS,Explicit product noun phrase in description matched deterministic taxonomy schema,PASS,PASS,HIGH,PASS,NONE
648,WSGS7530RZ,"WSGS7530RZ 30"" Gas Range SS - Display Only",Appliance Dealers Cooperative,,Appliances>Major Appliances>Cooking Appliances,CLASSIFIED,RULE_MATCH,Tier 3,DIRECT_DATASET,,PASS,Explicit product noun phrase in description matched deterministic taxonomy schema,PASS,PASS,HIGH,PASS,NONE
649,CHP90301TBB,CHP90301TBB Café Cooktop Bk,Appliance Dealers Cooperative,,Appliances>Major Appliances>Cooking Appliances,CLASSIFIED,RULE_MATCH,Tier 3,DIRECT_DATASET,,PASS,Explicit product noun phrase in description matched deterministic taxonomy schema,PASS,PASS,HIGH,PASS,NONE
650,CVM517P3RD1,CVM517P3RD1 Cafe Microwave Bk - Display,Appliance Dealers Cooperative,,Appliances>Major Appliances>Cooking Appliances,CLASSIFIED,RULE_MATCH,Tier 3,DIRECT_DATASET,,PASS,Explicit product noun phrase in description matched deterministic taxonomy schema,PASS,PASS,HIGH,PASS,NONE
651,PMOS1980AF,PMOS1980AF OTR Microwave SS - Display Only,Appliance Dealers Cooperative,,Appliances>Major Appliances>Cooking Appliances,CLASSIFIED,RULE_MATCH,Tier 3,DIRECT_DATASET,,PASS,Explicit product noun phrase in description matched deterministic taxonomy schema,PASS,PASS,HIGH,PASS,NONE
652,WMMS3330RZ,WMMS3330RZ OTR Mocrowave SS - Display Only,Appliance Dealers Cooperative,,UNRESOLVED,UNRESOLVED,UNRESOLVED,Tier 4,INSUFFICIENT_EVIDENCE,,NO_MATCH,No explicit product noun phrase or verified live web evidence,UNRESOLVED,PASS,NONE,PASS,INSUFFICIENT_PRODUCT_DESCRIPTION
653,KMMF530PBE,KMMF530PBE OTR Microwave BO Display Only,Appliance Dealers Cooperative,,Appliances>Major Appliances>Cooking Appliances,CLASSIFIED,RULE_MATCH,Tier 3,DIRECT_DATASET,,PASS,Explicit product noun phrase in description matched deterministic taxonomy schema,PASS,PASS,HIGH,PASS,NONE
654,JXGRILL1,JXGRILL1 GE Range Grill,Appliance Dealers Cooperative,,Appliances>Major Appliances>Cooking Appliances,CLASSIFIED,RULE_MATCH,Tier 3,DIRECT_DATASET,,PASS,Explicit product noun phrase in description matched deterministic taxonomy schema,PASS,PASS,HIGH,PASS,NONE
655,C9TMA2S3PD3,C9TMA2S3PD3 Café Toaster MB,Appliance Dealers Cooperative,,Appliances>Major Appliances>Cooking Appliances,CLASSIFIED,RULE_MATCH,Tier 3,DIRECT_DATASET,,PASS,Explicit product noun phrase in description matched deterministic taxonomy schema,PASS,PASS,HIGH,PASS,NONE
656,C9TMA2S4PW3,C9TMA2S4PW3 Café Toaster MW,Appliance Dealers Cooperative,,Appliances>Major Appliances>Cooking Appliances,CLASSIFIED,RULE_MATCH,Tier 3,DIRECT_DATASET,,PASS,Explicit product noun phrase in description matched deterministic taxonomy schema,PASS,PASS,HIGH,PASS,NONE
657,C90AAAS2RS3,C90AAAS2RS3 Cafe Toast Oven SS,Appliance Dealers Cooperative,,Appliances>Major Appliances>Cooking Appliances,CLASSIFIED,RULE_MATCH,Tier 3,DIRECT_DATASET,,PASS,Explicit product noun phrase in description matched deterministic taxonomy schema,PASS,PASS,HIGH,PASS,NONE
658,C9TMA2SP2PS3,C9TMA2S2PS3 Cafe Toaster SS,Appliance Dealers Cooperative,,Appliances>Major Appliances>Cooking Appliances,CLASSIFIED,RULE_MATCH,Tier 3,DIRECT_DATASET,,PASS,Explicit product noun phrase in description matched deterministic taxonomy schema,PASS,PASS,HIGH,PASS,NONE
659,GDE21EMKES,GDE21EMKES GE 21CF Fridge SL Display Only,Appliance Dealers Cooperative,,Appliances>Major Appliances>Refrigerators,CLASSIFIED,RULE_MATCH,Tier 3,DIRECT_DATASET,,PASS,Explicit product noun phrase in description matched deterministic taxonomy schema,PASS,PASS,HIGH,PASS,NONE
660,FCM16SLWW,FCM16SLWW 16CF GE Freezer Chest MH,Appliance Dealers Cooperative,,Appliances>Major Appliances>Refrigerators,CLASSIFIED,RULE_MATCH,Tier 3,DIRECT_DATASET,,PASS,Explicit product noun phrase in description matched deterministic taxonomy schema,PASS,PASS,HIGH,PASS,NONE
661,GNE27JYMFS,GNE27JYMFS GE Fridge SS,Appliance Dealers Cooperative,,Appliances>Major Appliances>Refrigerators,CLASSIFIED,RULE_MATCH,Tier 3,DIRECT_DATASET,,PASS,Explicit product noun phrase in description matched deterministic taxonomy schema,PASS,PASS,HIGH,PASS,NONE
662,CVE28DP3ND1,CVE28DP3ND1 Cafe Fridge Bk,Appliance Dealers Cooperative,,Appliances>Major Appliances>Refrigerators,CLASSIFIED,RULE_MATCH,Tier 3,DIRECT_DATASET,,PASS,Explicit product noun phrase in description matched deterministic taxonomy schema,PASS,PASS,HIGH,PASS,NONE
663,GNE25JMKES,GNE25JMKES GE Fridge Slate - Display,Appliance Dealers Cooperative,,Appliances>Major Appliances>Refrigerators,CLASSIFIED,RULE_MATCH,Tier 3,DIRECT_DATASET,,PASS,Explicit product noun phrase in description matched deterministic taxonomy schema,PASS,PASS,HIGH,PASS,NONE
664,PRFS2883AF,"PRFS2883AF 36"" Fridge SS - Display Only",Appliance Dealers Cooperative,,Appliances>Major Appliances>Refrigerators,CLASSIFIED,RULE_MATCH,Tier 3,DIRECT_DATASET,,PASS,Explicit product noun phrase in description matched deterministic taxonomy schema,PASS,PASS,HIGH,PASS,NONE
665,PAD28BYTFS,PAD28BYTFS GE Fridge SS,Appliance Dealers Cooperative,,Appliances>Major Appliances>Refrigerators,CLASSIFIED,RULE_MATCH,Tier 3,DIRECT_DATASET,,PASS,Explicit product noun phrase in description matched deterministic taxonomy schema,PASS,PASS,HIGH,PASS,NONE
666,PGE29BYTFS,PGE29BYTFS GE Fridge SS,Appliance Dealers Cooperative,,Appliances>Major Appliances>Refrigerators,CLASSIFIED,RULE_MATCH,Tier 3,DIRECT_DATASET,,PASS,Explicit product noun phrase in description matched deterministic taxonomy schema,PASS,PASS,HIGH,PASS,NONE
667,ERFD19CGCS,ERFD19CGCS Element Fridge SS,Appliance Dealers Cooperative,,Appliances>Major Appliances>Refrigerators,CLASSIFIED,RULE_MATCH,Tier 3,DIRECT_DATASET,,PASS,Explicit product noun phrase in description matched deterministic taxonomy schema,PASS,PASS,HIGH,PASS,NONE
668,LT18S2100W,LT18S2100W LG Fridge Wh,Appliance Dealers Cooperative,,Appliances>Major Appliances>Refrigerators,CLASSIFIED,RULE_MATCH,Tier 3,DIRECT_DATASET,,PASS,Explicit product noun phrase in description matched deterministic taxonomy schema,PASS,PASS,HIGH,PASS,NONE
669,LT18S2100SS,LT18S2100S 18CF LG Fridge SS,Appliance Dealers Cooperative,,Appliances>Major Appliances>Refrigerators,CLASSIFIED,RULE_MATCH,Tier 3,DIRECT_DATASET,,PASS,Explicit product noun phrase in description matched deterministic taxonomy schema,PASS,PASS,HIGH,PASS,NONE
670,EUF17CDBW,EUF17CDBW Element 17CF Freezer - Upright,Appliance Dealers Cooperative,,Appliances>Major Appliances>Refrigerators,CLASSIFIED,RULE_MATCH,Tier 3,DIRECT_DATASET,,PASS,Explicit product noun phrase in description matched deterministic taxonomy schema,PASS,PASS,HIGH,PASS,NONE
671,EUF21CDBW,EUF21CDBW Element 21CF Freezer - Upright,Appliance Dealers Cooperative,,Appliances>Major Appliances>Refrigerators,CLASSIFIED,RULE_MATCH,Tier 3,DIRECT_DATASET,,PASS,Explicit product noun phrase in description matched deterministic taxonomy schema,PASS,PASS,HIGH,PASS,NONE
672,TP-1935,TP-1935 Hole Drilling System,,,Tools & Equipment>Power Tools>Benchtop & Stationary Power Tools,CLASSIFIED,RULE_MATCH,Tier 3,DIRECT_DATASET,,PASS,Explicit product noun phrase in description matched deterministic taxonomy schema,PASS,PASS,HIGH,PASS,NONE
673,K527APBXR,"K527APBXR Senco .131x3"" SM BB - 500CT",Senco Products Inc,,UNRESOLVED,UNRESOLVED,UNRESOLVED,Tier 4,INSUFFICIENT_EVIDENCE,,NO_MATCH,No explicit product noun phrase or verified live web evidence,UNRESOLVED,PASS,NONE,PASS,INSUFFICIENT_PRODUCT_DESCRIPTION
674,603150,"603150 2-1/2"" Finish Nail 15GA - 4M",National Nail Corp,,Hardware>Fasteners>Nails & Pins,CLASSIFIED,RULE_MATCH,Tier 3,DIRECT_DATASET,,PASS,Explicit product noun phrase in description matched deterministic taxonomy schema,PASS,PASS,HIGH,PASS,NONE
675,d10cnk,"D10CNK Prebena 1/2""x3/8"" - Staple",Prebena,,Hardware>Fasteners>Staples,CLASSIFIED,RULE_MATCH,Tier 3,DIRECT_DATASET,,PASS,Explicit product noun phrase in description matched deterministic taxonomy schema,PASS,PASS,HIGH,PASS,NONE
676,e28cnkha,"E28CNKHA Prebena 2/4""x1 1/8"" - Staple",Prebena,,Hardware>Fasteners>Staples,CLASSIFIED,RULE_MATCH,Tier 3,DIRECT_DATASET,,PASS,Explicit product noun phrase in description matched deterministic taxonomy schema,PASS,PASS,HIGH,PASS,NONE
677,51334,"51334 44"" Wh Gilmour Fan",Hunter Fan Co,,Lighting & Ceiling Fans>Ceiling Fans>Ceiling Fans,CLASSIFIED,RULE_MATCH,Tier 3,DIRECT_DATASET,,PASS,Explicit product noun phrase in description matched deterministic taxonomy schema,PASS,PASS,HIGH,PASS,NONE
678,59210,"59210 52"" BZ Sent Hunter Fan",Hunter Fan Co,Hunter,Lighting & Ceiling Fans>Ceiling Fans>Ceiling Fans,CLASSIFIED,RULE_MATCH,Tier 3,DIRECT_DATASET,,PASS,Explicit product noun phrase in description matched deterministic taxonomy schema,PASS,PASS,HIGH,PASS,NONE
679,52485,"52485 52"" MB Anisten Fan",Hunter Fan Co,,Lighting & Ceiling Fans>Ceiling Fans>Ceiling Fans,CLASSIFIED,RULE_MATCH,Tier 3,DIRECT_DATASET,,PASS,Explicit product noun phrase in description matched deterministic taxonomy schema,PASS,PASS,HIGH,PASS,NONE
680,52486,"52486 44"" MB Anisten Fan",Hunter Fan Co,,Lighting & Ceiling Fans>Ceiling Fans>Ceiling Fans,CLASSIFIED,RULE_MATCH,Tier 3,DIRECT_DATASET,,PASS,Explicit product noun phrase in description matched deterministic taxonomy schema,PASS,PASS,HIGH,PASS,NONE
681,52487,"52487 52"" WH Anisten Fan",Hunter Fan Co,,Lighting & Ceiling Fans>Ceiling Fans>Ceiling Fans,CLASSIFIED,RULE_MATCH,Tier 3,DIRECT_DATASET,,PASS,Explicit product noun phrase in description matched deterministic taxonomy schema,PASS,PASS,HIGH,PASS,NONE
682,52488,"52488 44"" WH Anisten Fan",Hunter Fan Co,,Lighting & Ceiling Fans>Ceiling Fans>Ceiling Fans,CLASSIFIED,RULE_MATCH,Tier 3,DIRECT_DATASET,,PASS,Explicit product noun phrase in description matched deterministic taxonomy schema,PASS,PASS,HIGH,PASS,NONE
683,52655,"52655 52"" MB Xidane Hunter Fan",Hunter Fan Co,,Lighting & Ceiling Fans>Ceiling Fans>Ceiling Fans,CLASSIFIED,RULE_MATCH,Tier 3,DIRECT_DATASET,,PASS,Explicit product noun phrase in description matched deterministic taxonomy schema,PASS,PASS,HIGH,PASS,NONE
684,59261,"59261 52"" PB Cassius Fan",Hunter Fan Co,,Lighting & Ceiling Fans>Ceiling Fans>Ceiling Fans,CLASSIFIED,RULE_MATCH,Tier 3,DIRECT_DATASET,,PASS,Explicit product noun phrase in description matched deterministic taxonomy schema,PASS,PASS,HIGH,PASS,NONE
685,51731,"51731 52"" MB Jetty Hunter Fan",Hunter Fan Co,,Lighting & Ceiling Fans>Ceiling Fans>Ceiling Fans,CLASSIFIED,RULE_MATCH,Tier 3,DIRECT_DATASET,,PASS,Explicit product noun phrase in description matched deterministic taxonomy schema,PASS,PASS,HIGH,PASS,NONE
686,XLC10ZW,XLC10ZW Makita 18V Cordless Vacuum (Bare),"Makita U.S.A., Inc.",Makita®,Tools & Equipment>Power Tools>Cordless Power Tools,CLASSIFIED,RULE_MATCH,Tier 1,PRODUCT_SPECIFIC_OFFICIAL_URL,https://www.makitatools.com/products/details/XLC10ZW,PASS,Exact official manufacturer URL verified product identity,PASS,PASS,HIGH,PASS,NONE
687,HS-DA,HS-DA Motion Driveway Alert,Sabre,,UNRESOLVED,UNRESOLVED,UNRESOLVED,Tier 4,INSUFFICIENT_EVIDENCE,,NO_MATCH,No explicit product noun phrase or verified live web evidence,UNRESOLVED,PASS,NONE,PASS,INSUFFICIENT_PRODUCT_DESCRIPTION
688,73002252,Black Gate Gravity Latch RDI,Rdi Railing (Barrette Outdoor Living),RDI®,Building Materials>Decking & Railing>Railing Kits,CLASSIFIED,RULE_MATCH,Tier 3,DIRECT_DATASET,,PASS,Explicit product noun phrase in description matched deterministic taxonomy schema,PASS,PASS,HIGH,PASS,NONE
689,48-22-8396R,48-22-8396R Milw 24oz Bottle - Insulated,Milwaukee Tool,Milwaukee®,UNRESOLVED,UNRESOLVED,UNRESOLVED,Tier 4,INSUFFICIENT_EVIDENCE,,NO_MATCH,No explicit product noun phrase or verified live web evidence,UNRESOLVED,PASS,NONE,PASS,INSUFFICIENT_PRODUCT_DESCRIPTION
690,48-22-8397R,48-22-8397R Milw 36oz Bottle - Insulated,Milwaukee Tool,Milwaukee®,UNRESOLVED,UNRESOLVED,UNRESOLVED,Tier 4,INSUFFICIENT_EVIDENCE,,NO_MATCH,No explicit product noun phrase or verified live web evidence,UNRESOLVED,PASS,NONE,PASS,INSUFFICIENT_PRODUCT_DESCRIPTION
691,DCGG581B,DCGG581B Dewalt 20V Grease Gun 2-Speed,"Stanley Black & Decker, Inc.",DEWALT®,Tools & Equipment>Power Tools>Cordless Power Tools,CLASSIFIED,RULE_MATCH,Tier 3,DIRECT_DATASET,,PASS,Explicit product noun phrase in description matched deterministic taxonomy schema,PASS,PASS,HIGH,PASS,NONE
692,DCGG581GD1,DCGG581GD1 Dewalt 20V Grease Gun 2-Speed Kit,"Stanley Black & Decker, Inc.",DEWALT®,Tools & Equipment>Power Tools>Cordless Power Tools,CLASSIFIED,RULE_MATCH,Tier 3,DIRECT_DATASET,,PASS,Explicit product noun phrase in description matched deterministic taxonomy schema,PASS,PASS,HIGH,PASS,NONE
693,DWST41092,"DWST41092 Dewalt Tool Chest 41"" Bottom","Stanley Black & Decker, Inc.",DEWALT®,UNRESOLVED,UNRESOLVED,UNRESOLVED,Tier 4,INSUFFICIENT_EVIDENCE,,NO_MATCH,No explicit product noun phrase or verified live web evidence,UNRESOLVED,PASS,NONE,PASS,INSUFFICIENT_PRODUCT_DESCRIPTION
694,156436WHT,156436 Wh 4x4x120 Post Wrap,Palmer Donavin Mfg Company,DSI Westbury,Building Materials>Decking & Railing>Post Sleeves & Accessories,CLASSIFIED,RULE_MATCH,Tier 3,DIRECT_DATASET,,PASS,Explicit product noun phrase in description matched deterministic taxonomy schema,PASS,PASS,HIGH,PASS,NONE
695,173950TBK,"4""x8'-6"" DSI SQ Black Alum Post Wrap",Palmer Donavin Mfg Company,,Building Materials>Decking & Railing>Post Sleeves & Accessories,CLASSIFIED,RULE_MATCH,Tier 3,DIRECT_DATASET,,PASS,Explicit product noun phrase in description matched deterministic taxonomy schema,PASS,PASS,HIGH,PASS,NONE
696,173951TBK,"6""x8'-6"" DSI SQ Black Alum Post Wrap",Palmer Donavin Mfg Company,,Building Materials>Decking & Railing>Post Sleeves & Accessories,CLASSIFIED,RULE_MATCH,Tier 3,DIRECT_DATASET,,PASS,Explicit product noun phrase in description matched deterministic taxonomy schema,PASS,PASS,HIGH,PASS,NONE
697,173952TBK,"6""x10' DSI SQ Black Alum Post Wrap",Palmer Donavin Mfg Company,,Building Materials>Decking & Railing>Post Sleeves & Accessories,CLASSIFIED,RULE_MATCH,Tier 3,DIRECT_DATASET,,PASS,Explicit product noun phrase in description matched deterministic taxonomy schema,PASS,PASS,HIGH,PASS,NONE
698,1624157,TW52 WH INSIDE CAS VIN WRAPPED,Andersen Windows & Doors,ANDERSEN®,UNRESOLVED,UNRESOLVED,UNRESOLVED,Tier 4,INSUFFICIENT_EVIDENCE,,NO_MATCH,No explicit product noun phrase or verified live web evidence,UNRESOLVED,PASS,NONE,PASS,EXACT_MPN_NOT_FOUND
699,40025,40025 TS-54 Wal-Board T-Square 009-008,Marshalltown Company,Marshalltown®,UNRESOLVED,UNRESOLVED,UNRESOLVED,Tier 4,INSUFFICIENT_EVIDENCE,,NO_MATCH,No explicit product noun phrase or verified live web evidence,UNRESOLVED,PASS,NONE,PASS,EXACT_MPN_NOT_FOUND
700,48-22-3301,48-22-3301 Milw Mechanical Pencil w/ Lead Pack,Milwaukee Tool,Milwaukee®,UNRESOLVED,UNRESOLVED,UNRESOLVED,Tier 4,INSUFFICIENT_EVIDENCE,,NO_MATCH,No explicit product noun phrase or verified live web evidence,UNRESOLVED,PASS,NONE,PASS,INSUFFICIENT_PRODUCT_DESCRIPTION
701,48-22-3302,48-22-3302 Milw Mechanical Pencil Replacement Lead,Milwaukee Tool,Milwaukee®,UNRESOLVED,UNRESOLVED,UNRESOLVED,Tier 4,INSUFFICIENT_EVIDENCE,,NO_MATCH,No explicit product noun phrase or verified live web evidence,UNRESOLVED,PASS,NONE,PASS,INSUFFICIENT_PRODUCT_DESCRIPTION
702,48-22-3303,48-22-3303 Milw Mechanical Pencil Replacement Lead-Color,Milwaukee Tool,Milwaukee®,UNRESOLVED,UNRESOLVED,UNRESOLVED,Tier 4,INSUFFICIENT_EVIDENCE,,NO_MATCH,No explicit product noun phrase or verified live web evidence,UNRESOLVED,PASS,NONE,PASS,INSUFFICIENT_PRODUCT_DESCRIPTION
703,TSDKAP218-G2,TSDKAP218-G2 Edge Safety - Khor Black Frame Polarized,Edge Eyewear Inc,,Tools & Equipment>Safety & Workwear>Safety Glasses & Eyewear,CLASSIFIED,RULE_MATCH,Tier 3,DIRECT_DATASET,,PASS,Explicit product noun phrase in description matched deterministic taxonomy schema,PASS,PASS,HIGH,PASS,NONE
704,XPAP418,XPAP418 Edge Safety Glasses - Pumori Black Frame,Edge Eyewear Inc,,Tools & Equipment>Safety & Workwear>Safety Glasses & Eyewear,CLASSIFIED,RULE_MATCH,Tier 3,DIRECT_DATASET,,PASS,Explicit product noun phrase in description matched deterministic taxonomy schema,PASS,PASS,HIGH,PASS,NONE
705,XDAP419,XDAP419 Edge Safety Glasses - Dawson Black Frame Red Lenses,Edge Eyewear Inc,,Tools & Equipment>Safety & Workwear>Safety Glasses & Eyewear,CLASSIFIED,RULE_MATCH,Tier 3,DIRECT_DATASET,,PASS,Explicit product noun phrase in description matched deterministic taxonomy schema,PASS,PASS,HIGH,PASS,NONE
706,XB11PCVS,XB11PCVS Edge Safety Glasses - Photochromic Lense,Edge Eyewear Inc,,Tools & Equipment>Safety & Workwear>Safety Glasses & Eyewear,CLASSIFIED,RULE_MATCH,Tier 3,DIRECT_DATASET,,PASS,Explicit product noun phrase in description matched deterministic taxonomy schema,PASS,PASS,HIGH,PASS,NONE
707,KB121VS,KB121VS Edge Safety Glasses - Kabru Black Frame,Edge Eyewear Inc,,Tools & Equipment>Safety & Workwear>Safety Glasses & Eyewear,CLASSIFIED,RULE_MATCH,Tier 3,DIRECT_DATASET,,PASS,Explicit product noun phrase in description matched deterministic taxonomy schema,PASS,PASS,HIGH,PASS,NONE
708,KB126VS,KB126VS Edge Safety Glasses - Kabru Black Frame,Edge Eyewear Inc,,Tools & Equipment>Safety & Workwear>Safety Glasses & Eyewear,CLASSIFIED,RULE_MATCH,Tier 3,DIRECT_DATASET,,PASS,Explicit product noun phrase in description matched deterministic taxonomy schema,PASS,PASS,HIGH,PASS,NONE
709,TC121VS,TC121VS Edge Safety Glasses - Tacana Black Frame,Edge Eyewear Inc,,Tools & Equipment>Safety & Workwear>Safety Glasses & Eyewear,CLASSIFIED,RULE_MATCH,Tier 3,DIRECT_DATASET,,PASS,Explicit product noun phrase in description matched deterministic taxonomy schema,PASS,PASS,HIGH,PASS,NONE
710,TC126VS,TC126VS Edge Safety Glasses - Tacana Black Frame,Edge Eyewear Inc,,Tools & Equipment>Safety & Workwear>Safety Glasses & Eyewear,CLASSIFIED,RULE_MATCH,Tier 3,DIRECT_DATASET,,PASS,Explicit product noun phrase in description matched deterministic taxonomy schema,PASS,PASS,HIGH,PASS,NONE
711,MK113MPAP,MK113MPAP Edge Safety Glasses - Makalu Black Frame Polarized,Edge Eyewear Inc,,Tools & Equipment>Safety & Workwear>Safety Glasses & Eyewear,CLASSIFIED,RULE_MATCH,Tier 3,DIRECT_DATASET,,PASS,Explicit product noun phrase in description matched deterministic taxonomy schema,PASS,PASS,HIGH,PASS,NONE
712,LS117MPAP,LS117MPAP Edge Safety Glasses - Lassen Black Frame Polarized,Edge Eyewear Inc,,Tools & Equipment>Safety & Workwear>Safety Glasses & Eyewear,CLASSIFIED,RULE_MATCH,Tier 3,DIRECT_DATASET,,PASS,Explicit product noun phrase in description matched deterministic taxonomy schema,PASS,PASS,HIGH,PASS,NONE
713,FE-EFX-6L,FEEFX6L Lith Fire Extinguisher,Ohio Firewatch Protection Inc,,UNRESOLVED,UNRESOLVED,UNRESOLVED,Tier 4,INSUFFICIENT_EVIDENCE,,NO_MATCH,No explicit product noun phrase or verified live web evidence,UNRESOLVED,PASS,NONE,PASS,INSUFFICIENT_PRODUCT_DESCRIPTION
714,FE-EFX-9L,FEEFX9L Lith Fire Extinguisher,Ohio Firewatch Protection Inc,,UNRESOLVED,UNRESOLVED,UNRESOLVED,Tier 4,INSUFFICIENT_EVIDENCE,,NO_MATCH,No explicit product noun phrase or verified live web evidence,UNRESOLVED,PASS,NONE,PASS,INSUFFICIENT_PRODUCT_DESCRIPTION
715,1046793,1046793 Smoke & CO Alarm,First Alert - B R K Brands,First Alert,UNRESOLVED,UNRESOLVED,UNRESOLVED,Tier 4,INSUFFICIENT_EVIDENCE,,NO_MATCH,No explicit product noun phrase or verified live web evidence,UNRESOLVED,PASS,NONE,PASS,EXACT_MPN_NOT_FOUND
716,1046870,1046870 Smoke & CO Alarm,First Alert - B R K Brands,BRK,UNRESOLVED,UNRESOLVED,UNRESOLVED,Tier 4,INSUFFICIENT_EVIDENCE,,NO_MATCH,No explicit product noun phrase or verified live web evidence,UNRESOLVED,PASS,NONE,PASS,EXACT_MPN_NOT_FOUND
717,M701B-21L,M701B-21L Milw L Black Heated Work Glove Liners,Milwaukee Tool,Milwaukee®,Tools & Equipment>Safety & Workwear>Safety Gloves,CLASSIFIED,RULE_MATCH,Tier 3,DIRECT_DATASET,,PASS,Explicit product noun phrase in description matched deterministic taxonomy schema,PASS,PASS,HIGH,PASS,NONE
718,M701B-21M,M701B-21M Milw M Black Heated Work Glove Liners,Milwaukee Tool,Milwaukee®,Tools & Equipment>Safety & Workwear>Safety Gloves,CLASSIFIED,RULE_MATCH,Tier 3,DIRECT_DATASET,,PASS,Explicit product noun phrase in description matched deterministic taxonomy schema,PASS,PASS,HIGH,PASS,NONE
719,M701B-21S,M701B-21S Milw S Black Heated Work Glove Liners,Milwaukee Tool,Milwaukee®,Tools & Equipment>Safety & Workwear>Safety Gloves,CLASSIFIED,RULE_MATCH,Tier 3,DIRECT_DATASET,,PASS,Explicit product noun phrase in description matched deterministic taxonomy schema,PASS,PASS,HIGH,PASS,NONE
720,M701B-21XL,M701B-21XL Milw XL Black Heated Work Glove Liners,Milwaukee Tool,Milwaukee®,Tools & Equipment>Safety & Workwear>Safety Gloves,CLASSIFIED,RULE_MATCH,Tier 3,DIRECT_DATASET,,PASS,Explicit product noun phrase in description matched deterministic taxonomy schema,PASS,PASS,HIGH,PASS,NONE
721,MWUG42010124,UTW Pro Heated Glove Blk XS,Tech Gear 5.7 Inc,,Tools & Equipment>Safety & Workwear>Safety Gloves,CLASSIFIED,RULE_MATCH,Tier 3,DIRECT_DATASET,,PASS,Explicit product noun phrase in description matched deterministic taxonomy schema,PASS,PASS,HIGH,PASS,NONE
722,MWUG42010224,UTW Pro Heated Glove Blk SM,Tech Gear 5.7 Inc,,Tools & Equipment>Safety & Workwear>Safety Gloves,CLASSIFIED,RULE_MATCH,Tier 3,DIRECT_DATASET,,PASS,Explicit product noun phrase in description matched deterministic taxonomy schema,PASS,PASS,HIGH,PASS,NONE
723,MWUG42010324,UTW Pro Heated Glove Blk MD,Tech Gear 5.7 Inc,,Tools & Equipment>Safety & Workwear>Safety Gloves,CLASSIFIED,RULE_MATCH,Tier 3,DIRECT_DATASET,,PASS,Explicit product noun phrase in description matched deterministic taxonomy schema,PASS,PASS,HIGH,PASS,NONE
724,MWUG42010424,UTW Pro Heated Glove Blk LG,Tech Gear 5.7 Inc,,Tools & Equipment>Safety & Workwear>Safety Gloves,CLASSIFIED,RULE_MATCH,Tier 3,DIRECT_DATASET,,PASS,Explicit product noun phrase in description matched deterministic taxonomy schema,PASS,PASS,HIGH,PASS,NONE
725,MWUG42010524,UTW Pro Heated Glove Blk XL,Tech Gear 5.7 Inc,,Tools & Equipment>Safety & Workwear>Safety Gloves,CLASSIFIED,RULE_MATCH,Tier 3,DIRECT_DATASET,,PASS,Explicit product noun phrase in description matched deterministic taxonomy schema,PASS,PASS,HIGH,PASS,NONE
726,MWUG42010624,UTW Pro Heated Glove Blk 2X,Tech Gear 5.7 Inc,,Tools & Equipment>Safety & Workwear>Safety Gloves,CLASSIFIED,RULE_MATCH,Tier 3,DIRECT_DATASET,,PASS,Explicit product noun phrase in description matched deterministic taxonomy schema,PASS,PASS,HIGH,PASS,NONE
727,MWUG36010225,MWUG36010225 BLK SM Aerial Snow Heated Glove,Tech Gear 5.7 Inc,,Tools & Equipment>Safety & Workwear>Safety Gloves,CLASSIFIED,RULE_MATCH,Tier 3,DIRECT_DATASET,,PASS,Explicit product noun phrase in description matched deterministic taxonomy schema,PASS,PASS,HIGH,PASS,NONE
728,MWUG36010325,MWUG36010325 BLK MD Aerial Snow Heated Glove,Tech Gear 5.7 Inc,,Tools & Equipment>Safety & Workwear>Safety Gloves,CLASSIFIED,RULE_MATCH,Tier 3,DIRECT_DATASET,,PASS,Explicit product noun phrase in description matched deterministic taxonomy schema,PASS,PASS,HIGH,PASS,NONE
729,MWUG36010425,MWUG36010425 BLK LG Aerial Snow Heated Glove,Tech Gear 5.7 Inc,,Tools & Equipment>Safety & Workwear>Safety Gloves,CLASSIFIED,RULE_MATCH,Tier 3,DIRECT_DATASET,,PASS,Explicit product noun phrase in description matched deterministic taxonomy schema,PASS,PASS,HIGH,PASS,NONE
730,MWUG36010525,MWUG36010525 BLK XL Aerial Snow Heated Glove,Tech Gear 5.7 Inc,,Tools & Equipment>Safety & Workwear>Safety Gloves,CLASSIFIED,RULE_MATCH,Tier 3,DIRECT_DATASET,,PASS,Explicit product noun phrase in description matched deterministic taxonomy schema,PASS,PASS,HIGH,PASS,NONE
731,MWUG36010625,MWUG36010625 BLK 2X Aerial Snow Heated Glove,Tech Gear 5.7 Inc,,Tools & Equipment>Safety & Workwear>Safety Gloves,CLASSIFIED,RULE_MATCH,Tier 3,DIRECT_DATASET,,PASS,Explicit product noun phrase in description matched deterministic taxonomy schema,PASS,PASS,HIGH,PASS,NONE
732,DPG15,DPG15 Dewalt AM/FM Hearing Protector,"Stanley Black & Decker, Inc.",DEWALT®,UNRESOLVED,UNRESOLVED,UNRESOLVED,Tier 4,INSUFFICIENT_EVIDENCE,,NO_MATCH,No explicit product noun phrase or verified live web evidence,UNRESOLVED,PASS,NONE,PASS,INSUFFICIENT_PRODUCT_DESCRIPTION
733,F200B-21L,F200B-21L Milw M12 Womens - BLK Heated Hoodie Kit L,Milwaukee Tool,Milwaukee®,Tools & Equipment>Safety & Workwear>Heated Gear & Apparel,CLASSIFIED,RULE_MATCH,Tier 3,DIRECT_DATASET,,PASS,Explicit product noun phrase in description matched deterministic taxonomy schema,PASS,PASS,HIGH,PASS,NONE
734,F200B-21M,F200B-21M Milw M12 Womens - BLK Heated Hoodie Kit M,Milwaukee Tool,Milwaukee®,Tools & Equipment>Safety & Workwear>Heated Gear & Apparel,CLASSIFIED,RULE_MATCH,Tier 3,DIRECT_DATASET,,PASS,Explicit product noun phrase in description matched deterministic taxonomy schema,PASS,PASS,HIGH,PASS,NONE
735,M200B-21L,M200B-21L Milw M12 BLK - Heated Hoodie Kit L,Milwaukee Tool,Milwaukee®,Tools & Equipment>Safety & Workwear>Heated Gear & Apparel,CLASSIFIED,RULE_MATCH,Tier 3,DIRECT_DATASET,,PASS,Explicit product noun phrase in description matched deterministic taxonomy schema,PASS,PASS,HIGH,PASS,NONE
736,M200B-21M,M200B-21M Milw M12 BLK - Heated Hoodie Kit M,Milwaukee Tool,Milwaukee®,Tools & Equipment>Safety & Workwear>Heated Gear & Apparel,CLASSIFIED,RULE_MATCH,Tier 3,DIRECT_DATASET,,PASS,Explicit product noun phrase in description matched deterministic taxonomy schema,PASS,PASS,HIGH,PASS,NONE
737,M200B-21XL,M200B-21XL Milw M12 BLK - Heated Hoodie Kit XL,Milwaukee Tool,Milwaukee®,Tools & Equipment>Safety & Workwear>Heated Gear & Apparel,CLASSIFIED,RULE_MATCH,Tier 3,DIRECT_DATASET,,PASS,Explicit product noun phrase in description matched deterministic taxonomy schema,PASS,PASS,HIGH,PASS,NONE
738,M200G-21L,M200G-21L Milw M12 Gray - Heated Hoodie Kit L,Milwaukee Tool,Milwaukee®,Tools & Equipment>Safety & Workwear>Heated Gear & Apparel,CLASSIFIED,RULE_MATCH,Tier 3,DIRECT_DATASET,,PASS,Explicit product noun phrase in description matched deterministic taxonomy schema,PASS,PASS,HIGH,PASS,NONE
739,M200G-21M,M200G-21M Milw M12 Gray - Heated Hoodie Kit M,Milwaukee Tool,Milwaukee®,Tools & Equipment>Safety & Workwear>Heated Gear & Apparel,CLASSIFIED,RULE_MATCH,Tier 3,DIRECT_DATASET,,PASS,Explicit product noun phrase in description matched deterministic taxonomy schema,PASS,PASS,HIGH,PASS,NONE
740,M200G-21XL,M200G-21XL Milw M12 Gray - Heated Hoodie Kit XL,Milwaukee Tool,Milwaukee®,Tools & Equipment>Safety & Workwear>Heated Gear & Apparel,CLASSIFIED,RULE_MATCH,Tier 3,DIRECT_DATASET,,PASS,Explicit product noun phrase in description matched deterministic taxonomy schema,PASS,PASS,HIGH,PASS,NONE
741,48-11-2330,48-11-2330 Milw Heated Gear Power Source,Milwaukee Tool,Milwaukee®,UNRESOLVED,UNRESOLVED,UNRESOLVED,Tier 4,INSUFFICIENT_EVIDENCE,,NO_MATCH,No explicit product noun phrase or verified live web evidence,UNRESOLVED,PASS,NONE,PASS,INSUFFICIENT_PRODUCT_DESCRIPTION
742,DCBP250C,DCBP520C Dewalt Starter Kit,"Stanley Black & Decker, Inc.",DEWALT®,Tools & Equipment>Power Tools>Batteries & Chargers,CLASSIFIED,RULE_MATCH,Tier 3,DIRECT_DATASET,,PASS,Explicit product noun phrase in description matched deterministic taxonomy schema,PASS,PASS,HIGH,PASS,NONE
743,5328,5328 Lg. Leather Phone Holster - Clip-on,,,UNRESOLVED,UNRESOLVED,UNRESOLVED,Tier 4,INSUFFICIENT_EVIDENCE,,NO_MATCH,No explicit product noun phrase or verified live web evidence,UNRESOLVED,PASS,NONE,PASS,EXACT_MPN_NOT_FOUND
744,3200-20,3200-20 Milw Voltage Detector,Milwaukee Tool,Milwaukee®,UNRESOLVED,UNRESOLVED,UNRESOLVED,Tier 4,INSUFFICIENT_EVIDENCE,,NO_MATCH,No explicit product noun phrase or verified live web evidence,UNRESOLVED,PASS,NONE,PASS,INSUFFICIENT_PRODUCT_DESCRIPTION
745,3202-20,3202-20 Milw Voltage Detector w/ LED,Milwaukee Tool,Milwaukee®,UNRESOLVED,UNRESOLVED,UNRESOLVED,Tier 4,INSUFFICIENT_EVIDENCE,,NO_MATCH,No explicit product noun phrase or verified live web evidence,UNRESOLVED,PASS,NONE,PASS,INSUFFICIENT_PRODUCT_DESCRIPTION
746,3203-20,3203-20 Milw Dual Range Voltage Detector w/ LED,Milwaukee Tool,Milwaukee®,Appliances>Major Appliances>Cooking Appliances,CLASSIFIED,RULE_MATCH,Tier 3,DIRECT_DATASET,,PASS,Explicit product noun phrase in description matched deterministic taxonomy schema,PASS,PASS,HIGH,PASS,NONE
747,BC-12300,"BC-12300 BigCal 12""/300mm",Woodpeckers Inc,,UNRESOLVED,UNRESOLVED,UNRESOLVED,Tier 4,INSUFFICIENT_EVIDENCE,,NO_MATCH,No explicit product noun phrase or verified live web evidence,UNRESOLVED,PASS,NONE,PASS,INSUFFICIENT_PRODUCT_DESCRIPTION
748,BC-24600,"BC-24600 BigCal 24""/600mm",Woodpeckers Inc,,UNRESOLVED,UNRESOLVED,UNRESOLVED,Tier 4,INSUFFICIENT_EVIDENCE,,NO_MATCH,No explicit product noun phrase or verified live web evidence,UNRESOLVED,PASS,NONE,PASS,INSUFFICIENT_PRODUCT_DESCRIPTION
749,DW08302CG,DW08302CG Dewalt Laser - Green 3 Spot,"Stanley Black & Decker, Inc.",DEWALT®,UNRESOLVED,UNRESOLVED,UNRESOLVED,Tier 4,INSUFFICIENT_EVIDENCE,,NO_MATCH,No explicit product noun phrase or verified live web evidence,UNRESOLVED,PASS,NONE,PASS,INSUFFICIENT_PRODUCT_DESCRIPTION
750,GCL165-42GL,GCL165--42GL Cross Line Laser,Robert Bosch Tool Corp,Bosch®,UNRESOLVED,UNRESOLVED,UNRESOLVED,Tier 4,INSUFFICIENT_EVIDENCE,,NO_MATCH,No explicit product noun phrase or verified live web evidence,UNRESOLVED,PASS,NONE,PASS,INSUFFICIENT_PRODUCT_DESCRIPTION
751,DW08802CG,DW08802CG Dewalt Laser Green - Self-Level Cross Line,"Stanley Black & Decker, Inc.",DEWALT®,Tools & Equipment>Hand Tools>Hand Tools,CLASSIFIED,RULE_MATCH,Tier 3,DIRECT_DATASET,,PASS,Explicit product noun phrase in description matched deterministic taxonomy schema,PASS,PASS,HIGH,PASS,NONE
752,DW088CG,DW088CG Dewalt Laser - Green Cross Line,"Stanley Black & Decker, Inc.",DEWALT®,UNRESOLVED,UNRESOLVED,UNRESOLVED,Tier 4,INSUFFICIENT_EVIDENCE,,NO_MATCH,No explicit product noun phrase or verified live web evidence,UNRESOLVED,PASS,NONE,PASS,INSUFFICIENT_PRODUCT_DESCRIPTION
753,DW089CG,DW089CG Dewalt Laser Level - 3 Line 30ft Range,"Stanley Black & Decker, Inc.",DEWALT®,Tools & Equipment>Hand Tools>Hand Tools,CLASSIFIED,RULE_MATCH,Tier 3,DIRECT_DATASET,,PASS,Explicit product noun phrase in description matched deterministic taxonomy schema,PASS,PASS,HIGH,PASS,NONE
754,DCLE34520GB,DCLE34520GB Dewalt Laser 20V - Cross Line 5 Spot (Bare),"Stanley Black & Decker, Inc.",DEWALT®,Tools & Equipment>Power Tools>Cordless Power Tools,CLASSIFIED,RULE_MATCH,Tier 3,DIRECT_DATASET,,PASS,Explicit product noun phrase in description matched deterministic taxonomy schema,PASS,PASS,HIGH,PASS,NONE
755,DCLE34031B,DCLE34031B Dewalt Line Laser - 20V Self-Leveling (Bare),"Stanley Black & Decker, Inc.",DEWALT®,Tools & Equipment>Power Tools>Cordless Power Tools,CLASSIFIED,RULE_MATCH,Tier 3,DIRECT_DATASET,,PASS,Explicit product noun phrase in description matched deterministic taxonomy schema,PASS,PASS,HIGH,PASS,NONE
756,DW0822CG,DW0822CG Dewalt Cross Line - Plumb Spots Laser-Green,"Stanley Black & Decker, Inc.",DEWALT®,UNRESOLVED,UNRESOLVED,UNRESOLVED,Tier 4,INSUFFICIENT_EVIDENCE,,NO_MATCH,No explicit product noun phrase or verified live web evidence,UNRESOLVED,PASS,NONE,PASS,INSUFFICIENT_PRODUCT_DESCRIPTION
757,25459,25459 Mason Line Brd Orange - 500',U S Tape Company,,Electrical>Electrical Accessories>Tapes & Adhesives,CLASSIFIED,RULE_MATCH,Tier 3,DIRECT_DATASET,,PASS,Explicit product noun phrase in description matched deterministic taxonomy schema,PASS,PASS,HIGH,PASS,NONE
758,35459,35459 Mason Line Brd Orange - 500' Replacement,U S Tape Company,,Electrical>Electrical Accessories>Tapes & Adhesives,CLASSIFIED,RULE_MATCH,Tier 3,DIRECT_DATASET,,PASS,Explicit product noun phrase in description matched deterministic taxonomy schema,PASS,PASS,HIGH,PASS,NONE
759,25759,25759 Mason Line Brd Orange - 1000',U S Tape Company,,Electrical>Electrical Accessories>Tapes & Adhesives,CLASSIFIED,RULE_MATCH,Tier 3,DIRECT_DATASET,,PASS,Explicit product noun phrase in description matched deterministic taxonomy schema,PASS,PASS,HIGH,PASS,NONE
760,35112,35112 Mason Line Twist Yellow - 270',U S Tape Company,,Electrical>Electrical Accessories>Tapes & Adhesives,CLASSIFIED,RULE_MATCH,Tier 3,DIRECT_DATASET,,PASS,Explicit product noun phrase in description matched deterministic taxonomy schema,PASS,PASS,HIGH,PASS,NONE
761,35115,35115 Mason Line Twist Green - 270',U S Tape Company,,Electrical>Electrical Accessories>Tapes & Adhesives,CLASSIFIED,RULE_MATCH,Tier 3,DIRECT_DATASET,,PASS,Explicit product noun phrase in description matched deterministic taxonomy schema,PASS,PASS,HIGH,PASS,NONE
762,25168,25168 Mason Line Brd Green - 250',U S Tape Company,CENTURY COMPONENTS,Electrical>Electrical Accessories>Tapes & Adhesives,CLASSIFIED,RULE_MATCH,Tier 3,DIRECT_DATASET,,PASS,Explicit product noun phrase in description matched deterministic taxonomy schema,PASS,PASS,HIGH,PASS,NONE
763,35468,35468 Mason Line Brd Green - 500' Replacement,U S Tape Company,,Electrical>Electrical Accessories>Tapes & Adhesives,CLASSIFIED,RULE_MATCH,Tier 3,DIRECT_DATASET,,PASS,Explicit product noun phrase in description matched deterministic taxonomy schema,PASS,PASS,HIGH,PASS,NONE
764,35494,35494 Mason Line Brd Blk/Yellw - 500' Replacement,U S Tape Company,,Electrical>Electrical Accessories>Tapes & Adhesives,CLASSIFIED,RULE_MATCH,Tier 3,DIRECT_DATASET,,PASS,Explicit product noun phrase in description matched deterministic taxonomy schema,PASS,PASS,HIGH,PASS,NONE
765,MLSQ0120,"MLSQ0120 Milw 12"" RafterSquare",Milwaukee Tool,Milwaukee®,UNRESOLVED,UNRESOLVED,UNRESOLVED,Tier 4,INSUFFICIENT_EVIDENCE,,NO_MATCH,No explicit product noun phrase or verified live web evidence,UNRESOLVED,PASS,NONE,PASS,INSUFFICIENT_PRODUCT_DESCRIPTION
766,MLSQ1120,MLSQ1120 Milw 300mm Rafter - Square (Metric),Milwaukee Tool,Milwaukee®,UNRESOLVED,UNRESOLVED,UNRESOLVED,Tier 4,INSUFFICIENT_EVIDENCE,,NO_MATCH,No explicit product noun phrase or verified live web evidence,UNRESOLVED,PASS,NONE,PASS,INSUFFICIENT_PRODUCT_DESCRIPTION
767,55227,"55227 Amana Countersink/Stop 1/8"" Drill TB",Amana Tool Corp,,Tools & Equipment>Power Tool Accessories>Cutting Tools>Bits,CLASSIFIED,RULE_MATCH,Tier 3,DIRECT_DATASET,,PASS,Explicit product noun phrase in description matched deterministic taxonomy schema,PASS,PASS,HIGH,PASS,NONE
768,37300952,"095842 Fisch Plug Cutter 3/8""",,,UNRESOLVED,UNRESOLVED,UNRESOLVED,Tier 4,INSUFFICIENT_EVIDENCE,,NO_MATCH,No explicit product noun phrase or verified live web evidence,UNRESOLVED,PASS,NONE,PASS,EXACT_MPN_NOT_FOUND
769,6008,6008 Whiteside Router Bit,Whiteside Machine & Repair Co,Whiteside®,Tools & Equipment>Power Tool Accessories>Cutting Tools>Bits,CLASSIFIED,RULE_MATCH,Tier 3,DIRECT_DATASET,,PASS,Explicit product noun phrase in description matched deterministic taxonomy schema,PASS,PASS,HIGH,PASS,NONE
770,6009,6009 Whiteside Router Bit,Whiteside Machine & Repair Co,Whiteside®,Tools & Equipment>Power Tool Accessories>Cutting Tools>Bits,CLASSIFIED,RULE_MATCH,Tier 3,DIRECT_DATASET,,PASS,Explicit product noun phrase in description matched deterministic taxonomy schema,PASS,PASS,HIGH,PASS,NONE
771,3000A,3000A Whiteside Router Bit,Whiteside Machine & Repair Co,Whiteside®,Tools & Equipment>Power Tool Accessories>Cutting Tools>Bits,CLASSIFIED,RULE_MATCH,Tier 3,DIRECT_DATASET,,PASS,Explicit product noun phrase in description matched deterministic taxonomy schema,PASS,PASS,HIGH,PASS,NONE
772,MID6630201US,MID6630201US Deos663XCV Sander,Mirka Abrasives Inc,,Tools & Equipment>Power Tools>Cordless Power Tools,CLASSIFIED,RULE_MATCH,Tier 3,DIRECT_DATASET,,PASS,Explicit product noun phrase in description matched deterministic taxonomy schema,PASS,PASS,HIGH,PASS,NONE
773,DCF6202,DCF6202 Dewalt Collated Attach,"Stanley Black & Decker, Inc.",DEWALT®,UNRESOLVED,UNRESOLVED,UNRESOLVED,Tier 4,INSUFFICIENT_EVIDENCE,,NO_MATCH,No explicit product noun phrase or verified live web evidence,UNRESOLVED,PASS,NONE,PASS,INSUFFICIENT_PRODUCT_DESCRIPTION
774,25468,25468 Mason Line Brd Green - 500',U S Tape Company,,Electrical>Electrical Accessories>Tapes & Adhesives,CLASSIFIED,RULE_MATCH,Tier 3,DIRECT_DATASET,,PASS,Explicit product noun phrase in description matched deterministic taxonomy schema,PASS,PASS,HIGH,PASS,NONE
775,25762,25762 Mason Line Brd Pink - 1000',U S Tape Company,,Electrical>Electrical Accessories>Tapes & Adhesives,CLASSIFIED,RULE_MATCH,Tier 3,DIRECT_DATASET,,PASS,Explicit product noun phrase in description matched deterministic taxonomy schema,PASS,PASS,HIGH,PASS,NONE
776,21839NN,"21839NN File Bstd Mill 10""",Apex Tool Group (Nicholson),Nicholson®,Tools & Equipment>Hand Tools>Files & Rasps,CLASSIFIED,RULE_MATCH,Tier 3,DIRECT_DATASET,,PASS,Explicit product noun phrase in description matched deterministic taxonomy schema,PASS,PASS,HIGH,PASS,NONE
777,VN56920,"VN56920 10 1/2"" Saw Blade",Marshalltown Company,Marshalltown®,Tools & Equipment>Power Tool Accessories>Cutting Tools>Saw Blades,CLASSIFIED,RULE_MATCH,Tier 1,PRODUCT_SPECIFIC_OFFICIAL_URL,https://www.marshalltown.com/pro-4634-bear-saw-pull-saws?variantItemId=43381; https://www.amazon.com/VAUGHAN-Tri-Edge-Interchangeable-BS265M-VN56920/dp/B00004Z2WX,PASS,Exact official manufacturer URL verified product identity,PASS,PASS,HIGH,PASS,NONE
778,133164,133164 950/9 Hex Plus Spks - Multicolor,Wera Tools NA Inc,,UNRESOLVED,UNRESOLVED,UNRESOLVED,Tier 4,INSUFFICIENT_EVIDENCE,,NO_MATCH,No explicit product noun phrase or verified live web evidence,UNRESOLVED,PASS,NONE,PASS,EXACT_MPN_NOT_FOUND
779,DWHT10993,DWHT10993 Folding Knife,"Stanley Black & Decker, Inc.",DEWALT®,UNRESOLVED,UNRESOLVED,UNRESOLVED,Tier 4,INSUFFICIENT_EVIDENCE,,NO_MATCH,No explicit product noun phrase or verified live web evidence,UNRESOLVED,PASS,NONE,PASS,INSUFFICIENT_PRODUCT_DESCRIPTION
780,DWHT10994,DWHT10994 Folding Knife,"Stanley Black & Decker, Inc.",DEWALT®,UNRESOLVED,UNRESOLVED,UNRESOLVED,Tier 4,INSUFFICIENT_EVIDENCE,,NO_MATCH,No explicit product noun phrase or verified live web evidence,UNRESOLVED,PASS,NONE,PASS,INSUFFICIENT_PRODUCT_DESCRIPTION
781,QB22RU,QB22RU Vessel Carrying Bit Holder (Red),Vessel Tools Usa Inc,Vessel®,UNRESOLVED,UNRESOLVED,UNRESOLVED,Tier 4,INSUFFICIENT_EVIDENCE,,NO_MATCH,No explicit product noun phrase or verified live web evidence,UNRESOLVED,PASS,NONE,PASS,INSUFFICIENT_PRODUCT_DESCRIPTION
782,QB22KU,QB22KU Vessel Carrying Bit Holder (Black),Vessel Tools Usa Inc,Vessel®,UNRESOLVED,UNRESOLVED,UNRESOLVED,Tier 4,INSUFFICIENT_EVIDENCE,,NO_MATCH,No explicit product noun phrase or verified live web evidence,UNRESOLVED,PASS,NONE,PASS,INSUFFICIENT_PRODUCT_DESCRIPTION
783,AVM6EV,AVM6 EV Mini Snip Red,Malco Prod,,UNRESOLVED,UNRESOLVED,UNRESOLVED,Tier 4,INSUFFICIENT_EVIDENCE,,NO_MATCH,No explicit product noun phrase or verified live web evidence,UNRESOLVED,PASS,NONE,PASS,INSUFFICIENT_PRODUCT_DESCRIPTION
784,AVM6EV,AVM7 EV Mini Snip Green,Malco Prod,,UNRESOLVED,UNRESOLVED,UNRESOLVED,Tier 4,INSUFFICIENT_EVIDENCE,,NO_MATCH,No explicit product noun phrase or verified live web evidence,UNRESOLVED,PASS,NONE,PASS,INSUFFICIENT_PRODUCT_DESCRIPTION
785,DSA0250B,"DSA0250B 1/4"" Square x1/4"" Hex - Socket Adapter",Freud Inc,Diablo®,Tools & Equipment>Power Tool Accessories>Cutting Tools>Bits,CLASSIFIED,RULE_MATCH,Tier 3,DIRECT_DATASET,,PASS,Explicit product noun phrase in description matched deterministic taxonomy schema,PASS,PASS,HIGH,PASS,NONE
786,DSA0375B,"DSA0375B 3/8"" Square x1/4"" Hex - Socket Adapter",Freud Inc,Diablo®,Tools & Equipment>Power Tool Accessories>Cutting Tools>Bits,CLASSIFIED,RULE_MATCH,Tier 3,DIRECT_DATASET,,PASS,Explicit product noun phrase in description matched deterministic taxonomy schema,PASS,PASS,HIGH,PASS,NONE
787,DSA0500B,"DSA0500B 1/2"" Square x1/4"" Hex - Socket Adapter",Freud Inc,Diablo®,Tools & Equipment>Power Tool Accessories>Cutting Tools>Bits,CLASSIFIED,RULE_MATCH,Tier 3,DIRECT_DATASET,,PASS,Explicit product noun phrase in description matched deterministic taxonomy schema,PASS,PASS,HIGH,PASS,NONE
788,42-04-9107,"42-04-9107 Milw 3/8"" Drive Universal Joint",Milwaukee Tool,Milwaukee®,UNRESOLVED,UNRESOLVED,UNRESOLVED,Tier 4,INSUFFICIENT_EVIDENCE,,NO_MATCH,No explicit product noun phrase or verified live web evidence,UNRESOLVED,PASS,NONE,PASS,INSUFFICIENT_PRODUCT_DESCRIPTION
789,48-22-9491,48-22-9491 Milw 242pc Ratchet & Socket Set 4-Drawer Tool Box,Milwaukee Tool,Milwaukee®,Tools & Equipment>Hand Tools>Hand Tools,CLASSIFIED,RULE_MATCH,Tier 3,DIRECT_DATASET,,PASS,Explicit product noun phrase in description matched deterministic taxonomy schema,PASS,PASS,HIGH,PASS,NONE
790,DWMT45422,"DWMT45422 Dewalt 1/4"" Drive - 50pc Mechanics Set","Stanley Black & Decker, Inc.",DEWALT®,UNRESOLVED,UNRESOLVED,UNRESOLVED,Tier 4,INSUFFICIENT_EVIDENCE,,NO_MATCH,No explicit product noun phrase or verified live web evidence,UNRESOLVED,PASS,NONE,PASS,INSUFFICIENT_PRODUCT_DESCRIPTION
791,DWMT45424,"DWMT45424 Dewalt 3/8"" Drive - 84pc Mechanics Set","Stanley Black & Decker, Inc.",DEWALT®,UNRESOLVED,UNRESOLVED,UNRESOLVED,Tier 4,INSUFFICIENT_EVIDENCE,,NO_MATCH,No explicit product noun phrase or verified live web evidence,UNRESOLVED,PASS,NONE,PASS,INSUFFICIENT_PRODUCT_DESCRIPTION
792,48-22-9483,48-22-9483 Milw Packout 15pc - Metric Wrench Set,Milwaukee Tool,Milwaukee®,Tools & Equipment>Hand Tools>Hand Tools,CLASSIFIED,RULE_MATCH,Tier 3,DIRECT_DATASET,,PASS,Explicit product noun phrase in description matched deterministic taxonomy schema,PASS,PASS,HIGH,PASS,NONE
793,48-22-9484,48-22-9484 Milw Packout 15pc - SAE Wrench Set,Milwaukee Tool,Milwaukee®,Tools & Equipment>Hand Tools>Hand Tools,CLASSIFIED,RULE_MATCH,Tier 3,DIRECT_DATASET,,PASS,Explicit product noun phrase in description matched deterministic taxonomy schema,PASS,PASS,HIGH,PASS,NONE
794,48-22-9485,48-22-9485 Milw Packout 30pc - Metric & SAE Wrench Set,Milwaukee Tool,Milwaukee®,Tools & Equipment>Hand Tools>Hand Tools,CLASSIFIED,RULE_MATCH,Tier 3,DIRECT_DATASET,,PASS,Explicit product noun phrase in description matched deterministic taxonomy schema,PASS,PASS,HIGH,PASS,NONE
795,48-44-2770,48-44-2770 Milw Pole Pruning - Shears Replacement Blade,Milwaukee Tool,Milwaukee®,Tools & Equipment>Power Tool Accessories>Cutting Tools>Saw Blades,CLASSIFIED,RULE_MATCH,Tier 3,DIRECT_DATASET,,PASS,Explicit product noun phrase in description matched deterministic taxonomy schema,PASS,PASS,HIGH,PASS,NONE
796,IWHT48441RC,IWHT48441RC Irwin 100ft - Red Chalk & Reel Set,Irwin Industrial Tools,Irwin,Tools & Equipment>Hand Tools>Hand Tools,CLASSIFIED,RULE_MATCH,Tier 3,DIRECT_DATASET,,PASS,Explicit product noun phrase in description matched deterministic taxonomy schema,PASS,PASS,HIGH,PASS,NONE
797,XRU23SM1,"XRU23SM1 Makita 18V 13"" - String Trimmer Kit","Makita U.S.A., Inc.",Makita®,Tools & Equipment>Power Tools>Cordless Power Tools,CLASSIFIED,RULE_MATCH,Tier 1,PRODUCT_SPECIFIC_OFFICIAL_URL,https://www.makitatools.com/products/details/XRU23SM1,PASS,Exact official manufacturer URL verified product identity,PASS,PASS,HIGH,PASS,NONE
798,XRU15PT1,XRU15PT1 Makita String Trimmer,"Makita U.S.A., Inc.",Makita®,Tools & Equipment>Power Tools>Cordless Power Tools,CLASSIFIED,RULE_MATCH,Tier 3,DIRECT_DATASET,,PASS,Explicit product noun phrase in description matched deterministic taxonomy schema,PASS,PASS,HIGH,PASS,NONE
799,XRU23Z,XRU23Z Makita 18V Trimmer Tool - Only,"Makita U.S.A., Inc.",Makita®,Tools & Equipment>Power Tools>Cordless Power Tools,CLASSIFIED,RULE_MATCH,Tier 3,DIRECT_DATASET,,PASS,Explicit product noun phrase in description matched deterministic taxonomy schema,PASS,PASS,HIGH,PASS,NONE
800,0887-20,0887-20 Milw M18 Brushless Precision Blower,Milwaukee Tool,Milwaukee®,Tools & Equipment>Power Tools>Cordless Power Tools,CLASSIFIED,RULE_MATCH,Tier 1,PRODUCT_SPECIFIC_OFFICIAL_URL,https://www.milwaukeetool.com/Products/0887-20,PASS,Exact official manufacturer URL verified product identity,PASS,PASS,HIGH,PASS,NONE
801,DCBL724B,DCBL724B Dewalt 20V Max XR Blower (Bare),"Stanley Black & Decker, Inc.",DEWALT®,Tools & Equipment>Power Tools>Cordless Power Tools,CLASSIFIED,RULE_MATCH,Tier 1,PRODUCT_SPECIFIC_OFFICIAL_URL,https://www.dewalt.com/product/dcbl724b/20v-max-xr-brushless-cordless-handheld-blower-tool-only,PASS,Exact official manufacturer URL verified product identity,PASS,PASS,HIGH,PASS,NONE
802,2954-20,2954-20 Milw M18 Bluetooth Jobsite Speaker,Milwaukee Tool,Milwaukee®,Tools & Equipment>Power Tools>Cordless Power Tools,CLASSIFIED,RULE_MATCH,Tier 3,DIRECT_DATASET,,PASS,Explicit product noun phrase in description matched deterministic taxonomy schema,PASS,PASS,HIGH,PASS,NONE
803,2955-20,2955-20 Milw M12 Bluetooth - Jobsite Speaker w/Packout,Milwaukee Tool,Milwaukee®,Tools & Equipment>Power Tools>Cordless Power Tools,CLASSIFIED,RULE_MATCH,Tier 3,DIRECT_DATASET,,PASS,Explicit product noun phrase in description matched deterministic taxonomy schema,PASS,PASS,HIGH,PASS,NONE
804,9A-219-180,9A-219-180 Abranet 4x6x6,Mirka Abrasives Inc,,Tools & Equipment>Power Tool Accessories>Abrasives>Sanding Discs,CLASSIFIED,RULE_MATCH,Tier 3,DIRECT_DATASET,,PASS,Explicit product noun phrase in description matched deterministic taxonomy schema,PASS,PASS,HIGH,PASS,NONE
805,9A-219-120RP,9A-219-120RP Abranet 4x6x6,Mirka Abrasives Inc,,Tools & Equipment>Power Tool Accessories>Abrasives>Sanding Discs,CLASSIFIED,RULE_MATCH,Tier 3,DIRECT_DATASET,,PASS,Explicit product noun phrase in description matched deterministic taxonomy schema,PASS,PASS,HIGH,PASS,NONE
806,3033-20,"3033-20 Milw M18 24"" - Hedge Trimmer",Milwaukee Tool,Milwaukee®,Tools & Equipment>Power Tools>Cordless Power Tools,CLASSIFIED,RULE_MATCH,Tier 1,PRODUCT_SPECIFIC_OFFICIAL_URL,https://www.milwaukeetool.com/Products/3033-20,PASS,Exact official manufacturer URL verified product identity,PASS,PASS,HIGH,PASS,NONE
807,3033-21,"3033-21 Milw M18 24"" - Hedge Trimmer Kit",Milwaukee Tool,Milwaukee®,Tools & Equipment>Power Tools>Cordless Power Tools,CLASSIFIED,RULE_MATCH,Tier 3,DIRECT_DATASET,,PASS,Explicit product noun phrase in description matched deterministic taxonomy schema,PASS,PASS,HIGH,PASS,NONE
808,3034-20,"3034-20 Milw M18 30"" - Hedge Trimmer",Milwaukee Tool,Milwaukee®,Tools & Equipment>Power Tools>Cordless Power Tools,CLASSIFIED,RULE_MATCH,Tier 3,DIRECT_DATASET,,PASS,Explicit product noun phrase in description matched deterministic taxonomy schema,PASS,PASS,HIGH,PASS,NONE
809,D25333K,D25333K Dewalt Hammer Drill,"Stanley Black & Decker, Inc.",DEWALT®,Tools & Equipment>Hand Tools>Hand Tools,CLASSIFIED,RULE_MATCH,Tier 3,DIRECT_DATASET,,PASS,Explicit product noun phrase in description matched deterministic taxonomy schema,PASS,PASS,HIGH,PASS,NONE
810,DCD803B,DCD803B Dewalt Multi-Head Drill Driver,"Stanley Black & Decker, Inc.",DEWALT®,Tools & Equipment>Power Tools>Cordless Power Tools,CLASSIFIED,RULE_MATCH,Tier 3,DIRECT_DATASET,,PASS,Explicit product noun phrase in description matched deterministic taxonomy schema,PASS,PASS,HIGH,PASS,NONE
811,DCF860B,DCF860B Dewalt 20V Impact - Driver Drill,"Stanley Black & Decker, Inc.",DEWALT®,Tools & Equipment>Power Tools>Cordless Power Tools,CLASSIFIED,RULE_MATCH,Tier 1,PRODUCT_SPECIFIC_OFFICIAL_URL,https://www.dewalt.com/product/dcf860b/20v-max-xr-brushless-cordless-3-speed-high-torque-14-in-impact-driver-tool-only,PASS,Exact official manufacturer URL verified product identity,PASS,PASS,HIGH,PASS,NONE
812,3401-20,3401-20 Milw M12 Drill Driver - Brushless Compact (Bare),Milwaukee Tool,Milwaukee®,Tools & Equipment>Power Tools>Cordless Power Tools,CLASSIFIED,RULE_MATCH,Tier 1,PRODUCT_SPECIFIC_OFFICIAL_URL,https://www.milwaukeetool.com/Products/3401-20,PASS,Exact official manufacturer URL verified product identity,PASS,PASS,HIGH,PASS,NONE
813,KPTDR050A,KPTDR050A Kreg 20V Ionic Compact Drill,Kreg Tool Company,Kreg®,Tools & Equipment>Power Tools>Cordless Power Tools,CLASSIFIED,RULE_MATCH,Tier 3,DIRECT_DATASET,,PASS,Explicit product noun phrase in description matched deterministic taxonomy schema,PASS,PASS,HIGH,PASS,NONE
814,DCD1007B,"DCD1007B Dewalt 20V Cordless - 1/2"" Hammer Drill (Bare)","Stanley Black & Decker, Inc.",DEWALT®,Tools & Equipment>Hand Tools>Hand Tools,CLASSIFIED,RULE_MATCH,Tier 1,PRODUCT_SPECIFIC_OFFICIAL_URL,https://www.dewalt.com/product/dcd1007b/20v-max-xr-brushless-12-in-3-speed-hammer-drill-tool-only,PASS,Exact official manufacturer URL verified product identity,PASS,PASS,HIGH,PASS,NONE
815,DCD799B,DCD799B Dewalt Drill,"Stanley Black & Decker, Inc.",DEWALT®,Tools & Equipment>Power Tools>Cordless Power Tools,CLASSIFIED,RULE_MATCH,Tier 3,DIRECT_DATASET,,PASS,Explicit product noun phrase in description matched deterministic taxonomy schema,PASS,PASS,HIGH,PASS,NONE
816,58006,58006 Voyager Drill Press,King Canada Inc,,Tools & Equipment>Power Tools>Benchtop & Stationary Power Tools,CLASSIFIED,RULE_MATCH,Tier 3,DIRECT_DATASET,,PASS,Explicit product noun phrase in description matched deterministic taxonomy schema,PASS,PASS,HIGH,PASS,NONE
817,2909-20,2909-20 Milw Roofing Nailer - M18,Milwaukee Tool,Milwaukee®,Tools & Equipment>Power Tools>Power Fastening Tools,CLASSIFIED,RULE_MATCH,Tier 3,DIRECT_DATASET,,PASS,Explicit product noun phrase in description matched deterministic taxonomy schema,PASS,PASS,HIGH,PASS,NONE
818,2909-21,2909-21 Milw M18 Coil Roofing - Nailer Kit,Milwaukee Tool,Milwaukee®,Tools & Equipment>Power Tools>Power Fastening Tools,CLASSIFIED,RULE_MATCH,Tier 3,DIRECT_DATASET,,PASS,Explicit product noun phrase in description matched deterministic taxonomy schema,PASS,PASS,HIGH,PASS,NONE
819,918200,918200 Paslode CT200S24 18Ga ST Brad Nailer,National Nail Corp,,Tools & Equipment>Power Tools>Power Fastening Tools,CLASSIFIED,RULE_MATCH,Tier 3,DIRECT_DATASET,,PASS,Explicit product noun phrase in description matched deterministic taxonomy schema,PASS,PASS,HIGH,PASS,NONE
820,2541-20,2541-20 Milw M12 - Compact Brad Nailer (Bare),Milwaukee Tool,Milwaukee®,Tools & Equipment>Power Tools>Power Fastening Tools,CLASSIFIED,RULE_MATCH,Tier 1,PRODUCT_SPECIFIC_OFFICIAL_URL,https://www.milwaukeetool.com/Products/2541-20,PASS,Exact official manufacturer URL verified product identity,PASS,PASS,HIGH,PASS,NONE
821,DCN930B,DCN930B Dewalt 20V 30 Degree - Framing Nailer,"Stanley Black & Decker, Inc.",DEWALT®,Tools & Equipment>Power Tools>Power Fastening Tools,CLASSIFIED,RULE_MATCH,Tier 1,PRODUCT_SPECIFIC_OFFICIAL_URL,https://www.dewalt.com/product/dcn930b/20v-max-xr-brushless-30-paper-collated-framing-nailer-tool-only,PASS,Exact official manufacturer URL verified product identity,PASS,PASS,HIGH,PASS,NONE
822,DCN930P1,DCN930P1 Dewalt 20V 30 Degree - Framing Nailer Kit,"Stanley Black & Decker, Inc.",DEWALT®,Tools & Equipment>Power Tools>Power Fastening Tools,CLASSIFIED,RULE_MATCH,Tier 3,DIRECT_DATASET,,PASS,Explicit product noun phrase in description matched deterministic taxonomy schema,PASS,PASS,HIGH,PASS,NONE
823,XNB04Z,"XNB04Z Makita 18V 2"" Brad Nailer 18GA (Bare)","Makita U.S.A., Inc.",Makita®,Tools & Equipment>Power Tools>Power Fastening Tools,CLASSIFIED,RULE_MATCH,Tier 3,DIRECT_DATASET,,PASS,Explicit product noun phrase in description matched deterministic taxonomy schema,PASS,PASS,HIGH,PASS,NONE
824,XNB05Z,"XNB05Z Makita 18V 2-1/2"" Straight Finish Nailer 16GA","Makita U.S.A., Inc.",Makita®,Tools & Equipment>Power Tools>Power Fastening Tools,CLASSIFIED,RULE_MATCH,Tier 3,DIRECT_DATASET,,PASS,Explicit product noun phrase in description matched deterministic taxonomy schema,PASS,PASS,HIGH,PASS,NONE
825,XNB06Z,"XNB06Z Makita 18V 2-1/2"" Angled Finish Nailer 16GA","Makita U.S.A., Inc.",Makita®,Tools & Equipment>Power Tools>Power Fastening Tools,CLASSIFIED,RULE_MATCH,Tier 3,DIRECT_DATASET,,PASS,Explicit product noun phrase in description matched deterministic taxonomy schema,PASS,PASS,HIGH,PASS,NONE
826,XNB07Z,XNB07Z Makita 18V LXT BL 30 Nailer (Bare),"Makita U.S.A., Inc.",Makita®,Tools & Equipment>Power Tools>Power Fastening Tools,CLASSIFIED,RULE_MATCH,Tier 3,DIRECT_DATASET,,PASS,Explicit product noun phrase in description matched deterministic taxonomy schema,PASS,PASS,HIGH,PASS,NONE
827,DZN930,DZN930 Dewalt 30 Degree - Framing Magazine,"Stanley Black & Decker, Inc.",DEWALT®,Tools & Equipment>Power Tool Accessories>Power Tool Accessories,CLASSIFIED,RULE_MATCH,Tier 3,DIRECT_DATASET,,PASS,Explicit product noun phrase in description matched deterministic taxonomy schema,PASS,PASS,HIGH,PASS,NONE
828,220USB25U,220USB25U Vessel Screwdriver w/25pc Bit Set,Vessel Tools Usa Inc,Vessel®,Tools & Equipment>Power Tool Accessories>Cutting Tools>Bits,CLASSIFIED,RULE_MATCH,Tier 3,DIRECT_DATASET,,PASS,Explicit product noun phrase in description matched deterministic taxonomy schema,PASS,PASS,HIGH,PASS,NONE
829,XRF03Z,XRF03Z Makita 18V Screwdriver - Autofeed,"Makita U.S.A., Inc.",Makita®,Tools & Equipment>Power Tools>Power Fastening Tools,CLASSIFIED,RULE_MATCH,Tier 3,DIRECT_DATASET,,PASS,Explicit product noun phrase in description matched deterministic taxonomy schema,PASS,PASS,HIGH,PASS,NONE
830,220USBP5U,220USBP5U Vessel Screwdriver Plus w/5pc Bit Set,Vessel Tools Usa Inc,Vessel®,Tools & Equipment>Power Tool Accessories>Cutting Tools>Bits,CLASSIFIED,RULE_MATCH,Tier 3,DIRECT_DATASET,,PASS,Explicit product noun phrase in description matched deterministic taxonomy schema,PASS,PASS,HIGH,PASS,NONE
831,49-66-4567,"49-66-4567 Milw 6"" Magnetic - Impact Driver Set 6pc",Milwaukee Tool,Milwaukee®,Tools & Equipment>Power Tools>Cordless Power Tools,CLASSIFIED,RULE_MATCH,Tier 3,DIRECT_DATASET,,PASS,Explicit product noun phrase in description matched deterministic taxonomy schema,PASS,PASS,HIGH,PASS,NONE
832,IBMG90K003,"IBMG90K003 Vessel Impact Ball Torsion Bit Assort 5pc 3.5""",Vessel Tools Usa Inc,Vessel®,Tools & Equipment>Power Tool Accessories>Cutting Tools>Bits,CLASSIFIED,RULE_MATCH,Tier 3,DIRECT_DATASET,,PASS,Explicit product noun phrase in description matched deterministic taxonomy schema,PASS,PASS,HIGH,PASS,NONE
833,IBPH250P15T,"IBPH250P15T Vessel Torsion Bit 2"" 15pc",Vessel Tools Usa Inc,Vessel®,Tools & Equipment>Power Tool Accessories>Cutting Tools>Bits,CLASSIFIED,RULE_MATCH,Tier 3,DIRECT_DATASET,,PASS,Explicit product noun phrase in description matched deterministic taxonomy schema,PASS,PASS,HIGH,PASS,NONE
834,DPH12B,"DPH12B 2"" #1 Phillips Drive - Bit",Freud Inc,Diablo®,Tools & Equipment>Power Tool Accessories>Cutting Tools>Bits,CLASSIFIED,RULE_MATCH,Tier 3,DIRECT_DATASET,,PASS,Explicit product noun phrase in description matched deterministic taxonomy schema,PASS,PASS,HIGH,PASS,NONE
835,DPH135B,"DPH135B 3-1/2"" #1 Phillips - Drive Bit",Freud Inc,Diablo®,Tools & Equipment>Power Tool Accessories>Cutting Tools>Bits,CLASSIFIED,RULE_MATCH,Tier 3,DIRECT_DATASET,,PASS,Explicit product noun phrase in description matched deterministic taxonomy schema,PASS,PASS,HIGH,PASS,NONE
836,DPH21B,"DPH21B 1"" #2 Phillips Drive - Bit",Freud Inc,Diablo®,Tools & Equipment>Power Tool Accessories>Cutting Tools>Bits,CLASSIFIED,RULE_MATCH,Tier 3,DIRECT_DATASET,,PASS,Explicit product noun phrase in description matched deterministic taxonomy schema,PASS,PASS,HIGH,PASS,NONE
837,DPH22B,"DPH22B 2"" #2 Phillips Drive - Bit",Freud Inc,Diablo®,Tools & Equipment>Power Tool Accessories>Cutting Tools>Bits,CLASSIFIED,RULE_MATCH,Tier 3,DIRECT_DATASET,,PASS,Explicit product noun phrase in description matched deterministic taxonomy schema,PASS,PASS,HIGH,PASS,NONE
838,DPH235B,"DPH235B 3-1/2"" #2 Phillips - Drive Bit",Freud Inc,Diablo®,Tools & Equipment>Power Tool Accessories>Cutting Tools>Bits,CLASSIFIED,RULE_MATCH,Tier 3,DIRECT_DATASET,,PASS,Explicit product noun phrase in description matched deterministic taxonomy schema,PASS,PASS,HIGH,PASS,NONE
839,DPH26B,"DPH26B 6"" #2 Phillips Drive - Bit",Freud Inc,Diablo®,Tools & Equipment>Power Tool Accessories>Cutting Tools>Bits,CLASSIFIED,RULE_MATCH,Tier 3,DIRECT_DATASET,,PASS,Explicit product noun phrase in description matched deterministic taxonomy schema,PASS,PASS,HIGH,PASS,NONE
840,DPH2R1B,"DPH2R1B 1"" #2 Phillips Drywall - Screws Drive Bit",Freud Inc,Diablo®,Tools & Equipment>Power Tool Accessories>Cutting Tools>Bits,CLASSIFIED,RULE_MATCH,Tier 3,DIRECT_DATASET,,PASS,Explicit product noun phrase in description matched deterministic taxonomy schema,PASS,PASS,HIGH,PASS,NONE
841,DPH31B,"DPH31B 1"" #3 Phillips Drive - Bit",Freud Inc,Diablo®,Tools & Equipment>Power Tool Accessories>Cutting Tools>Bits,CLASSIFIED,RULE_MATCH,Tier 3,DIRECT_DATASET,,PASS,Explicit product noun phrase in description matched deterministic taxonomy schema,PASS,PASS,HIGH,PASS,NONE
842,DPH32B,"DPH32B 2"" #3 Phillips Drive - Bit",Freud Inc,Diablo®,Tools & Equipment>Power Tool Accessories>Cutting Tools>Bits,CLASSIFIED,RULE_MATCH,Tier 3,DIRECT_DATASET,,PASS,Explicit product noun phrase in description matched deterministic taxonomy schema,PASS,PASS,HIGH,PASS,NONE
843,DPH335B,"DPH335B 3-1/2"" #3 Phillips - Drive Bit",Freud Inc,Diablo®,Tools & Equipment>Power Tool Accessories>Cutting Tools>Bits,CLASSIFIED,RULE_MATCH,Tier 3,DIRECT_DATASET,,PASS,Explicit product noun phrase in description matched deterministic taxonomy schema,PASS,PASS,HIGH,PASS,NONE
844,DSQ12B,"DSQ12B 2"" #1 Square Drive Bit",Freud Inc,Diablo®,Tools & Equipment>Power Tool Accessories>Cutting Tools>Bits,CLASSIFIED,RULE_MATCH,Tier 3,DIRECT_DATASET,,PASS,Explicit product noun phrase in description matched deterministic taxonomy schema,PASS,PASS,HIGH,PASS,NONE
845,DSQ22B,"DSQ22B 2"" #2 Square Drive Bit",Freud Inc,Diablo®,Tools & Equipment>Power Tool Accessories>Cutting Tools>Bits,CLASSIFIED,RULE_MATCH,Tier 3,DIRECT_DATASET,,PASS,Explicit product noun phrase in description matched deterministic taxonomy schema,PASS,PASS,HIGH,PASS,NONE
846,DSQ26B,"DSQ26B 6"" #2 Square Drive Bit",Freud Inc,Diablo®,Tools & Equipment>Power Tool Accessories>Cutting Tools>Bits,CLASSIFIED,RULE_MATCH,Tier 3,DIRECT_DATASET,,PASS,Explicit product noun phrase in description matched deterministic taxonomy schema,PASS,PASS,HIGH,PASS,NONE
847,DSQ32B,"DSQ32B 2"" #3 Square Drive Bit",Freud Inc,Diablo®,Tools & Equipment>Power Tool Accessories>Cutting Tools>Bits,CLASSIFIED,RULE_MATCH,Tier 3,DIRECT_DATASET,,PASS,Explicit product noun phrase in description matched deterministic taxonomy schema,PASS,PASS,HIGH,PASS,NONE
848,DT102B,"DT102B 2"" #10 Torx Drive Bit",Freud Inc,Diablo®,Tools & Equipment>Power Tool Accessories>Cutting Tools>Bits,CLASSIFIED,RULE_MATCH,Tier 3,DIRECT_DATASET,,PASS,Explicit product noun phrase in description matched deterministic taxonomy schema,PASS,PASS,HIGH,PASS,NONE
849,DT152B,"DT152B 2"" #15 Torx Drive Bit",Freud Inc,Diablo®,Tools & Equipment>Power Tool Accessories>Cutting Tools>Bits,CLASSIFIED,RULE_MATCH,Tier 3,DIRECT_DATASET,,PASS,Explicit product noun phrase in description matched deterministic taxonomy schema,PASS,PASS,HIGH,PASS,NONE
850,DT1535B,"DT1535B 3-1/2"" #15 Torx Drive - Bit",Freud Inc,Diablo®,Tools & Equipment>Power Tool Accessories>Cutting Tools>Bits,CLASSIFIED,RULE_MATCH,Tier 3,DIRECT_DATASET,,PASS,Explicit product noun phrase in description matched deterministic taxonomy schema,PASS,PASS,HIGH,PASS,NONE
851,DT202B,"DT202B 2"" #20 Torx Drive Bit",Freud Inc,Diablo®,Tools & Equipment>Power Tool Accessories>Cutting Tools>Bits,CLASSIFIED,RULE_MATCH,Tier 3,DIRECT_DATASET,,PASS,Explicit product noun phrase in description matched deterministic taxonomy schema,PASS,PASS,HIGH,PASS,NONE
852,DT2035B,"DT2035B 3-1/2"" #20 Torx Drive - Bit",Freud Inc,Diablo®,Tools & Equipment>Power Tool Accessories>Cutting Tools>Bits,CLASSIFIED,RULE_MATCH,Tier 3,DIRECT_DATASET,,PASS,Explicit product noun phrase in description matched deterministic taxonomy schema,PASS,PASS,HIGH,PASS,NONE
853,DT206B,"DT206B 6"" #20 Torx Drive Bit",Freud Inc,Diablo®,Tools & Equipment>Power Tool Accessories>Cutting Tools>Bits,CLASSIFIED,RULE_MATCH,Tier 3,DIRECT_DATASET,,PASS,Explicit product noun phrase in description matched deterministic taxonomy schema,PASS,PASS,HIGH,PASS,NONE
854,DT252B,"DT252B 2"" #25 Trox Drive Bit",Freud Inc,Diablo®,Tools & Equipment>Power Tool Accessories>Cutting Tools>Bits,CLASSIFIED,RULE_MATCH,Tier 3,DIRECT_DATASET,,PASS,Explicit product noun phrase in description matched deterministic taxonomy schema,PASS,PASS,HIGH,PASS,NONE
855,DT2535B,"DT2535B 3-1/4"" #25 Torx Drive - Bit",Freud Inc,Diablo®,Tools & Equipment>Power Tool Accessories>Cutting Tools>Bits,CLASSIFIED,RULE_MATCH,Tier 3,DIRECT_DATASET,,PASS,Explicit product noun phrase in description matched deterministic taxonomy schema,PASS,PASS,HIGH,PASS,NONE
856,DT256B,"DT256B 6"" #25 Torx Drive Bit",Freud Inc,Diablo®,Tools & Equipment>Power Tool Accessories>Cutting Tools>Bits,CLASSIFIED,RULE_MATCH,Tier 3,DIRECT_DATASET,,PASS,Explicit product noun phrase in description matched deterministic taxonomy schema,PASS,PASS,HIGH,PASS,NONE
857,DT302B,"DT302B 2"" #30 Torx Drive Bit",Freud Inc,Diablo®,Tools & Equipment>Power Tool Accessories>Cutting Tools>Bits,CLASSIFIED,RULE_MATCH,Tier 3,DIRECT_DATASET,,PASS,Explicit product noun phrase in description matched deterministic taxonomy schema,PASS,PASS,HIGH,PASS,NONE
858,DT402B,"DT402B 2"" #40 Torx Drive Bit",Freud Inc,Diablo®,Tools & Equipment>Power Tool Accessories>Cutting Tools>Bits,CLASSIFIED,RULE_MATCH,Tier 3,DIRECT_DATASET,,PASS,Explicit product noun phrase in description matched deterministic taxonomy schema,PASS,PASS,HIGH,PASS,NONE
859,DDWSSB,DDWSSB #2 Drywall Screw Setter,Freud Inc,Diablo®,Building Materials>Building Materials>Structural & Wall Materials,CLASSIFIED,RULE_MATCH,Tier 3,DIRECT_DATASET,,PASS,Explicit product noun phrase in description matched deterministic taxonomy schema,PASS,PASS,HIGH,PASS,NONE
860,191V02-0,191V02-0 Makita #2 Phillips Bit 5pk,"Makita U.S.A., Inc.",Makita®,Tools & Equipment>Power Tool Accessories>Cutting Tools>Bits,CLASSIFIED,RULE_MATCH,Tier 3,DIRECT_DATASET,,PASS,Explicit product noun phrase in description matched deterministic taxonomy schema,PASS,PASS,HIGH,PASS,NONE
861,XTS02Z,"XTS02Z Makita 18V 1/4"" Narrow Crown Stapler 18GA","Makita U.S.A., Inc.",Makita®,Tools & Equipment>Power Tools>Power Fastening Tools,CLASSIFIED,RULE_MATCH,Tier 1,PRODUCT_SPECIFIC_OFFICIAL_URL,https://www.makitatools.com/products/details/XTS02Z,PASS,Exact official manufacturer URL verified product identity,PASS,PASS,HIGH,PASS,NONE
862,DCF809D1,"DCF809D1 Dewalt Atomic 20V 1/4"" Impact Driver Kit","Stanley Black & Decker, Inc.",DEWALT®,Tools & Equipment>Power Tools>Cordless Power Tools,CLASSIFIED,RULE_MATCH,Tier 3,DIRECT_DATASET,,PASS,Explicit product noun phrase in description matched deterministic taxonomy schema,PASS,PASS,HIGH,PASS,NONE
863,2761-20,"2761-20 Milw M18 1/4"" Hex Hydraulic Driver",Milwaukee Tool,Milwaukee®,Tools & Equipment>Power Tools>Cordless Power Tools,CLASSIFIED,RULE_MATCH,Tier 3,DIRECT_DATASET,,PASS,Explicit product noun phrase in description matched deterministic taxonomy schema,PASS,PASS,HIGH,PASS,NONE
864,2761-22,2761-22 Milw M18 Surge Kit,Milwaukee Tool,Milwaukee®,Tools & Equipment>Power Tools>Cordless Power Tools,CLASSIFIED,RULE_MATCH,Tier 3,DIRECT_DATASET,,PASS,Explicit product noun phrase in description matched deterministic taxonomy schema,PASS,PASS,HIGH,PASS,NONE
865,3450-20,3450-20 Milw M12 Impact Driver - Brushless Compact (Bare),Milwaukee Tool,Milwaukee®,Tools & Equipment>Power Tools>Cordless Power Tools,CLASSIFIED,RULE_MATCH,Tier 3,DIRECT_DATASET,,PASS,Explicit product noun phrase in description matched deterministic taxonomy schema,PASS,PASS,HIGH,PASS,NONE
866,KPTDV025A,KPTDV025A Kreg 20V Ionic Compact Impact Driver,Kreg Tool Company,Kreg®,Tools & Equipment>Power Tools>Cordless Power Tools,CLASSIFIED,RULE_MATCH,Tier 3,DIRECT_DATASET,,PASS,Explicit product noun phrase in description matched deterministic taxonomy schema,PASS,PASS,HIGH,PASS,NONE
867,3048-20,"3048-20 Milw M12 1/4"" Impact Wrench w/Friction Ring",Milwaukee Tool,Milwaukee®,Tools & Equipment>Hand Tools>Hand Tools,CLASSIFIED,RULE_MATCH,Tier 3,DIRECT_DATASET,,PASS,Explicit product noun phrase in description matched deterministic taxonomy schema,PASS,PASS,HIGH,PASS,NONE
868,3049-20,"3049-20 Milw M12 3/8"" Impact Wrench w/Friction Ring",Milwaukee Tool,Milwaukee®,Tools & Equipment>Hand Tools>Hand Tools,CLASSIFIED,RULE_MATCH,Tier 3,DIRECT_DATASET,,PASS,Explicit product noun phrase in description matched deterministic taxonomy schema,PASS,PASS,HIGH,PASS,NONE
869,2563-20,"2563-20 Milw M12 Stubby 1/2"" Impact Wrench",Milwaukee Tool,Milwaukee®,Tools & Equipment>Hand Tools>Hand Tools,CLASSIFIED,RULE_MATCH,Tier 3,DIRECT_DATASET,,PASS,Explicit product noun phrase in description matched deterministic taxonomy schema,PASS,PASS,HIGH,PASS,NONE
870,DCF961B,"Dewalt DCF961B 20V 1/2"" Impact - Bare Tool","Stanley Black & Decker, Inc.",DEWALT®,Tools & Equipment>Power Tools>Cordless Power Tools,CLASSIFIED,RULE_MATCH,Tier 3,DIRECT_DATASET,,PASS,Explicit product noun phrase in description matched deterministic taxonomy schema,PASS,PASS,HIGH,PASS,NONE
871,DCF964B,"DCF964B Dewalt 20V 3/4"" Impact - Wrench (Bare)","Stanley Black & Decker, Inc.",DEWALT®,Tools & Equipment>Hand Tools>Hand Tools,CLASSIFIED,RULE_MATCH,Tier 3,DIRECT_DATASET,,PASS,Explicit product noun phrase in description matched deterministic taxonomy schema,PASS,PASS,HIGH,PASS,NONE
872,2563P-20,"2563P-20 Milw M12 1/2"" Stubby - Impact Wrench w/Pin Detent",Milwaukee Tool,Milwaukee®,Tools & Equipment>Hand Tools>Hand Tools,CLASSIFIED,RULE_MATCH,Tier 3,DIRECT_DATASET,,PASS,Explicit product noun phrase in description matched deterministic taxonomy schema,PASS,PASS,HIGH,PASS,NONE
873,DCF921P2,DCF921P2 Dewalt 20V 1/2 Impact,"Stanley Black & Decker, Inc.",DEWALT®,Tools & Equipment>Power Tools>Cordless Power Tools,CLASSIFIED,RULE_MATCH,Tier 3,DIRECT_DATASET,,PASS,Explicit product noun phrase in description matched deterministic taxonomy schema,PASS,PASS,HIGH,PASS,NONE
874,XLT03Z,"XLT03Z Makita 3/8"" 18V Angle Impact","Makita U.S.A., Inc.",Makita®,Tools & Equipment>Power Tools>Cordless Power Tools,CLASSIFIED,RULE_MATCH,Tier 3,DIRECT_DATASET,,PASS,Explicit product noun phrase in description matched deterministic taxonomy schema,PASS,PASS,HIGH,PASS,NONE
875,XLT04Z,"XLT04Z Makita 1/4"" 18V Angle Impact","Makita U.S.A., Inc.",Makita®,Tools & Equipment>Power Tools>Cordless Power Tools,CLASSIFIED,RULE_MATCH,Tier 3,DIRECT_DATASET,,PASS,Explicit product noun phrase in description matched deterministic taxonomy schema,PASS,PASS,HIGH,PASS,NONE
876,XLT05Z,"XLT05Z Makita 1/2"" 18V Angle Impact","Makita U.S.A., Inc.",Makita®,Tools & Equipment>Power Tools>Cordless Power Tools,CLASSIFIED,RULE_MATCH,Tier 3,DIRECT_DATASET,,PASS,Explicit product noun phrase in description matched deterministic taxonomy schema,PASS,PASS,HIGH,PASS,NONE
877,DCF510B,Dewalt DCF510B 20V Rachet - Interchangeable Anvil,"Stanley Black & Decker, Inc.",DEWALT®,Tools & Equipment>Power Tools>Cordless Power Tools,CLASSIFIED,RULE_MATCH,Tier 3,DIRECT_DATASET,,PASS,Explicit product noun phrase in description matched deterministic taxonomy schema,PASS,PASS,HIGH,PASS,NONE
878,3052-20,"3052-20 Milw M12 Fuel 1/4"" Rachet",Milwaukee Tool,Milwaukee®,Tools & Equipment>Power Tools>Cordless Power Tools,CLASSIFIED,RULE_MATCH,Tier 3,DIRECT_DATASET,,PASS,Explicit product noun phrase in description matched deterministic taxonomy schema,PASS,PASS,HIGH,PASS,NONE
879,3054-20,"3054-20 Milw M12 1/2"" Ratchet (Bare)",Milwaukee Tool,Milwaukee®,Tools & Equipment>Hand Tools>Hand Tools,CLASSIFIED,RULE_MATCH,Tier 3,DIRECT_DATASET,,PASS,Explicit product noun phrase in description matched deterministic taxonomy schema,PASS,PASS,HIGH,PASS,NONE
880,DCF513EB,"DCF513EB Dewalt 3/8"" Open Head Rachet","Stanley Black & Decker, Inc.",DEWALT®,Tools & Equipment>Power Tools>Cordless Power Tools,CLASSIFIED,RULE_MATCH,Tier 3,DIRECT_DATASET,,PASS,Explicit product noun phrase in description matched deterministic taxonomy schema,PASS,PASS,HIGH,PASS,NONE
881,XVP01Z,"XVP01Z Makita 18V 3"" Polisher/ 2"" Sander","Makita U.S.A., Inc.",Makita®,Tools & Equipment>Power Tools>Cordless Power Tools,CLASSIFIED,RULE_MATCH,Tier 3,DIRECT_DATASET,,PASS,Explicit product noun phrase in description matched deterministic taxonomy schema,PASS,PASS,HIGH,PASS,NONE
882,DCM200B,DCM200B Dewalt 1/2in x 18in - Band File,"Stanley Black & Decker, Inc.",DEWALT®,Tools & Equipment>Hand Tools>Files & Rasps,CLASSIFIED,RULE_MATCH,Tier 3,DIRECT_DATASET,,PASS,Explicit product noun phrase in description matched deterministic taxonomy schema,PASS,PASS,HIGH,PASS,NONE
883,DCG410B,"DCG410B Dewalt 20V 4-1/2""-5"" - Angle Grinder (Bare)","Stanley Black & Decker, Inc.",DEWALT®,Tools & Equipment>Power Tools>Cordless Power Tools,CLASSIFIED,RULE_MATCH,Tier 3,DIRECT_DATASET,,PASS,Explicit product noun phrase in description matched deterministic taxonomy schema,PASS,PASS,HIGH,PASS,NONE
884,DCG460B,"DCG460B Dewalt 60V Grinder - 7-9""","Stanley Black & Decker, Inc.",DEWALT®,Tools & Equipment>Power Tools>Cordless Power Tools,CLASSIFIED,RULE_MATCH,Tier 3,DIRECT_DATASET,,PASS,Explicit product noun phrase in description matched deterministic taxonomy schema,PASS,PASS,HIGH,PASS,NONE
885,DCG402B,"DCG402B Dewalt 20V 4.5"" Angle Grinder (Bare)","Stanley Black & Decker, Inc.",DEWALT®,Tools & Equipment>Power Tools>Cordless Power Tools,CLASSIFIED,RULE_MATCH,Tier 3,DIRECT_DATASET,,PASS,Explicit product noun phrase in description matched deterministic taxonomy schema,PASS,PASS,HIGH,PASS,NONE
886,3485-20,"3485-20 Milw M12 1/4"" Right Angle Die Grinder",Milwaukee Tool,Milwaukee®,Tools & Equipment>Power Tools>Cordless Power Tools,CLASSIFIED,RULE_MATCH,Tier 3,DIRECT_DATASET,,PASS,Explicit product noun phrase in description matched deterministic taxonomy schema,PASS,PASS,HIGH,PASS,NONE
887,DCG420B,DCG420B Dewalt 20V Die Grinder (Bare),"Stanley Black & Decker, Inc.",DEWALT®,Tools & Equipment>Power Tools>Cordless Power Tools,CLASSIFIED,RULE_MATCH,Tier 3,DIRECT_DATASET,,PASS,Explicit product noun phrase in description matched deterministic taxonomy schema,PASS,PASS,HIGH,PASS,NONE
888,DCG422B,DCG422B Dewalt 20V Right Angle Die Grinder (Bare),"Stanley Black & Decker, Inc.",DEWALT®,Tools & Equipment>Power Tools>Cordless Power Tools,CLASSIFIED,RULE_MATCH,Tier 3,DIRECT_DATASET,,PASS,Explicit product noun phrase in description matched deterministic taxonomy schema,PASS,PASS,HIGH,PASS,NONE
889,924422,924422 Mafell Carpentry - Planing Machine ZH 320 Ec 120V,,,Tools & Equipment>Power Tools>Benchtop & Stationary Power Tools,CLASSIFIED,RULE_MATCH,Tier 3,DIRECT_DATASET,,PASS,Explicit product noun phrase in description matched deterministic taxonomy schema,PASS,PASS,HIGH,PASS,NONE
890,DCW620B,DCW620B Dewalt 20V Plunge - Router,"Stanley Black & Decker, Inc.",DEWALT®,UNRESOLVED,UNRESOLVED,UNRESOLVED,Tier 4,INSUFFICIENT_EVIDENCE,,NO_MATCH,No explicit product noun phrase or verified live web evidence,UNRESOLVED,PASS,NONE,PASS,INSUFFICIENT_PRODUCT_DESCRIPTION
891,2535-20,"2535-20 Milw 3"" Orbit Sander - M12",Milwaukee Tool,Milwaukee®,Tools & Equipment>Power Tools>Cordless Power Tools,CLASSIFIED,RULE_MATCH,Tier 3,DIRECT_DATASET,,PASS,Explicit product noun phrase in description matched deterministic taxonomy schema,PASS,PASS,HIGH,PASS,NONE
892,2837-20,"2837-20 Milw M18 5"" Sander - Orbital (Bare)",Milwaukee Tool,Milwaukee®,Tools & Equipment>Power Tools>Cordless Power Tools,CLASSIFIED,RULE_MATCH,Tier 3,DIRECT_DATASET,,PASS,Explicit product noun phrase in description matched deterministic taxonomy schema,PASS,PASS,HIGH,PASS,NONE
893,577728,577728 Festool Cordless Sander - ETSC 2 150 I-Plus,Festool Usa,Festool®,Tools & Equipment>Power Tools>Cordless Power Tools,CLASSIFIED,RULE_MATCH,Tier 3,DIRECT_DATASET,,PASS,Explicit product noun phrase in description matched deterministic taxonomy schema,PASS,PASS,HIGH,PASS,NONE
894,577738,577738 Festool Cordless Sander - ETSC 2 125 I-Plus,Festool Usa,Festool®,Tools & Equipment>Power Tools>Cordless Power Tools,CLASSIFIED,RULE_MATCH,Tier 3,DIRECT_DATASET,,PASS,Explicit product noun phrase in description matched deterministic taxonomy schema,PASS,PASS,HIGH,PASS,NONE
895,KPTRS500A,"KPTRS500A Kreg 20V Ionic 5"" Random Orbit Sander",Kreg Tool Company,Kreg®,Tools & Equipment>Power Tools>Cordless Power Tools,CLASSIFIED,RULE_MATCH,Tier 3,DIRECT_DATASET,,PASS,Explicit product noun phrase in description matched deterministic taxonomy schema,PASS,PASS,HIGH,PASS,NONE
896,24-35M-320,"24-35M-320 Iridium Grip - 3.2"" x 5.2"" Grip",Mirka Abrasives Inc,,UNRESOLVED,UNRESOLVED,UNRESOLVED,Tier 4,INSUFFICIENT_EVIDENCE,,NO_MATCH,No explicit product noun phrase or verified live web evidence,UNRESOLVED,PASS,NONE,PASS,INSUFFICIENT_PRODUCT_DESCRIPTION
897,9A-129-120,9A-129-120 Abranet 3x4 - 50 Sheets/Box,Mirka Abrasives Inc,,Tools & Equipment>Power Tool Accessories>Abrasives>Sanding Discs,CLASSIFIED,RULE_MATCH,Tier 3,DIRECT_DATASET,,PASS,Explicit product noun phrase in description matched deterministic taxonomy schema,PASS,PASS,HIGH,PASS,NONE
898,578800,578800 Festool 80x133 M GR PRO/10,Festool Usa,Festool®,Tools & Equipment>Power Tool Accessories>Abrasives>Sanding Discs,CLASSIFIED,RULE_MATCH,Tier 3,DIRECT_DATASET,,PASS,Explicit product noun phrase in description matched deterministic taxonomy schema,PASS,PASS,HIGH,PASS,NONE
899,578801,578801 Festool 80x133 F GR PRO/10,Festool Usa,Festool®,Tools & Equipment>Power Tool Accessories>Abrasives>Sanding Discs,CLASSIFIED,RULE_MATCH,Tier 3,DIRECT_DATASET,,PASS,Explicit product noun phrase in description matched deterministic taxonomy schema,PASS,PASS,HIGH,PASS,NONE
900,578802,578802 Festool 80x133 S GR PRO/10,Festool Usa,Festool®,Tools & Equipment>Power Tool Accessories>Abrasives>Sanding Discs,CLASSIFIED,RULE_MATCH,Tier 3,DIRECT_DATASET,,PASS,Explicit product noun phrase in description matched deterministic taxonomy schema,PASS,PASS,HIGH,PASS,NONE
901,578808,578808 Festool 3x4 M GR PRO/10,Festool Usa,Festool®,Tools & Equipment>Power Tool Accessories>Abrasives>Sanding Discs,CLASSIFIED,RULE_MATCH,Tier 3,DIRECT_DATASET,,PASS,Explicit product noun phrase in description matched deterministic taxonomy schema,PASS,PASS,HIGH,PASS,NONE
902,578809,578809 Festool 3x4 F GR PRO/10,Festool Usa,Festool®,Tools & Equipment>Power Tool Accessories>Abrasives>Sanding Discs,CLASSIFIED,RULE_MATCH,Tier 3,DIRECT_DATASET,,PASS,Explicit product noun phrase in description matched deterministic taxonomy schema,PASS,PASS,HIGH,PASS,NONE
903,578810,578810 Festool 3x4 S GR PRO/10,Festool Usa,Festool®,Tools & Equipment>Power Tool Accessories>Abrasives>Sanding Discs,CLASSIFIED,RULE_MATCH,Tier 3,DIRECT_DATASET,,PASS,Explicit product noun phrase in description matched deterministic taxonomy schema,PASS,PASS,HIGH,PASS,NONE
904,578811,578811 Festool 3x4 GR PRO/10-Set,Festool Usa,Festool®,Tools & Equipment>Power Tool Accessories>Abrasives>Sanding Discs,CLASSIFIED,RULE_MATCH,Tier 3,DIRECT_DATASET,,PASS,Explicit product noun phrase in description matched deterministic taxonomy schema,PASS,PASS,HIGH,PASS,NONE
905,578192,578192 Festool D 150 GR SYS - Systainer Abrasive Set,Festool Usa,Festool®,Tools & Equipment>Power Tool Accessories>Abrasives>Sanding Discs,CLASSIFIED,RULE_MATCH,Tier 3,DIRECT_DATASET,,PASS,Explicit product noun phrase in description matched deterministic taxonomy schema,PASS,PASS,HIGH,PASS,NONE
906,578806,578806 Festool Delta S GR PRO/10,Festool Usa,Festool®,Tools & Equipment>Power Tool Accessories>Abrasives>Sanding Discs,CLASSIFIED,RULE_MATCH,Tier 3,DIRECT_DATASET,,PASS,Explicit product noun phrase in description matched deterministic taxonomy schema,PASS,PASS,HIGH,PASS,NONE
907,D0860X,"D0860X Diablo 8-1/4"" 60 Tooth - Fine Finish Saw Blade",Freud Inc,Diablo®,Tools & Equipment>Power Tool Accessories>Cutting Tools>Saw Blades,CLASSIFIED,RULE_MATCH,Tier 2,PRODUCT_SPECIFIC_DISTRIBUTOR_URL,https://www.toolboxsupply.com/products/diablo-d0860x-fine-finish-saw-blade-8-1-4-inch-x-60-tooth; https://americatools.com/diablo-d0860x-8-1-4-x-60-teeth-fine-finish-saw-blade-for-wood,PASS,Exact distributor/catalog URL verified product identity,PASS,PASS,HIGH,PASS,NONE
908,48-40-0740,48-40-0740 Milw 7-1/4in. 24T - Framing Circ Saw Blade,Milwaukee Tool,Milwaukee®,Tools & Equipment>Power Tool Accessories>Cutting Tools>Saw Blades,CLASSIFIED,RULE_MATCH,Tier 1,PRODUCT_SPECIFIC_OFFICIAL_URL,https://www.milwaukeetool.com/products/details/7-1-4-24t-thick-kerf-framing-circular-saw-blade/48-40-0740; https://www.coastaltool.com/products/milwaukee-48-40-0740-24t-thick-kerf-framing-circular-saw-blade,PASS,Exact official manufacturer URL verified product identity,PASS,PASS,HIGH,PASS,NONE
909,48-41-0740,48-41-0740 Milw7-1/4 24TFrming - Blade,Milwaukee Tool,Milwaukee®,UNRESOLVED,UNRESOLVED,UNRESOLVED,Tier 4,INSUFFICIENT_EVIDENCE,,NO_MATCH,No explicit product noun phrase or verified live web evidence,UNRESOLVED,PASS,NONE,PASS,INSUFFICIENT_PRODUCT_DESCRIPTION
910,A-96095,"A-96095 Makita 5-7/8"" 32T Saw Blade","Makita U.S.A., Inc.",Makita®,Tools & Equipment>Power Tool Accessories>Cutting Tools>Saw Blades,CLASSIFIED,RULE_MATCH,Tier 3,DIRECT_DATASET,,PASS,Explicit product noun phrase in description matched deterministic taxonomy schema,PASS,PASS,HIGH,PASS,NONE
911,D0760UX,"D0760UX Diablo 7-1/4"" 60T Circ - Saw Blade",Freud Inc,Diablo®,Tools & Equipment>Power Tool Accessories>Cutting Tools>Saw Blades,CLASSIFIED,RULE_MATCH,Tier 3,DIRECT_DATASET,,PASS,Explicit product noun phrase in description matched deterministic taxonomy schema,PASS,PASS,HIGH,PASS,NONE
912,230.312.08,230.312.08 CMT Locked Dado Pro Set,CMT USA Inc,,Tools & Equipment>Power Tool Accessories>Cutting Tools>Bits,CLASSIFIED,RULE_MATCH,Tier 3,DIRECT_DATASET,,PASS,Explicit product noun phrase in description matched deterministic taxonomy schema,PASS,PASS,HIGH,PASS,NONE
913,D0708LF,"D0708LF Saw Blade 7-1/4""x8 - Laminate & Wood Flooring",Freud Inc,Diablo®,Tools & Equipment>Power Tool Accessories>Cutting Tools>Saw Blades,CLASSIFIED,RULE_MATCH,Tier 3,DIRECT_DATASET,,PASS,Explicit product noun phrase in description matched deterministic taxonomy schema,PASS,PASS,HIGH,PASS,NONE
914,D1012LF,"D1012LF Saw Blade 10""x12Teeth - Laminate & Wood Flooring",Freud Inc,Diablo®,Tools & Equipment>Power Tool Accessories>Cutting Tools>Saw Blades,CLASSIFIED,RULE_MATCH,Tier 3,DIRECT_DATASET,,PASS,Explicit product noun phrase in description matched deterministic taxonomy schema,PASS,PASS,HIGH,PASS,NONE
915,D1216LF,"D1216LF Saw Blade 12""x16Teeth - Laminate & Wood Flooring",Freud Inc,Diablo®,Tools & Equipment>Power Tool Accessories>Cutting Tools>Saw Blades,CLASSIFIED,RULE_MATCH,Tier 3,DIRECT_DATASET,,PASS,Explicit product noun phrase in description matched deterministic taxonomy schema,PASS,PASS,HIGH,PASS,NONE
916,DWA47421,"DWA47421 Dewalt 14"" Segmented - Rim Diamond Blade","Stanley Black & Decker, Inc.",DEWALT®,Tools & Equipment>Power Tool Accessories>Cutting Tools>Saw Blades,CLASSIFIED,RULE_MATCH,Tier 3,DIRECT_DATASET,,PASS,Explicit product noun phrase in description matched deterministic taxonomy schema,PASS,PASS,HIGH,PASS,NONE
917,DWA4769,"DWA4769 Dewalt Rim Glass Tile - Blade 10""","Stanley Black & Decker, Inc.",DEWALT®,UNRESOLVED,UNRESOLVED,UNRESOLVED,Tier 4,INSUFFICIENT_EVIDENCE,,NO_MATCH,No explicit product noun phrase or verified live web evidence,UNRESOLVED,PASS,NONE,PASS,INSUFFICIENT_PRODUCT_DESCRIPTION
918,49-93-9204,"49-93-9204 Milw 4-1/2"" Diamond - Tile Blade",Milwaukee Tool,Milwaukee®,Tools & Equipment>Power Tool Accessories>Cutting Tools>Saw Blades,CLASSIFIED,RULE_MATCH,Tier 3,DIRECT_DATASET,,PASS,Explicit product noun phrase in description matched deterministic taxonomy schema,PASS,PASS,HIGH,PASS,NONE
919,49-93-9207,"49-93-9207 Milw 7"" Diamond - Tile Blade",Milwaukee Tool,Milwaukee®,Tools & Equipment>Power Tool Accessories>Cutting Tools>Saw Blades,CLASSIFIED,RULE_MATCH,Tier 3,DIRECT_DATASET,,PASS,Explicit product noun phrase in description matched deterministic taxonomy schema,PASS,PASS,HIGH,PASS,NONE
920,49-93-9210,"49-93-9210 Milw 10"" Diamond - Tile Blade",Milwaukee Tool,Milwaukee®,Tools & Equipment>Power Tool Accessories>Cutting Tools>Saw Blades,CLASSIFIED,RULE_MATCH,Tier 3,DIRECT_DATASET,,PASS,Explicit product noun phrase in description matched deterministic taxonomy schema,PASS,PASS,HIGH,PASS,NONE
921,49-93-9202,"49-93-9202 Milw 4"" Diamond - Tile Blade",Milwaukee Tool,Milwaukee®,Tools & Equipment>Power Tool Accessories>Cutting Tools>Saw Blades,CLASSIFIED,RULE_MATCH,Tier 3,DIRECT_DATASET,,PASS,Explicit product noun phrase in description matched deterministic taxonomy schema,PASS,PASS,HIGH,PASS,NONE
922,49-93-9205,"49-93-9205 Milw 5"" Diamond - Tile Blade",Milwaukee Tool,Milwaukee®,Tools & Equipment>Power Tool Accessories>Cutting Tools>Saw Blades,CLASSIFIED,RULE_MATCH,Tier 3,DIRECT_DATASET,,PASS,Explicit product noun phrase in description matched deterministic taxonomy schema,PASS,PASS,HIGH,PASS,NONE
923,49-22-4702,49-22-4702 Milw 13pc Quik-Lock Hole Dozer Kit,Milwaukee Tool,Milwaukee®,Tools & Equipment>Power Tool Accessories>Cutting Tools>Bits,CLASSIFIED,RULE_MATCH,Tier 3,DIRECT_DATASET,,PASS,Explicit product noun phrase in description matched deterministic taxonomy schema,PASS,PASS,HIGH,PASS,NONE
924,DJT155HHM,"DJT155HHM Diablo 3-3/5"" 10 TPI - Jig Saw Blade",Freud Inc,Diablo®,Tools & Equipment>Power Tool Accessories>Cutting Tools>Saw Blades,CLASSIFIED,RULE_MATCH,Tier 3,DIRECT_DATASET,,PASS,Explicit product noun phrase in description matched deterministic taxonomy schema,PASS,PASS,HIGH,PASS,NONE
925,790.82,790.820 CMT Planer Blade 2pc,CMT USA Inc,,Tools & Equipment>Power Tool Accessories>Cutting Tools>Saw Blades,CLASSIFIED,RULE_MATCH,Tier 3,DIRECT_DATASET,,PASS,Explicit product noun phrase in description matched deterministic taxonomy schema,PASS,PASS,HIGH,PASS,NONE
926,794.321,794.321 HS Planer Knives 3pc,CMT USA Inc,,Tools & Equipment>Power Tool Accessories>Cutting Tools>Saw Blades,CLASSIFIED,RULE_MATCH,Tier 3,DIRECT_DATASET,,PASS,Explicit product noun phrase in description matched deterministic taxonomy schema,PASS,PASS,HIGH,PASS,NONE
927,49-22-5641,49-22-5641 Milw Packout 15pc - Sawzall Blade Kit,Milwaukee Tool,Milwaukee®,Tools & Equipment>Power Tool Accessories>Cutting Tools>Saw Blades,CLASSIFIED,RULE_MATCH,Tier 3,DIRECT_DATASET,,PASS,Explicit product noun phrase in description matched deterministic taxonomy schema,PASS,PASS,HIGH,PASS,NONE
928,D0604TSH,"D0604TSH Diablo 6-1/2"" 4-Tooth - Cement Track Saw Blade",Freud Inc,Diablo®,Tools & Equipment>Power Tool Accessories>Cutting Tools>Saw Blades,CLASSIFIED,RULE_MATCH,Tier 3,DIRECT_DATASET,,PASS,Explicit product noun phrase in description matched deterministic taxonomy schema,PASS,PASS,HIGH,PASS,NONE
929,D0620TSR,"D0620TSR Diablo 6-1/2""20 Tooth - Framing Saw Blade",Freud Inc,Diablo®,Tools & Equipment>Power Tool Accessories>Cutting Tools>Saw Blades,CLASSIFIED,RULE_MATCH,Tier 3,DIRECT_DATASET,,PASS,Explicit product noun phrase in description matched deterministic taxonomy schema,PASS,PASS,HIGH,PASS,NONE
930,D0648TSF,"D0648TSF Diablo 6-1/2""48 Tooth - Plywood Track Saw Blade",Freud Inc,Diablo®,Tools & Equipment>Power Tool Accessories>Cutting Tools>Saw Blades,CLASSIFIED,RULE_MATCH,Tier 3,DIRECT_DATASET,,PASS,Explicit product noun phrase in description matched deterministic taxonomy schema,PASS,PASS,HIGH,PASS,NONE
931,D0652TSL,"D0652TSL Diablo 6-1/2""52 Tooth - Laminate Track Saw Blade",Freud Inc,Diablo®,Tools & Equipment>Power Tool Accessories>Cutting Tools>Saw Blades,CLASSIFIED,RULE_MATCH,Tier 3,DIRECT_DATASET,,PASS,Explicit product noun phrase in description matched deterministic taxonomy schema,PASS,PASS,HIGH,PASS,NONE
932,JT1-549,"JT1-549 JWBS18SFX 18"" Bandsaw - 1.75HP 1PH 115V",JPW Industries,,Tools & Equipment>Power Tools>Benchtop & Stationary Power Tools,CLASSIFIED,RULE_MATCH,Tier 3,DIRECT_DATASET,,PASS,Explicit product noun phrase in description matched deterministic taxonomy schema,PASS,PASS,HIGH,PASS,NONE
933,JT1-1371,"JWBS14-SFX-BLK Jet 14"" Bandsaw - JT1-1371",JPW Industries,,Tools & Equipment>Power Tools>Benchtop & Stationary Power Tools,CLASSIFIED,RULE_MATCH,Tier 3,DIRECT_DATASET,,PASS,Explicit product noun phrase in description matched deterministic taxonomy schema,PASS,PASS,HIGH,PASS,NONE
934,JT9-714400K,"JWBS-14SFX 14"" Bandsaw JTP-714400K",JPW Industries,,Tools & Equipment>Power Tools>Benchtop & Stationary Power Tools,CLASSIFIED,RULE_MATCH,Tier 3,DIRECT_DATASET,,PASS,Explicit product noun phrase in description matched deterministic taxonomy schema,PASS,PASS,HIGH,PASS,NONE
935,2834-21HD,"2834-21HD Milw M18 7-1/4"" Circ - Saw Kit",Milwaukee Tool,Milwaukee®,Tools & Equipment>Power Tools>Cordless Power Tools,CLASSIFIED,RULE_MATCH,Tier 3,DIRECT_DATASET,,PASS,Explicit product noun phrase in description matched deterministic taxonomy schema,PASS,PASS,HIGH,PASS,NONE
936,DCS383B,"DCS383B Dewalt 20V 7-1/4"" - Metal Cutting Circ Saw","Stanley Black & Decker, Inc.",DEWALT®,Tools & Equipment>Power Tools>Cordless Power Tools,CLASSIFIED,RULE_MATCH,Tier 3,DIRECT_DATASET,,PASS,Explicit product noun phrase in description matched deterministic taxonomy schema,PASS,PASS,HIGH,PASS,NONE
937,DCS590B,"DCS590B Dewalt 20V Cordless - 7-1/4"" Circular Saw (Bare)","Stanley Black & Decker, Inc.",DEWALT®,Tools & Equipment>Power Tools>Cordless Power Tools,CLASSIFIED,RULE_MATCH,Tier 3,DIRECT_DATASET,,PASS,Explicit product noun phrase in description matched deterministic taxonomy schema,PASS,PASS,HIGH,PASS,NONE
938,KPTCS725A,"KPTCS725A Kreg 20V Ionic 7-1/4"" Circ Saw",Kreg Tool Company,Kreg®,Tools & Equipment>Power Tools>Cordless Power Tools,CLASSIFIED,RULE_MATCH,Tier 3,DIRECT_DATASET,,PASS,Explicit product noun phrase in description matched deterministic taxonomy schema,PASS,PASS,HIGH,PASS,NONE
939,KPTCS450A,"KPTCS450A Kreg 20V Ionic 4-1/2"" Circ Saw",Kreg Tool Company,Kreg®,Tools & Equipment>Power Tools>Cordless Power Tools,CLASSIFIED,RULE_MATCH,Tier 3,DIRECT_DATASET,,PASS,Explicit product noun phrase in description matched deterministic taxonomy schema,PASS,PASS,HIGH,PASS,NONE
940,2545-20,2545-20 Milw M12 Jig Saw,Milwaukee Tool,Milwaukee®,Tools & Equipment>Power Tools>Cordless Power Tools,CLASSIFIED,RULE_MATCH,Tier 3,DIRECT_DATASET,,PASS,Explicit product noun phrase in description matched deterministic taxonomy schema,PASS,PASS,HIGH,PASS,NONE
941,KPTJS100A,KPTJS100A Kreg 20V Ionic Barrel Grip Jigsaw,Kreg Tool Company,Kreg®,Tools & Equipment>Power Tools>Cordless Power Tools,CLASSIFIED,RULE_MATCH,Tier 3,DIRECT_DATASET,,PASS,Explicit product noun phrase in description matched deterministic taxonomy schema,PASS,PASS,HIGH,PASS,NONE
942,DCS714B,"DCS714B Dewalt 20V Miter Saw - (Bare) 10"" Double Bevel Fixed","Stanley Black & Decker, Inc.",DEWALT®,Tools & Equipment>Power Tools>Cordless Power Tools,CLASSIFIED,RULE_MATCH,Tier 3,DIRECT_DATASET,,PASS,Explicit product noun phrase in description matched deterministic taxonomy schema,PASS,PASS,HIGH,PASS,NONE
943,DCS785B,"DCS785B Dewalt 20V Miter Saw - Kit 12"" Double Bevel Sliding","Stanley Black & Decker, Inc.",DEWALT®,Tools & Equipment>Power Tools>Cordless Power Tools,CLASSIFIED,RULE_MATCH,Tier 3,DIRECT_DATASET,,PASS,Explicit product noun phrase in description matched deterministic taxonomy schema,PASS,PASS,HIGH,PASS,NONE
944,GSL02M1,"GSL02M1 Makita Miter Saw - 40V 8-1/2""","Makita U.S.A., Inc.",Makita®,Tools & Equipment>Power Tools>Cordless Power Tools,CLASSIFIED,RULE_MATCH,Tier 3,DIRECT_DATASET,,PASS,Explicit product noun phrase in description matched deterministic taxonomy schema,PASS,PASS,HIGH,PASS,NONE
945,DW7029,DW7029 Dewalt Miter Saw - Stand Support/Stop,"Stanley Black & Decker, Inc.",DEWALT®,Tools & Equipment>Power Tool Accessories>Power Tool Accessories,CLASSIFIED,RULE_MATCH,Tier 3,DIRECT_DATASET,,PASS,Explicit product noun phrase in description matched deterministic taxonomy schema,PASS,PASS,HIGH,PASS,NONE
946,DCS384B,DCS384B Dewalt 20V Brushless - Cordless Recip Saw (Bare),"Stanley Black & Decker, Inc.",DEWALT®,Tools & Equipment>Power Tools>Cordless Power Tools,CLASSIFIED,RULE_MATCH,Tier 3,DIRECT_DATASET,,PASS,Explicit product noun phrase in description matched deterministic taxonomy schema,PASS,PASS,HIGH,PASS,NONE
947,XRJ08Z,XRJ08Z Makita 18V Recip Saw - Bare Tool,"Makita U.S.A., Inc.",Makita®,Tools & Equipment>Power Tools>Cordless Power Tools,CLASSIFIED,RULE_MATCH,Tier 3,DIRECT_DATASET,,PASS,Explicit product noun phrase in description matched deterministic taxonomy schema,PASS,PASS,HIGH,PASS,NONE
948,G0771Z,"Grizzly G0771Z 30"" Table Saw",Woodstock Intl,,Tools & Equipment>Power Tools>Benchtop & Stationary Power Tools,CLASSIFIED,RULE_MATCH,Tier 3,DIRECT_DATASET,,PASS,Explicit product noun phrase in description matched deterministic taxonomy schema,PASS,PASS,HIGH,PASS,NONE
949,TS1017,TS1017 Table Saw Zero-Clearance Insert,Robert Bosch Tool Corp,Bosch®,Tools & Equipment>Power Tool Accessories>Power Tool Accessories,CLASSIFIED,RULE_MATCH,Tier 3,DIRECT_DATASET,,PASS,Explicit product noun phrase in description matched deterministic taxonomy schema,PASS,PASS,HIGH,PASS,NONE
950,XT524,"XT524 24"" XT XTENDER Fence",Bow Products,,Tools & Equipment>Power Tool Accessories>Power Tool Accessories,CLASSIFIED,RULE_MATCH,Tier 3,DIRECT_DATASET,,PASS,Explicit product noun phrase in description matched deterministic taxonomy schema,PASS,PASS,HIGH,PASS,NONE
951,XT536,"XT536 36"" XT XTENDER Fence",Bow Products,,Tools & Equipment>Power Tool Accessories>Power Tool Accessories,CLASSIFIED,RULE_MATCH,Tier 3,DIRECT_DATASET,,PASS,Explicit product noun phrase in description matched deterministic taxonomy schema,PASS,PASS,HIGH,PASS,NONE
952,XT546,"XT546 46"" XT XTENDER Fence",Bow Products,,Tools & Equipment>Power Tool Accessories>Power Tool Accessories,CLASSIFIED,RULE_MATCH,Tier 3,DIRECT_DATASET,,PASS,Explicit product noun phrase in description matched deterministic taxonomy schema,PASS,PASS,HIGH,PASS,NONE
953,XTP235,"35"" XTP XTENDER PRO Fence - XTP235",Bow Products,,Tools & Equipment>Power Tool Accessories>Power Tool Accessories,CLASSIFIED,RULE_MATCH,Tier 3,DIRECT_DATASET,,PASS,Explicit product noun phrase in description matched deterministic taxonomy schema,PASS,PASS,HIGH,PASS,NONE
954,TGP2-FA,TGP2-FA T-Glide Fence Professional,Saw Stop LLC,,Tools & Equipment>Power Tool Accessories>Power Tool Accessories,CLASSIFIED,RULE_MATCH,Tier 3,DIRECT_DATASET,,PASS,Explicit product noun phrase in description matched deterministic taxonomy schema,PASS,PASS,HIGH,PASS,NONE
955,ATGI-FA,ATGI-FA T-Glide Advanced Fence Industrial,Saw Stop LLC,,Tools & Equipment>Power Tool Accessories>Power Tool Accessories,CLASSIFIED,RULE_MATCH,Tier 3,DIRECT_DATASET,,PASS,Explicit product noun phrase in description matched deterministic taxonomy schema,PASS,PASS,HIGH,PASS,NONE
956,ATGP-FA,ATGP-FA T-Glide Advance Fence Professional,Saw Stop LLC,,Tools & Equipment>Power Tool Accessories>Power Tool Accessories,CLASSIFIED,RULE_MATCH,Tier 3,DIRECT_DATASET,,PASS,Explicit product noun phrase in description matched deterministic taxonomy schema,PASS,PASS,HIGH,PASS,NONE
957,TGI2-FA,TGI2-FA T-Glide Fence Indudtrial,Saw Stop LLC,,Tools & Equipment>Power Tool Accessories>Power Tool Accessories,CLASSIFIED,RULE_MATCH,Tier 3,DIRECT_DATASET,,PASS,Explicit product noun phrase in description matched deterministic taxonomy schema,PASS,PASS,HIGH,PASS,NONE
958,TGI2-T36A,"TGI2-T36A 36"" Table Assembly Industrial",Saw Stop LLC,,Tools & Equipment>Power Tool Accessories>Power Tool Accessories,CLASSIFIED,RULE_MATCH,Tier 3,DIRECT_DATASET,,PASS,Explicit product noun phrase in description matched deterministic taxonomy schema,PASS,PASS,HIGH,PASS,NONE
959,KPTBPS100A,"KPTBPS100A Kreg 20V Ionic 6-1/2"" Plunge-Cut Track Saw Kit",Kreg Tool Company,Kreg®,Tools & Equipment>Power Tools>Cordless Power Tools,CLASSIFIED,RULE_MATCH,Tier 3,DIRECT_DATASET,,PASS,Explicit product noun phrase in description matched deterministic taxonomy schema,PASS,PASS,HIGH,PASS,NONE
960,DCB606C,DCB606C Dewalt Flexvolt Starter Kit,"Stanley Black & Decker, Inc.",DEWALT®,Tools & Equipment>Power Tools>Batteries & Chargers,CLASSIFIED,RULE_MATCH,Tier 3,DIRECT_DATASET,,PASS,Explicit product noun phrase in description matched deterministic taxonomy schema,PASS,PASS,HIGH,PASS,NONE
961,BL1850BDC1,BL1850BDC1 Makita Starter Kit,"Makita U.S.A., Inc.",Makita®,Tools & Equipment>Power Tools>Batteries & Chargers,CLASSIFIED,RULE_MATCH,Tier 3,DIRECT_DATASET,,PASS,Explicit product noun phrase in description matched deterministic taxonomy schema,PASS,PASS,HIGH,PASS,NONE
962,DCB205C,DCB205C 20V Starter Kit,"Stanley Black & Decker, Inc.",DEWALT®,Tools & Equipment>Power Tools>Batteries & Chargers,CLASSIFIED,RULE_MATCH,Tier 3,DIRECT_DATASET,,PASS,Explicit product noun phrase in description matched deterministic taxonomy schema,PASS,PASS,HIGH,PASS,NONE
963,DCB2108,DCB2108 Dewalt 20V 8Ah Battery - Max XR Powerpack,"Stanley Black & Decker, Inc.",DEWALT®,Tools & Equipment>Power Tools>Batteries & Chargers,CLASSIFIED,RULE_MATCH,Tier 1,PRODUCT_SPECIFIC_OFFICIAL_URL,https://www.dewalt.com/product/dcb2108/20v-max-xr-8-ah-battery,PASS,Exact official manufacturer URL verified product identity,PASS,PASS,HIGH,PASS,NONE
964,DCB2108-2,DCB2108-2 Dewalt 20V 8Ah 2pk - Battery Max XR Powerpack,"Stanley Black & Decker, Inc.",DEWALT®,Tools & Equipment>Power Tools>Batteries & Chargers,CLASSIFIED,RULE_MATCH,Tier 3,DIRECT_DATASET,,PASS,Explicit product noun phrase in description matched deterministic taxonomy schema,PASS,PASS,HIGH,PASS,NONE
965,VB0212,VB0212 Senco 18V 2.0 AH Lithium Battery,Senco Products Inc,,Tools & Equipment>Power Tools>Batteries & Chargers,CLASSIFIED,RULE_MATCH,Tier 3,DIRECT_DATASET,,PASS,Explicit product noun phrase in description matched deterministic taxonomy schema,PASS,PASS,HIGH,PASS,NONE
966,BCB2A20A,BCB2A20A Kreg 20V Battery/Charger Starter Kit,Kreg Tool Company,Kreg®,Tools & Equipment>Power Tools>Batteries & Chargers,CLASSIFIED,RULE_MATCH,Tier 3,DIRECT_DATASET,,PASS,Explicit product noun phrase in description matched deterministic taxonomy schema,PASS,PASS,HIGH,PASS,NONE
967,BATT4A,BATT4A Kreg 20V 4ah Battery Pack,Kreg Tool Company,Kreg®,Tools & Equipment>Power Tools>Batteries & Chargers,CLASSIFIED,RULE_MATCH,Tier 3,DIRECT_DATASET,,PASS,Explicit product noun phrase in description matched deterministic taxonomy schema,PASS,PASS,HIGH,PASS,NONE
968,BATT2A,BATT2A Kreg 20V 2ah Battery Pack,Kreg Tool Company,Kreg®,Tools & Equipment>Power Tools>Batteries & Chargers,CLASSIFIED,RULE_MATCH,Tier 3,DIRECT_DATASET,,PASS,Explicit product noun phrase in description matched deterministic taxonomy schema,PASS,PASS,HIGH,PASS,NONE
969,BL1850BDC2X1,BL1850BDC2X1 Makita Starter Kit,"Makita U.S.A., Inc.",Makita®,Tools & Equipment>Power Tools>Batteries & Chargers,CLASSIFIED,RULE_MATCH,Tier 3,DIRECT_DATASET,,PASS,Explicit product noun phrase in description matched deterministic taxonomy schema,PASS,PASS,HIGH,PASS,NONE
970,48-11-2422,48-11-2422 Milw M12 CP2.0 Battery Two Pack,Milwaukee Tool,Milwaukee®,Tools & Equipment>Power Tools>Batteries & Chargers,CLASSIFIED,RULE_MATCH,Tier 3,DIRECT_DATASET,,PASS,Explicit product noun phrase in description matched deterministic taxonomy schema,PASS,PASS,HIGH,PASS,NONE
971,DCB1104,DCB1104 Dewalt 12V/20V Charger - 4 Amp,"Stanley Black & Decker, Inc.",DEWALT®,Tools & Equipment>Power Tools>Batteries & Chargers,CLASSIFIED,RULE_MATCH,Tier 3,DIRECT_DATASET,,PASS,Explicit product noun phrase in description matched deterministic taxonomy schema,PASS,PASS,HIGH,PASS,NONE
972,48-59-1804,48-59-1804 Milw M18 and M12 Rapid Charger,Milwaukee Tool,Milwaukee®,Tools & Equipment>Power Tools>Batteries & Chargers,CLASSIFIED,RULE_MATCH,Tier 3,DIRECT_DATASET,,PASS,Explicit product noun phrase in description matched deterministic taxonomy schema,PASS,PASS,HIGH,PASS,NONE
973,CRGR401A,CRGR401A Kreg 20V Fast Charger,Kreg Tool Company,Kreg®,Tools & Equipment>Power Tools>Batteries & Chargers,CLASSIFIED,RULE_MATCH,Tier 3,DIRECT_DATASET,,PASS,Explicit product noun phrase in description matched deterministic taxonomy schema,PASS,PASS,HIGH,PASS,NONE
974,48-59-1211,48-59-1211 Milw Power Supply - Charger,Milwaukee Tool,Milwaukee®,Tools & Equipment>Power Tools>Batteries & Chargers,CLASSIFIED,RULE_MATCH,Tier 3,DIRECT_DATASET,,PASS,Explicit product noun phrase in description matched deterministic taxonomy schema,PASS,PASS,HIGH,PASS,NONE
975,2847-20,2847-20 Milw M18 Charger and Power Supply,Milwaukee Tool,Milwaukee®,Tools & Equipment>Power Tools>Batteries & Chargers,CLASSIFIED,RULE_MATCH,Tier 3,DIRECT_DATASET,,PASS,Explicit product noun phrase in description matched deterministic taxonomy schema,PASS,PASS,HIGH,PASS,NONE
976,DWV9401,DWV9401 Dewalt Paper Bag - 5pk,"Stanley Black & Decker, Inc.",DEWALT®,Tools & Equipment>Power Tool Accessories>Power Tool Accessories,CLASSIFIED,RULE_MATCH,Tier 3,DIRECT_DATASET,,PASS,Explicit product noun phrase in description matched deterministic taxonomy schema,PASS,PASS,HIGH,PASS,NONE
977,578512,578512 Festool Dust Extractor-CT MIDI I HEPA,Festool Usa,Festool®,Tools & Equipment>Power Tools>Cordless Power Tools,CLASSIFIED,RULE_MATCH,Tier 3,DIRECT_DATASET,,PASS,Explicit product noun phrase in description matched deterministic taxonomy schema,PASS,PASS,HIGH,PASS,NONE
978,577871,577871 Festool Dust Extractor - CT 26,Festool Usa,Festool®,Tools & Equipment>Power Tools>Cordless Power Tools,CLASSIFIED,RULE_MATCH,Tier 3,DIRECT_DATASET,,PASS,Explicit product noun phrase in description matched deterministic taxonomy schema,PASS,PASS,HIGH,PASS,NONE
979,577874,577874 Festool Dust Extractor - CT 36,Festool Usa,Festool®,Tools & Equipment>Power Tools>Cordless Power Tools,CLASSIFIED,RULE_MATCH,Tier 3,DIRECT_DATASET,,PASS,Explicit product noun phrase in description matched deterministic taxonomy schema,PASS,PASS,HIGH,PASS,NONE
980,577876,577876 Festool Dust Extractor - CT 48,Festool Usa,Festool®,Tools & Equipment>Power Tools>Cordless Power Tools,CLASSIFIED,RULE_MATCH,Tier 3,DIRECT_DATASET,,PASS,Explicit product noun phrase in description matched deterministic taxonomy schema,PASS,PASS,HIGH,PASS,NONE
981,578441,578441 Festool Dust Extractor-CT 15 HEPA,Festool Usa,Festool®,Tools & Equipment>Power Tools>Cordless Power Tools,CLASSIFIED,RULE_MATCH,Tier 3,DIRECT_DATASET,,PASS,Explicit product noun phrase in description matched deterministic taxonomy schema,PASS,PASS,HIGH,PASS,NONE
982,DCK225D2,DCK225D2 Dewalt Impact/Drill - Kit,"Stanley Black & Decker, Inc.",DEWALT®,Tools & Equipment>Power Tools>Cordless Power Tools,CLASSIFIED,RULE_MATCH,Tier 3,DIRECT_DATASET,,PASS,Explicit product noun phrase in description matched deterministic taxonomy schema,PASS,PASS,HIGH,PASS,NONE
983,DCK2101QQ2,Dewalt DCK2101QQ2 20V 2Pc Kit,"Stanley Black & Decker, Inc.",DEWALT®,Tools & Equipment>Power Tools>Cordless Power Tools,CLASSIFIED,RULE_MATCH,Tier 3,DIRECT_DATASET,,PASS,Explicit product noun phrase in description matched deterministic taxonomy schema,PASS,PASS,HIGH,PASS,NONE
984,4000-2/32,4000-2/32 DREMEL ROTARY TOOL,Robert Bosch Tool Corp,Bosch®,Tools & Equipment>Power Tools>Cordless Power Tools,CLASSIFIED,RULE_MATCH,Tier 3,DIRECT_DATASET,,PASS,Explicit product noun phrase in description matched deterministic taxonomy schema,PASS,PASS,HIGH,PASS,NONE
985,3100-1/15,3100-1/15 Dremel Rotary Tool - Kit 15pc,Robert Bosch Tool Corp,Bosch®,Tools & Equipment>Power Tools>Cordless Power Tools,CLASSIFIED,RULE_MATCH,Tier 3,DIRECT_DATASET,,PASS,Explicit product noun phrase in description matched deterministic taxonomy schema,PASS,PASS,HIGH,PASS,NONE
986,T-90043,T-90043 Deep Medium Organizer,"Makita U.S.A., Inc.",Makita®,Tools & Equipment>Hand Tools>Hand Tools,CLASSIFIED,RULE_MATCH,Tier 3,DIRECT_DATASET,,PASS,Explicit product noun phrase in description matched deterministic taxonomy schema,PASS,PASS,HIGH,PASS,NONE
987,T-90059,T-90059 Low Profile Medium - Organizer,"Makita U.S.A., Inc.",Makita®,Tools & Equipment>Hand Tools>Hand Tools,CLASSIFIED,RULE_MATCH,Tier 3,DIRECT_DATASET,,PASS,Explicit product noun phrase in description matched deterministic taxonomy schema,PASS,PASS,HIGH,PASS,NONE
988,T-90065,T-90065 Deep Compact Organizer,"Makita U.S.A., Inc.",Makita®,Tools & Equipment>Hand Tools>Hand Tools,CLASSIFIED,RULE_MATCH,Tier 3,DIRECT_DATASET,,PASS,Explicit product noun phrase in description matched deterministic taxonomy schema,PASS,PASS,HIGH,PASS,NONE
989,10047VS,10047VS Oliver 3HP 230V 1PH Shaper 1-1/4 Spindle,Oliver Machinery Company,,Tools & Equipment>Power Tools>Benchtop & Stationary Power Tools,CLASSIFIED,RULE_MATCH,Tier 3,DIRECT_DATASET,,PASS,Explicit product noun phrase in description matched deterministic taxonomy schema,PASS,PASS,HIGH,PASS,NONE
990,MAG:2044-230-1,2044-230-1 Stock Feeder 4-Roll - Steff,J&G Machinery,,Tools & Equipment>Power Tools>Benchtop & Stationary Power Tools,CLASSIFIED,RULE_MATCH,Tier 3,DIRECT_DATASET,,PASS,Explicit product noun phrase in description matched deterministic taxonomy schema,PASS,PASS,HIGH,PASS,NONE
991,XTP242,"42"" XTP XTENDER PRO Fence - XTP242",Bow Products,,Tools & Equipment>Power Tool Accessories>Power Tool Accessories,CLASSIFIED,RULE_MATCH,Tier 3,DIRECT_DATASET,,PASS,Explicit product noun phrase in description matched deterministic taxonomy schema,PASS,PASS,HIGH,PASS,NONE
992,AAS-P,AAS-P Align-A-Saw Plate Only,Woodpeckers Inc,,Tools & Equipment>Power Tool Accessories>Power Tool Accessories,CLASSIFIED,RULE_MATCH,Tier 3,DIRECT_DATASET,,PASS,Explicit product noun phrase in description matched deterministic taxonomy schema,PASS,PASS,HIGH,PASS,NONE
993,SSCMS,SSCMS Stealthstop Miter Sled,Woodpeckers Inc,,Tools & Equipment>Power Tools>Benchtop & Stationary Power Tools,CLASSIFIED,RULE_MATCH,Tier 3,DIRECT_DATASET,,PASS,Explicit product noun phrase in description matched deterministic taxonomy schema,PASS,PASS,HIGH,PASS,NONE
994,4225.201,"4225.201 Oliver 6"" HH Jointer Paralleogram",Oliver Machinery Company,,Tools & Equipment>Power Tools>Benchtop & Stationary Power Tools,CLASSIFIED,RULE_MATCH,Tier 3,DIRECT_DATASET,,PASS,Explicit product noun phrase in description matched deterministic taxonomy schema,PASS,PASS,HIGH,PASS,NONE
995,KC-426C,"KC-426C 12"" Portable Planer",King Canada Inc,,Tools & Equipment>Power Tools>Benchtop & Stationary Power Tools,CLASSIFIED,RULE_MATCH,Tier 3,DIRECT_DATASET,,PASS,Explicit product noun phrase in description matched deterministic taxonomy schema,PASS,PASS,HIGH,PASS,NONE
996,10045.201,"10045.201 Oliver 13"" Benchtop Planer 2HP,115V 1Ph",Oliver Machinery Company,,Tools & Equipment>Power Tools>Benchtop & Stationary Power Tools,CLASSIFIED,RULE_MATCH,Tier 3,DIRECT_DATASET,,PASS,Explicit product noun phrase in description matched deterministic taxonomy schema,PASS,PASS,HIGH,PASS,NONE
997,10014.201,"10014.201 Oliver 15"" Planer 3HP 1Ph 220V",Oliver Machinery Company,,UNRESOLVED,UNRESOLVED,UNRESOLVED,Tier 4,INSUFFICIENT_EVIDENCE,,NO_MATCH,No explicit product noun phrase or verified live web evidence,UNRESOLVED,PASS,NONE,PASS,INSUFFICIENT_PRODUCT_DESCRIPTION
998,4430.201,"4430.201 Oliver 20"" Planer 5HP 1Ph 230V",Oliver Machinery Company,,UNRESOLVED,UNRESOLVED,UNRESOLVED,Tier 4,INSUFFICIENT_EVIDENCE,,NO_MATCH,No explicit product noun phrase or verified live web evidence,UNRESOLVED,PASS,NONE,PASS,INSUFFICIENT_PRODUCT_DESCRIPTION
999,10055.201,"10055.201 Oliver 15"" Benchtop Planer 2.5HP 1Ph 230V",Oliver Machinery Company,,Tools & Equipment>Power Tools>Benchtop & Stationary Power Tools,CLASSIFIED,RULE_MATCH,Tier 3,DIRECT_DATASET,,PASS,Explicit product noun phrase in description matched deterministic taxonomy schema,PASS,PASS,HIGH,PASS,NONE
1000,T27417,T27417 Grizzly OscillatingEdge - Belt and Spindle Sander,Woodstock Intl,,Tools & Equipment>Power Tools>Benchtop & Stationary Power Tools,CLASSIFIED,RULE_MATCH,Tier 3,DIRECT_DATASET,,PASS,Explicit product noun phrase in description matched deterministic taxonomy schema,PASS,PASS,HIGH,PASS,NONE
