MFR URL,Ref URL 1,Ref URL 2,Ref URL 3,Ref URL 4,Ref URL 5,PART_NUMBER,Dept,Class,Fine,SKU - MY_PART_NUMBER,Mfg_Part_Num,Part_Desc,E1_Brand,Unilog_Brand,DIB_Brand,Part_Manuf,MANUFACTURER_NAME,BRAND_NAME,TRADE_NAME,MANUFACTURER_PART_NUMBER,ALTERNATE_PART_NUMBER,Classpath,MOBILE_DESC,INVOICE_DESC,SHORT_DESC,LONG_DESC1,RETAIL_DESC,MARKETING_DESCRIPTION,ITEM_FEATURES_1,ITEM_FEATURES_2,ITEM_FEATURES_3,ITEM_FEATURES_4,ITEM_FEATURES_5,ITEM_FEATURES_6,ITEM_FEATURES_7,ITEM_FEATURES_8,ITEM_FEATURES_9,ITEM_FEATURES_10,ITEM_FEATURES_11,ITEM_FEATURES_12,ITEM_FEATURES_13,ITEM_FEATURES_14,ITEM_FEATURES_15,ITEM_FEATURES_16,ITEM_FEATURES_17,ITEM_FEATURES_18,ITEM_FEATURES_19,ITEM_FEATURES_20,With,Standard/Approvals,Prop 65,Application,Includes,Product Name,ATTRIBUTE_LABEL 1,ATTRIBUTE_VALUE 1,ATTRIBUTE_UOM 1,ATTRIBUTE_LABEL 2,ATTRIBUTE_VALUE 2,ATTRIBUTE_UOM 2,ATTRIBUTE_LABEL 3,ATTRIBUTE_VALUE 3,ATTRIBUTE_UOM 3,ATTRIBUTE_LABEL 4,ATTRIBUTE_VALUE 4,ATTRIBUTE_UOM 4,ATTRIBUTE_LABEL 5,ATTRIBUTE_VALUE 5,ATTRIBUTE_UOM 5,ATTRIBUTE_LABEL 6,ATTRIBUTE_VALUE 6,ATTRIBUTE_UOM 6,ATTRIBUTE_LABEL 7,ATTRIBUTE_VALUE 7,ATTRIBUTE_UOM 7,ATTRIBUTE_LABEL 8,ATTRIBUTE_VALUE 8,ATTRIBUTE_UOM 8,ATTRIBUTE_LABEL 9,ATTRIBUTE_VALUE 9,ATTRIBUTE_UOM 9,ATTRIBUTE_LABEL 10,ATTRIBUTE_VALUE 10,ATTRIBUTE_UOM 10,ATTRIBUTE_LABEL 11,ATTRIBUTE_VALUE 11,ATTRIBUTE_UOM 11,ATTRIBUTE_LABEL 12,ATTRIBUTE_VALUE 12,ATTRIBUTE_UOM 12,ATTRIBUTE_LABEL 13,ATTRIBUTE_VALUE 13,ATTRIBUTE_UOM 13,ATTRIBUTE_LABEL 14,ATTRIBUTE_VALUE 14,ATTRIBUTE_UOM 14,ATTRIBUTE_LABEL 15,ATTRIBUTE_VALUE 15,ATTRIBUTE_UOM 15,ATTRIBUTE_LABEL 16,ATTRIBUTE_VALUE 16,ATTRIBUTE_UOM 16,ATTRIBUTE_LABEL 17,ATTRIBUTE_VALUE 17,ATTRIBUTE_UOM 17,ATTRIBUTE_LABEL 18,ATTRIBUTE_VALUE 18,ATTRIBUTE_UOM 18,ATTRIBUTE_LABEL 19,ATTRIBUTE_VALUE 19,ATTRIBUTE_UOM 19,ATTRIBUTE_LABEL 20,ATTRIBUTE_VALUE 20,ATTRIBUTE_UOM 20,ATTRIBUTE_LABEL 21,ATTRIBUTE_VALUE 21,ATTRIBUTE_UOM 21,ATTRIBUTE_LABEL 22,ATTRIBUTE_VALUE 22,ATTRIBUTE_UOM 22,ATTRIBUTE_LABEL 23,ATTRIBUTE_VALUE 23,ATTRIBUTE_UOM 23,ATTRIBUTE_LABEL 24,ATTRIBUTE_VALUE 24,ATTRIBUTE_UOM 24,ATTRIBUTE_LABEL 25,ATTRIBUTE_VALUE 25,ATTRIBUTE_UOM 25,ATTRIBUTE_LABEL 26,ATTRIBUTE_VALUE 26,ATTRIBUTE_UOM 26,ATTRIBUTE_LABEL 27,ATTRIBUTE_VALUE 27,ATTRIBUTE_UOM 27,ATTRIBUTE_LABEL 28,ATTRIBUTE_VALUE 28,ATTRIBUTE_UOM 28,ATTRIBUTE_LABEL 29,ATTRIBUTE_VALUE 29,ATTRIBUTE_UOM 29,ATTRIBUTE_LABEL 30,ATTRIBUTE_VALUE 30,ATTRIBUTE_UOM 30,ATTRIBUTE_LABEL 31,ATTRIBUTE_VALUE 31,ATTRIBUTE_UOM 31,ATTRIBUTE_LABEL 32,ATTRIBUTE_VALUE 32,ATTRIBUTE_UOM 32,ATTRIBUTE_LABEL 33,ATTRIBUTE_VALUE 33,ATTRIBUTE_UOM 33,ATTRIBUTE_LABEL 34,ATTRIBUTE_VALUE 34,ATTRIBUTE_UOM 34,ATTRIBUTE_LABEL 35,ATTRIBUTE_VALUE 35,ATTRIBUTE_UOM 35,ATTRIBUTE_LABEL 36,ATTRIBUTE_VALUE 36,ATTRIBUTE_UOM 36,ATTRIBUTE_LABEL 37,ATTRIBUTE_VALUE 37,ATTRIBUTE_UOM 37,ATTRIBUTE_LABEL 38,ATTRIBUTE_VALUE 38,ATTRIBUTE_UOM 38,ATTRIBUTE_LABEL 39,ATTRIBUTE_VALUE 39,ATTRIBUTE_UOM 39,ATTRIBUTE_LABEL 40,ATTRIBUTE_VALUE 40,ATTRIBUTE_UOM 40,ATTRIBUTE_LABEL 41,ATTRIBUTE_VALUE 41,ATTRIBUTE_UOM 41,ATTRIBUTE_LABEL 42,ATTRIBUTE_VALUE 42,ATTRIBUTE_UOM 42,ATTRIBUTE_LABEL 43,ATTRIBUTE_VALUE 43,ATTRIBUTE_UOM 43,ATTRIBUTE_LABEL 44,ATTRIBUTE_VALUE 44,ATTRIBUTE_UOM 44,ATTRIBUTE_LABEL 45,ATTRIBUTE_VALUE 45,ATTRIBUTE_UOM 45,ATTRIBUTE_LABEL 46,ATTRIBUTE_VALUE 46,ATTRIBUTE_UOM 46,ATTRIBUTE_LABEL 47,ATTRIBUTE_VALUE 47,ATTRIBUTE_UOM 47,ATTRIBUTE_LABEL 48,ATTRIBUTE_VALUE 48,ATTRIBUTE_UOM 48,ATTRIBUTE_LABEL 49,ATTRIBUTE_VALUE 49,ATTRIBUTE_UOM 49,ATTRIBUTE_LABEL 50,ATTRIBUTE_VALUE 50,ATTRIBUTE_UOM 50,UPC,EAN,GTIN,UNSPSC,Warranty,List Price,Selling Qty,Selling UOM,Standard Packaging Information,LENGTH,LENGTH_UOM,HEIGHT,HEIGHT_UOM,WIDTH,WIDTH_UOM,WEIGHT,WEIGHT_UOM,VOLUME,VOLUME_UOM,Product Image,Alternate Image 1,Alternate Image 2,Alternate Image 3,Alternate Image 4,SDS,SDS_1,Warranty Information,Catalog,Specification Sheet,Instruction/Installation Manual,Service Manual,Owners/User Manual,Line Drawing,MTR,RoHS,Full Engineering Drawing,Energy Star Guide,Technical Bulletin,Submittal,Compatibility Chart,Size Chart,Product Label/Insert,Video Link,Video Link 1,Country Of Origin,Discontinued,Actual Image (Yes/No)
https://www.diablotools.com/products/DCB518ASTS06G,https://www.mccoys.com/shop/p/7872492-052303-32/diablo-dcb518asts06g-sanding-belt-12-in-w-18-in-l-50-80-120-grit-coarse-fine-medium-zirconium-abrasive,https://www.amazon.com/Diablo-Sanding-Belt-Zirconium-Blend/dp/B0CZY1CKN1,,,,DCB518ASTS06G,Tools & Equipment,Power Tool Accessories,Sanding Belts,,DCB518ASTS06G,"DCB518ASTS06G Diablo 1/2""x18"" - Sanding Belt 6pc",,,,Freud Inc (2435),Freud Inc,Diablo®,Diablo®,DCB518ASTS06G,,Tools & Equipment>Power Tool Accessories>Abrasives>Sanding Belts,"Freud Inc, Diablo®, Sanding Belt, DCB518ASTS06G, Width 1/2 in, Length 18 in",SANDING BELT 1/2 IN 18 IN,"Diablo® DCB518ASTS06G Sanding Belt With 1/2 in, 18 in, 6 pc, 50, 80, 120 (assorted)","Diablo® Sanding Belt, 1/2 in, 18 in, 6 pc, 50, 80, 120 (assorted), Zirconium",,,Width: 1/2 in,Length: 18 in,Pack Quantity: 6 pc,"Grit: 50, 80, 120 (assorted)",Abrasive Material: Zirconium,,,,,,,,,,,,,,,,,,,,,Sanding Belt,Width,1/2,in,Length,18,in,Pack Quantity,6,pc,Grit,"50, 80, 120 (assorted)",,Abrasive Material,Zirconium,,,,,,,,,,,,,,,,,,,,,,,,,,,,,,,,,,,,,,,,,,,,,,,,,,,,,,,,,,,,,,,,,,,,,,,,,,,,,,,,,,,,,,,,,,,,,,,,,,,,,,,,,,,,,,,,,,,,,,,,,,,,,,,,,,,,,,,,,,,,,,,,,,18,in,,,1/2,in,,,,,,,,,,,,,,,,,,,,,,,,,,,,,,,,
https://www.3m.com/3M/en_US/p/d/b40064784/,,,,,,3MABR-7100075678,Tools & Equipment,Power Tool Accessories,Sanding Discs,,3MABR-7100075678,3M 775L Stikit Film P150 - Cubitron II 50 Disc/Box,,,,Jam Industrial Supply LLC (JAMIN),3M Company,3M®,3M®,3MABR-7100075678,,Tools & Equipment>Power Tool Accessories>Abrasives>Sanding Discs,"3M Company, 3M®, Cubitron II, Sanding Discs, 3MABR-7100075678, Grit 150",SANDING DISCS,"3M® Cubitron II 3MABR-7100075678 Sanding Discs With 150, 50 pc, Cubitron II, Ceramic","3M® Sanding Discs, Cubitron II, 150, 50 pc, Cubitron II, Ceramic, Film",,,Cubitron II,Grit: 150,Pack Quantity: 50 pc,Series: Cubitron II,Abrasive Material: Ceramic,Backing: Film,,,,,,,,,,,,,,,,,,,,Sanding Discs,Grit,150,,Pack Quantity,50,pc,Series,Cubitron II,,Abrasive Material,Ceramic,,Backing,Film,,,,,,,,,,,,,,,,,,,,,,,,,,,,,,,,,,,,,,,,,,,,,,,,,,,,,,,,,,,,,,,,,,,,,,,,,,,,,,,,,,,,,,,,,,,,,,,,,,,,,,,,,,,,,,,,,,,,,,,,,,,,,,,,,,,,,,,,,,,,,,,,,,,,,,,,,,,,,,,,,,,,,,,,,,,,,,,,,,,,,,,
https://www.3m.com/3M/en_US/p/d/b40064784/,,,,,,3MABR-7100045865,Tools & Equipment,Power Tool Accessories,Sanding Discs,,3MABR-7100045865,3M 775L Stikit Film P120 - Cubitron II 50 Disc/Box,,,,Jam Industrial Supply LLC (JAMIN),3M Company,3M®,3M®,3MABR-7100045865,,Tools & Equipment>Power Tool Accessories>Abrasives>Sanding Discs,"3M Company, 3M®, Cubitron II, Sanding Discs, 3MABR-7100045865, Grit 120",SANDING DISCS,"3M® Cubitron II 3MABR-7100045865 Sanding Discs With 120, 50 pc, Cubitron II, Ceramic","3M® Sanding Discs, Cubitron II, 120, 50 pc, Cubitron II, Ceramic, Film",,,Cubitron II,Grit: 120,Pack Quantity: 50 pc,Series: Cubitron II,Abrasive Material: Ceramic,Backing: Film,,,,,,,,,,,,,,,,,,,,Sanding Discs,Grit,120,,Pack Quantity,50,pc,Series,Cubitron II,,Abrasive Material,Ceramic,,Backing,Film,,,,,,,,,,,,,,,,,,,,,,,,,,,,,,,,,,,,,,,,,,,,,,,,,,,,,,,,,,,,,,,,,,,,,,,,,,,,,,,,,,,,,,,,,,,,,,,,,,,,,,,,,,,,,,,,,,,,,,,,,,,,,,,,,,,,,,,,,,,,,,,,,,,,,,,,,,,,,,,,,,,,,,,,,,,,,,,,,,,,,,,
,,,,,,3MABR-7100048736,Tools & Equipment,Power Tool Accessories,Sanding Discs,,3MABR-7100048736,3M 775L Stikit Film P80 - Cubitron II 50 Disc/Box,,,,Jam Industrial Supply LLC (JAMIN),3M Company,3M®,3M®,3MABR-7100048736,,Tools & Equipment>Power Tool Accessories>Abrasives>Sanding Discs,"3M Company, 3M®, Cubitron II, Sanding Discs, 3MABR-7100048736, Grit 80",SANDING DISCS,"3M® Cubitron II 3MABR-7100048736 Sanding Discs With 80, 50 pc, Cubitron II","3M® Sanding Discs, Cubitron II, 80, 50 pc, Cubitron II",,,Cubitron II,Grit: 80,Pack Quantity: 50 pc,Series: Cubitron II,,,,,,,,,,,,,,,,,,,,,,Sanding Discs,Grit,80,,Pack Quantity,50,pc,Series,Cubitron II,,,,,,,,,,,,,,,,,,,,,,,,,,,,,,,,,,,,,,,,,,,,,,,,,,,,,,,,,,,,,,,,,,,,,,,,,,,,,,,,,,,,,,,,,,,,,,,,,,,,,,,,,,,,,,,,,,,,,,,,,,,,,,,,,,,,,,,,,,,,,,,,,,,,,,,,,,,,,,,,,,,,,,,,,,,,,,,,,,,,,,,,,,,,,
,,,,,,3MABR-7100075690,Tools & Equipment,Power Tool Accessories,Sanding Discs,,3MABR-7100075690,3M 775L Stikit Film P180 - Cubitron II 50 Disc/Box,,,,Jam Industrial Supply LLC (JAMIN),3M Company,3M®,3M®,3MABR-7100075690,,Tools & Equipment>Power Tool Accessories>Abrasives>Sanding Discs,"3M Company, 3M®, Cubitron II, Sanding Discs, 3MABR-7100075690, Grit 180",SANDING DISCS,"3M® Cubitron II 3MABR-7100075690 Sanding Discs With 180, 50 pc, Cubitron II","3M® Sanding Discs, Cubitron II, 180, 50 pc, Cubitron II",,,Cubitron II,Grit: 180,Pack Quantity: 50 pc,Series: Cubitron II,,,,,,,,,,,,,,,,,,,,,,Sanding Discs,Grit,180,,Pack Quantity,50,pc,Series,Cubitron II,,,,,,,,,,,,,,,,,,,,,,,,,,,,,,,,,,,,,,,,,,,,,,,,,,,,,,,,,,,,,,,,,,,,,,,,,,,,,,,,,,,,,,,,,,,,,,,,,,,,,,,,,,,,,,,,,,,,,,,,,,,,,,,,,,,,,,,,,,,,,,,,,,,,,,,,,,,,,,,,,,,,,,,,,,,,,,,,,,,,,,,,,,,,,
,,,,,,3MABR-7100075692,Tools & Equipment,Power Tool Accessories,Sanding Discs,,3MABR-7100075692,3M 775L Stikit Film P220 - Cubitron II 50 Disc/Box,,,,Jam Industrial Supply LLC (JAMIN),3M Company,3M®,3M®,3MABR-7100075692,,Tools & Equipment>Power Tool Accessories>Abrasives>Sanding Discs,"3M Company, 3M®, Cubitron II, Sanding Discs, 3MABR-7100075692, Grit 220",SANDING DISCS,"3M® Cubitron II 3MABR-7100075692 Sanding Discs With 220, 50 pc, Cubitron II","3M® Sanding Discs, Cubitron II, 220, 50 pc, Cubitron II",,,Cubitron II,Grit: 220,Pack Quantity: 50 pc,Series: Cubitron II,,,,,,,,,,,,,,,,,,,,,,Sanding Discs,Grit,220,,Pack Quantity,50,pc,Series,Cubitron II,,,,,,,,,,,,,,,,,,,,,,,,,,,,,,,,,,,,,,,,,,,,,,,,,,,,,,,,,,,,,,,,,,,,,,,,,,,,,,,,,,,,,,,,,,,,,,,,,,,,,,,,,,,,,,,,,,,,,,,,,,,,,,,,,,,,,,,,,,,,,,,,,,,,,,,,,,,,,,,,,,,,,,,,,,,,,,,,,,,,,,,,,,,,,
,,,,,,3MABR-7100145365,Tools & Equipment,Power Tool Accessories,Sanding Discs,,3MABR-7100145365,3M 775L Stikit Film P320 - Cubitron II 50 Disc/Box,,,,Jam Industrial Supply LLC (JAMIN),3M Company,3M®,3M®,3MABR-7100145365,,Tools & Equipment>Power Tool Accessories>Abrasives>Sanding Discs,"3M Company, 3M®, Cubitron II, Sanding Discs, 3MABR-7100145365, Grit 320",SANDING DISCS,"3M® Cubitron II 3MABR-7100145365 Sanding Discs With 320, 50 pc, Cubitron II","3M® Sanding Discs, Cubitron II, 320, 50 pc, Cubitron II",,,Cubitron II,Grit: 320,Pack Quantity: 50 pc,Series: Cubitron II,,,,,,,,,,,,,,,,,,,,,,Sanding Discs,Grit,320,,Pack Quantity,50,pc,Series,Cubitron II,,,,,,,,,,,,,,,,,,,,,,,,,,,,,,,,,,,,,,,,,,,,,,,,,,,,,,,,,,,,,,,,,,,,,,,,,,,,,,,,,,,,,,,,,,,,,,,,,,,,,,,,,,,,,,,,,,,,,,,,,,,,,,,,,,,,,,,,,,,,,,,,,,,,,,,,,,,,,,,,,,,,,,,,,,,,,,,,,,,,,,,,,,,,,
,,,,,,5B-332-080,Tools & Equipment,Power Tool Accessories,Sanding Discs,,5B-332-080,"5B-332-080 HIOLIT 5"" P80",,,,Mirka Abrasives Inc (MIRUS),Mirka Abrasives Inc,,,5B-332-080,,Tools & Equipment>Power Tool Accessories>Abrasives>Sanding Discs,"Mirka Abrasives Inc, Sanding Discs, 5B-332-080, Diameter 5 in, Grit 80",SANDING DISCS 5 IN,"5B-332-080 Sanding Discs With 5 in, 80","Sanding Discs, 5 in, 80",,,Diameter: 5 in,Grit: 80,,,,,,,,,,,,,,,,,,,,,,,,Sanding Discs,Diameter,5,in,Grit,80,,,,,,,,,,,,,,,,,,,,,,,,,,,,,,,,,,,,,,,,,,,,,,,,,,,,,,,,,,,,,,,,,,,,,,,,,,,,,,,,,,,,,,,,,,,,,,,,,,,,,,,,,,,,,,,,,,,,,,,,,,,,,,,,,,,,,,,,,,,,,,,,,,,,,,,,,,,,,,,,,,,,,,,,,,,,,,,,,,,,,,,,,,,,,,,,
,,,,,,5B-332-120,Tools & Equipment,Power Tool Accessories,Sanding Discs,,5B-332-120,"5B-332-120 HIOLIT 5"" P120",,,,Mirka Abrasives Inc (MIRUS),Mirka Abrasives Inc,,,5B-332-120,,Tools & Equipment>Power Tool Accessories>Abrasives>Sanding Discs,"Mirka Abrasives Inc, Sanding Discs, 5B-332-120, Diameter 5 in, Grit 120",SANDING DISCS 5 IN,"5B-332-120 Sanding Discs With 5 in, 120","Sanding Discs, 5 in, 120",,,Diameter: 5 in,Grit: 120,,,,,,,,,,,,,,,,,,,,,,,,Sanding Discs,Diameter,5,in,Grit,120,,,,,,,,,,,,,,,,,,,,,,,,,,,,,,,,,,,,,,,,,,,,,,,,,,,,,,,,,,,,,,,,,,,,,,,,,,,,,,,,,,,,,,,,,,,,,,,,,,,,,,,,,,,,,,,,,,,,,,,,,,,,,,,,,,,,,,,,,,,,,,,,,,,,,,,,,,,,,,,,,,,,,,,,,,,,,,,,,,,,,,,,,,,,,,,,
,,,,,,9A-570-240,Tools & Equipment,Power Tool Accessories,Sanding Discs,,9A-570-240,9A-570-240 Abranet 2.75x30,,,,Mirka Abrasives Inc (MIRUS),Mirka Abrasives Inc,,,9A-570-240,,Tools & Equipment>Power Tool Accessories>Abrasives>Sanding Discs,"Mirka Abrasives Inc, Sanding Discs, 9A-570-240, Diameter 2-3/4 in",SANDING DISCS 2-3/4 IN 30 IN,"9A-570-240 Sanding Discs With 2-3/4 in, 30 in","Sanding Discs, 2-3/4 in, 30 in",,,Diameter: 2-3/4 in,Thickness: 30 in,,,,,,,,,,,,,,,,,,,,,,,,Sanding Discs,Diameter,2-3/4,in,Thickness,30,in,,,,,,,,,,,,,,,,,,,,,,,,,,,,,,,,,,,,,,,,,,,,,,,,,,,,,,,,,,,,,,,,,,,,,,,,,,,,,,,,,,,,,,,,,,,,,,,,,,,,,,,,,,,,,,,,,,,,,,,,,,,,,,,,,,,,,,,,,,,,,,,,,,,,,,,,,,,,,,,,,,,,,,,,,,,,,,,,,,,,,,,,,,,,,,,
,,,,,,9A-570-320,Tools & Equipment,Power Tool Accessories,Sanding Discs,,9A-570-320,9A-570-320 Abranet 2.75x30,,,,Mirka Abrasives Inc (MIRUS),Mirka Abrasives Inc,,,9A-570-320,,Tools & Equipment>Power Tool Accessories>Abrasives>Sanding Discs,"Mirka Abrasives Inc, Sanding Discs, 9A-570-320, Diameter 2-3/4 in",SANDING DISCS 2-3/4 IN 30 IN,"9A-570-320 Sanding Discs With 2-3/4 in, 30 in","Sanding Discs, 2-3/4 in, 30 in",,,Diameter: 2-3/4 in,Thickness: 30 in,,,,,,,,,,,,,,,,,,,,,,,,Sanding Discs,Diameter,2-3/4,in,Thickness,30,in,,,,,,,,,,,,,,,,,,,,,,,,,,,,,,,,,,,,,,,,,,,,,,,,,,,,,,,,,,,,,,,,,,,,,,,,,,,,,,,,,,,,,,,,,,,,,,,,,,,,,,,,,,,,,,,,,,,,,,,,,,,,,,,,,,,,,,,,,,,,,,,,,,,,,,,,,,,,,,,,,,,,,,,,,,,,,,,,,,,,,,,,,,,,,,,
https://diablotools.com/products/DBD090094101F,https://www.powerboltandtool.com/products/236595,,,,,DBD090094101F,Tools & Equipment,Power Tool Accessories,Cut-Off Discs,,DBD090094101F,"DBD090094101F Diablo 9"" - Metal Cut-Off Disc",,,,Freud Inc (2435),Freud Inc,Diablo®,Diablo®,DBD090094101F,,Tools & Equipment>Power Tool Accessories>Abrasives>Cut-Off Discs,"Freud Inc, Diablo®, Cut-Off Disc, DBD090094101F, Diameter 9 in",CUT-OFF DISC 9 IN 3/32 IN 7/8 IN,"Diablo® DBD090094101F Cut-Off Disc With 9 in, Metal, 3/32 in, 7/8 in","Diablo® Cut-Off Disc, 9 in, Metal, 3/32 in, 7/8 in, Aluminum Oxide, Metal",,,Diameter: 9 in,Application Material: Metal,Thickness: 3/32 in,Arbor Size: 7/8 in,Abrasive Material: Aluminum Oxide,,,,,,,,,,,,,,,,,,,,,Cut-Off Disc,Diameter,9,in,Application Material,Metal,,Thickness,3/32,in,Arbor Size,7/8,in,Abrasive Material,Aluminum Oxide,,,,,,,,,,,,,,,,,,,,,,,,,,,,,,,,,,,,,,,,,,,,,,,,,,,,,,,,,,,,,,,,,,,,,,,,,,,,,,,,,,,,,,,,,,,,,,,,,,,,,,,,,,,,,,,,,,,,,,,,,,,,,,,,,,,,,,,,,,,,,,,,,,,,,,,,,,,,,,,,,,,,,,,,,,,,,,,,,,,,,,,
,,,,,,DBDS12125A01F,Tools & Equipment,Power Tool Accessories,Cut-Off Discs,,DBDS12125A01F,"DBDS12125A01F Diablo 12"" - Steel Demon Metal Cut-Off Disc",,,,Freud Inc (2435),Freud Inc,Diablo®,Diablo®,DBDS12125A01F,,Tools & Equipment>Power Tool Accessories>Abrasives>Cut-Off Discs,"Freud Inc, Diablo®, Steel Demon, Cut-Off Disc, DBDS12125A01F, Diameter 12 in",CUT-OFF DISC 12 IN,"Diablo® Steel Demon DBDS12125A01F Cut-Off Disc With 12 in, Metal, Steel Demon","Diablo® Cut-Off Disc, Steel Demon, 12 in, Metal, Steel Demon, Metal",,,Steel Demon,Diameter: 12 in,Application Material: Metal,Series: Steel Demon,,,,,,,,,,,,,,,,,,,,,,Cut-Off Disc,Diameter,12,in,Application Material,Metal,,Series,Steel Demon,,,,,,,,,,,,,,,,,,,,,,,,,,,,,,,,,,,,,,,,,,,,,,,,,,,,,,,,,,,,,,,,,,,,,,,,,,,,,,,,,,,,,,,,,,,,,,,,,,,,,,,,,,,,,,,,,,,,,,,,,,,,,,,,,,,,,,,,,,,,,,,,,,,,,,,,,,,,,,,,,,,,,,,,,,,,,,,,,,,,,,,,,,,,,
https://diablotools.com/products/DBDS12125G01F,https://www.mccoys.com/shop/p/7866445-052303-32/diablo-steel-demon-dbds12125g01f-high-speed-cut-off-disc-12-in-dia-18-in-thick-20-mm-arbor-ceramic-abrasive,https://www.gobuildsupply.com/products/12-type-1-steel-demon%E2%84%A2-high-speed-metal-cut-off-disc-copy,,,,DBDS12125G01F,Tools & Equipment,Power Tool Accessories,Cut-Off Discs,,DBDS12125G01F,"DBDS12125G01F Diablo 12""x20mm - Speed Demon Metal Cut-Off Disc",,,,Freud Inc (2435),Freud Inc,Diablo®,Diablo®,DBDS12125G01F,,Tools & Equipment>Power Tool Accessories>Abrasives>Cut-Off Discs,"Freud Inc, Diablo®, Speed Demon, Cut-Off Disc, DBDS12125G01F",CUT-OFF DISC 12 IN 1/8 IN 20 MM,"Diablo® Speed Demon DBDS12125G01F Cut-Off Disc With 12 in, 20 mm, Metal, Speed Demon","Diablo® Cut-Off Disc, Speed Demon, 12 in, 20 mm, Metal, Speed Demon, 12 in, 1/8 in, 20 mm, Ceramic, Metal",,,Speed Demon,Unmapped Dimension 1: 12 in,Unmapped Dimension 2: 20 mm,Application Material: Metal,Series: Speed Demon,Diameter: 12 in,Thickness: 1/8 in,Arbor Size: 20 mm,Abrasive Material: Ceramic,,,,,,,,,,,,,,,,,Cut-Off Disc,Unmapped Dimension 1,12,in,Unmapped Dimension 2,20,mm,Application Material,Metal,,Series,Speed Demon,,Diameter,12,in,Thickness,1/8,in,Arbor Size,20,mm,Abrasive Material,Ceramic,,,,,,,,,,,,,,,,,,,,,,,,,,,,,,,,,,,,,,,,,,,,,,,,,,,,,,,,,,,,,,,,,,,,,,,,,,,,,,,,,,,,,,,,,,,,,,,,,,,,,,,,,,,,,,,,,,,,,,,,,,,,,,,,,,,,,,,,,,,,,,,,,,,,,,,,,,,,,,,,,,,,,,,,,,,,,,
,,,,,,DBDS14125A01F,Tools & Equipment,Power Tool Accessories,Cut-Off Discs,,DBDS14125A01F,"DBDS14125A01F Diablo 14""x1"" - Steel Demon Metal Cut-Off Disc",,,,Freud Inc (2435),Freud Inc,Diablo®,Diablo®,DBDS14125A01F,,Tools & Equipment>Power Tool Accessories>Abrasives>Cut-Off Discs,"Freud Inc, Diablo®, Steel Demon, Cut-Off Disc, DBDS14125A01F",CUT-OFF DISC,"Diablo® Steel Demon DBDS14125A01F Cut-Off Disc With 14 in, 1 in, Metal, Steel Demon","Diablo® Cut-Off Disc, Steel Demon, 14 in, 1 in, Metal, Steel Demon, Metal",,,Steel Demon,Unmapped Dimension 1: 14 in,Unmapped Dimension 2: 1 in,Application Material: Metal,Series: Steel Demon,,,,,,,,,,,,,,,,,,,,,Cut-Off Disc,Unmapped Dimension 1,14,in,Unmapped Dimension 2,1,in,Application Material,Metal,,Series,Steel Demon,,,,,,,,,,,,,,,,,,,,,,,,,,,,,,,,,,,,,,,,,,,,,,,,,,,,,,,,,,,,,,,,,,,,,,,,,,,,,,,,,,,,,,,,,,,,,,,,,,,,,,,,,,,,,,,,,,,,,,,,,,,,,,,,,,,,,,,,,,,,,,,,,,,,,,,,,,,,,,,,,,,,,,,,,,,,,,,,,,,,,,,,,,
,,,,,,DBDS14125G01F,Tools & Equipment,Power Tool Accessories,Cut-Off Discs,,DBDS14125G01F,"DBDS14125G01F Diablo 14""x20mm - Steel Demon Metal Cut-Off Disc",,,,Freud Inc (2435),Freud Inc,Diablo®,Diablo®,DBDS14125G01F,,Tools & Equipment>Power Tool Accessories>Abrasives>Cut-Off Discs,"Freud Inc, Diablo®, Steel Demon, Cut-Off Disc, DBDS14125G01F",CUT-OFF DISC,"Diablo® Steel Demon DBDS14125G01F Cut-Off Disc With 14 in, 20 mm, Metal, Steel Demon","Diablo® Cut-Off Disc, Steel Demon, 14 in, 20 mm, Metal, Steel Demon, Metal",,,Steel Demon,Unmapped Dimension 1: 14 in,Unmapped Dimension 2: 20 mm,Application Material: Metal,Series: Steel Demon,,,,,,,,,,,,,,,,,,,,,Cut-Off Disc,Unmapped Dimension 1,14,in,Unmapped Dimension 2,20,mm,Application Material,Metal,,Series,Steel Demon,,,,,,,,,,,,,,,,,,,,,,,,,,,,,,,,,,,,,,,,,,,,,,,,,,,,,,,,,,,,,,,,,,,,,,,,,,,,,,,,,,,,,,,,,,,,,,,,,,,,,,,,,,,,,,,,,,,,,,,,,,,,,,,,,,,,,,,,,,,,,,,,,,,,,,,,,,,,,,,,,,,,,,,,,,,,,,,,,,,,,,,,,,
,https://toolup.com/products/milwaukee-49-94-0013-5-in-x-0-045-in-x-7-8-in-type-1-metal-cut-off-wheel-for-metal-and-stainless-steel-1-each,,,,,49-94-0013,Tools & Equipment,Power Tool Accessories,Cut-Off Discs,,49-94-0013,"49-94-0013 Milw 5""x.045""x7/8"" Metal Cut Off Disc",,,,Milwaukee Accessory (4031),Milwaukee Tool,Milwaukee®,Milwaukee®,49-94-0013,,Tools & Equipment>Power Tool Accessories>Abrasives>Cut-Off Discs,"Milwaukee Tool, Milwaukee®, Cut Off Disc, 49-94-0013, Diameter 5 in",CUT OFF DISC 5 IN 0.045 IN 7/8 IN,"Milwaukee® 49-94-0013 Cut Off Disc With 5 in, 0.045 in, 7/8 in, Metal, Stainless Steel","Milwaukee® Cut Off Disc, 5 in, 0.045 in, 7/8 in, Metal, Stainless Steel, Metal, Stainless Steel",,,Diameter: 5 in,Thickness: 0.045 in,Arbor Size: 7/8 in,"Application Material: Metal, Stainless Steel",,,,,,,,,,,,,,,,,,,,,,Cut Off Disc,Diameter,5,in,Thickness,0.045,in,Arbor Size,7/8,in,Application Material,"Metal, Stainless Steel",,,,,,,,,,,,,,,,,,,,,,,,,,,,,,,,,,,,,,,,,,,,,,,,,,,,,,,,,,,,,,,,,,,,,,,,,,,,,,,,,,,,,,,,,,,,,,,,,,,,,,,,,,,,,,,,,,,,,,,,,,,,,,,,,,,,,,,,,,,,,,,,,,,,,,,,,,,,,,,,,,,,,,,,,,,,,,,,,,,,,,,,,,
,,,,,,49-94-0029,Tools & Equipment,Power Tool Accessories,Cut-Off Discs,,49-94-0029,"49-94-0029 Milw 6-1/2""x1/8""x5/8"" DKO Metal Cut Off Disc",,,,Milwaukee Accessory (4031),Milwaukee Tool,Milwaukee®,Milwaukee®,49-94-0029,,Tools & Equipment>Power Tool Accessories>Abrasives>Cut-Off Discs,"Milwaukee Tool, Milwaukee®, DKO, Cut Off Disc, 49-94-0029, Diameter 6-1/2 in",CUT OFF DISC 6-1/2 IN 1/8 IN 5/8 IN,"Milwaukee® DKO 49-94-0029 Cut Off Disc With 6-1/2 in, 1/8 in, 5/8 in, Metal","Milwaukee® Cut Off Disc, DKO, 6-1/2 in, 1/8 in, 5/8 in, Metal, DKO, Metal",,,DKO,Diameter: 6-1/2 in,Thickness: 1/8 in,Arbor Size: 5/8 in,Application Material: Metal,Series: DKO,,,,,,,,,,,,,,,,,,,,Cut Off Disc,Diameter,6-1/2,in,Thickness,1/8,in,Arbor Size,5/8,in,Application Material,Metal,,Series,DKO,,,,,,,,,,,,,,,,,,,,,,,,,,,,,,,,,,,,,,,,,,,,,,,,,,,,,,,,,,,,,,,,,,,,,,,,,,,,,,,,,,,,,,,,,,,,,,,,,,,,,,,,,,,,,,,,,,,,,,,,,,,,,,,,,,,,,,,,,,,,,,,,,,,,,,,,,,,,,,,,,,,,,,,,,,,,,,,,,,,,,,,
,,,,,,49-94-0033,Tools & Equipment,Power Tool Accessories,Cut-Off Discs,,49-94-0033,"49-94-0033 Milw 7""x1/16""x7/8"" Metal Cut Off Disc",,,,Milwaukee Accessory (4031),Milwaukee Tool,Milwaukee®,Milwaukee®,49-94-0033,,Tools & Equipment>Power Tool Accessories>Abrasives>Cut-Off Discs,"Milwaukee Tool, Milwaukee®, Cut Off Disc, 49-94-0033, Diameter 7 in",CUT OFF DISC 7 IN 1/16 IN 7/8 IN,"Milwaukee® 49-94-0033 Cut Off Disc With 7 in, 1/16 in, 7/8 in, Metal","Milwaukee® Cut Off Disc, 7 in, 1/16 in, 7/8 in, Metal, Metal",,,Diameter: 7 in,Thickness: 1/16 in,Arbor Size: 7/8 in,Application Material: Metal,,,,,,,,,,,,,,,,,,,,,,Cut Off Disc,Diameter,7,in,Thickness,1/16,in,Arbor Size,7/8,in,Application Material,Metal,,,,,,,,,,,,,,,,,,,,,,,,,,,,,,,,,,,,,,,,,,,,,,,,,,,,,,,,,,,,,,,,,,,,,,,,,,,,,,,,,,,,,,,,,,,,,,,,,,,,,,,,,,,,,,,,,,,,,,,,,,,,,,,,,,,,,,,,,,,,,,,,,,,,,,,,,,,,,,,,,,,,,,,,,,,,,,,,,,,,,,,,,,
,,,,,,49-94-0001,Tools & Equipment,Power Tool Accessories,Cut-Off Discs,,49-94-0001,"49-94-0001 Milw 4""x.040""x5/8"" Metal Cut Off Disc",,,,Milwaukee Accessory (4031),Milwaukee Tool,Milwaukee®,Milwaukee®,49-94-0001,,Tools & Equipment>Power Tool Accessories>Abrasives>Cut-Off Discs,"Milwaukee Tool, Milwaukee®, Cut Off Disc, 49-94-0001, Diameter 4 in",CUT OFF DISC 4 IN 0.04 IN 5/8 IN,"Milwaukee® 49-94-0001 Cut Off Disc With 4 in, 0.04 in, 5/8 in, Metal","Milwaukee® Cut Off Disc, 4 in, 0.04 in, 5/8 in, Metal, Metal",,,Diameter: 4 in,Thickness: 0.04 in,Arbor Size: 5/8 in,Application Material: Metal,,,,,,,,,,,,,,,,,,,,,,Cut Off Disc,Diameter,4,in,Thickness,0.04,in,Arbor Size,5/8,in,Application Material,Metal,,,,,,,,,,,,,,,,,,,,,,,,,,,,,,,,,,,,,,,,,,,,,,,,,,,,,,,,,,,,,,,,,,,,,,,,,,,,,,,,,,,,,,,,,,,,,,,,,,,,,,,,,,,,,,,,,,,,,,,,,,,,,,,,,,,,,,,,,,,,,,,,,,,,,,,,,,,,,,,,,,,,,,,,,,,,,,,,,,,,,,,,,,
,,,,,,49-94-0039,Tools & Equipment,Power Tool Accessories,Cut-Off Discs,,49-94-0039,"49-94-0039 Milw 7""x1/8""x5/8"" DKO Metal Cut Off Disc",,,,Milwaukee Accessory (4031),Milwaukee Tool,Milwaukee®,Milwaukee®,49-94-0039,,Tools & Equipment>Power Tool Accessories>Abrasives>Cut-Off Discs,"Milwaukee Tool, Milwaukee®, DKO, Cut Off Disc, 49-94-0039, Diameter 7 in",CUT OFF DISC 7 IN 1/8 IN 5/8 IN,"Milwaukee® DKO 49-94-0039 Cut Off Disc With 7 in, 1/8 in, 5/8 in, Metal","Milwaukee® Cut Off Disc, DKO, 7 in, 1/8 in, 5/8 in, Metal, DKO, Metal",,,DKO,Diameter: 7 in,Thickness: 1/8 in,Arbor Size: 5/8 in,Application Material: Metal,Series: DKO,,,,,,,,,,,,,,,,,,,,Cut Off Disc,Diameter,7,in,Thickness,1/8,in,Arbor Size,5/8,in,Application Material,Metal,,Series,DKO,,,,,,,,,,,,,,,,,,,,,,,,,,,,,,,,,,,,,,,,,,,,,,,,,,,,,,,,,,,,,,,,,,,,,,,,,,,,,,,,,,,,,,,,,,,,,,,,,,,,,,,,,,,,,,,,,,,,,,,,,,,,,,,,,,,,,,,,,,,,,,,,,,,,,,,,,,,,,,,,,,,,,,,,,,,,,,,,,,,,,,,
,,,,,,49-94-0043,Tools & Equipment,Power Tool Accessories,Cut-Off Discs,,49-94-0043,"49-94-0043 Milw 9""x3/32""x7/8"" Metal Cut Off Disc",,,,Milwaukee Accessory (4031),Milwaukee Tool,Milwaukee®,Milwaukee®,49-94-0043,,Tools & Equipment>Power Tool Accessories>Abrasives>Cut-Off Discs,"Milwaukee Tool, Milwaukee®, Cut Off Disc, 49-94-0043, Diameter 9 in",CUT OFF DISC 9 IN 3/32 IN 7/8 IN,"Milwaukee® 49-94-0043 Cut Off Disc With 9 in, 3/32 in, 7/8 in, Metal","Milwaukee® Cut Off Disc, 9 in, 3/32 in, 7/8 in, Metal, Metal",,,Diameter: 9 in,Thickness: 3/32 in,Arbor Size: 7/8 in,Application Material: Metal,,,,,,,,,,,,,,,,,,,,,,Cut Off Disc,Diameter,9,in,Thickness,3/32,in,Arbor Size,7/8,in,Application Material,Metal,,,,,,,,,,,,,,,,,,,,,,,,,,,,,,,,,,,,,,,,,,,,,,,,,,,,,,,,,,,,,,,,,,,,,,,,,,,,,,,,,,,,,,,,,,,,,,,,,,,,,,,,,,,,,,,,,,,,,,,,,,,,,,,,,,,,,,,,,,,,,,,,,,,,,,,,,,,,,,,,,,,,,,,,,,,,,,,,,,,,,,,,,,
,,,,,,49-94-0048,Tools & Equipment,Power Tool Accessories,Cut-Off Discs,,49-94-0048,"49-94-0048 Milw 12""x7/64""x1"" Metal Cut Off Disc General Purpose",,,,Milwaukee Accessory (4031),Milwaukee Tool,Milwaukee®,Milwaukee®,49-94-0048,,Tools & Equipment>Power Tool Accessories>Abrasives>Cut-Off Discs,"Milwaukee Tool, Milwaukee®, General Purpose, Cut Off Disc, 49-94-0048",CUT OFF DISC 12 IN 7/64 IN 1 IN,"Milwaukee® General Purpose 49-94-0048 Cut Off Disc With 12 in, 7/64 in, 1 in, Metal","Milwaukee® Cut Off Disc, General Purpose, 12 in, 7/64 in, 1 in, Metal, General Purpose, Metal",,,General Purpose,Diameter: 12 in,Thickness: 7/64 in,Arbor Size: 1 in,Application Material: Metal,Series: General Purpose,,,,,,,,,,,,,,,,,,,,Cut Off Disc,Diameter,12,in,Thickness,7/64,in,Arbor Size,1,in,Application Material,Metal,,Series,General Purpose,,,,,,,,,,,,,,,,,,,,,,,,,,,,,,,,,,,,,,,,,,,,,,,,,,,,,,,,,,,,,,,,,,,,,,,,,,,,,,,,,,,,,,,,,,,,,,,,,,,,,,,,,,,,,,,,,,,,,,,,,,,,,,,,,,,,,,,,,,,,,,,,,,,,,,,,,,,,,,,,,,,,,,,,,,,,,,,,,,,,,,,
,,,,,,49-94-0053,Tools & Equipment,Power Tool Accessories,Cut-Off Discs,,49-94-0053,"49-94-0053 Milw 12""x1/8""x1"" Metal Cut Off Disc",,,,Milwaukee Accessory (4031),Milwaukee Tool,Milwaukee®,Milwaukee®,49-94-0053,,Tools & Equipment>Power Tool Accessories>Abrasives>Cut-Off Discs,"Milwaukee Tool, Milwaukee®, Cut Off Disc, 49-94-0053, Diameter 12 in",CUT OFF DISC 12 IN 1/8 IN 1 IN,"Milwaukee® 49-94-0053 Cut Off Disc With 12 in, 1/8 in, 1 in, Metal","Milwaukee® Cut Off Disc, 12 in, 1/8 in, 1 in, Metal, Metal",,,Diameter: 12 in,Thickness: 1/8 in,Arbor Size: 1 in,Application Material: Metal,,,,,,,,,,,,,,,,,,,,,,Cut Off Disc,Diameter,12,in,Thickness,1/8,in,Arbor Size,1,in,Application Material,Metal,,,,,,,,,,,,,,,,,,,,,,,,,,,,,,,,,,,,,,,,,,,,,,,,,,,,,,,,,,,,,,,,,,,,,,,,,,,,,,,,,,,,,,,,,,,,,,,,,,,,,,,,,,,,,,,,,,,,,,,,,,,,,,,,,,,,,,,,,,,,,,,,,,,,,,,,,,,,,,,,,,,,,,,,,,,,,,,,,,,,,,,,,,
,https://toolup.com/products/milwaukee-49-94-0058-12-in-type-1-metal-cut-off-wheel-1-8-in-thick-20-mm-arbor,,,,,49-94-0058,Tools & Equipment,Power Tool Accessories,Cut-Off Discs,,49-94-0058,"49-94-0058 Milw 12""x1/8""x20mm Metal Cut Off Disc",,,,Milwaukee Accessory (4031),Milwaukee Tool,Milwaukee®,Milwaukee®,49-94-0058,,Tools & Equipment>Power Tool Accessories>Abrasives>Cut-Off Discs,"Milwaukee Tool, Milwaukee®, Cut Off Disc, 49-94-0058, Diameter 12 in",CUT OFF DISC 12 IN 1/8 IN 20 MM,"Milwaukee® 49-94-0058 Cut Off Disc With 12 in, 1/8 in, 20 mm, Metal","Milwaukee® Cut Off Disc, 12 in, 1/8 in, 20 mm, Metal, Metal",,,Diameter: 12 in,Thickness: 1/8 in,Arbor Size: 20 mm,Application Material: Metal,,,,,,,,,,,,,,,,,,,,,,Cut Off Disc,Diameter,12,in,Thickness,1/8,in,Arbor Size,20,mm,Application Material,Metal,,,,,,,,,,,,,,,,,,,,,,,,,,,,,,,,,,,,,,,,,,,,,,,,,,,,,,,,,,,,,,,,,,,,,,,,,,,,,,,,,,,,,,,,,,,,,,,,,,,,,,,,,,,,,,,,,,,,,,,,,,,,,,,,,,,,,,,,,,,,,,,,,,,,,,,,,,,,,,,,,,,,,,,,,,,,,,,,,,,,,,,,,,
,,,,,,49-94-0063,Tools & Equipment,Power Tool Accessories,Cut-Off Discs,,49-94-0063,"49-94-0063 Milw 14""x7/64""x1"" Metal Cut Off Disc General Purpose",,,,Milwaukee Accessory (4031),Milwaukee Tool,Milwaukee®,Milwaukee®,49-94-0063,,Tools & Equipment>Power Tool Accessories>Abrasives>Cut-Off Discs,"Milwaukee Tool, Milwaukee®, General Purpose, Cut Off Disc, 49-94-0063",CUT OFF DISC 14 IN 7/64 IN 1 IN,"Milwaukee® General Purpose 49-94-0063 Cut Off Disc With 14 in, 7/64 in, 1 in, Metal","Milwaukee® Cut Off Disc, General Purpose, 14 in, 7/64 in, 1 in, Metal, General Purpose, Metal",,,General Purpose,Diameter: 14 in,Thickness: 7/64 in,Arbor Size: 1 in,Application Material: Metal,Series: General Purpose,,,,,,,,,,,,,,,,,,,,Cut Off Disc,Diameter,14,in,Thickness,7/64,in,Arbor Size,1,in,Application Material,Metal,,Series,General Purpose,,,,,,,,,,,,,,,,,,,,,,,,,,,,,,,,,,,,,,,,,,,,,,,,,,,,,,,,,,,,,,,,,,,,,,,,,,,,,,,,,,,,,,,,,,,,,,,,,,,,,,,,,,,,,,,,,,,,,,,,,,,,,,,,,,,,,,,,,,,,,,,,,,,,,,,,,,,,,,,,,,,,,,,,,,,,,,,,,,,,,,,
,,,,,,49-94-0068,Tools & Equipment,Power Tool Accessories,Cut-Off Discs,,49-94-0068,"49-94-0068 Milw 14""x1/8""x20mm Metal Cut Off Disc",,,,Milwaukee Accessory (4031),Milwaukee Tool,Milwaukee®,Milwaukee®,49-94-0068,,Tools & Equipment>Power Tool Accessories>Abrasives>Cut-Off Discs,"Milwaukee Tool, Milwaukee®, Cut Off Disc, 49-94-0068, Diameter 14 in",CUT OFF DISC 14 IN 1/8 IN 20 MM,"Milwaukee® 49-94-0068 Cut Off Disc With 14 in, 1/8 in, 20 mm, Metal","Milwaukee® Cut Off Disc, 14 in, 1/8 in, 20 mm, Metal, Metal",,,Diameter: 14 in,Thickness: 1/8 in,Arbor Size: 20 mm,Application Material: Metal,,,,,,,,,,,,,,,,,,,,,,Cut Off Disc,Diameter,14,in,Thickness,1/8,in,Arbor Size,20,mm,Application Material,Metal,,,,,,,,,,,,,,,,,,,,,,,,,,,,,,,,,,,,,,,,,,,,,,,,,,,,,,,,,,,,,,,,,,,,,,,,,,,,,,,,,,,,,,,,,,,,,,,,,,,,,,,,,,,,,,,,,,,,,,,,,,,,,,,,,,,,,,,,,,,,,,,,,,,,,,,,,,,,,,,,,,,,,,,,,,,,,,,,,,,,,,,,,,
,,,,,,49-94-0073,Tools & Equipment,Power Tool Accessories,Cut-Off Discs,,49-94-0073,"49-94-0073 Milw 14""x1/8""x1"" Metal Cut Off Disc",,,,Milwaukee Accessory (4031),Milwaukee Tool,Milwaukee®,Milwaukee®,49-94-0073,,Tools & Equipment>Power Tool Accessories>Abrasives>Cut-Off Discs,"Milwaukee Tool, Milwaukee®, Cut Off Disc, 49-94-0073, Diameter 14 in",CUT OFF DISC 14 IN 1/8 IN 1 IN,"Milwaukee® 49-94-0073 Cut Off Disc With 14 in, 1/8 in, 1 in, Metal","Milwaukee® Cut Off Disc, 14 in, 1/8 in, 1 in, Metal, Metal",,,Diameter: 14 in,Thickness: 1/8 in,Arbor Size: 1 in,Application Material: Metal,,,,,,,,,,,,,,,,,,,,,,Cut Off Disc,Diameter,14,in,Thickness,1/8,in,Arbor Size,1,in,Application Material,Metal,,,,,,,,,,,,,,,,,,,,,,,,,,,,,,,,,,,,,,,,,,,,,,,,,,,,,,,,,,,,,,,,,,,,,,,,,,,,,,,,,,,,,,,,,,,,,,,,,,,,,,,,,,,,,,,,,,,,,,,,,,,,,,,,,,,,,,,,,,,,,,,,,,,,,,,,,,,,,,,,,,,,,,,,,,,,,,,,,,,,,,,,,,
,,,,,,49-94-0101,Tools & Equipment,Power Tool Accessories,Cut-Off Discs,,49-94-0101,"49-94-0101 Milw 4-1/2""x.045""x7/8"" Perform+ Metal Cut Off Disc 10pc",,,,Milwaukee Accessory (4031),Milwaukee Tool,Milwaukee®,Milwaukee®,49-94-0101,,Tools & Equipment>Power Tool Accessories>Abrasives>Cut-Off Discs,"Milwaukee Tool, Milwaukee®, Perform+, Cut Off Disc, 49-94-0101",CUT OFF DISC 4-1/2 IN 0.045 IN 7/8 IN,"Milwaukee® Perform+ 49-94-0101 Cut Off Disc With 4-1/2 in, 0.045 in, 7/8 in, 10 pc","Milwaukee® Cut Off Disc, Perform+, 4-1/2 in, 0.045 in, 7/8 in, 10 pc, Metal, Perform+, Metal",,,Perform+,Diameter: 4-1/2 in,Thickness: 0.045 in,Arbor Size: 7/8 in,Pack Quantity: 10 pc,Application Material: Metal,Series: Perform+,,,,,,,,,,,,,,,,,,,Cut Off Disc,Diameter,4-1/2,in,Thickness,0.045,in,Arbor Size,7/8,in,Pack Quantity,10,pc,Application Material,Metal,,Series,Perform+,,,,,,,,,,,,,,,,,,,,,,,,,,,,,,,,,,,,,,,,,,,,,,,,,,,,,,,,,,,,,,,,,,,,,,,,,,,,,,,,,,,,,,,,,,,,,,,,,,,,,,,,,,,,,,,,,,,,,,,,,,,,,,,,,,,,,,,,,,,,,,,,,,,,,,,,,,,,,,,,,,,,,,,,,,,,,,,,,,,,
,,,,,,49-94-0107,Tools & Equipment,Power Tool Accessories,Cut-Off Discs,,49-94-0107,"49-94-0107 Milw 4-1/2""x.045""x7/8"" Performance+ Metal Cut Off Disc",,,,Milwaukee Accessory (4031),Milwaukee Tool,Milwaukee®,Milwaukee®,49-94-0107,,Tools & Equipment>Power Tool Accessories>Abrasives>Cut-Off Discs,"Milwaukee Tool, Milwaukee®, Performance+, Cut Off Disc, 49-94-0107",CUT OFF DISC 4-1/2 IN 0.045 IN 7/8 IN,"Milwaukee® Performance+ 49-94-0107 Cut Off Disc With 4-1/2 in, 0.045 in, 7/8 in, Metal","Milwaukee® Cut Off Disc, Performance+, 4-1/2 in, 0.045 in, 7/8 in, Metal, Performance+, Metal",,,Performance+,Diameter: 4-1/2 in,Thickness: 0.045 in,Arbor Size: 7/8 in,Application Material: Metal,Series: Performance+,,,,,,,,,,,,,,,,,,,,Cut Off Disc,Diameter,4-1/2,in,Thickness,0.045,in,Arbor Size,7/8,in,Application Material,Metal,,Series,Performance+,,,,,,,,,,,,,,,,,,,,,,,,,,,,,,,,,,,,,,,,,,,,,,,,,,,,,,,,,,,,,,,,,,,,,,,,,,,,,,,,,,,,,,,,,,,,,,,,,,,,,,,,,,,,,,,,,,,,,,,,,,,,,,,,,,,,,,,,,,,,,,,,,,,,,,,,,,,,,,,,,,,,,,,,,,,,,,,,,,,,,,,
,,,,,,49-94-0117,Tools & Equipment,Power Tool Accessories,Cut-Off Discs,,49-94-0117,"49-94-0117 Milw 5""x.045""x7/8"" Performance+ Metal Cut Off Disc",,,,Milwaukee Accessory (4031),Milwaukee Tool,Milwaukee®,Milwaukee®,49-94-0117,,Tools & Equipment>Power Tool Accessories>Abrasives>Cut-Off Discs,"Milwaukee Tool, Milwaukee®, Performance+, Cut Off Disc, 49-94-0117",CUT OFF DISC 5 IN 0.045 IN 7/8 IN,"Milwaukee® Performance+ 49-94-0117 Cut Off Disc With 5 in, 0.045 in, 7/8 in, Metal","Milwaukee® Cut Off Disc, Performance+, 5 in, 0.045 in, 7/8 in, Metal, Performance+, Metal",,,Performance+,Diameter: 5 in,Thickness: 0.045 in,Arbor Size: 7/8 in,Application Material: Metal,Series: Performance+,,,,,,,,,,,,,,,,,,,,Cut Off Disc,Diameter,5,in,Thickness,0.045,in,Arbor Size,7/8,in,Application Material,Metal,,Series,Performance+,,,,,,,,,,,,,,,,,,,,,,,,,,,,,,,,,,,,,,,,,,,,,,,,,,,,,,,,,,,,,,,,,,,,,,,,,,,,,,,,,,,,,,,,,,,,,,,,,,,,,,,,,,,,,,,,,,,,,,,,,,,,,,,,,,,,,,,,,,,,,,,,,,,,,,,,,,,,,,,,,,,,,,,,,,,,,,,,,,,,,,,
,,,,,,49-94-0123,Tools & Equipment,Power Tool Accessories,Cut-Off Discs,,49-94-0123,"49-94-0123 Milw 6""x.045""x7/8"" Performance+ Metal Cut Off Disc",,,,Milwaukee Accessory (4031),Milwaukee Tool,Milwaukee®,Milwaukee®,49-94-0123,,Tools & Equipment>Power Tool Accessories>Abrasives>Cut-Off Discs,"Milwaukee Tool, Milwaukee®, Performance+, Cut Off Disc, 49-94-0123",CUT OFF DISC 6 IN 0.045 IN 7/8 IN,"Milwaukee® Performance+ 49-94-0123 Cut Off Disc With 6 in, 0.045 in, 7/8 in, Metal","Milwaukee® Cut Off Disc, Performance+, 6 in, 0.045 in, 7/8 in, Metal, Performance+, Metal",,,Performance+,Diameter: 6 in,Thickness: 0.045 in,Arbor Size: 7/8 in,Application Material: Metal,Series: Performance+,,,,,,,,,,,,,,,,,,,,Cut Off Disc,Diameter,6,in,Thickness,0.045,in,Arbor Size,7/8,in,Application Material,Metal,,Series,Performance+,,,,,,,,,,,,,,,,,,,,,,,,,,,,,,,,,,,,,,,,,,,,,,,,,,,,,,,,,,,,,,,,,,,,,,,,,,,,,,,,,,,,,,,,,,,,,,,,,,,,,,,,,,,,,,,,,,,,,,,,,,,,,,,,,,,,,,,,,,,,,,,,,,,,,,,,,,,,,,,,,,,,,,,,,,,,,,,,,,,,,,,
,,,,,,49-94-0023,Tools & Equipment,Power Tool Accessories,Cut-Off Discs,,49-94-0023,"49-94-0023 Milw 6""x.045""x7/8"" Metal Cut Off Disc",,,,Milwaukee Accessory (4031),Milwaukee Tool,Milwaukee®,Milwaukee®,49-94-0023,,Tools & Equipment>Power Tool Accessories>Abrasives>Cut-Off Discs,"Milwaukee Tool, Milwaukee®, Cut Off Disc, 49-94-0023, Diameter 6 in",CUT OFF DISC 6 IN 0.045 IN 7/8 IN,"Milwaukee® 49-94-0023 Cut Off Disc With 6 in, 0.045 in, 7/8 in, Metal","Milwaukee® Cut Off Disc, 6 in, 0.045 in, 7/8 in, Metal, Metal",,,Diameter: 6 in,Thickness: 0.045 in,Arbor Size: 7/8 in,Application Material: Metal,,,,,,,,,,,,,,,,,,,,,,Cut Off Disc,Diameter,6,in,Thickness,0.045,in,Arbor Size,7/8,in,Application Material,Metal,,,,,,,,,,,,,,,,,,,,,,,,,,,,,,,,,,,,,,,,,,,,,,,,,,,,,,,,,,,,,,,,,,,,,,,,,,,,,,,,,,,,,,,,,,,,,,,,,,,,,,,,,,,,,,,,,,,,,,,,,,,,,,,,,,,,,,,,,,,,,,,,,,,,,,,,,,,,,,,,,,,,,,,,,,,,,,,,,,,,,,,,,,
,,,,,,49-94-0121,Tools & Equipment,Power Tool Accessories,Cut-Off Discs,,49-94-0121,"49-94-0121 Milw 6""x.045""x7/8"" Performance+ Metal Cut Off Disc 10pc",,,,Milwaukee Accessory (4031),Milwaukee Tool,Milwaukee®,Milwaukee®,49-94-0121,,Tools & Equipment>Power Tool Accessories>Abrasives>Cut-Off Discs,"Milwaukee Tool, Milwaukee®, Performance+, Cut Off Disc, 49-94-0121",CUT OFF DISC 6 IN 0.045 IN 7/8 IN,"Milwaukee® Performance+ 49-94-0121 Cut Off Disc With 6 in, 0.045 in, 7/8 in, 10 pc","Milwaukee® Cut Off Disc, Performance+, 6 in, 0.045 in, 7/8 in, 10 pc, Metal, Performance+, Metal",,,Performance+,Diameter: 6 in,Thickness: 0.045 in,Arbor Size: 7/8 in,Pack Quantity: 10 pc,Application Material: Metal,Series: Performance+,,,,,,,,,,,,,,,,,,,Cut Off Disc,Diameter,6,in,Thickness,0.045,in,Arbor Size,7/8,in,Pack Quantity,10,pc,Application Material,Metal,,Series,Performance+,,,,,,,,,,,,,,,,,,,,,,,,,,,,,,,,,,,,,,,,,,,,,,,,,,,,,,,,,,,,,,,,,,,,,,,,,,,,,,,,,,,,,,,,,,,,,,,,,,,,,,,,,,,,,,,,,,,,,,,,,,,,,,,,,,,,,,,,,,,,,,,,,,,,,,,,,,,,,,,,,,,,,,,,,,,,,,,,,,,,
,,,,,,49-94-0127,Tools & Equipment,Power Tool Accessories,Cut-Off Discs,,49-94-0127,"49-94-0127 Milw 6""x.045""x7/8"" Performance+Metal Cut Off Disc",,,,Milwaukee Accessory (4031),Milwaukee Tool,Milwaukee®,Milwaukee®,49-94-0127,,Tools & Equipment>Power Tool Accessories>Abrasives>Cut-Off Discs,"Milwaukee Tool, Milwaukee®, Performance+, Cut Off Disc, 49-94-0127",CUT OFF DISC 6 IN 0.045 IN 7/8 IN,"Milwaukee® Performance+ 49-94-0127 Cut Off Disc With 6 in, 0.045 in, 7/8 in, Metal","Milwaukee® Cut Off Disc, Performance+, 6 in, 0.045 in, 7/8 in, Metal, Performance+, Metal",,,Performance+,Diameter: 6 in,Thickness: 0.045 in,Arbor Size: 7/8 in,Application Material: Metal,Series: Performance+,,,,,,,,,,,,,,,,,,,,Cut Off Disc,Diameter,6,in,Thickness,0.045,in,Arbor Size,7/8,in,Application Material,Metal,,Series,Performance+,,,,,,,,,,,,,,,,,,,,,,,,,,,,,,,,,,,,,,,,,,,,,,,,,,,,,,,,,,,,,,,,,,,,,,,,,,,,,,,,,,,,,,,,,,,,,,,,,,,,,,,,,,,,,,,,,,,,,,,,,,,,,,,,,,,,,,,,,,,,,,,,,,,,,,,,,,,,,,,,,,,,,,,,,,,,,,,,,,,,,,,
,,,,,,49-94-0137,Tools & Equipment,Power Tool Accessories,Cut-Off Discs,,49-94-0137,"49-94-0137 Milw 7""x3/32""x7/8"" Performance+ Metal Cut Off Disc",,,,Milwaukee Accessory (4031),Milwaukee Tool,Milwaukee®,Milwaukee®,49-94-0137,,Tools & Equipment>Power Tool Accessories>Abrasives>Cut-Off Discs,"Milwaukee Tool, Milwaukee®, Performance+, Cut Off Disc, 49-94-0137",CUT OFF DISC 7 IN 3/32 IN 7/8 IN,"Milwaukee® Performance+ 49-94-0137 Cut Off Disc With 7 in, 3/32 in, 7/8 in, Metal","Milwaukee® Cut Off Disc, Performance+, 7 in, 3/32 in, 7/8 in, Metal, Performance+, Metal",,,Performance+,Diameter: 7 in,Thickness: 3/32 in,Arbor Size: 7/8 in,Application Material: Metal,Series: Performance+,,,,,,,,,,,,,,,,,,,,Cut Off Disc,Diameter,7,in,Thickness,3/32,in,Arbor Size,7/8,in,Application Material,Metal,,Series,Performance+,,,,,,,,,,,,,,,,,,,,,,,,,,,,,,,,,,,,,,,,,,,,,,,,,,,,,,,,,,,,,,,,,,,,,,,,,,,,,,,,,,,,,,,,,,,,,,,,,,,,,,,,,,,,,,,,,,,,,,,,,,,,,,,,,,,,,,,,,,,,,,,,,,,,,,,,,,,,,,,,,,,,,,,,,,,,,,,,,,,,,,,
,,,,,,49-94-0160,Tools & Equipment,Power Tool Accessories,Cut-Off Discs,,49-94-0160,"49-94-0160 Milw 14""x7/64""x1"" Performance+ Metal Cut Off Disc",,,,Milwaukee Accessory (4031),Milwaukee Tool,Milwaukee®,Milwaukee®,49-94-0160,,Tools & Equipment>Power Tool Accessories>Abrasives>Cut-Off Discs,"Milwaukee Tool, Milwaukee®, Performance+, Cut Off Disc, 49-94-0160",CUT OFF DISC 14 IN 7/64 IN 1 IN,"Milwaukee® Performance+ 49-94-0160 Cut Off Disc With 14 in, 7/64 in, 1 in, Metal","Milwaukee® Cut Off Disc, Performance+, 14 in, 7/64 in, 1 in, Metal, Performance+, Metal",,,Performance+,Diameter: 14 in,Thickness: 7/64 in,Arbor Size: 1 in,Application Material: Metal,Series: Performance+,,,,,,,,,,,,,,,,,,,,Cut Off Disc,Diameter,14,in,Thickness,7/64,in,Arbor Size,1,in,Application Material,Metal,,Series,Performance+,,,,,,,,,,,,,,,,,,,,,,,,,,,,,,,,,,,,,,,,,,,,,,,,,,,,,,,,,,,,,,,,,,,,,,,,,,,,,,,,,,,,,,,,,,,,,,,,,,,,,,,,,,,,,,,,,,,,,,,,,,,,,,,,,,,,,,,,,,,,,,,,,,,,,,,,,,,,,,,,,,,,,,,,,,,,,,,,,,,,,,,
,,,,,,49-94-0223,Tools & Equipment,Power Tool Accessories,Cut-Off Discs,,49-94-0223,"49-94-0223 Milw 6""x.045""x7/8"" Ceramic+ Metal Cut Off Disc",,,,Milwaukee Accessory (4031),Milwaukee Tool,Milwaukee®,Milwaukee®,49-94-0223,,Tools & Equipment>Power Tool Accessories>Abrasives>Cut-Off Discs,"Milwaukee Tool, Milwaukee®, Ceramic+, Cut Off Disc, 49-94-0223, Diameter 6 in",CUT OFF DISC 6 IN 0.045 IN 7/8 IN,"Milwaukee® Ceramic+ 49-94-0223 Cut Off Disc With 6 in, 0.045 in, 7/8 in, Metal","Milwaukee® Cut Off Disc, Ceramic+, 6 in, 0.045 in, 7/8 in, Metal, Ceramic+, Metal",,,Ceramic+,Diameter: 6 in,Thickness: 0.045 in,Arbor Size: 7/8 in,Application Material: Metal,Series: Ceramic+,,,,,,,,,,,,,,,,,,,,Cut Off Disc,Diameter,6,in,Thickness,0.045,in,Arbor Size,7/8,in,Application Material,Metal,,Series,Ceramic+,,,,,,,,,,,,,,,,,,,,,,,,,,,,,,,,,,,,,,,,,,,,,,,,,,,,,,,,,,,,,,,,,,,,,,,,,,,,,,,,,,,,,,,,,,,,,,,,,,,,,,,,,,,,,,,,,,,,,,,,,,,,,,,,,,,,,,,,,,,,,,,,,,,,,,,,,,,,,,,,,,,,,,,,,,,,,,,,,,,,,,,
,,,,,,49-94-0445,Tools & Equipment,Power Tool Accessories,Cut-Off Discs,,49-94-0445,"49-94-0445 Milw 10""x3/32""x5/8"" Performance+ Metal Cut Off Disc",,,,Milwaukee Accessory (4031),Milwaukee Tool,Milwaukee®,Milwaukee®,49-94-0445,,Tools & Equipment>Power Tool Accessories>Abrasives>Cut-Off Discs,"Milwaukee Tool, Milwaukee®, Performance+, Cut Off Disc, 49-94-0445",CUT OFF DISC 10 IN 3/32 IN 5/8 IN,"Milwaukee® Performance+ 49-94-0445 Cut Off Disc With 10 in, 3/32 in, 5/8 in, Metal","Milwaukee® Cut Off Disc, Performance+, 10 in, 3/32 in, 5/8 in, Metal, Performance+, Metal",,,Performance+,Diameter: 10 in,Thickness: 3/32 in,Arbor Size: 5/8 in,Application Material: Metal,Series: Performance+,,,,,,,,,,,,,,,,,,,,Cut Off Disc,Diameter,10,in,Thickness,3/32,in,Arbor Size,5/8,in,Application Material,Metal,,Series,Performance+,,,,,,,,,,,,,,,,,,,,,,,,,,,,,,,,,,,,,,,,,,,,,,,,,,,,,,,,,,,,,,,,,,,,,,,,,,,,,,,,,,,,,,,,,,,,,,,,,,,,,,,,,,,,,,,,,,,,,,,,,,,,,,,,,,,,,,,,,,,,,,,,,,,,,,,,,,,,,,,,,,,,,,,,,,,,,,,,,,,,,,,
,,,,,,49-94-0803,Tools & Equipment,Power Tool Accessories,Cut & Grind Discs,,49-94-0803,"49-94-0803 Milw 4-1/2""x1/8""x7/8"" Dual Metal Cut and Grind Disc",,,,Milwaukee Accessory (4031),Milwaukee Tool,Milwaukee®,Milwaukee®,49-94-0803,,Tools & Equipment>Power Tool Accessories>Abrasives>Cut & Grind Discs,"Milwaukee Tool, Milwaukee®, Cut And Grind Disc, 49-94-0803, Diameter 4-1/2 in",CUT AND GRIND DISC 4-1/2 IN 1/8 IN,"Milwaukee® 49-94-0803 Cut And Grind Disc With 4-1/2 in, 1/8 in, 7/8 in, Metal","Milwaukee® Cut And Grind Disc, 4-1/2 in, 1/8 in, 7/8 in, Metal, Metal",,,Diameter: 4-1/2 in,Thickness: 1/8 in,Arbor Size: 7/8 in,Application Material: Metal,,,,,,,,,,,,,,,,,,,,,,Cut And Grind Disc,Diameter,4-1/2,in,Thickness,1/8,in,Arbor Size,7/8,in,Application Material,Metal,,,,,,,,,,,,,,,,,,,,,,,,,,,,,,,,,,,,,,,,,,,,,,,,,,,,,,,,,,,,,,,,,,,,,,,,,,,,,,,,,,,,,,,,,,,,,,,,,,,,,,,,,,,,,,,,,,,,,,,,,,,,,,,,,,,,,,,,,,,,,,,,,,,,,,,,,,,,,,,,,,,,,,,,,,,,,,,,,,,,,,,,,,
,,,,,,49-94-0903,Tools & Equipment,Power Tool Accessories,Cut & Grind Discs,,49-94-0903,"49-94-0903 Milw 4-1/2""x1/8""x7/8""Perform+Dual Metal Cut and Grind Disc",,,,Milwaukee Accessory (4031),Milwaukee Tool,Milwaukee®,Milwaukee®,49-94-0903,,Tools & Equipment>Power Tool Accessories>Abrasives>Cut & Grind Discs,"Milwaukee Tool, Milwaukee®, Perform+, Cut And Grind Disc, 49-94-0903",CUT AND GRIND DISC 4-1/2 IN 1/8 IN,"Milwaukee® Perform+ 49-94-0903 Cut And Grind Disc With 4-1/2 in, 1/8 in, 7/8 in, Metal","Milwaukee® Cut And Grind Disc, Perform+, 4-1/2 in, 1/8 in, 7/8 in, Metal, Perform+, Metal",,,Perform+,Diameter: 4-1/2 in,Thickness: 1/8 in,Arbor Size: 7/8 in,Application Material: Metal,Series: Perform+,,,,,,,,,,,,,,,,,,,,Cut And Grind Disc,Diameter,4-1/2,in,Thickness,1/8,in,Arbor Size,7/8,in,Application Material,Metal,,Series,Perform+,,,,,,,,,,,,,,,,,,,,,,,,,,,,,,,,,,,,,,,,,,,,,,,,,,,,,,,,,,,,,,,,,,,,,,,,,,,,,,,,,,,,,,,,,,,,,,,,,,,,,,,,,,,,,,,,,,,,,,,,,,,,,,,,,,,,,,,,,,,,,,,,,,,,,,,,,,,,,,,,,,,,,,,,,,,,,,,,,,,,,,,
,,,,,,49-94-0907,Tools & Equipment,Power Tool Accessories,Cut-Off Discs,,49-94-0907,"49-94-0907 Milw 4-1/2""x1/8""x5/8-11""Perform+Dual Metal Cut n Grind Disc",,,,Milwaukee Accessory (4031),Milwaukee Tool,Milwaukee®,Milwaukee®,49-94-0907,,Tools & Equipment>Power Tool Accessories>Abrasives>Cut-Off Discs,"Milwaukee Tool, Milwaukee®, Perform+, Cut-Off Discs, 49-94-0907",CUT-OFF DISCS,"Milwaukee® Perform+ 49-94-0907 Cut-Off Discs With 4-1/2 in, 1/8 in, 5/8 in, 11 in","Milwaukee® Cut-Off Discs, Perform+, 4-1/2 in, 1/8 in, 5/8 in, 11 in, Metal, Perform+, Metal",,,Perform+,Unmapped Dimension 1: 4-1/2 in,Unmapped Dimension 2: 1/8 in,Unmapped Dimension 3: 5/8 in,Unmapped Dimension 4: 11 in,Application Material: Metal,Series: Perform+,,,,,,,,,,,,,,,,,,,Cut-Off Discs,Unmapped Dimension 1,4-1/2,in,Unmapped Dimension 2,1/8,in,Unmapped Dimension 3,5/8,in,Unmapped Dimension 4,11,in,Application Material,Metal,,Series,Perform+,,,,,,,,,,,,,,,,,,,,,,,,,,,,,,,,,,,,,,,,,,,,,,,,,,,,,,,,,,,,,,,,,,,,,,,,,,,,,,,,,,,,,,,,,,,,,,,,,,,,,,,,,,,,,,,,,,,,,,,,,,,,,,,,,,,,,,,,,,,,,,,,,,,,,,,,,,,,,,,,,,,,,,,,,,,,,,,,,,,,
,,,,,,49-94-0923,Tools & Equipment,Power Tool Accessories,Cut & Grind Discs,,49-94-0923,"49-94-0923 Milw 6""x1/8""x7/8"" Perform+Dual Metal Cut and Grind Disc",,,,Milwaukee Accessory (4031),Milwaukee Tool,Milwaukee®,Milwaukee®,49-94-0923,,Tools & Equipment>Power Tool Accessories>Abrasives>Cut & Grind Discs,"Milwaukee Tool, Milwaukee®, Perform+, Cut And Grind Disc, 49-94-0923",CUT AND GRIND DISC 6 IN 1/8 IN 7/8 IN,"Milwaukee® Perform+ 49-94-0923 Cut And Grind Disc With 6 in, 1/8 in, 7/8 in, Metal","Milwaukee® Cut And Grind Disc, Perform+, 6 in, 1/8 in, 7/8 in, Metal, Perform+, Metal",,,Perform+,Diameter: 6 in,Thickness: 1/8 in,Arbor Size: 7/8 in,Application Material: Metal,Series: Perform+,,,,,,,,,,,,,,,,,,,,Cut And Grind Disc,Diameter,6,in,Thickness,1/8,in,Arbor Size,7/8,in,Application Material,Metal,,Series,Perform+,,,,,,,,,,,,,,,,,,,,,,,,,,,,,,,,,,,,,,,,,,,,,,,,,,,,,,,,,,,,,,,,,,,,,,,,,,,,,,,,,,,,,,,,,,,,,,,,,,,,,,,,,,,,,,,,,,,,,,,,,,,,,,,,,,,,,,,,,,,,,,,,,,,,,,,,,,,,,,,,,,,,,,,,,,,,,,,,,,,,,,,
,,,,,,49-94-1900,Tools & Equipment,Power Tool Accessories,Cut-Off Discs,,49-94-1900,"49-94-1900 Milw 4""x1/8""x5/8"" Masonry Cut Off Disc",,,,Milwaukee Accessory (4031),Milwaukee Tool,Milwaukee®,Milwaukee®,49-94-1900,,Tools & Equipment>Power Tool Accessories>Abrasives>Cut-Off Discs,"Milwaukee Tool, Milwaukee®, Cut Off Disc, 49-94-1900, Diameter 4 in",CUT OFF DISC 4 IN 1/8 IN 5/8 IN,"Milwaukee® 49-94-1900 Cut Off Disc With 4 in, 1/8 in, 5/8 in, Masonry","Milwaukee® Cut Off Disc, 4 in, 1/8 in, 5/8 in, Masonry, Masonry",,,Diameter: 4 in,Thickness: 1/8 in,Arbor Size: 5/8 in,Application Material: Masonry,,,,,,,,,,,,,,,,,,,,,,Cut Off Disc,Diameter,4,in,Thickness,1/8,in,Arbor Size,5/8,in,Application Material,Masonry,,,,,,,,,,,,,,,,,,,,,,,,,,,,,,,,,,,,,,,,,,,,,,,,,,,,,,,,,,,,,,,,,,,,,,,,,,,,,,,,,,,,,,,,,,,,,,,,,,,,,,,,,,,,,,,,,,,,,,,,,,,,,,,,,,,,,,,,,,,,,,,,,,,,,,,,,,,,,,,,,,,,,,,,,,,,,,,,,,,,,,,,,,
,,,,,,49-94-1905,Tools & Equipment,Power Tool Accessories,Cut-Off Discs,,49-94-1905,"49-94-1905 Milw 4-1/2""x1/8""x7/8"" Masonry Cut Off Disc",,,,Milwaukee Accessory (4031),Milwaukee Tool,Milwaukee®,Milwaukee®,49-94-1905,,Tools & Equipment>Power Tool Accessories>Abrasives>Cut-Off Discs,"Milwaukee Tool, Milwaukee®, Cut Off Disc, 49-94-1905, Diameter 4-1/2 in",CUT OFF DISC 4-1/2 IN 1/8 IN 7/8 IN,"Milwaukee® 49-94-1905 Cut Off Disc With 4-1/2 in, 1/8 in, 7/8 in, Masonry","Milwaukee® Cut Off Disc, 4-1/2 in, 1/8 in, 7/8 in, Masonry, Masonry",,,Diameter: 4-1/2 in,Thickness: 1/8 in,Arbor Size: 7/8 in,Application Material: Masonry,,,,,,,,,,,,,,,,,,,,,,Cut Off Disc,Diameter,4-1/2,in,Thickness,1/8,in,Arbor Size,7/8,in,Application Material,Masonry,,,,,,,,,,,,,,,,,,,,,,,,,,,,,,,,,,,,,,,,,,,,,,,,,,,,,,,,,,,,,,,,,,,,,,,,,,,,,,,,,,,,,,,,,,,,,,,,,,,,,,,,,,,,,,,,,,,,,,,,,,,,,,,,,,,,,,,,,,,,,,,,,,,,,,,,,,,,,,,,,,,,,,,,,,,,,,,,,,,,,,,,,,
,,,,,,49-94-1915,Tools & Equipment,Power Tool Accessories,Cut-Off Discs,,49-94-1915,"49-94-1915 Milw 6-1/2""x1/8""x5/8"" DKO Masonry Cut Off Disc",,,,Milwaukee Accessory (4031),Milwaukee Tool,Milwaukee®,Milwaukee®,49-94-1915,,Tools & Equipment>Power Tool Accessories>Abrasives>Cut-Off Discs,"Milwaukee Tool, Milwaukee®, DKO, Cut Off Disc, 49-94-1915, Diameter 6-1/2 in",CUT OFF DISC 6-1/2 IN 1/8 IN 5/8 IN,"Milwaukee® DKO 49-94-1915 Cut Off Disc With 6-1/2 in, 1/8 in, 5/8 in, Masonry","Milwaukee® Cut Off Disc, DKO, 6-1/2 in, 1/8 in, 5/8 in, Masonry, DKO, Masonry",,,DKO,Diameter: 6-1/2 in,Thickness: 1/8 in,Arbor Size: 5/8 in,Application Material: Masonry,Series: DKO,,,,,,,,,,,,,,,,,,,,Cut Off Disc,Diameter,6-1/2,in,Thickness,1/8,in,Arbor Size,5/8,in,Application Material,Masonry,,Series,DKO,,,,,,,,,,,,,,,,,,,,,,,,,,,,,,,,,,,,,,,,,,,,,,,,,,,,,,,,,,,,,,,,,,,,,,,,,,,,,,,,,,,,,,,,,,,,,,,,,,,,,,,,,,,,,,,,,,,,,,,,,,,,,,,,,,,,,,,,,,,,,,,,,,,,,,,,,,,,,,,,,,,,,,,,,,,,,,,,,,,,,,,
,,,,,,49-94-1920,Tools & Equipment,Power Tool Accessories,Cut-Off Discs,,49-94-1920,"49-94-1920 Milw 7""x1/8""x5/8"" DKO Masonry Cut Off Disc",,,,Milwaukee Accessory (4031),Milwaukee Tool,Milwaukee®,Milwaukee®,49-94-1920,,Tools & Equipment>Power Tool Accessories>Abrasives>Cut-Off Discs,"Milwaukee Tool, Milwaukee®, DKO, Cut Off Disc, 49-94-1920, Diameter 7 in",CUT OFF DISC 7 IN 1/8 IN 5/8 IN,"Milwaukee® DKO 49-94-1920 Cut Off Disc With 7 in, 1/8 in, 5/8 in, Masonry","Milwaukee® Cut Off Disc, DKO, 7 in, 1/8 in, 5/8 in, Masonry, DKO, Masonry",,,DKO,Diameter: 7 in,Thickness: 1/8 in,Arbor Size: 5/8 in,Application Material: Masonry,Series: DKO,,,,,,,,,,,,,,,,,,,,Cut Off Disc,Diameter,7,in,Thickness,1/8,in,Arbor Size,5/8,in,Application Material,Masonry,,Series,DKO,,,,,,,,,,,,,,,,,,,,,,,,,,,,,,,,,,,,,,,,,,,,,,,,,,,,,,,,,,,,,,,,,,,,,,,,,,,,,,,,,,,,,,,,,,,,,,,,,,,,,,,,,,,,,,,,,,,,,,,,,,,,,,,,,,,,,,,,,,,,,,,,,,,,,,,,,,,,,,,,,,,,,,,,,,,,,,,,,,,,,,,
,,,,,,49-94-1925,Tools & Equipment,Power Tool Accessories,Cut-Off Discs,,49-94-1925,"49-94-1925 Milw 10""x1/8""x5/8"" Masonry Cut Off Disc",,,,Milwaukee Accessory (4031),Milwaukee Tool,Milwaukee®,Milwaukee®,49-94-1925,,Tools & Equipment>Power Tool Accessories>Abrasives>Cut-Off Discs,"Milwaukee Tool, Milwaukee®, Cut Off Disc, 49-94-1925, Diameter 10 in",CUT OFF DISC 10 IN 1/8 IN 5/8 IN,"Milwaukee® 49-94-1925 Cut Off Disc With 10 in, 1/8 in, 5/8 in, Masonry","Milwaukee® Cut Off Disc, 10 in, 1/8 in, 5/8 in, Masonry, Masonry",,,Diameter: 10 in,Thickness: 1/8 in,Arbor Size: 5/8 in,Application Material: Masonry,,,,,,,,,,,,,,,,,,,,,,Cut Off Disc,Diameter,10,in,Thickness,1/8,in,Arbor Size,5/8,in,Application Material,Masonry,,,,,,,,,,,,,,,,,,,,,,,,,,,,,,,,,,,,,,,,,,,,,,,,,,,,,,,,,,,,,,,,,,,,,,,,,,,,,,,,,,,,,,,,,,,,,,,,,,,,,,,,,,,,,,,,,,,,,,,,,,,,,,,,,,,,,,,,,,,,,,,,,,,,,,,,,,,,,,,,,,,,,,,,,,,,,,,,,,,,,,,,,,
,,,,,,49-94-1935,Tools & Equipment,Power Tool Accessories,Cut-Off Discs,,49-94-1935,"49-94-1935 Milw 12""x1/8""x1"" Masonry Cut Off Disc",,,,Milwaukee Accessory (4031),Milwaukee Tool,Milwaukee®,Milwaukee®,49-94-1935,,Tools & Equipment>Power Tool Accessories>Abrasives>Cut-Off Discs,"Milwaukee Tool, Milwaukee®, Cut Off Disc, 49-94-1935, Diameter 12 in",CUT OFF DISC 12 IN 1/8 IN 1 IN,"Milwaukee® 49-94-1935 Cut Off Disc With 12 in, 1/8 in, 1 in, Masonry","Milwaukee® Cut Off Disc, 12 in, 1/8 in, 1 in, Masonry, Masonry",,,Diameter: 12 in,Thickness: 1/8 in,Arbor Size: 1 in,Application Material: Masonry,,,,,,,,,,,,,,,,,,,,,,Cut Off Disc,Diameter,12,in,Thickness,1/8,in,Arbor Size,1,in,Application Material,Masonry,,,,,,,,,,,,,,,,,,,,,,,,,,,,,,,,,,,,,,,,,,,,,,,,,,,,,,,,,,,,,,,,,,,,,,,,,,,,,,,,,,,,,,,,,,,,,,,,,,,,,,,,,,,,,,,,,,,,,,,,,,,,,,,,,,,,,,,,,,,,,,,,,,,,,,,,,,,,,,,,,,,,,,,,,,,,,,,,,,,,,,,,,,
,,,,,,49-94-1940,Tools & Equipment,Power Tool Accessories,Cut-Off Discs,,49-94-1940,"49-94-1940 Milw 14""x1/8""x1"" Masonry Cut Off Disc",,,,Milwaukee Accessory (4031),Milwaukee Tool,Milwaukee®,Milwaukee®,49-94-1940,,Tools & Equipment>Power Tool Accessories>Abrasives>Cut-Off Discs,"Milwaukee Tool, Milwaukee®, Cut Off Disc, 49-94-1940, Diameter 14 in",CUT OFF DISC 14 IN 1/8 IN 1 IN,"Milwaukee® 49-94-1940 Cut Off Disc With 14 in, 1/8 in, 1 in, Masonry","Milwaukee® Cut Off Disc, 14 in, 1/8 in, 1 in, Masonry, Masonry",,,Diameter: 14 in,Thickness: 1/8 in,Arbor Size: 1 in,Application Material: Masonry,,,,,,,,,,,,,,,,,,,,,,Cut Off Disc,Diameter,14,in,Thickness,1/8,in,Arbor Size,1,in,Application Material,Masonry,,,,,,,,,,,,,,,,,,,,,,,,,,,,,,,,,,,,,,,,,,,,,,,,,,,,,,,,,,,,,,,,,,,,,,,,,,,,,,,,,,,,,,,,,,,,,,,,,,,,,,,,,,,,,,,,,,,,,,,,,,,,,,,,,,,,,,,,,,,,,,,,,,,,,,,,,,,,,,,,,,,,,,,,,,,,,,,,,,,,,,,,,,
https://www.milwaukeetool.com/products/details/4-x-1-4-x-5-8-metal-grinding-wheel-type-27/49-94-0501,,,,,,49-94-0501,Tools & Equipment,Power Tool Accessories,Grinding Wheels,,49-94-0501,"49-94-0501 Milw 4""x1/4""x5/8"" Metal Grinding Wheel",,,,Milwaukee Accessory (4031),Milwaukee Tool,Milwaukee®,Milwaukee®,49-94-0501,,Tools & Equipment>Power Tool Accessories>Abrasives>Grinding Wheels,"Milwaukee Tool, Milwaukee®, Grinding Wheel, 49-94-0501, Diameter 4 in",GRINDING WHEEL 4 IN 1/4 IN 5/8 IN,"Milwaukee® 49-94-0501 Grinding Wheel With 4 in, 1/4 in, 5/8 in, Metal, Stainless Steel","Milwaukee® Grinding Wheel, 4 in, 1/4 in, 5/8 in, Metal, Stainless Steel, 10 pc, Zirconia, Metal, Stainless Steel",,,Diameter: 4 in,Thickness: 1/4 in,Arbor Size: 5/8 in,"Application Material: Metal, Stainless Steel",Pack Quantity: 10 pc,Abrasive Material: Zirconia,,,,,,,,,,,,,,,,,,,,Grinding Wheel,Diameter,4,in,Thickness,1/4,in,Arbor Size,5/8,in,Application Material,"Metal, Stainless Steel",,Pack Quantity,10,pc,Abrasive Material,Zirconia,,,,,,,,,,,,,,,,,,,,,,,,,,,,,,,,,,,,,,,,,,,,,,,,,,,,,,,,,,,,,,,,,,,,,,,,,,,,,,,,,,,,,,,,,,,,,,,,,,,,,,,,,,,,,,,,,,,,,,,,,,,,,,,,,,,,,,,,,,,,,,,,,,,,,,,,,,,,,,,,,,,,,,,,,,,,,,,,,,,,
,,,,,,49-94-0503,Tools & Equipment,Power Tool Accessories,Grinding Wheels,,49-94-0503,"49-94-0503 Milw 4-1/2""x1/4""x7/8"" Metal Grinding Wheel",,,,Milwaukee Accessory (4031),Milwaukee Tool,Milwaukee®,Milwaukee®,49-94-0503,,Tools & Equipment>Power Tool Accessories>Abrasives>Grinding Wheels,"Milwaukee Tool, Milwaukee®, Grinding Wheel, 49-94-0503, Diameter 4-1/2 in",GRINDING WHEEL 4-1/2 IN 1/4 IN 7/8 IN,"Milwaukee® 49-94-0503 Grinding Wheel With 4-1/2 in, 1/4 in, 7/8 in, Metal","Milwaukee® Grinding Wheel, 4-1/2 in, 1/4 in, 7/8 in, Metal, Metal",,,Diameter: 4-1/2 in,Thickness: 1/4 in,Arbor Size: 7/8 in,Application Material: Metal,,,,,,,,,,,,,,,,,,,,,,Grinding Wheel,Diameter,4-1/2,in,Thickness,1/4,in,Arbor Size,7/8,in,Application Material,Metal,,,,,,,,,,,,,,,,,,,,,,,,,,,,,,,,,,,,,,,,,,,,,,,,,,,,,,,,,,,,,,,,,,,,,,,,,,,,,,,,,,,,,,,,,,,,,,,,,,,,,,,,,,,,,,,,,,,,,,,,,,,,,,,,,,,,,,,,,,,,,,,,,,,,,,,,,,,,,,,,,,,,,,,,,,,,,,,,,,,,,,,,,,
,,,,,,49-94-0523,Tools & Equipment,Power Tool Accessories,Grinding Wheels,,49-94-0523,"49-94-0523 Milw 6""x1/4""x7/8"" Metal Grinding Wheel",,,,Milwaukee Accessory (4031),Milwaukee Tool,Milwaukee®,Milwaukee®,49-94-0523,,Tools & Equipment>Power Tool Accessories>Abrasives>Grinding Wheels,"Milwaukee Tool, Milwaukee®, Grinding Wheel, 49-94-0523, Diameter 6 in",GRINDING WHEEL 6 IN 1/4 IN 7/8 IN,"Milwaukee® 49-94-0523 Grinding Wheel With 6 in, 1/4 in, 7/8 in, Metal","Milwaukee® Grinding Wheel, 6 in, 1/4 in, 7/8 in, Metal, Metal",,,Diameter: 6 in,Thickness: 1/4 in,Arbor Size: 7/8 in,Application Material: Metal,,,,,,,,,,,,,,,,,,,,,,Grinding Wheel,Diameter,6,in,Thickness,1/4,in,Arbor Size,7/8,in,Application Material,Metal,,,,,,,,,,,,,,,,,,,,,,,,,,,,,,,,,,,,,,,,,,,,,,,,,,,,,,,,,,,,,,,,,,,,,,,,,,,,,,,,,,,,,,,,,,,,,,,,,,,,,,,,,,,,,,,,,,,,,,,,,,,,,,,,,,,,,,,,,,,,,,,,,,,,,,,,,,,,,,,,,,,,,,,,,,,,,,,,,,,,,,,,,,
,https://toolup.com/products/milwaukee-49-94-1955-4-1-2-in-x-1-4-in-x-7-8-in-type-27-masonry-grinding-wheel-for-angle-grinders,https://www.acetool.com/products/49-94-1955,,,,49-94-1955,Tools & Equipment,Power Tool Accessories,Grinding Wheels,,49-94-1955,"49-94-1955 Milw 4-1/2""x1/4""x7/8"" Masonry Grinding Wheel",,,,Milwaukee Accessory (4031),Milwaukee Tool,Milwaukee®,Milwaukee®,49-94-1955,,Tools & Equipment>Power Tool Accessories>Abrasives>Grinding Wheels,"Milwaukee Tool, Milwaukee®, Grinding Wheel, 49-94-1955, Diameter 4-1/2 in",GRINDING WHEEL 4-1/2 IN 1/4 IN 7/8 IN,"Milwaukee® 49-94-1955 Grinding Wheel With 4-1/2 in, 1/4 in, 7/8 in, Masonry","Milwaukee® Grinding Wheel, 4-1/2 in, 1/4 in, 7/8 in, Masonry, Silicon Carbide, Masonry",,,Diameter: 4-1/2 in,Thickness: 1/4 in,Arbor Size: 7/8 in,Application Material: Masonry,Abrasive Material: Silicon Carbide,,,,,,,,,,,,,,,,,,,,,Grinding Wheel,Diameter,4-1/2,in,Thickness,1/4,in,Arbor Size,7/8,in,Application Material,Masonry,,Abrasive Material,Silicon Carbide,,,,,,,,,,,,,,,,,,,,,,,,,,,,,,,,,,,,,,,,,,,,,,,,,,,,,,,,,,,,,,,,,,,,,,,,,,,,,,,,,,,,,,,,,,,,,,,,,,,,,,,,,,,,,,,,,,,,,,,,,,,,,,,,,,,,,,,,,,,,,,,,,,,,,,,,,,,,,,,,,,,,,,,,,,,,,,,,,,,,,,,
,,,,,,49-94-1965,Tools & Equipment,Power Tool Accessories,Grinding Wheels,,49-94-1965,"49-94-1965 Milw 7""x1/4""x7/8"" Masonry Grinding Wheel",,,,Milwaukee Accessory (4031),Milwaukee Tool,Milwaukee®,Milwaukee®,49-94-1965,,Tools & Equipment>Power Tool Accessories>Abrasives>Grinding Wheels,"Milwaukee Tool, Milwaukee®, Grinding Wheel, 49-94-1965, Diameter 7 in",GRINDING WHEEL 7 IN 1/4 IN 7/8 IN,"Milwaukee® 49-94-1965 Grinding Wheel With 7 in, 1/4 in, 7/8 in, Masonry","Milwaukee® Grinding Wheel, 7 in, 1/4 in, 7/8 in, Masonry, Masonry",,,Diameter: 7 in,Thickness: 1/4 in,Arbor Size: 7/8 in,Application Material: Masonry,,,,,,,,,,,,,,,,,,,,,,Grinding Wheel,Diameter,7,in,Thickness,1/4,in,Arbor Size,7/8,in,Application Material,Masonry,,,,,,,,,,,,,,,,,,,,,,,,,,,,,,,,,,,,,,,,,,,,,,,,,,,,,,,,,,,,,,,,,,,,,,,,,,,,,,,,,,,,,,,,,,,,,,,,,,,,,,,,,,,,,,,,,,,,,,,,,,,,,,,,,,,,,,,,,,,,,,,,,,,,,,,,,,,,,,,,,,,,,,,,,,,,,,,,,,,,,,,,,,
,,,,,,49-94-0513,Tools & Equipment,Power Tool Accessories,Grinding Wheels,,49-94-0513,"49-94-0513 Milw 5""x1/4""x7/8"" Metal Grinding Wheel",,,,Milwaukee Accessory (4031),Milwaukee Tool,Milwaukee®,Milwaukee®,49-94-0513,,Tools & Equipment>Power Tool Accessories>Abrasives>Grinding Wheels,"Milwaukee Tool, Milwaukee®, Grinding Wheel, 49-94-0513, Diameter 5 in",GRINDING WHEEL 5 IN 1/4 IN 7/8 IN,"Milwaukee® 49-94-0513 Grinding Wheel With 5 in, 1/4 in, 7/8 in, Metal","Milwaukee® Grinding Wheel, 5 in, 1/4 in, 7/8 in, Metal, Metal",,,Diameter: 5 in,Thickness: 1/4 in,Arbor Size: 7/8 in,Application Material: Metal,,,,,,,,,,,,,,,,,,,,,,Grinding Wheel,Diameter,5,in,Thickness,1/4,in,Arbor Size,7/8,in,Application Material,Metal,,,,,,,,,,,,,,,,,,,,,,,,,,,,,,,,,,,,,,,,,,,,,,,,,,,,,,,,,,,,,,,,,,,,,,,,,,,,,,,,,,,,,,,,,,,,,,,,,,,,,,,,,,,,,,,,,,,,,,,,,,,,,,,,,,,,,,,,,,,,,,,,,,,,,,,,,,,,,,,,,,,,,,,,,,,,,,,,,,,,,,,,,,
,,,,,,49-94-0533,Tools & Equipment,Power Tool Accessories,Grinding Wheels,,49-94-0533,"49-94-0533 Milw 7""x1/4""x7/8"" Metal Grinding Wheel",,,,Milwaukee Accessory (4031),Milwaukee Tool,Milwaukee®,Milwaukee®,49-94-0533,,Tools & Equipment>Power Tool Accessories>Abrasives>Grinding Wheels,"Milwaukee Tool, Milwaukee®, Grinding Wheel, 49-94-0533, Diameter 7 in",GRINDING WHEEL 7 IN 1/4 IN 7/8 IN,"Milwaukee® 49-94-0533 Grinding Wheel With 7 in, 1/4 in, 7/8 in, Metal","Milwaukee® Grinding Wheel, 7 in, 1/4 in, 7/8 in, Metal, Metal",,,Diameter: 7 in,Thickness: 1/4 in,Arbor Size: 7/8 in,Application Material: Metal,,,,,,,,,,,,,,,,,,,,,,Grinding Wheel,Diameter,7,in,Thickness,1/4,in,Arbor Size,7/8,in,Application Material,Metal,,,,,,,,,,,,,,,,,,,,,,,,,,,,,,,,,,,,,,,,,,,,,,,,,,,,,,,,,,,,,,,,,,,,,,,,,,,,,,,,,,,,,,,,,,,,,,,,,,,,,,,,,,,,,,,,,,,,,,,,,,,,,,,,,,,,,,,,,,,,,,,,,,,,,,,,,,,,,,,,,,,,,,,,,,,,,,,,,,,,,,,,,,
https://diablotools.com/products/DFBLBLOMFN01G,https://www.toolnut.com/diablo-dfbblocmfn01g-flat-220-grit-ultra-fine-sanding-sponge.html,,,,,DFBLBLOMFN01G,Tools & Equipment,Power Tool Accessories,Sanding Sponges,,DFBLBLOMFN01G,DFBLBLOMFN01G Diablo 220 Grit - Flat Edge Sanding Sponge,,,,Freud Inc (2435),Freud Inc,Diablo®,Diablo®,DFBLBLOMFN01G,,Tools & Equipment>Power Tool Accessories>Abrasives>Sanding Sponges,"Freud Inc, Diablo®, Sanding Sponge, DFBLBLOMFN01G, Grit 220, Shape Flat",SANDING SPONGE,"Diablo® DFBLBLOMFN01G Sanding Sponge With 220, Flat, Aluminum Oxide","Diablo® Sanding Sponge, 220, Flat, Aluminum Oxide",,,Grit: 220,Shape: Flat,Abrasive Material: Aluminum Oxide,,,,,,,,,,,,,,,,,,,,,,,Sanding Sponge,Grit,220,,Shape,Flat,,Abrasive Material,Aluminum Oxide,,,,,,,,,,,,,,,,,,,,,,,,,,,,,,,,,,,,,,,,,,,,,,,,,,,,,,,,,,,,,,,,,,,,,,,,,,,,,,,,,,,,,,,,,,,,,,,,,,,,,,,,,,,,,,,,,,,,,,,,,,,,,,,,,,,,,,,,,,,,,,,,,,,,,,,,,,,,,,,,,,,,,,,,,,,,,,,,,,,,,,,,,,,,,
,,,,,,1700-1PK-BB40,Electrical,Electrical Accessories,Tapes & Adhesives,,1700-1PK-BB40,3/4x60' Vinyl Elect Tape,,,3M,3 M Co (5293),3M Company,3M®,3M®,1700-1PK-BB40,,Electrical>Electrical Accessories>Tapes & Adhesives,"3M Company, 3M®, Tapes & Adhesives, 1700-1PK-BB40, Unmapped Dimension 1 3/4 in",TAPES & ADHESIVES,"3M® 1700-1PK-BB40 Tapes & Adhesives With 3/4 in, 60 ft","3M® Tapes & Adhesives, 3/4 in, 60 ft",,,Unmapped Dimension 1: 3/4 in,Unmapped Dimension 2: 60 ft,,,,,,,,,,,,,,,,,,,,,,,,Tapes & Adhesives,Unmapped Dimension 1,3/4,in,Unmapped Dimension 2,60,ft,,,,,,,,,,,,,,,,,,,,,,,,,,,,,,,,,,,,,,,,,,,,,,,,,,,,,,,,,,,,,,,,,,,,,,,,,,,,,,,,,,,,,,,,,,,,,,,,,,,,,,,,,,,,,,,,,,,,,,,,,,,,,,,,,,,,,,,,,,,,,,,,,,,,,,,,,,,,,,,,,,,,,,,,,,,,,,,,,,,,,,,,,,,,,,,
,,,,,,ASH-40-40-04,Electrical,Electrical Accessories,Tapes & Adhesives,,ASH-40-40-04,1.5x1.5x13' Legacy Emseal Tape,,,,Emseal Joint Systems Ltd (EMSJO),Emseal Joint Systems Ltd,,,ASH-40-40-04,,Electrical>Electrical Accessories>Tapes & Adhesives,"Emseal Joint Systems Ltd, Tapes & Adhesives, ASH-40-40-04",TAPES & ADHESIVES,"ASH-40-40-04 Tapes & Adhesives With 1-1/2 in, 1-1/2 in, 13 ft","Tapes & Adhesives, 1-1/2 in, 1-1/2 in, 13 ft",,,Unmapped Dimension 1: 1-1/2 in,Unmapped Dimension 2: 1-1/2 in,Unmapped Dimension 3: 13 ft,,,,,,,,,,,,,,,,,,,,,,,Tapes & Adhesives,Unmapped Dimension 1,1-1/2,in,Unmapped Dimension 2,1-1/2,in,Unmapped Dimension 3,13,ft,,,,,,,,,,,,,,,,,,,,,,,,,,,,,,,,,,,,,,,,,,,,,,,,,,,,,,,,,,,,,,,,,,,,,,,,,,,,,,,,,,,,,,,,,,,,,,,,,,,,,,,,,,,,,,,,,,,,,,,,,,,,,,,,,,,,,,,,,,,,,,,,,,,,,,,,,,,,,,,,,,,,,,,,,,,,,,,,,,,,,,,,,,,,
,,,,,,KDFM404KPS,Appliances,Major Appliances,Dishwashers,,KDFM404KPS,KDFM404KPS Dishwasher SS,,,,Appliance Dealers Cooperative (APPDE),Appliance Dealers Cooperative,,,KDFM404KPS,,Appliances>Major Appliances>Dishwashers,"Appliance Dealers Cooperative, Dishwashers, KDFM404KPS",DISHWASHERS,KDFM404KPS Dishwashers,Dishwashers,,,,,,,,,,,,,,,,,,,,,,,,,,,,Dishwashers,,,,,,,,,,,,,,,,,,,,,,,,,,,,,,,,,,,,,,,,,,,,,,,,,,,,,,,,,,,,,,,,,,,,,,,,,,,,,,,,,,,,,,,,,,,,,,,,,,,,,,,,,,,,,,,,,,,,,,,,,,,,,,,,,,,,,,,,,,,,,,,,,,,,,,,,,,,,,,,,,,,,,,,,,,,,,,,,,,,,,,,,,,,,,,,,,,,,,
,,,,,,PDSH4816AF,Appliances,Major Appliances,Dishwashers,,PDSH4816AF,PDSH4816AF Dishwasher SS - Display Only,,,,Appliance Dealers Cooperative (APPDE),Appliance Dealers Cooperative,,,PDSH4816AF,,Appliances>Major Appliances>Dishwashers,"Appliance Dealers Cooperative, Dishwashers, PDSH4816AF",DISHWASHERS,PDSH4816AF Dishwashers,Dishwashers,,,,,,,,,,,,,,,,,,,,,,,,,,,,Dishwashers,,,,,,,,,,,,,,,,,,,,,,,,,,,,,,,,,,,,,,,,,,,,,,,,,,,,,,,,,,,,,,,,,,,,,,,,,,,,,,,,,,,,,,,,,,,,,,,,,,,,,,,,,,,,,,,,,,,,,,,,,,,,,,,,,,,,,,,,,,,,,,,,,,,,,,,,,,,,,,,,,,,,,,,,,,,,,,,,,,,,,,,,,,,,,,,,,,,,,
,,,,,,PDT715SYVFS,Appliances,Major Appliances,Dishwashers,,PDT715SYVFS,PDT715SYVFS Ge Dishwasher SS,,,,Appliance Dealers Cooperative (APPDE),Appliance Dealers Cooperative,,,PDT715SYVFS,,Appliances>Major Appliances>Dishwashers,"Appliance Dealers Cooperative, Dishwashers, PDT715SYVFS",DISHWASHERS,PDT715SYVFS Dishwashers,Dishwashers,,,,,,,,,,,,,,,,,,,,,,,,,,,,Dishwashers,,,,,,,,,,,,,,,,,,,,,,,,,,,,,,,,,,,,,,,,,,,,,,,,,,,,,,,,,,,,,,,,,,,,,,,,,,,,,,,,,,,,,,,,,,,,,,,,,,,,,,,,,,,,,,,,,,,,,,,,,,,,,,,,,,,,,,,,,,,,,,,,,,,,,,,,,,,,,,,,,,,,,,,,,,,,,,,,,,,,,,,,,,,,,,,,,,,,,
,,,,,,LDPH5554D,Appliances,Major Appliances,Dishwashers,,LDPH5554D,LDPH5554D LG Dishwasher BSS,,,,Appliance Dealers Cooperative (APPDE),Appliance Dealers Cooperative,,,LDPH5554D,,Appliances>Major Appliances>Dishwashers,"Appliance Dealers Cooperative, Dishwashers, LDPH5554D",DISHWASHERS,LDPH5554D Dishwashers,Dishwashers,,,,,,,,,,,,,,,,,,,,,,,,,,,,Dishwashers,,,,,,,,,,,,,,,,,,,,,,,,,,,,,,,,,,,,,,,,,,,,,,,,,,,,,,,,,,,,,,,,,,,,,,,,,,,,,,,,,,,,,,,,,,,,,,,,,,,,,,,,,,,,,,,,,,,,,,,,,,,,,,,,,,,,,,,,,,,,,,,,,,,,,,,,,,,,,,,,,,,,,,,,,,,,,,,,,,,,,,,,,,,,,,,,,,,,,
,,,,,,WDTS7024RZ,Appliances,Major Appliances,Dishwashers,,WDTS7024RZ,WDTS7024RZ Dishwasher SS - Display Only,,,,Appliance Dealers Cooperative (APPDE),Appliance Dealers Cooperative,,,WDTS7024RZ,,Appliances>Major Appliances>Dishwashers,"Appliance Dealers Cooperative, Dishwashers, WDTS7024RZ",DISHWASHERS,WDTS7024RZ Dishwashers,Dishwashers,,,,,,,,,,,,,,,,,,,,,,,,,,,,Dishwashers,,,,,,,,,,,,,,,,,,,,,,,,,,,,,,,,,,,,,,,,,,,,,,,,,,,,,,,,,,,,,,,,,,,,,,,,,,,,,,,,,,,,,,,,,,,,,,,,,,,,,,,,,,,,,,,,,,,,,,,,,,,,,,,,,,,,,,,,,,,,,,,,,,,,,,,,,,,,,,,,,,,,,,,,,,,,,,,,,,,,,,,,,,,,,,,,,,,,,
,,,,,,PDD415PYYFS,Appliances,Major Appliances,Dishwashers,,PDD415PYYFS,PDD415PYYFS GE Dishwasher SS,,,,Appliance Dealers Cooperative (APPDE),Appliance Dealers Cooperative,,,PDD415PYYFS,,Appliances>Major Appliances>Dishwashers,"Appliance Dealers Cooperative, Dishwashers, PDD415PYYFS",DISHWASHERS,PDD415PYYFS Dishwashers,Dishwashers,,,,,,,,,,,,,,,,,,,,,,,,,,,,Dishwashers,,,,,,,,,,,,,,,,,,,,,,,,,,,,,,,,,,,,,,,,,,,,,,,,,,,,,,,,,,,,,,,,,,,,,,,,,,,,,,,,,,,,,,,,,,,,,,,,,,,,,,,,,,,,,,,,,,,,,,,,,,,,,,,,,,,,,,,,,,,,,,,,,,,,,,,,,,,,,,,,,,,,,,,,,,,,,,,,,,,,,,,,,,,,,,,,,,,,,
,,,,,,KDTS424SBE,Appliances,Major Appliances,Dishwashers,,KDTS424SBE,KDTS424SBE Kitchen Aid Dishwasher Bk,,,,Appliance Dealers Cooperative (APPDE),Appliance Dealers Cooperative,,,KDTS424SBE,,Appliances>Major Appliances>Dishwashers,"Appliance Dealers Cooperative, Dishwashers, KDTS424SBE",DISHWASHERS,KDTS424SBE Dishwashers,Dishwashers,,,,,,,,,,,,,,,,,,,,,,,,,,,,Dishwashers,,,,,,,,,,,,,,,,,,,,,,,,,,,,,,,,,,,,,,,,,,,,,,,,,,,,,,,,,,,,,,,,,,,,,,,,,,,,,,,,,,,,,,,,,,,,,,,,,,,,,,,,,,,,,,,,,,,,,,,,,,,,,,,,,,,,,,,,,,,,,,,,,,,,,,,,,,,,,,,,,,,,,,,,,,,,,,,,,,,,,,,,,,,,,,,,,,,,,
,,,,,,KDTS324SPS,Appliances,Major Appliances,Dishwashers,,KDTS324SPS,KDTS324SPS Kitchen Aid Dishwasher SS,,,,Appliance Dealers Cooperative (APPDE),Appliance Dealers Cooperative,,,KDTS324SPS,,Appliances>Major Appliances>Dishwashers,"Appliance Dealers Cooperative, Dishwashers, KDTS324SPS",DISHWASHERS,KDTS324SPS Dishwashers,Dishwashers,,,,,,,,,,,,,,,,,,,,,,,,,,,,Dishwashers,,,,,,,,,,,,,,,,,,,,,,,,,,,,,,,,,,,,,,,,,,,,,,,,,,,,,,,,,,,,,,,,,,,,,,,,,,,,,,,,,,,,,,,,,,,,,,,,,,,,,,,,,,,,,,,,,,,,,,,,,,,,,,,,,,,,,,,,,,,,,,,,,,,,,,,,,,,,,,,,,,,,,,,,,,,,,,,,,,,,,,,,,,,,,,,,,,,,,
,,,,,,KDPS624SJP,Appliances,Major Appliances,Dishwashers,,KDPS624SJP,KDPS624SJP Dishwasher Juniper - Display Only,,,,Appliance Dealers Cooperative (APPDE),Appliance Dealers Cooperative,,,KDPS624SJP,,Appliances>Major Appliances>Dishwashers,"Appliance Dealers Cooperative, Dishwashers, KDPS624SJP",DISHWASHERS,KDPS624SJP Dishwashers,Dishwashers,,,,,,,,,,,,,,,,,,,,,,,,,,,,Dishwashers,,,,,,,,,,,,,,,,,,,,,,,,,,,,,,,,,,,,,,,,,,,,,,,,,,,,,,,,,,,,,,,,,,,,,,,,,,,,,,,,,,,,,,,,,,,,,,,,,,,,,,,,,,,,,,,,,,,,,,,,,,,,,,,,,,,,,,,,,,,,,,,,,,,,,,,,,,,,,,,,,,,,,,,,,,,,,,,,,,,,,,,,,,,,,,,,,,,,,
,,,,,,KDTS624SBE,Appliances,Major Appliances,Dishwashers,,KDTS624SBE,KDTS624SBE Dishwasher BO Display Only,,,,Appliance Dealers Cooperative (APPDE),Appliance Dealers Cooperative,,,KDTS624SBE,,Appliances>Major Appliances>Dishwashers,"Appliance Dealers Cooperative, Dishwashers, KDTS624SBE",DISHWASHERS,KDTS624SBE Dishwashers,Dishwashers,,,,,,,,,,,,,,,,,,,,,,,,,,,,Dishwashers,,,,,,,,,,,,,,,,,,,,,,,,,,,,,,,,,,,,,,,,,,,,,,,,,,,,,,,,,,,,,,,,,,,,,,,,,,,,,,,,,,,,,,,,,,,,,,,,,,,,,,,,,,,,,,,,,,,,,,,,,,,,,,,,,,,,,,,,,,,,,,,,,,,,,,,,,,,,,,,,,,,,,,,,,,,,,,,,,,,,,,,,,,,,,,,,,,,,,
,,,,,,D519127,Appliances,Appliance Parts,Appliance Parts & Accessories,,D519127,D519127 Heater Kit,,,,V & V Appliance Parts Inc (VVAPP),V & V Appliance Parts Inc,,,D519127,,Appliances>Appliance Parts>Appliance Parts & Accessories,"V & V Appliance Parts Inc, Appliance Parts & Accessories, D519127",APPLIANCE PARTS & ACCESSORIES,D519127 Appliance Parts & Accessories With Kit,"Appliance Parts & Accessories, Kit",,,Tool Form: Kit,,,,,,,,,,,,,,,,,,,,,,,,,Appliance Parts & Accessories,Tool Form,Kit,,,,,,,,,,,,,,,,,,,,,,,,,,,,,,,,,,,,,,,,,,,,,,,,,,,,,,,,,,,,,,,,,,,,,,,,,,,,,,,,,,,,,,,,,,,,,,,,,,,,,,,,,,,,,,,,,,,,,,,,,,,,,,,,,,,,,,,,,,,,,,,,,,,,,,,,,,,,,,,,,,,,,,,,,,,,,,,,,,,,,,,,,,,,,,,,,,,
,,,,,,DF7004WE,Appliances,Major Appliances,Clothes Dryers,,DF7004WE,DF7004WE Speed Queen Elect Dryer Wh,,,,Appliance Dealers Cooperative (APPDE),Appliance Dealers Cooperative,,,DF7004WE,,Appliances>Major Appliances>Clothes Dryers,"Appliance Dealers Cooperative, Clothes Dryers, DF7004WE",CLOTHES DRYERS,DF7004WE Clothes Dryers,Clothes Dryers,,,,,,,,,,,,,,,,,,,,,,,,,,,,Clothes Dryers,,,,,,,,,,,,,,,,,,,,,,,,,,,,,,,,,,,,,,,,,,,,,,,,,,,,,,,,,,,,,,,,,,,,,,,,,,,,,,,,,,,,,,,,,,,,,,,,,,,,,,,,,,,,,,,,,,,,,,,,,,,,,,,,,,,,,,,,,,,,,,,,,,,,,,,,,,,,,,,,,,,,,,,,,,,,,,,,,,,,,,,,,,,,,,,,,,,,,
,,,,,,DR7004BE,Appliances,Major Appliances,Clothes Dryers,,DR7004BE,DR7004BE SQ Elect Dryer Bk,,,,Appliance Dealers Cooperative (APPDE),Appliance Dealers Cooperative,,,DR7004BE,,Appliances>Major Appliances>Clothes Dryers,"Appliance Dealers Cooperative, Clothes Dryers, DR7004BE",CLOTHES DRYERS,DR7004BE Clothes Dryers,Clothes Dryers,,,,,,,,,,,,,,,,,,,,,,,,,,,,Clothes Dryers,,,,,,,,,,,,,,,,,,,,,,,,,,,,,,,,,,,,,,,,,,,,,,,,,,,,,,,,,,,,,,,,,,,,,,,,,,,,,,,,,,,,,,,,,,,,,,,,,,,,,,,,,,,,,,,,,,,,,,,,,,,,,,,,,,,,,,,,,,,,,,,,,,,,,,,,,,,,,,,,,,,,,,,,,,,,,,,,,,,,,,,,,,,,,,,,,,,,,
,,,,,,DV2000WE,Appliances,Major Appliances,Clothes Dryers,,DV2000WE,DV2000WE SQ Elect Dryer Wh,,,,Appliance Dealers Cooperative (APPDE),Appliance Dealers Cooperative,,,DV2000WE,,Appliances>Major Appliances>Clothes Dryers,"Appliance Dealers Cooperative, Clothes Dryers, DV2000WE",CLOTHES DRYERS,DV2000WE Clothes Dryers,Clothes Dryers,,,,,,,,,,,,,,,,,,,,,,,,,,,,Clothes Dryers,,,,,,,,,,,,,,,,,,,,,,,,,,,,,,,,,,,,,,,,,,,,,,,,,,,,,,,,,,,,,,,,,,,,,,,,,,,,,,,,,,,,,,,,,,,,,,,,,,,,,,,,,,,,,,,,,,,,,,,,,,,,,,,,,,,,,,,,,,,,,,,,,,,,,,,,,,,,,,,,,,,,,,,,,,,,,,,,,,,,,,,,,,,,,,,,,,,,,
,,,,,,DC5004WE,Appliances,Major Appliances,Clothes Dryers,,DC5004WE,DC5004WE SQ Elect Dryer Wh,,,,Appliance Dealers Cooperative (APPDE),Appliance Dealers Cooperative,,,DC5004WE,,Appliances>Major Appliances>Clothes Dryers,"Appliance Dealers Cooperative, Clothes Dryers, DC5004WE",CLOTHES DRYERS,DC5004WE Clothes Dryers,Clothes Dryers,,,,,,,,,,,,,,,,,,,,,,,,,,,,Clothes Dryers,,,,,,,,,,,,,,,,,,,,,,,,,,,,,,,,,,,,,,,,,,,,,,,,,,,,,,,,,,,,,,,,,,,,,,,,,,,,,,,,,,,,,,,,,,,,,,,,,,,,,,,,,,,,,,,,,,,,,,,,,,,,,,,,,,,,,,,,,,,,,,,,,,,,,,,,,,,,,,,,,,,,,,,,,,,,,,,,,,,,,,,,,,,,,,,,,,,,,
,,,,,,DC5004BE,Appliances,Major Appliances,Clothes Dryers,,DC5004BE,DC5004BE SQ Elect Dryer Bk,,,,Appliance Dealers Cooperative (APPDE),Appliance Dealers Cooperative,,,DC5004BE,,Appliances>Major Appliances>Clothes Dryers,"Appliance Dealers Cooperative, Clothes Dryers, DC5004BE",CLOTHES DRYERS,DC5004BE Clothes Dryers,Clothes Dryers,,,,,,,,,,,,,,,,,,,,,,,,,,,,Clothes Dryers,,,,,,,,,,,,,,,,,,,,,,,,,,,,,,,,,,,,,,,,,,,,,,,,,,,,,,,,,,,,,,,,,,,,,,,,,,,,,,,,,,,,,,,,,,,,,,,,,,,,,,,,,,,,,,,,,,,,,,,,,,,,,,,,,,,,,,,,,,,,,,,,,,,,,,,,,,,,,,,,,,,,,,,,,,,,,,,,,,,,,,,,,,,,,,,,,,,,,
,,,,,,WKE100HWA,Appliances,Major Appliances,Laundry Centers,,WKE100HWA,WKE100HWA LG Laundry Center Wh - Display,,,,Appliance Dealers Cooperative (APPDE),Appliance Dealers Cooperative,,,WKE100HWA,,Appliances>Major Appliances>Laundry Centers,"Appliance Dealers Cooperative, Laundry Centers, WKE100HWA",LAUNDRY CENTERS,WKE100HWA Laundry Centers,Laundry Centers,,,,,,,,,,,,,,,,,,,,,,,,,,,,Laundry Centers,,,,,,,,,,,,,,,,,,,,,,,,,,,,,,,,,,,,,,,,,,,,,,,,,,,,,,,,,,,,,,,,,,,,,,,,,,,,,,,,,,,,,,,,,,,,,,,,,,,,,,,,,,,,,,,,,,,,,,,,,,,,,,,,,,,,,,,,,,,,,,,,,,,,,,,,,,,,,,,,,,,,,,,,,,,,,,,,,,,,,,,,,,,,,,,,,,,,,
,,,,,,FF7011WN,Appliances,Major Appliances,Washing Machines,,FF7011WN,FF7011WN Speed Queen Washer Wh,,,,Appliance Dealers Cooperative (APPDE),Appliance Dealers Cooperative,,,FF7011WN,,Appliances>Major Appliances>Washing Machines,"Appliance Dealers Cooperative, Washing Machines, FF7011WN",WASHING MACHINES,FF7011WN Washing Machines,Washing Machines,,,,,,,,,,,,,,,,,,,,,,,,,,,,Washing Machines,,,,,,,,,,,,,,,,,,,,,,,,,,,,,,,,,,,,,,,,,,,,,,,,,,,,,,,,,,,,,,,,,,,,,,,,,,,,,,,,,,,,,,,,,,,,,,,,,,,,,,,,,,,,,,,,,,,,,,,,,,,,,,,,,,,,,,,,,,,,,,,,,,,,,,,,,,,,,,,,,,,,,,,,,,,,,,,,,,,,,,,,,,,,,,,,,,,,,
,,,,,,PTD70GBPTDG,Appliances,Major Appliances,Clothes Dryers,,PTD70GBPTDG,PTD70GBPTDG GE Gas Dryer DG,,,,Appliance Dealers Cooperative (APPDE),Appliance Dealers Cooperative,,,PTD70GBPTDG,,Appliances>Major Appliances>Clothes Dryers,"Appliance Dealers Cooperative, Clothes Dryers, PTD70GBPTDG",CLOTHES DRYERS,PTD70GBPTDG Clothes Dryers,Clothes Dryers,,,,,,,,,,,,,,,,,,,,,,,,,,,,Clothes Dryers,,,,,,,,,,,,,,,,,,,,,,,,,,,,,,,,,,,,,,,,,,,,,,,,,,,,,,,,,,,,,,,,,,,,,,,,,,,,,,,,,,,,,,,,,,,,,,,,,,,,,,,,,,,,,,,,,,,,,,,,,,,,,,,,,,,,,,,,,,,,,,,,,,,,,,,,,,,,,,,,,,,,,,,,,,,,,,,,,,,,,,,,,,,,,,,,,,,,,
,,,,,,PTD70GBSTWS,Appliances,Major Appliances,Clothes Dryers,,PTD70GBSTWS,PTD70GBSTWS GE Gas Dryer Wh,,,,Appliance Dealers Cooperative (APPDE),Appliance Dealers Cooperative,,,PTD70GBSTWS,,Appliances>Major Appliances>Clothes Dryers,"Appliance Dealers Cooperative, Clothes Dryers, PTD70GBSTWS",CLOTHES DRYERS,PTD70GBSTWS Clothes Dryers,Clothes Dryers,,,,,,,,,,,,,,,,,,,,,,,,,,,,Clothes Dryers,,,,,,,,,,,,,,,,,,,,,,,,,,,,,,,,,,,,,,,,,,,,,,,,,,,,,,,,,,,,,,,,,,,,,,,,,,,,,,,,,,,,,,,,,,,,,,,,,,,,,,,,,,,,,,,,,,,,,,,,,,,,,,,,,,,,,,,,,,,,,,,,,,,,,,,,,,,,,,,,,,,,,,,,,,,,,,,,,,,,,,,,,,,,,,,,,,,,,
,,,,,,DR5004WG,Appliances,Major Appliances,Clothes Dryers,,DR5004WG,DR5004WG SQ Gas Dryer Wh,,,,Appliance Dealers Cooperative (APPDE),Appliance Dealers Cooperative,,,DR5004WG,,Appliances>Major Appliances>Clothes Dryers,"Appliance Dealers Cooperative, Clothes Dryers, DR5004WG",CLOTHES DRYERS,DR5004WG Clothes Dryers,Clothes Dryers,,,,,,,,,,,,,,,,,,,,,,,,,,,,Clothes Dryers,,,,,,,,,,,,,,,,,,,,,,,,,,,,,,,,,,,,,,,,,,,,,,,,,,,,,,,,,,,,,,,,,,,,,,,,,,,,,,,,,,,,,,,,,,,,,,,,,,,,,,,,,,,,,,,,,,,,,,,,,,,,,,,,,,,,,,,,,,,,,,,,,,,,,,,,,,,,,,,,,,,,,,,,,,,,,,,,,,,,,,,,,,,,,,,,,,,,,
,,,,,,DR7004BG,Appliances,Major Appliances,Clothes Dryers,,DR7004BG,DR7004BG SQ Gas Dryer Bk,,,,Appliance Dealers Cooperative (APPDE),Appliance Dealers Cooperative,,,DR7004BG,,Appliances>Major Appliances>Clothes Dryers,"Appliance Dealers Cooperative, Clothes Dryers, DR7004BG",CLOTHES DRYERS,DR7004BG Clothes Dryers,Clothes Dryers,,,,,,,,,,,,,,,,,,,,,,,,,,,,Clothes Dryers,,,,,,,,,,,,,,,,,,,,,,,,,,,,,,,,,,,,,,,,,,,,,,,,,,,,,,,,,,,,,,,,,,,,,,,,,,,,,,,,,,,,,,,,,,,,,,,,,,,,,,,,,,,,,,,,,,,,,,,,,,,,,,,,,,,,,,,,,,,,,,,,,,,,,,,,,,,,,,,,,,,,,,,,,,,,,,,,,,,,,,,,,,,,,,,,,,,,,
,,,,,,DR7004WG,Appliances,Major Appliances,Clothes Dryers,,DR7004WG,DR7004WG SQ Gas Dryer Wh,,,,Appliance Dealers Cooperative (APPDE),Appliance Dealers Cooperative,,,DR7004WG,,Appliances>Major Appliances>Clothes Dryers,"Appliance Dealers Cooperative, Clothes Dryers, DR7004WG",CLOTHES DRYERS,DR7004WG Clothes Dryers,Clothes Dryers,,,,,,,,,,,,,,,,,,,,,,,,,,,,Clothes Dryers,,,,,,,,,,,,,,,,,,,,,,,,,,,,,,,,,,,,,,,,,,,,,,,,,,,,,,,,,,,,,,,,,,,,,,,,,,,,,,,,,,,,,,,,,,,,,,,,,,,,,,,,,,,,,,,,,,,,,,,,,,,,,,,,,,,,,,,,,,,,,,,,,,,,,,,,,,,,,,,,,,,,,,,,,,,,,,,,,,,,,,,,,,,,,,,,,,,,,
,,,,,,DV2000WG,Appliances,Major Appliances,Clothes Dryers,,DV2000WG,DV2000WG SQ Gas Dryer Wh,,,,Appliance Dealers Cooperative (APPDE),Appliance Dealers Cooperative,,,DV2000WG,,Appliances>Major Appliances>Clothes Dryers,"Appliance Dealers Cooperative, Clothes Dryers, DV2000WG",CLOTHES DRYERS,DV2000WG Clothes Dryers,Clothes Dryers,,,,,,,,,,,,,,,,,,,,,,,,,,,,Clothes Dryers,,,,,,,,,,,,,,,,,,,,,,,,,,,,,,,,,,,,,,,,,,,,,,,,,,,,,,,,,,,,,,,,,,,,,,,,,,,,,,,,,,,,,,,,,,,,,,,,,,,,,,,,,,,,,,,,,,,,,,,,,,,,,,,,,,,,,,,,,,,,,,,,,,,,,,,,,,,,,,,,,,,,,,,,,,,,,,,,,,,,,,,,,,,,,,,,,,,,,
,,,,,,DC5004WG,Appliances,Major Appliances,Clothes Dryers,,DC5004WG,DC5004WG SQ Gas Dryer Wh,,,,Appliance Dealers Cooperative (APPDE),Appliance Dealers Cooperative,,,DC5004WG,,Appliances>Major Appliances>Clothes Dryers,"Appliance Dealers Cooperative, Clothes Dryers, DC5004WG",CLOTHES DRYERS,DC5004WG Clothes Dryers,Clothes Dryers,,,,,,,,,,,,,,,,,,,,,,,,,,,,Clothes Dryers,,,,,,,,,,,,,,,,,,,,,,,,,,,,,,,,,,,,,,,,,,,,,,,,,,,,,,,,,,,,,,,,,,,,,,,,,,,,,,,,,,,,,,,,,,,,,,,,,,,,,,,,,,,,,,,,,,,,,,,,,,,,,,,,,,,,,,,,,,,,,,,,,,,,,,,,,,,,,,,,,,,,,,,,,,,,,,,,,,,,,,,,,,,,,,,,,,,,,
,,,,,,DC5004BG,Appliances,Major Appliances,Clothes Dryers,,DC5004BG,DC5004BG SQ Gas Dryer Bk,,,,Appliance Dealers Cooperative (APPDE),Appliance Dealers Cooperative,,,DC5004BG,,Appliances>Major Appliances>Clothes Dryers,"Appliance Dealers Cooperative, Clothes Dryers, DC5004BG",CLOTHES DRYERS,DC5004BG Clothes Dryers,Clothes Dryers,,,,,,,,,,,,,,,,,,,,,,,,,,,,Clothes Dryers,,,,,,,,,,,,,,,,,,,,,,,,,,,,,,,,,,,,,,,,,,,,,,,,,,,,,,,,,,,,,,,,,,,,,,,,,,,,,,,,,,,,,,,,,,,,,,,,,,,,,,,,,,,,,,,,,,,,,,,,,,,,,,,,,,,,,,,,,,,,,,,,,,,,,,,,,,,,,,,,,,,,,,,,,,,,,,,,,,,,,,,,,,,,,,,,,,,,,
,,,,,,PTW705BSTWS,Appliances,Major Appliances,Washing Machines,,PTW705BSTWS,PTW705BSTWS GE Washer Wh,,,,Appliance Dealers Cooperative (APPDE),Appliance Dealers Cooperative,,,PTW705BSTWS,,Appliances>Major Appliances>Washing Machines,"Appliance Dealers Cooperative, Washing Machines, PTW705BSTWS",WASHING MACHINES,PTW705BSTWS Washing Machines,Washing Machines,,,,,,,,,,,,,,,,,,,,,,,,,,,,Washing Machines,,,,,,,,,,,,,,,,,,,,,,,,,,,,,,,,,,,,,,,,,,,,,,,,,,,,,,,,,,,,,,,,,,,,,,,,,,,,,,,,,,,,,,,,,,,,,,,,,,,,,,,,,,,,,,,,,,,,,,,,,,,,,,,,,,,,,,,,,,,,,,,,,,,,,,,,,,,,,,,,,,,,,,,,,,,,,,,,,,,,,,,,,,,,,,,,,,,,,
,,,,,,MVWP586GW,Appliances,Major Appliances,Washing Machines,,MVWP586GW,MVWP586GW Washer Wh - Display,,,,Appliance Dealers Cooperative (APPDE),Appliance Dealers Cooperative,,,MVWP586GW,,Appliances>Major Appliances>Washing Machines,"Appliance Dealers Cooperative, Washing Machines, MVWP586GW",WASHING MACHINES,MVWP586GW Washing Machines,Washing Machines,,,,,,,,,,,,,,,,,,,,,,,,,,,,Washing Machines,,,,,,,,,,,,,,,,,,,,,,,,,,,,,,,,,,,,,,,,,,,,,,,,,,,,,,,,,,,,,,,,,,,,,,,,,,,,,,,,,,,,,,,,,,,,,,,,,,,,,,,,,,,,,,,,,,,,,,,,,,,,,,,,,,,,,,,,,,,,,,,,,,,,,,,,,,,,,,,,,,,,,,,,,,,,,,,,,,,,,,,,,,,,,,,,,,,,,
,,,,,,TV2000WN,Appliances,Major Appliances,Washing Machines,,TV2000WN,TV2000WN SQ Elect Washer,,,,Appliance Dealers Cooperative (APPDE),Appliance Dealers Cooperative,,,TV2000WN,,Appliances>Major Appliances>Washing Machines,"Appliance Dealers Cooperative, Washing Machines, TV2000WN",WASHING MACHINES,TV2000WN Washing Machines,Washing Machines,,,,,,,,,,,,,,,,,,,,,,,,,,,,Washing Machines,,,,,,,,,,,,,,,,,,,,,,,,,,,,,,,,,,,,,,,,,,,,,,,,,,,,,,,,,,,,,,,,,,,,,,,,,,,,,,,,,,,,,,,,,,,,,,,,,,,,,,,,,,,,,,,,,,,,,,,,,,,,,,,,,,,,,,,,,,,,,,,,,,,,,,,,,,,,,,,,,,,,,,,,,,,,,,,,,,,,,,,,,,,,,,,,,,,,,
,,,,,,TC5003BN,Appliances,Major Appliances,Washing Machines,,TC5003BN,TC5003BN SQ Washer Bk,,,,Appliance Dealers Cooperative (APPDE),Appliance Dealers Cooperative,,,TC5003BN,,Appliances>Major Appliances>Washing Machines,"Appliance Dealers Cooperative, Washing Machines, TC5003BN",WASHING MACHINES,TC5003BN Washing Machines,Washing Machines,,,,,,,,,,,,,,,,,,,,,,,,,,,,Washing Machines,,,,,,,,,,,,,,,,,,,,,,,,,,,,,,,,,,,,,,,,,,,,,,,,,,,,,,,,,,,,,,,,,,,,,,,,,,,,,,,,,,,,,,,,,,,,,,,,,,,,,,,,,,,,,,,,,,,,,,,,,,,,,,,,,,,,,,,,,,,,,,,,,,,,,,,,,,,,,,,,,,,,,,,,,,,,,,,,,,,,,,,,,,,,,,,,,,,,,
,,,,,,TR7006WN,Appliances,Major Appliances,Washing Machines,,TR7006WN,TR7006WN Speed Queen Washer Wh,,,,Appliance Dealers Cooperative (APPDE),Appliance Dealers Cooperative,,,TR7006WN,,Appliances>Major Appliances>Washing Machines,"Appliance Dealers Cooperative, Washing Machines, TR7006WN",WASHING MACHINES,TR7006WN Washing Machines,Washing Machines,,,,,,,,,,,,,,,,,,,,,,,,,,,,Washing Machines,,,,,,,,,,,,,,,,,,,,,,,,,,,,,,,,,,,,,,,,,,,,,,,,,,,,,,,,,,,,,,,,,,,,,,,,,,,,,,,,,,,,,,,,,,,,,,,,,,,,,,,,,,,,,,,,,,,,,,,,,,,,,,,,,,,,,,,,,,,,,,,,,,,,,,,,,,,,,,,,,,,,,,,,,,,,,,,,,,,,,,,,,,,,,,,,,,,,,
,,,,,,TR7006BN,Appliances,Major Appliances,Washing Machines,,TR7006BN,TR7006BN Speed Queen Washer Bk,,,,Appliance Dealers Cooperative (APPDE),Appliance Dealers Cooperative,,,TR7006BN,,Appliances>Major Appliances>Washing Machines,"Appliance Dealers Cooperative, Washing Machines, TR7006BN",WASHING MACHINES,TR7006BN Washing Machines,Washing Machines,,,,,,,,,,,,,,,,,,,,,,,,,,,,Washing Machines,,,,,,,,,,,,,,,,,,,,,,,,,,,,,,,,,,,,,,,,,,,,,,,,,,,,,,,,,,,,,,,,,,,,,,,,,,,,,,,,,,,,,,,,,,,,,,,,,,,,,,,,,,,,,,,,,,,,,,,,,,,,,,,,,,,,,,,,,,,,,,,,,,,,,,,,,,,,,,,,,,,,,,,,,,,,,,,,,,,,,,,,,,,,,,,,,,,,,
,,,,,,TR5006WN,Appliances,Major Appliances,Washing Machines,,TR5006WN,TR5006WN Speed Queen Washer Wh,,,,Appliance Dealers Cooperative (APPDE),Appliance Dealers Cooperative,,,TR5006WN,,Appliances>Major Appliances>Washing Machines,"Appliance Dealers Cooperative, Washing Machines, TR5006WN",WASHING MACHINES,TR5006WN Washing Machines,Washing Machines,,,,,,,,,,,,,,,,,,,,,,,,,,,,Washing Machines,,,,,,,,,,,,,,,,,,,,,,,,,,,,,,,,,,,,,,,,,,,,,,,,,,,,,,,,,,,,,,,,,,,,,,,,,,,,,,,,,,,,,,,,,,,,,,,,,,,,,,,,,,,,,,,,,,,,,,,,,,,,,,,,,,,,,,,,,,,,,,,,,,,,,,,,,,,,,,,,,,,,,,,,,,,,,,,,,,,,,,,,,,,,,,,,,,,,,
,,,,,,05134545001,Tools & Equipment,Hand Tools,Hand Tools,,05134545001,9516 Kneeling Pad& Bttl Opener,,,,Wera Tools NA Inc (WERTO),Wera Tools NA Inc,,,05134545001,,Tools & Equipment>Hand Tools>Hand Tools,"Wera Tools NA Inc, Hand Tools, 05134545001, Tools & Equipment>Hand Tools>Hand To",HAND TOOLS,05134545001 Hand Tools,Hand Tools,,,,,,,,,,,,,,,,,,,,,,,,,,,,Hand Tools,,,,,,,,,,,,,,,,,,,,,,,,,,,,,,,,,,,,,,,,,,,,,,,,,,,,,,,,,,,,,,,,,,,,,,,,,,,,,,,,,,,,,,,,,,,,,,,,,,,,,,,,,,,,,,,,,,,,,,,,,,,,,,,,,,,,,,,,,,,,,,,,,,,,,,,,,,,,,,,,,,,,,,,,,,,,,,,,,,,,,,,,,,,,,,,,,,,,,
,,,,,,LNL65301,Tools & Equipment,Hand Tools,Hand Tools,,LNL65301,LNL65301 Digital Tire Pressure - Inflator Gauge,,,,-,,,,LNL65301,,Tools & Equipment>Hand Tools>Hand Tools,"Hand Tools, LNL65301, Tools & Equipment>Hand Tools>Hand Tools",HAND TOOLS,LNL65301 Hand Tools,Hand Tools,,,,,,,,,,,,,,,,,,,,,,,,,,,,Hand Tools,,,,,,,,,,,,,,,,,,,,,,,,,,,,,,,,,,,,,,,,,,,,,,,,,,,,,,,,,,,,,,,,,,,,,,,,,,,,,,,,,,,,,,,,,,,,,,,,,,,,,,,,,,,,,,,,,,,,,,,,,,,,,,,,,,,,,,,,,,,,,,,,,,,,,,,,,,,,,,,,,,,,,,,,,,,,,,,,,,,,,,,,,,,,,,,,,,,,,
,,,,,,25-A,Building Materials,Building Materials,Structural & Wall Materials,,25-A,Charcoal Black 25-A Mortar - Type N,,,,Rees Cast Stone Company (REECA),Rees Cast Stone Company,,,25-A,,Building Materials>Building Materials>Structural & Wall Materials,"Rees Cast Stone Company, Structural & Wall Materials, 25-A",STRUCTURAL & WALL MATERIALS,25-A Structural & Wall Materials,Structural & Wall Materials,,,,,,,,,,,,,,,,,,,,,,,,,,,,Structural & Wall Materials,,,,,,,,,,,,,,,,,,,,,,,,,,,,,,,,,,,,,,,,,,,,,,,,,,,,,,,,,,,,,,,,,,,,,,,,,,,,,,,,,,,,,,,,,,,,,,,,,,,,,,,,,,,,,,,,,,,,,,,,,,,,,,,,,,,,,,,,,,,,,,,,,,,,,,,,,,,,,,,,,,,,,,,,,,,,,,,,,,,,,,,,,,,,,,,,,,,,,
,,,,,,38-E,Building Materials,Building Materials,Structural & Wall Materials,,38-E,Dark Chocolate 38-E Mortar - Type N,,,,Rees Cast Stone Company (REECA),Rees Cast Stone Company,,,38-E,,Building Materials>Building Materials>Structural & Wall Materials,"Rees Cast Stone Company, Structural & Wall Materials, 38-E",STRUCTURAL & WALL MATERIALS,38-E Structural & Wall Materials,Structural & Wall Materials,,,,,,,,,,,,,,,,,,,,,,,,,,,,Structural & Wall Materials,,,,,,,,,,,,,,,,,,,,,,,,,,,,,,,,,,,,,,,,,,,,,,,,,,,,,,,,,,,,,,,,,,,,,,,,,,,,,,,,,,,,,,,,,,,,,,,,,,,,,,,,,,,,,,,,,,,,,,,,,,,,,,,,,,,,,,,,,,,,,,,,,,,,,,,,,,,,,,,,,,,,,,,,,,,,,,,,,,,,,,,,,,,,,,,,,,,,,
,,,,,,59-J,Building Materials,Building Materials,Structural & Wall Materials,,59-J,Light Buff 59-J Mortar - Type N,,,,Rees Cast Stone Company (REECA),Rees Cast Stone Company,,,59-J,,Building Materials>Building Materials>Structural & Wall Materials,"Rees Cast Stone Company, Structural & Wall Materials, 59-J",STRUCTURAL & WALL MATERIALS,59-J Structural & Wall Materials,Structural & Wall Materials,,,,,,,,,,,,,,,,,,,,,,,,,,,,Structural & Wall Materials,,,,,,,,,,,,,,,,,,,,,,,,,,,,,,,,,,,,,,,,,,,,,,,,,,,,,,,,,,,,,,,,,,,,,,,,,,,,,,,,,,,,,,,,,,,,,,,,,,,,,,,,,,,,,,,,,,,,,,,,,,,,,,,,,,,,,,,,,,,,,,,,,,,,,,,,,,,,,,,,,,,,,,,,,,,,,,,,,,,,,,,,,,,,,,,,,,,,,
,,,,,,44-A,Building Materials,Building Materials,Structural & Wall Materials,,44-A,Light Chocolate 44-A Mortar - Type N,,,,Rees Cast Stone Company (REECA),Rees Cast Stone Company,,,44-A,,Building Materials>Building Materials>Structural & Wall Materials,"Rees Cast Stone Company, Structural & Wall Materials, 44-A",STRUCTURAL & WALL MATERIALS,44-A Structural & Wall Materials,Structural & Wall Materials,,,,,,,,,,,,,,,,,,,,,,,,,,,,Structural & Wall Materials,,,,,,,,,,,,,,,,,,,,,,,,,,,,,,,,,,,,,,,,,,,,,,,,,,,,,,,,,,,,,,,,,,,,,,,,,,,,,,,,,,,,,,,,,,,,,,,,,,,,,,,,,,,,,,,,,,,,,,,,,,,,,,,,,,,,,,,,,,,,,,,,,,,,,,,,,,,,,,,,,,,,,,,,,,,,,,,,,,,,,,,,,,,,,,,,,,,,,
,,,,,,543302126,Building Materials,Decking & Railing,Railing Kits,,543302126,6' Wh Select T-Rail Kit Horiz - w/Sq Composite Balusters,TREX,,,U S Lumber (3073),"Trex Company, Inc.",Trex®,Trex®,543302126,,Building Materials>Decking & Railing>Railing Kits,"Trex Company, Inc., Trex®, Railing Kits, 543302126, Length 6 ft, Tool Form Kit",RAILING KITS 6 FT,"Trex® 543302126 Railing Kits With 6 ft, Kit","Trex® Railing Kits, 6 ft, Kit",,,Length: 6 ft,Tool Form: Kit,,,,,,,,,,,,,,,,,,,,,,,,Railing Kits,Length,6,ft,Tool Form,Kit,,,,,,,,,,,,,,,,,,,,,,,,,,,,,,,,,,,,,,,,,,,,,,,,,,,,,,,,,,,,,,,,,,,,,,,,,,,,,,,,,,,,,,,,,,,,,,,,,,,,,,,,,,,,,,,,,,,,,,,,,,,,,,,,,,,,,,,,,,,,,,,,,,,,,,,,,,,,,,,,,,,,,,,,,,,,,,,,,,,,,,,,,,,,,,,,
,,,,,,543302146,Building Materials,Decking & Railing,Railing Kits,,543302146,8' Wh Select T-Rail Kit Horiz - w/Sq Composite Balusters,TREX,,,U S Lumber (3073),"Trex Company, Inc.",Trex®,Trex®,543302146,,Building Materials>Decking & Railing>Railing Kits,"Trex Company, Inc., Trex®, Railing Kits, 543302146, Length 8 ft, Tool Form Kit",RAILING KITS 8 FT,"Trex® 543302146 Railing Kits With 8 ft, Kit","Trex® Railing Kits, 8 ft, Kit",,,Length: 8 ft,Tool Form: Kit,,,,,,,,,,,,,,,,,,,,,,,,Railing Kits,Length,8,ft,Tool Form,Kit,,,,,,,,,,,,,,,,,,,,,,,,,,,,,,,,,,,,,,,,,,,,,,,,,,,,,,,,,,,,,,,,,,,,,,,,,,,,,,,,,,,,,,,,,,,,,,,,,,,,,,,,,,,,,,,,,,,,,,,,,,,,,,,,,,,,,,,,,,,,,,,,,,,,,,,,,,,,,,,,,,,,,,,,,,,,,,,,,,,,,,,,,,,,,,,,
,,,,,,73019603,Building Materials,Decking & Railing,Railing Kits,,73019603,Finyline Wh 6' Fl Rail Kit Sq,,,,-,Rdi Railing (Barrette Outdoor Living),RDI®,RDI®,73019603,,Building Materials>Decking & Railing>Railing Kits,"Rdi Railing (Barrette Outdoor Living), RDI®, Railing Kits, 73019603",RAILING KITS 6 FT,"RDI® 73019603 Railing Kits With 6 ft, Kit","RDI® Railing Kits, 6 ft, Kit",,,Length: 6 ft,Tool Form: Kit,,,,,,,,,,,,,,,,,,,,,,,,Railing Kits,Length,6,ft,Tool Form,Kit,,,,,,,,,,,,,,,,,,,,,,,,,,,,,,,,,,,,,,,,,,,,,,,,,,,,,,,,,,,,,,,,,,,,,,,,,,,,,,,,,,,,,,,,,,,,,,,,,,,,,,,,,,,,,,,,,,,,,,,,,,,,,,,,,,,,,,,,,,,,,,,,,,,,,,,,,,,,,,,,,,,,,,,,,,,,,,,,,,,,,,,,,,,,,,,,
,,,,,,73019652,Building Materials,Decking & Railing,Railing Kits,,73019652,Finyline Wh 8' Fl Rail Kit Sq,,,,-,Rdi Railing (Barrette Outdoor Living),RDI®,RDI®,73019652,,Building Materials>Decking & Railing>Railing Kits,"Rdi Railing (Barrette Outdoor Living), RDI®, Railing Kits, 73019652",RAILING KITS 8 FT,"RDI® 73019652 Railing Kits With 8 ft, Kit","RDI® Railing Kits, 8 ft, Kit",,,Length: 8 ft,Tool Form: Kit,,,,,,,,,,,,,,,,,,,,,,,,Railing Kits,Length,8,ft,Tool Form,Kit,,,,,,,,,,,,,,,,,,,,,,,,,,,,,,,,,,,,,,,,,,,,,,,,,,,,,,,,,,,,,,,,,,,,,,,,,,,,,,,,,,,,,,,,,,,,,,,,,,,,,,,,,,,,,,,,,,,,,,,,,,,,,,,,,,,,,,,,,,,,,,,,,,,,,,,,,,,,,,,,,,,,,,,,,,,,,,,,,,,,,,,,,,,,,,,,
,,,,,,73019517,Building Materials,Decking & Railing,Railing Kits,,73019517,Finyline Wh 10' Fl Rail Kit Sq,,,,-,Rdi Railing (Barrette Outdoor Living),RDI®,RDI®,73019517,,Building Materials>Decking & Railing>Railing Kits,"Rdi Railing (Barrette Outdoor Living), RDI®, Railing Kits, 73019517",RAILING KITS 10 FT,"RDI® 73019517 Railing Kits With 10 ft, Kit","RDI® Railing Kits, 10 ft, Kit",,,Length: 10 ft,Tool Form: Kit,,,,,,,,,,,,,,,,,,,,,,,,Railing Kits,Length,10,ft,Tool Form,Kit,,,,,,,,,,,,,,,,,,,,,,,,,,,,,,,,,,,,,,,,,,,,,,,,,,,,,,,,,,,,,,,,,,,,,,,,,,,,,,,,,,,,,,,,,,,,,,,,,,,,,,,,,,,,,,,,,,,,,,,,,,,,,,,,,,,,,,,,,,,,,,,,,,,,,,,,,,,,,,,,,,,,,,,,,,,,,,,,,,,,,,,,,,,,,,,,
,,,,,,73019602,Building Materials,Decking & Railing,Railing Kits,,73019602,Finyline Wh 6' Fl Rail Kit Rd - w/Black Alum Balusters,,,,-,Rdi Railing (Barrette Outdoor Living),RDI®,RDI®,73019602,,Building Materials>Decking & Railing>Railing Kits,"Rdi Railing (Barrette Outdoor Living), RDI®, Railing Kits, 73019602",RAILING KITS 6 FT,"RDI® 73019602 Railing Kits With 6 ft, Kit","RDI® Railing Kits, 6 ft, Kit",,,Length: 6 ft,Tool Form: Kit,,,,,,,,,,,,,,,,,,,,,,,,Railing Kits,Length,6,ft,Tool Form,Kit,,,,,,,,,,,,,,,,,,,,,,,,,,,,,,,,,,,,,,,,,,,,,,,,,,,,,,,,,,,,,,,,,,,,,,,,,,,,,,,,,,,,,,,,,,,,,,,,,,,,,,,,,,,,,,,,,,,,,,,,,,,,,,,,,,,,,,,,,,,,,,,,,,,,,,,,,,,,,,,,,,,,,,,,,,,,,,,,,,,,,,,,,,,,,,,,
,,,,,,73019651,Building Materials,Decking & Railing,Railing Kits,,73019651,Finyline Wh 8' Fl Rail Kit Rd - w/Black Alum Balusters,,,,-,Rdi Railing (Barrette Outdoor Living),RDI®,RDI®,73019651,,Building Materials>Decking & Railing>Railing Kits,"Rdi Railing (Barrette Outdoor Living), RDI®, Railing Kits, 73019651",RAILING KITS 8 FT,"RDI® 73019651 Railing Kits With 8 ft, Kit","RDI® Railing Kits, 8 ft, Kit",,,Length: 8 ft,Tool Form: Kit,,,,,,,,,,,,,,,,,,,,,,,,Railing Kits,Length,8,ft,Tool Form,Kit,,,,,,,,,,,,,,,,,,,,,,,,,,,,,,,,,,,,,,,,,,,,,,,,,,,,,,,,,,,,,,,,,,,,,,,,,,,,,,,,,,,,,,,,,,,,,,,,,,,,,,,,,,,,,,,,,,,,,,,,,,,,,,,,,,,,,,,,,,,,,,,,,,,,,,,,,,,,,,,,,,,,,,,,,,,,,,,,,,,,,,,,,,,,,,,,
,,,,,,73019516,Building Materials,Decking & Railing,Railing Kits,,73019516,Finyline Wh 10' Fl Rail Kit Rd - w/Black Alum Balusters,,,,-,Rdi Railing (Barrette Outdoor Living),RDI®,RDI®,73019516,,Building Materials>Decking & Railing>Railing Kits,"Rdi Railing (Barrette Outdoor Living), RDI®, Railing Kits, 73019516",RAILING KITS 10 FT,"RDI® 73019516 Railing Kits With 10 ft, Kit","RDI® Railing Kits, 10 ft, Kit",,,Length: 10 ft,Tool Form: Kit,,,,,,,,,,,,,,,,,,,,,,,,Railing Kits,Length,10,ft,Tool Form,Kit,,,,,,,,,,,,,,,,,,,,,,,,,,,,,,,,,,,,,,,,,,,,,,,,,,,,,,,,,,,,,,,,,,,,,,,,,,,,,,,,,,,,,,,,,,,,,,,,,,,,,,,,,,,,,,,,,,,,,,,,,,,,,,,,,,,,,,,,,,,,,,,,,,,,,,,,,,,,,,,,,,,,,,,,,,,,,,,,,,,,,,,,,,,,,,,,
,,,,,,543300256,Building Materials,Decking & Railing,Railing Kits,,543300256,6' Black Select Classic Horiz - Rail w/Rnd Black Alum Baluster,TREX,,,Boise Cascade Building Materials (BOICA),"Trex Company, Inc.",Trex®,Trex®,543300256,,Building Materials>Decking & Railing>Railing Kits,"Trex Company, Inc., Trex®, Railing Kits, 543300256, Length 6 ft",RAILING KITS 6 FT,Trex® 543300256 Railing Kits With 6 ft,"Trex® Railing Kits, 6 ft",,,Length: 6 ft,,,,,,,,,,,,,,,,,,,,,,,,,Railing Kits,Length,6,ft,,,,,,,,,,,,,,,,,,,,,,,,,,,,,,,,,,,,,,,,,,,,,,,,,,,,,,,,,,,,,,,,,,,,,,,,,,,,,,,,,,,,,,,,,,,,,,,,,,,,,,,,,,,,,,,,,,,,,,,,,,,,,,,,,,,,,,,,,,,,,,,,,,,,,,,,,,,,,,,,,,,,,,,,,,,,,,,,,,,,,,,,,,,,,,,,,,
,,,,,,543300276,Building Materials,Decking & Railing,Railing Kits,,543300276,8' Black Select Classic Horiz - Rail w/Rnd Black Alum Baluster,TREX,,,Boise Cascade Building Materials (BOICA),"Trex Company, Inc.",Trex®,Trex®,543300276,,Building Materials>Decking & Railing>Railing Kits,"Trex Company, Inc., Trex®, Railing Kits, 543300276, Length 8 ft",RAILING KITS 8 FT,Trex® 543300276 Railing Kits With 8 ft,"Trex® Railing Kits, 8 ft",,,Length: 8 ft,,,,,,,,,,,,,,,,,,,,,,,,,Railing Kits,Length,8,ft,,,,,,,,,,,,,,,,,,,,,,,,,,,,,,,,,,,,,,,,,,,,,,,,,,,,,,,,,,,,,,,,,,,,,,,,,,,,,,,,,,,,,,,,,,,,,,,,,,,,,,,,,,,,,,,,,,,,,,,,,,,,,,,,,,,,,,,,,,,,,,,,,,,,,,,,,,,,,,,,,,,,,,,,,,,,,,,,,,,,,,,,,,,,,,,,,,
,,,,,,73045028,Building Materials,Decking & Railing,Railing Kits,,73045028,Custom Finyline Wh Gate Sq Bal,,,,-,Rdi Railing (Barrette Outdoor Living),RDI®,RDI®,73045028,,Building Materials>Decking & Railing>Railing Kits,"Rdi Railing (Barrette Outdoor Living), RDI®, Railing Kits, 73045028",RAILING KITS,RDI® 73045028 Railing Kits,RDI® Railing Kits,,,,,,,,,,,,,,,,,,,,,,,,,,,,Railing Kits,,,,,,,,,,,,,,,,,,,,,,,,,,,,,,,,,,,,,,,,,,,,,,,,,,,,,,,,,,,,,,,,,,,,,,,,,,,,,,,,,,,,,,,,,,,,,,,,,,,,,,,,,,,,,,,,,,,,,,,,,,,,,,,,,,,,,,,,,,,,,,,,,,,,,,,,,,,,,,,,,,,,,,,,,,,,,,,,,,,,,,,,,,,,,,,,,,,,,
,,,,,,73045031,Building Materials,Decking & Railing,Railing Kits,,73045031,Custom Finyline Wh Gate Rd - w/Black Alum Balusters,,,,-,Rdi Railing (Barrette Outdoor Living),RDI®,RDI®,73045031,,Building Materials>Decking & Railing>Railing Kits,"Rdi Railing (Barrette Outdoor Living), RDI®, Railing Kits, 73045031",RAILING KITS,RDI® 73045031 Railing Kits,RDI® Railing Kits,,,,,,,,,,,,,,,,,,,,,,,,,,,,Railing Kits,,,,,,,,,,,,,,,,,,,,,,,,,,,,,,,,,,,,,,,,,,,,,,,,,,,,,,,,,,,,,,,,,,,,,,,,,,,,,,,,,,,,,,,,,,,,,,,,,,,,,,,,,,,,,,,,,,,,,,,,,,,,,,,,,,,,,,,,,,,,,,,,,,,,,,,,,,,,,,,,,,,,,,,,,,,,,,,,,,,,,,,,,,,,,,,,,,,,,
,,,,,,543340126,Building Materials,Decking & Railing,Deck Boards,,543340126,"6'x36"" Select Alm w/Sq Bal Hor - Assembled Black Rail Panel",TREX,,,Boise Cascade Building Materials (BOICA),"Trex Company, Inc.",Trex®,Trex®,543340126,,Building Materials>Decking & Railing>Deck Boards,"Trex Company, Inc., Trex®, Deck Boards, 543340126, Thickness 6 ft, Width 36 in",DECK BOARDS 6 FT 36 IN,"Trex® 543340126 Deck Boards With 6 ft, 36 in","Trex® Deck Boards, 6 ft, 36 in",,,Thickness: 6 ft,Width: 36 in,,,,,,,,,,,,,,,,,,,,,,,,Deck Boards,Thickness,6,ft,Width,36,in,,,,,,,,,,,,,,,,,,,,,,,,,,,,,,,,,,,,,,,,,,,,,,,,,,,,,,,,,,,,,,,,,,,,,,,,,,,,,,,,,,,,,,,,,,,,,,,,,,,,,,,,,,,,,,,,,,,,,,,,,,,,,,,,,,,,,,,,,,,,,,,,,,,,,,,,,,,,,,,,,,,,,,,,,,,,,,,,,,,,,,,,,,,,,,,
,,,,,,543340127,Building Materials,Decking & Railing,Deck Boards,,543340127,"6'x36"" Select Alm w/Sq Bal Str - Assembled Black Rail Panel",TREX,,,Boise Cascade Building Materials (BOICA),"Trex Company, Inc.",Trex®,Trex®,543340127,,Building Materials>Decking & Railing>Deck Boards,"Trex Company, Inc., Trex®, Deck Boards, 543340127, Thickness 6 ft, Width 36 in",DECK BOARDS 6 FT 36 IN,"Trex® 543340127 Deck Boards With 6 ft, 36 in","Trex® Deck Boards, 6 ft, 36 in",,,Thickness: 6 ft,Width: 36 in,,,,,,,,,,,,,,,,,,,,,,,,Deck Boards,Thickness,6,ft,Width,36,in,,,,,,,,,,,,,,,,,,,,,,,,,,,,,,,,,,,,,,,,,,,,,,,,,,,,,,,,,,,,,,,,,,,,,,,,,,,,,,,,,,,,,,,,,,,,,,,,,,,,,,,,,,,,,,,,,,,,,,,,,,,,,,,,,,,,,,,,,,,,,,,,,,,,,,,,,,,,,,,,,,,,,,,,,,,,,,,,,,,,,,,,,,,,,,,
,,,,,,543340146,Building Materials,Decking & Railing,Deck Boards,,543340146,"8'x36"" Select Alm w/Sq Bal Hor - Assembled Black Rail Panel",TREX,,,Boise Cascade Building Materials (BOICA),"Trex Company, Inc.",Trex®,Trex®,543340146,,Building Materials>Decking & Railing>Deck Boards,"Trex Company, Inc., Trex®, Deck Boards, 543340146, Thickness 8 ft, Width 36 in",DECK BOARDS 8 FT 36 IN,"Trex® 543340146 Deck Boards With 8 ft, 36 in","Trex® Deck Boards, 8 ft, 36 in",,,Thickness: 8 ft,Width: 36 in,,,,,,,,,,,,,,,,,,,,,,,,Deck Boards,Thickness,8,ft,Width,36,in,,,,,,,,,,,,,,,,,,,,,,,,,,,,,,,,,,,,,,,,,,,,,,,,,,,,,,,,,,,,,,,,,,,,,,,,,,,,,,,,,,,,,,,,,,,,,,,,,,,,,,,,,,,,,,,,,,,,,,,,,,,,,,,,,,,,,,,,,,,,,,,,,,,,,,,,,,,,,,,,,,,,,,,,,,,,,,,,,,,,,,,,,,,,,,,
,,,,,,543340147,Building Materials,Decking & Railing,Deck Boards,,543340147,"8'x36"" Select Alm w/Sq Bal Str - Assembled Black Rail Panel",TREX,,,Boise Cascade Building Materials (BOICA),"Trex Company, Inc.",Trex®,Trex®,543340147,,Building Materials>Decking & Railing>Deck Boards,"Trex Company, Inc., Trex®, Deck Boards, 543340147, Thickness 8 ft, Width 36 in",DECK BOARDS 8 FT 36 IN,"Trex® 543340147 Deck Boards With 8 ft, 36 in","Trex® Deck Boards, 8 ft, 36 in",,,Thickness: 8 ft,Width: 36 in,,,,,,,,,,,,,,,,,,,,,,,,Deck Boards,Thickness,8,ft,Width,36,in,,,,,,,,,,,,,,,,,,,,,,,,,,,,,,,,,,,,,,,,,,,,,,,,,,,,,,,,,,,,,,,,,,,,,,,,,,,,,,,,,,,,,,,,,,,,,,,,,,,,,,,,,,,,,,,,,,,,,,,,,,,,,,,,,,,,,,,,,,,,,,,,,,,,,,,,,,,,,,,,,,,,,,,,,,,,,,,,,,,,,,,,,,,,,,,
,,,,,,ADB15516CS,Building Materials,Decking & Railing,Deck Boards,,ADB15516CS,1x6-16' Coastline Sq Edge - Vintage Azek PVC Decking,TIMBERTECH,,,Parksite (6151),Timbertech (Azek Building Products),TimberTech®,TimberTech®,ADB15516CS,,Building Materials>Decking & Railing>Deck Boards,"Timbertech (Azek Building Products), TimberTech®, Deck Boards, ADB15516CS",DECK BOARDS 1 IN 6 IN 16 FT,"TimberTech® ADB15516CS Deck Boards With 1 in, 6 in, 16 ft","TimberTech® Deck Boards, 1 in, 6 in, 16 ft",,,Thickness: 1 in,Width: 6 in,Length: 16 ft,,,,,,,,,,,,,,,,,,,,,,,Deck Boards,Thickness,1,in,Width,6,in,Length,16,ft,,,,,,,,,,,,,,,,,,,,,,,,,,,,,,,,,,,,,,,,,,,,,,,,,,,,,,,,,,,,,,,,,,,,,,,,,,,,,,,,,,,,,,,,,,,,,,,,,,,,,,,,,,,,,,,,,,,,,,,,,,,,,,,,,,,,,,,,,,,,,,,,,,,,,,,,,,,,,,,,,,,,,,,,,,,,,,,,,,,,,,,,,,,,
,,,,,,ADB15520CS,Building Materials,Decking & Railing,Deck Boards,,ADB15520CS,1x6-20' Coastline Sq Edge - Vintage Azek PVC Decking,TIMBERTECH,,,Parksite (6151),Timbertech (Azek Building Products),TimberTech®,TimberTech®,ADB15520CS,,Building Materials>Decking & Railing>Deck Boards,"Timbertech (Azek Building Products), TimberTech®, Deck Boards, ADB15520CS",DECK BOARDS 1 IN 6 IN 20 FT,"TimberTech® ADB15520CS Deck Boards With 1 in, 6 in, 20 ft","TimberTech® Deck Boards, 1 in, 6 in, 20 ft",,,Thickness: 1 in,Width: 6 in,Length: 20 ft,,,,,,,,,,,,,,,,,,,,,,,Deck Boards,Thickness,1,in,Width,6,in,Length,20,ft,,,,,,,,,,,,,,,,,,,,,,,,,,,,,,,,,,,,,,,,,,,,,,,,,,,,,,,,,,,,,,,,,,,,,,,,,,,,,,,,,,,,,,,,,,,,,,,,,,,,,,,,,,,,,,,,,,,,,,,,,,,,,,,,,,,,,,,,,,,,,,,,,,,,,,,,,,,,,,,,,,,,,,,,,,,,,,,,,,,,,,,,,,,,
,,,,,,ADB15516EW,Building Materials,Decking & Railing,Deck Boards,,ADB15516EW,1x6-16' English Walnut Sq Edge - Vintage Azek PVC Decking,TIMBERTECH,,,Parksite (6151),Timbertech (Azek Building Products),TimberTech®,TimberTech®,ADB15516EW,,Building Materials>Decking & Railing>Deck Boards,"Timbertech (Azek Building Products), TimberTech®, Deck Boards, ADB15516EW",DECK BOARDS 1 IN 6 IN 16 FT,"TimberTech® ADB15516EW Deck Boards With 1 in, 6 in, 16 ft","TimberTech® Deck Boards, 1 in, 6 in, 16 ft",,,Thickness: 1 in,Width: 6 in,Length: 16 ft,,,,,,,,,,,,,,,,,,,,,,,Deck Boards,Thickness,1,in,Width,6,in,Length,16,ft,,,,,,,,,,,,,,,,,,,,,,,,,,,,,,,,,,,,,,,,,,,,,,,,,,,,,,,,,,,,,,,,,,,,,,,,,,,,,,,,,,,,,,,,,,,,,,,,,,,,,,,,,,,,,,,,,,,,,,,,,,,,,,,,,,,,,,,,,,,,,,,,,,,,,,,,,,,,,,,,,,,,,,,,,,,,,,,,,,,,,,,,,,,,
,,,,,,ADB15520EW,Building Materials,Decking & Railing,Deck Boards,,ADB15520EW,1x6-20' English Walnut Sq Edge - Vintage Azek PVC Decking,TIMBERTECH,,,Parksite (6151),Timbertech (Azek Building Products),TimberTech®,TimberTech®,ADB15520EW,,Building Materials>Decking & Railing>Deck Boards,"Timbertech (Azek Building Products), TimberTech®, Deck Boards, ADB15520EW",DECK BOARDS 1 IN 6 IN 20 FT,"TimberTech® ADB15520EW Deck Boards With 1 in, 6 in, 20 ft","TimberTech® Deck Boards, 1 in, 6 in, 20 ft",,,Thickness: 1 in,Width: 6 in,Length: 20 ft,,,,,,,,,,,,,,,,,,,,,,,Deck Boards,Thickness,1,in,Width,6,in,Length,20,ft,,,,,,,,,,,,,,,,,,,,,,,,,,,,,,,,,,,,,,,,,,,,,,,,,,,,,,,,,,,,,,,,,,,,,,,,,,,,,,,,,,,,,,,,,,,,,,,,,,,,,,,,,,,,,,,,,,,,,,,,,,,,,,,,,,,,,,,,,,,,,,,,,,,,,,,,,,,,,,,,,,,,,,,,,,,,,,,,,,,,,,,,,,,,
,,,,,,ADB15516MH,Building Materials,Decking & Railing,Deck Boards,,ADB15516MH,1x6-16' Mahogany Sq Edge - Vintage Azek PVC Decking,TIMBERTECH,,,Parksite (6151),Timbertech (Azek Building Products),TimberTech®,TimberTech®,ADB15516MH,,Building Materials>Decking & Railing>Deck Boards,"Timbertech (Azek Building Products), TimberTech®, Deck Boards, ADB15516MH",DECK BOARDS 1 IN 6 IN 16 FT,"TimberTech® ADB15516MH Deck Boards With 1 in, 6 in, 16 ft","TimberTech® Deck Boards, 1 in, 6 in, 16 ft",,,Thickness: 1 in,Width: 6 in,Length: 16 ft,,,,,,,,,,,,,,,,,,,,,,,Deck Boards,Thickness,1,in,Width,6,in,Length,16,ft,,,,,,,,,,,,,,,,,,,,,,,,,,,,,,,,,,,,,,,,,,,,,,,,,,,,,,,,,,,,,,,,,,,,,,,,,,,,,,,,,,,,,,,,,,,,,,,,,,,,,,,,,,,,,,,,,,,,,,,,,,,,,,,,,,,,,,,,,,,,,,,,,,,,,,,,,,,,,,,,,,,,,,,,,,,,,,,,,,,,,,,,,,,,
,,,,,,ADB15520MH,Building Materials,Decking & Railing,Deck Boards,,ADB15520MH,1x6-20' Mahogany Sq Edge - Vintage Azek PVC Decking,TIMBERTECH,,,Parksite (6151),Timbertech (Azek Building Products),TimberTech®,TimberTech®,ADB15520MH,,Building Materials>Decking & Railing>Deck Boards,"Timbertech (Azek Building Products), TimberTech®, Deck Boards, ADB15520MH",DECK BOARDS 1 IN 6 IN 20 FT,"TimberTech® ADB15520MH Deck Boards With 1 in, 6 in, 20 ft","TimberTech® Deck Boards, 1 in, 6 in, 20 ft",,,Thickness: 1 in,Width: 6 in,Length: 20 ft,,,,,,,,,,,,,,,,,,,,,,,Deck Boards,Thickness,1,in,Width,6,in,Length,20,ft,,,,,,,,,,,,,,,,,,,,,,,,,,,,,,,,,,,,,,,,,,,,,,,,,,,,,,,,,,,,,,,,,,,,,,,,,,,,,,,,,,,,,,,,,,,,,,,,,,,,,,,,,,,,,,,,,,,,,,,,,,,,,,,,,,,,,,,,,,,,,,,,,,,,,,,,,,,,,,,,,,,,,,,,,,,,,,,,,,,,,,,,,,,,
,,,,,,ADB15516WT,Building Materials,Decking & Railing,Deck Boards,,ADB15516WT,1x6-16' Weathered Teak Sq Edge - Vintage Azek PVC Decking,TIMBERTECH,,,Parksite (6151),Timbertech (Azek Building Products),TimberTech®,TimberTech®,ADB15516WT,,Building Materials>Decking & Railing>Deck Boards,"Timbertech (Azek Building Products), TimberTech®, Deck Boards, ADB15516WT",DECK BOARDS 1 IN 6 IN 16 FT,"TimberTech® ADB15516WT Deck Boards With 1 in, 6 in, 16 ft","TimberTech® Deck Boards, 1 in, 6 in, 16 ft",,,Thickness: 1 in,Width: 6 in,Length: 16 ft,,,,,,,,,,,,,,,,,,,,,,,Deck Boards,Thickness,1,in,Width,6,in,Length,16,ft,,,,,,,,,,,,,,,,,,,,,,,,,,,,,,,,,,,,,,,,,,,,,,,,,,,,,,,,,,,,,,,,,,,,,,,,,,,,,,,,,,,,,,,,,,,,,,,,,,,,,,,,,,,,,,,,,,,,,,,,,,,,,,,,,,,,,,,,,,,,,,,,,,,,,,,,,,,,,,,,,,,,,,,,,,,,,,,,,,,,,,,,,,,,
,,,,,,ADB15520WT,Building Materials,Decking & Railing,Deck Boards,,ADB15520WT,1x6-20' Weathered Teak Sq Edge - Vintage Azek PVC Decking,TIMBERTECH,,,Parksite (6151),Timbertech (Azek Building Products),TimberTech®,TimberTech®,ADB15520WT,,Building Materials>Decking & Railing>Deck Boards,"Timbertech (Azek Building Products), TimberTech®, Deck Boards, ADB15520WT",DECK BOARDS 1 IN 6 IN 20 FT,"TimberTech® ADB15520WT Deck Boards With 1 in, 6 in, 20 ft","TimberTech® Deck Boards, 1 in, 6 in, 20 ft",,,Thickness: 1 in,Width: 6 in,Length: 20 ft,,,,,,,,,,,,,,,,,,,,,,,Deck Boards,Thickness,1,in,Width,6,in,Length,20,ft,,,,,,,,,,,,,,,,,,,,,,,,,,,,,,,,,,,,,,,,,,,,,,,,,,,,,,,,,,,,,,,,,,,,,,,,,,,,,,,,,,,,,,,,,,,,,,,,,,,,,,,,,,,,,,,,,,,,,,,,,,,,,,,,,,,,,,,,,,,,,,,,,,,,,,,,,,,,,,,,,,,,,,,,,,,,,,,,,,,,,,,,,,,,
,,,,,,AGB15512CS,Building Materials,Decking & Railing,Deck Boards,,AGB15512CS,1x6-12' Coastline Grooved - Vintage Azek PVC Decking,TIMBERTECH,,,Parksite (6151),Timbertech (Azek Building Products),TimberTech®,TimberTech®,AGB15512CS,,Building Materials>Decking & Railing>Deck Boards,"Timbertech (Azek Building Products), TimberTech®, Deck Boards, AGB15512CS",DECK BOARDS 1 IN 6 IN 12 FT,"TimberTech® AGB15512CS Deck Boards With 1 in, 6 in, 12 ft","TimberTech® Deck Boards, 1 in, 6 in, 12 ft",,,Thickness: 1 in,Width: 6 in,Length: 12 ft,,,,,,,,,,,,,,,,,,,,,,,Deck Boards,Thickness,1,in,Width,6,in,Length,12,ft,,,,,,,,,,,,,,,,,,,,,,,,,,,,,,,,,,,,,,,,,,,,,,,,,,,,,,,,,,,,,,,,,,,,,,,,,,,,,,,,,,,,,,,,,,,,,,,,,,,,,,,,,,,,,,,,,,,,,,,,,,,,,,,,,,,,,,,,,,,,,,,,,,,,,,,,,,,,,,,,,,,,,,,,,,,,,,,,,,,,,,,,,,,,
,,,,,,AGB15516CS,Building Materials,Decking & Railing,Deck Boards,,AGB15516CS,1x6-16' Coastline Grooved - Vintage Azek PVC Decking,TIMBERTECH,,,Parksite (6151),Timbertech (Azek Building Products),TimberTech®,TimberTech®,AGB15516CS,,Building Materials>Decking & Railing>Deck Boards,"Timbertech (Azek Building Products), TimberTech®, Deck Boards, AGB15516CS",DECK BOARDS 1 IN 6 IN 16 FT,"TimberTech® AGB15516CS Deck Boards With 1 in, 6 in, 16 ft","TimberTech® Deck Boards, 1 in, 6 in, 16 ft",,,Thickness: 1 in,Width: 6 in,Length: 16 ft,,,,,,,,,,,,,,,,,,,,,,,Deck Boards,Thickness,1,in,Width,6,in,Length,16,ft,,,,,,,,,,,,,,,,,,,,,,,,,,,,,,,,,,,,,,,,,,,,,,,,,,,,,,,,,,,,,,,,,,,,,,,,,,,,,,,,,,,,,,,,,,,,,,,,,,,,,,,,,,,,,,,,,,,,,,,,,,,,,,,,,,,,,,,,,,,,,,,,,,,,,,,,,,,,,,,,,,,,,,,,,,,,,,,,,,,,,,,,,,,,
,,,,,,AGB15520CS,Building Materials,Decking & Railing,Deck Boards,,AGB15520CS,1x6-20' Coastline Grooved - Vintage Azek PVC Decking,TIMBERTECH,,,Parksite (6151),Timbertech (Azek Building Products),TimberTech®,TimberTech®,AGB15520CS,,Building Materials>Decking & Railing>Deck Boards,"Timbertech (Azek Building Products), TimberTech®, Deck Boards, AGB15520CS",DECK BOARDS 1 IN 6 IN 20 FT,"TimberTech® AGB15520CS Deck Boards With 1 in, 6 in, 20 ft","TimberTech® Deck Boards, 1 in, 6 in, 20 ft",,,Thickness: 1 in,Width: 6 in,Length: 20 ft,,,,,,,,,,,,,,,,,,,,,,,Deck Boards,Thickness,1,in,Width,6,in,Length,20,ft,,,,,,,,,,,,,,,,,,,,,,,,,,,,,,,,,,,,,,,,,,,,,,,,,,,,,,,,,,,,,,,,,,,,,,,,,,,,,,,,,,,,,,,,,,,,,,,,,,,,,,,,,,,,,,,,,,,,,,,,,,,,,,,,,,,,,,,,,,,,,,,,,,,,,,,,,,,,,,,,,,,,,,,,,,,,,,,,,,,,,,,,,,,,
,,,,,,AGB15512EW,Building Materials,Decking & Railing,Deck Boards,,AGB15512EW,1x6-12' English Walnut Grooved - Vintage Azek PVC Decking,TIMBERTECH,,,Parksite (6151),Timbertech (Azek Building Products),TimberTech®,TimberTech®,AGB15512EW,,Building Materials>Decking & Railing>Deck Boards,"Timbertech (Azek Building Products), TimberTech®, Deck Boards, AGB15512EW",DECK BOARDS 1 IN 6 IN 12 FT,"TimberTech® AGB15512EW Deck Boards With 1 in, 6 in, 12 ft","TimberTech® Deck Boards, 1 in, 6 in, 12 ft",,,Thickness: 1 in,Width: 6 in,Length: 12 ft,,,,,,,,,,,,,,,,,,,,,,,Deck Boards,Thickness,1,in,Width,6,in,Length,12,ft,,,,,,,,,,,,,,,,,,,,,,,,,,,,,,,,,,,,,,,,,,,,,,,,,,,,,,,,,,,,,,,,,,,,,,,,,,,,,,,,,,,,,,,,,,,,,,,,,,,,,,,,,,,,,,,,,,,,,,,,,,,,,,,,,,,,,,,,,,,,,,,,,,,,,,,,,,,,,,,,,,,,,,,,,,,,,,,,,,,,,,,,,,,,
,,,,,,AGB15516EW,Building Materials,Decking & Railing,Deck Boards,,AGB15516EW,1x6-16' English Walnut Grooved - Vintage Azek PVC Decking,TIMBERTECH,,,Parksite (6151),Timbertech (Azek Building Products),TimberTech®,TimberTech®,AGB15516EW,,Building Materials>Decking & Railing>Deck Boards,"Timbertech (Azek Building Products), TimberTech®, Deck Boards, AGB15516EW",DECK BOARDS 1 IN 6 IN 16 FT,"TimberTech® AGB15516EW Deck Boards With 1 in, 6 in, 16 ft","TimberTech® Deck Boards, 1 in, 6 in, 16 ft",,,Thickness: 1 in,Width: 6 in,Length: 16 ft,,,,,,,,,,,,,,,,,,,,,,,Deck Boards,Thickness,1,in,Width,6,in,Length,16,ft,,,,,,,,,,,,,,,,,,,,,,,,,,,,,,,,,,,,,,,,,,,,,,,,,,,,,,,,,,,,,,,,,,,,,,,,,,,,,,,,,,,,,,,,,,,,,,,,,,,,,,,,,,,,,,,,,,,,,,,,,,,,,,,,,,,,,,,,,,,,,,,,,,,,,,,,,,,,,,,,,,,,,,,,,,,,,,,,,,,,,,,,,,,,
,,,,,,AGB15520EW,Building Materials,Decking & Railing,Deck Boards,,AGB15520EW,1x6-20' English Walnut Grooved - Vintage Azek PVC Decking,TIMBERTECH,,,Parksite (6151),Timbertech (Azek Building Products),TimberTech®,TimberTech®,AGB15520EW,,Building Materials>Decking & Railing>Deck Boards,"Timbertech (Azek Building Products), TimberTech®, Deck Boards, AGB15520EW",DECK BOARDS 1 IN 6 IN 20 FT,"TimberTech® AGB15520EW Deck Boards With 1 in, 6 in, 20 ft","TimberTech® Deck Boards, 1 in, 6 in, 20 ft",,,Thickness: 1 in,Width: 6 in,Length: 20 ft,,,,,,,,,,,,,,,,,,,,,,,Deck Boards,Thickness,1,in,Width,6,in,Length,20,ft,,,,,,,,,,,,,,,,,,,,,,,,,,,,,,,,,,,,,,,,,,,,,,,,,,,,,,,,,,,,,,,,,,,,,,,,,,,,,,,,,,,,,,,,,,,,,,,,,,,,,,,,,,,,,,,,,,,,,,,,,,,,,,,,,,,,,,,,,,,,,,,,,,,,,,,,,,,,,,,,,,,,,,,,,,,,,,,,,,,,,,,,,,,,
,,,,,,AGB15512MH,Building Materials,Decking & Railing,Deck Boards,,AGB15512MH,1x6-12' Mahogany Grooved - Vintage Azek PVC Decking,TIMBERTECH,,,Parksite (6151),Timbertech (Azek Building Products),TimberTech®,TimberTech®,AGB15512MH,,Building Materials>Decking & Railing>Deck Boards,"Timbertech (Azek Building Products), TimberTech®, Deck Boards, AGB15512MH",DECK BOARDS 1 IN 6 IN 12 FT,"TimberTech® AGB15512MH Deck Boards With 1 in, 6 in, 12 ft","TimberTech® Deck Boards, 1 in, 6 in, 12 ft",,,Thickness: 1 in,Width: 6 in,Length: 12 ft,,,,,,,,,,,,,,,,,,,,,,,Deck Boards,Thickness,1,in,Width,6,in,Length,12,ft,,,,,,,,,,,,,,,,,,,,,,,,,,,,,,,,,,,,,,,,,,,,,,,,,,,,,,,,,,,,,,,,,,,,,,,,,,,,,,,,,,,,,,,,,,,,,,,,,,,,,,,,,,,,,,,,,,,,,,,,,,,,,,,,,,,,,,,,,,,,,,,,,,,,,,,,,,,,,,,,,,,,,,,,,,,,,,,,,,,,,,,,,,,,
,,,,,,AGB15516MH,Building Materials,Decking & Railing,Deck Boards,,AGB15516MH,1x6-16' Mahogany Grooved - Vintage Azek PVC Decking,TIMBERTECH,,,Parksite (6151),Timbertech (Azek Building Products),TimberTech®,TimberTech®,AGB15516MH,,Building Materials>Decking & Railing>Deck Boards,"Timbertech (Azek Building Products), TimberTech®, Deck Boards, AGB15516MH",DECK BOARDS 1 IN 6 IN 16 FT,"TimberTech® AGB15516MH Deck Boards With 1 in, 6 in, 16 ft","TimberTech® Deck Boards, 1 in, 6 in, 16 ft",,,Thickness: 1 in,Width: 6 in,Length: 16 ft,,,,,,,,,,,,,,,,,,,,,,,Deck Boards,Thickness,1,in,Width,6,in,Length,16,ft,,,,,,,,,,,,,,,,,,,,,,,,,,,,,,,,,,,,,,,,,,,,,,,,,,,,,,,,,,,,,,,,,,,,,,,,,,,,,,,,,,,,,,,,,,,,,,,,,,,,,,,,,,,,,,,,,,,,,,,,,,,,,,,,,,,,,,,,,,,,,,,,,,,,,,,,,,,,,,,,,,,,,,,,,,,,,,,,,,,,,,,,,,,,
,,,,,,AGB15520MH,Building Materials,Decking & Railing,Deck Boards,,AGB15520MH,1x6-20' Mahogany Grooved - Vintage Azek PVC Decking,TIMBERTECH,,,Parksite (6151),Timbertech (Azek Building Products),TimberTech®,TimberTech®,AGB15520MH,,Building Materials>Decking & Railing>Deck Boards,"Timbertech (Azek Building Products), TimberTech®, Deck Boards, AGB15520MH",DECK BOARDS 1 IN 6 IN 20 FT,"TimberTech® AGB15520MH Deck Boards With 1 in, 6 in, 20 ft","TimberTech® Deck Boards, 1 in, 6 in, 20 ft",,,Thickness: 1 in,Width: 6 in,Length: 20 ft,,,,,,,,,,,,,,,,,,,,,,,Deck Boards,Thickness,1,in,Width,6,in,Length,20,ft,,,,,,,,,,,,,,,,,,,,,,,,,,,,,,,,,,,,,,,,,,,,,,,,,,,,,,,,,,,,,,,,,,,,,,,,,,,,,,,,,,,,,,,,,,,,,,,,,,,,,,,,,,,,,,,,,,,,,,,,,,,,,,,,,,,,,,,,,,,,,,,,,,,,,,,,,,,,,,,,,,,,,,,,,,,,,,,,,,,,,,,,,,,,
,,,,,,AGB15512WT,Building Materials,Decking & Railing,Deck Boards,,AGB15512WT,1x6-12' Weathered Teak Grooved - Vintage Azek PVC Decking,TIMBERTECH,,,Parksite (6151),Timbertech (Azek Building Products),TimberTech®,TimberTech®,AGB15512WT,,Building Materials>Decking & Railing>Deck Boards,"Timbertech (Azek Building Products), TimberTech®, Deck Boards, AGB15512WT",DECK BOARDS 1 IN 6 IN 12 FT,"TimberTech® AGB15512WT Deck Boards With 1 in, 6 in, 12 ft","TimberTech® Deck Boards, 1 in, 6 in, 12 ft",,,Thickness: 1 in,Width: 6 in,Length: 12 ft,,,,,,,,,,,,,,,,,,,,,,,Deck Boards,Thickness,1,in,Width,6,in,Length,12,ft,,,,,,,,,,,,,,,,,,,,,,,,,,,,,,,,,,,,,,,,,,,,,,,,,,,,,,,,,,,,,,,,,,,,,,,,,,,,,,,,,,,,,,,,,,,,,,,,,,,,,,,,,,,,,,,,,,,,,,,,,,,,,,,,,,,,,,,,,,,,,,,,,,,,,,,,,,,,,,,,,,,,,,,,,,,,,,,,,,,,,,,,,,,,
,,,,,,AGB15516WT,Building Materials,Decking & Railing,Deck Boards,,AGB15516WT,1x6-16' Weathered Teak Grooved - Vintage Azek PVC Decking,TIMBERTECH,,,Parksite (6151),Timbertech (Azek Building Products),TimberTech®,TimberTech®,AGB15516WT,,Building Materials>Decking & Railing>Deck Boards,"Timbertech (Azek Building Products), TimberTech®, Deck Boards, AGB15516WT",DECK BOARDS 1 IN 6 IN 16 FT,"TimberTech® AGB15516WT Deck Boards With 1 in, 6 in, 16 ft","TimberTech® Deck Boards, 1 in, 6 in, 16 ft",,,Thickness: 1 in,Width: 6 in,Length: 16 ft,,,,,,,,,,,,,,,,,,,,,,,Deck Boards,Thickness,1,in,Width,6,in,Length,16,ft,,,,,,,,,,,,,,,,,,,,,,,,,,,,,,,,,,,,,,,,,,,,,,,,,,,,,,,,,,,,,,,,,,,,,,,,,,,,,,,,,,,,,,,,,,,,,,,,,,,,,,,,,,,,,,,,,,,,,,,,,,,,,,,,,,,,,,,,,,,,,,,,,,,,,,,,,,,,,,,,,,,,,,,,,,,,,,,,,,,,,,,,,,,,
,,,,,,AGB15520WT,Building Materials,Decking & Railing,Deck Boards,,AGB15520WT,1x6-20' Weathered Teak Grooved - Vintage Azek PVC Decking,TIMBERTECH,,,Parksite (6151),Timbertech (Azek Building Products),TimberTech®,TimberTech®,AGB15520WT,,Building Materials>Decking & Railing>Deck Boards,"Timbertech (Azek Building Products), TimberTech®, Deck Boards, AGB15520WT",DECK BOARDS 1 IN 6 IN 20 FT,"TimberTech® AGB15520WT Deck Boards With 1 in, 6 in, 20 ft","TimberTech® Deck Boards, 1 in, 6 in, 20 ft",,,Thickness: 1 in,Width: 6 in,Length: 20 ft,,,,,,,,,,,,,,,,,,,,,,,Deck Boards,Thickness,1,in,Width,6,in,Length,20,ft,,,,,,,,,,,,,,,,,,,,,,,,,,,,,,,,,,,,,,,,,,,,,,,,,,,,,,,,,,,,,,,,,,,,,,,,,,,,,,,,,,,,,,,,,,,,,,,,,,,,,,,,,,,,,,,,,,,,,,,,,,,,,,,,,,,,,,,,,,,,,,,,,,,,,,,,,,,,,,,,,,,,,,,,,,,,,,,,,,,,,,,,,,,,
,,,,,,ADB15516AW,Building Materials,Decking & Railing,Deck Boards,,ADB15516AW,1x6-16' American Walnut Sq Edg - Landmark Azek PVC Decking,TIMBERTECH,,,Parksite (6151),Timbertech (Azek Building Products),TimberTech®,TimberTech®,ADB15516AW,,Building Materials>Decking & Railing>Deck Boards,"Timbertech (Azek Building Products), TimberTech®, Deck Boards, ADB15516AW",DECK BOARDS 1 IN 6 IN 16 FT,"TimberTech® ADB15516AW Deck Boards With 1 in, 6 in, 16 ft","TimberTech® Deck Boards, 1 in, 6 in, 16 ft",,,Thickness: 1 in,Width: 6 in,Length: 16 ft,,,,,,,,,,,,,,,,,,,,,,,Deck Boards,Thickness,1,in,Width,6,in,Length,16,ft,,,,,,,,,,,,,,,,,,,,,,,,,,,,,,,,,,,,,,,,,,,,,,,,,,,,,,,,,,,,,,,,,,,,,,,,,,,,,,,,,,,,,,,,,,,,,,,,,,,,,,,,,,,,,,,,,,,,,,,,,,,,,,,,,,,,,,,,,,,,,,,,,,,,,,,,,,,,,,,,,,,,,,,,,,,,,,,,,,,,,,,,,,,,
,,,,,,ADB15520AW,Building Materials,Decking & Railing,Deck Boards,,ADB15520AW,1x6-20' American Walnut Sq Edg - Landmark Azek PVC Decking,TIMBERTECH,,,Parksite (6151),Timbertech (Azek Building Products),TimberTech®,TimberTech®,ADB15520AW,,Building Materials>Decking & Railing>Deck Boards,"Timbertech (Azek Building Products), TimberTech®, Deck Boards, ADB15520AW",DECK BOARDS 1 IN 6 IN 20 FT,"TimberTech® ADB15520AW Deck Boards With 1 in, 6 in, 20 ft","TimberTech® Deck Boards, 1 in, 6 in, 20 ft",,,Thickness: 1 in,Width: 6 in,Length: 20 ft,,,,,,,,,,,,,,,,,,,,,,,Deck Boards,Thickness,1,in,Width,6,in,Length,20,ft,,,,,,,,,,,,,,,,,,,,,,,,,,,,,,,,,,,,,,,,,,,,,,,,,,,,,,,,,,,,,,,,,,,,,,,,,,,,,,,,,,,,,,,,,,,,,,,,,,,,,,,,,,,,,,,,,,,,,,,,,,,,,,,,,,,,,,,,,,,,,,,,,,,,,,,,,,,,,,,,,,,,,,,,,,,,,,,,,,,,,,,,,,,,
,,,,,,ADB15516CG,Building Materials,Decking & Railing,Deck Boards,,ADB15516CG,1x6-16' Castle Gate Sq Edge - Landmark Azek PVC Decking,TIMBERTECH,,,Parksite (6151),Timbertech (Azek Building Products),TimberTech®,TimberTech®,ADB15516CG,,Building Materials>Decking & Railing>Deck Boards,"Timbertech (Azek Building Products), TimberTech®, Deck Boards, ADB15516CG",DECK BOARDS 1 IN 6 IN 16 FT,"TimberTech® ADB15516CG Deck Boards With 1 in, 6 in, 16 ft","TimberTech® Deck Boards, 1 in, 6 in, 16 ft",,,Thickness: 1 in,Width: 6 in,Length: 16 ft,,,,,,,,,,,,,,,,,,,,,,,Deck Boards,Thickness,1,in,Width,6,in,Length,16,ft,,,,,,,,,,,,,,,,,,,,,,,,,,,,,,,,,,,,,,,,,,,,,,,,,,,,,,,,,,,,,,,,,,,,,,,,,,,,,,,,,,,,,,,,,,,,,,,,,,,,,,,,,,,,,,,,,,,,,,,,,,,,,,,,,,,,,,,,,,,,,,,,,,,,,,,,,,,,,,,,,,,,,,,,,,,,,,,,,,,,,,,,,,,,
,,,,,,ADB15520CG,Building Materials,Decking & Railing,Deck Boards,,ADB15520CG,1x6-20' Castle Gate Sq Edge - Landmark Azek PVC Decking,TIMBERTECH,,,Parksite (6151),Timbertech (Azek Building Products),TimberTech®,TimberTech®,ADB15520CG,,Building Materials>Decking & Railing>Deck Boards,"Timbertech (Azek Building Products), TimberTech®, Deck Boards, ADB15520CG",DECK BOARDS 1 IN 6 IN 20 FT,"TimberTech® ADB15520CG Deck Boards With 1 in, 6 in, 20 ft","TimberTech® Deck Boards, 1 in, 6 in, 20 ft",,,Thickness: 1 in,Width: 6 in,Length: 20 ft,,,,,,,,,,,,,,,,,,,,,,,Deck Boards,Thickness,1,in,Width,6,in,Length,20,ft,,,,,,,,,,,,,,,,,,,,,,,,,,,,,,,,,,,,,,,,,,,,,,,,,,,,,,,,,,,,,,,,,,,,,,,,,,,,,,,,,,,,,,,,,,,,,,,,,,,,,,,,,,,,,,,,,,,,,,,,,,,,,,,,,,,,,,,,,,,,,,,,,,,,,,,,,,,,,,,,,,,,,,,,,,,,,,,,,,,,,,,,,,,,
,,,,,,ADB15516FW,Building Materials,Decking & Railing,Deck Boards,,ADB15516FW,1x6-16' French White Oak Sq Ed - Landmark Azek PVC Decking,TIMBERTECH,,,Parksite (6151),Timbertech (Azek Building Products),TimberTech®,TimberTech®,ADB15516FW,,Building Materials>Decking & Railing>Deck Boards,"Timbertech (Azek Building Products), TimberTech®, Deck Boards, ADB15516FW",DECK BOARDS 1 IN 6 IN 16 FT,"TimberTech® ADB15516FW Deck Boards With 1 in, 6 in, 16 ft","TimberTech® Deck Boards, 1 in, 6 in, 16 ft",,,Thickness: 1 in,Width: 6 in,Length: 16 ft,,,,,,,,,,,,,,,,,,,,,,,Deck Boards,Thickness,1,in,Width,6,in,Length,16,ft,,,,,,,,,,,,,,,,,,,,,,,,,,,,,,,,,,,,,,,,,,,,,,,,,,,,,,,,,,,,,,,,,,,,,,,,,,,,,,,,,,,,,,,,,,,,,,,,,,,,,,,,,,,,,,,,,,,,,,,,,,,,,,,,,,,,,,,,,,,,,,,,,,,,,,,,,,,,,,,,,,,,,,,,,,,,,,,,,,,,,,,,,,,,
,,,,,,ADB15520FW,Building Materials,Decking & Railing,Deck Boards,,ADB15520FW,1x6-20' French White Oak Sq Ed - Landmark Azek PVC Decking,TIMBERTECH,,,Parksite (6151),Timbertech (Azek Building Products),TimberTech®,TimberTech®,ADB15520FW,,Building Materials>Decking & Railing>Deck Boards,"Timbertech (Azek Building Products), TimberTech®, Deck Boards, ADB15520FW",DECK BOARDS 1 IN 6 IN 20 FT,"TimberTech® ADB15520FW Deck Boards With 1 in, 6 in, 20 ft","TimberTech® Deck Boards, 1 in, 6 in, 20 ft",,,Thickness: 1 in,Width: 6 in,Length: 20 ft,,,,,,,,,,,,,,,,,,,,,,,Deck Boards,Thickness,1,in,Width,6,in,Length,20,ft,,,,,,,,,,,,,,,,,,,,,,,,,,,,,,,,,,,,,,,,,,,,,,,,,,,,,,,,,,,,,,,,,,,,,,,,,,,,,,,,,,,,,,,,,,,,,,,,,,,,,,,,,,,,,,,,,,,,,,,,,,,,,,,,,,,,,,,,,,,,,,,,,,,,,,,,,,,,,,,,,,,,,,,,,,,,,,,,,,,,,,,,,,,,
,,,,,,AGB15512AW,Building Materials,Decking & Railing,Deck Boards,,AGB15512AW,1x6-12' American Walnut Groove - Landmark Azek PVC Decking,TIMBERTECH,,,Parksite (6151),Timbertech (Azek Building Products),TimberTech®,TimberTech®,AGB15512AW,,Building Materials>Decking & Railing>Deck Boards,"Timbertech (Azek Building Products), TimberTech®, Deck Boards, AGB15512AW",DECK BOARDS 1 IN 6 IN 12 FT,"TimberTech® AGB15512AW Deck Boards With 1 in, 6 in, 12 ft","TimberTech® Deck Boards, 1 in, 6 in, 12 ft",,,Thickness: 1 in,Width: 6 in,Length: 12 ft,,,,,,,,,,,,,,,,,,,,,,,Deck Boards,Thickness,1,in,Width,6,in,Length,12,ft,,,,,,,,,,,,,,,,,,,,,,,,,,,,,,,,,,,,,,,,,,,,,,,,,,,,,,,,,,,,,,,,,,,,,,,,,,,,,,,,,,,,,,,,,,,,,,,,,,,,,,,,,,,,,,,,,,,,,,,,,,,,,,,,,,,,,,,,,,,,,,,,,,,,,,,,,,,,,,,,,,,,,,,,,,,,,,,,,,,,,,,,,,,,
,,,,,,AGB15516AW,Building Materials,Decking & Railing,Deck Boards,,AGB15516AW,1x6-16' American Walnut Groove - Landmark Azek PVC Decking,TIMBERTECH,,,Parksite (6151),Timbertech (Azek Building Products),TimberTech®,TimberTech®,AGB15516AW,,Building Materials>Decking & Railing>Deck Boards,"Timbertech (Azek Building Products), TimberTech®, Deck Boards, AGB15516AW",DECK BOARDS 1 IN 6 IN 16 FT,"TimberTech® AGB15516AW Deck Boards With 1 in, 6 in, 16 ft","TimberTech® Deck Boards, 1 in, 6 in, 16 ft",,,Thickness: 1 in,Width: 6 in,Length: 16 ft,,,,,,,,,,,,,,,,,,,,,,,Deck Boards,Thickness,1,in,Width,6,in,Length,16,ft,,,,,,,,,,,,,,,,,,,,,,,,,,,,,,,,,,,,,,,,,,,,,,,,,,,,,,,,,,,,,,,,,,,,,,,,,,,,,,,,,,,,,,,,,,,,,,,,,,,,,,,,,,,,,,,,,,,,,,,,,,,,,,,,,,,,,,,,,,,,,,,,,,,,,,,,,,,,,,,,,,,,,,,,,,,,,,,,,,,,,,,,,,,,
,,,,,,AGB15520AW,Building Materials,Decking & Railing,Deck Boards,,AGB15520AW,1x6-20' American Walnut Groove - Landmark Azek PVC Decking,TIMBERTECH,,,Parksite (6151),Timbertech (Azek Building Products),TimberTech®,TimberTech®,AGB15520AW,,Building Materials>Decking & Railing>Deck Boards,"Timbertech (Azek Building Products), TimberTech®, Deck Boards, AGB15520AW",DECK BOARDS 1 IN 6 IN 20 FT,"TimberTech® AGB15520AW Deck Boards With 1 in, 6 in, 20 ft","TimberTech® Deck Boards, 1 in, 6 in, 20 ft",,,Thickness: 1 in,Width: 6 in,Length: 20 ft,,,,,,,,,,,,,,,,,,,,,,,Deck Boards,Thickness,1,in,Width,6,in,Length,20,ft,,,,,,,,,,,,,,,,,,,,,,,,,,,,,,,,,,,,,,,,,,,,,,,,,,,,,,,,,,,,,,,,,,,,,,,,,,,,,,,,,,,,,,,,,,,,,,,,,,,,,,,,,,,,,,,,,,,,,,,,,,,,,,,,,,,,,,,,,,,,,,,,,,,,,,,,,,,,,,,,,,,,,,,,,,,,,,,,,,,,,,,,,,,,
,,,,,,AGB15512CG,Building Materials,Decking & Railing,Deck Boards,,AGB15512CG,1x6-12' Castle Gate Grooved - Landmark Azek PVC Decking,TIMBERTECH,,,Parksite (6151),Timbertech (Azek Building Products),TimberTech®,TimberTech®,AGB15512CG,,Building Materials>Decking & Railing>Deck Boards,"Timbertech (Azek Building Products), TimberTech®, Deck Boards, AGB15512CG",DECK BOARDS 1 IN 6 IN 12 FT,"TimberTech® AGB15512CG Deck Boards With 1 in, 6 in, 12 ft","TimberTech® Deck Boards, 1 in, 6 in, 12 ft",,,Thickness: 1 in,Width: 6 in,Length: 12 ft,,,,,,,,,,,,,,,,,,,,,,,Deck Boards,Thickness,1,in,Width,6,in,Length,12,ft,,,,,,,,,,,,,,,,,,,,,,,,,,,,,,,,,,,,,,,,,,,,,,,,,,,,,,,,,,,,,,,,,,,,,,,,,,,,,,,,,,,,,,,,,,,,,,,,,,,,,,,,,,,,,,,,,,,,,,,,,,,,,,,,,,,,,,,,,,,,,,,,,,,,,,,,,,,,,,,,,,,,,,,,,,,,,,,,,,,,,,,,,,,,
,,,,,,AGB15516CG,Building Materials,Decking & Railing,Deck Boards,,AGB15516CG,1x6-16' Castle Gate Grooved - Landmark Azek PVC Decking,TIMBERTECH,,,Parksite (6151),Timbertech (Azek Building Products),TimberTech®,TimberTech®,AGB15516CG,,Building Materials>Decking & Railing>Deck Boards,"Timbertech (Azek Building Products), TimberTech®, Deck Boards, AGB15516CG",DECK BOARDS 1 IN 6 IN 16 FT,"TimberTech® AGB15516CG Deck Boards With 1 in, 6 in, 16 ft","TimberTech® Deck Boards, 1 in, 6 in, 16 ft",,,Thickness: 1 in,Width: 6 in,Length: 16 ft,,,,,,,,,,,,,,,,,,,,,,,Deck Boards,Thickness,1,in,Width,6,in,Length,16,ft,,,,,,,,,,,,,,,,,,,,,,,,,,,,,,,,,,,,,,,,,,,,,,,,,,,,,,,,,,,,,,,,,,,,,,,,,,,,,,,,,,,,,,,,,,,,,,,,,,,,,,,,,,,,,,,,,,,,,,,,,,,,,,,,,,,,,,,,,,,,,,,,,,,,,,,,,,,,,,,,,,,,,,,,,,,,,,,,,,,,,,,,,,,,
,,,,,,AGB15520CG,Building Materials,Decking & Railing,Deck Boards,,AGB15520CG,1x6-20' Castle Gate Grooved - Landmark Azek PVC Decking,TIMBERTECH,,,Parksite (6151),Timbertech (Azek Building Products),TimberTech®,TimberTech®,AGB15520CG,,Building Materials>Decking & Railing>Deck Boards,"Timbertech (Azek Building Products), TimberTech®, Deck Boards, AGB15520CG",DECK BOARDS 1 IN 6 IN 20 FT,"TimberTech® AGB15520CG Deck Boards With 1 in, 6 in, 20 ft","TimberTech® Deck Boards, 1 in, 6 in, 20 ft",,,Thickness: 1 in,Width: 6 in,Length: 20 ft,,,,,,,,,,,,,,,,,,,,,,,Deck Boards,Thickness,1,in,Width,6,in,Length,20,ft,,,,,,,,,,,,,,,,,,,,,,,,,,,,,,,,,,,,,,,,,,,,,,,,,,,,,,,,,,,,,,,,,,,,,,,,,,,,,,,,,,,,,,,,,,,,,,,,,,,,,,,,,,,,,,,,,,,,,,,,,,,,,,,,,,,,,,,,,,,,,,,,,,,,,,,,,,,,,,,,,,,,,,,,,,,,,,,,,,,,,,,,,,,,
,,,,,,AGB15512FW,Building Materials,Decking & Railing,Deck Boards,,AGB15512FW,1x6-12' French White Oak Groov - Landmark Azek PVC Decking,TIMBERTECH,,,Parksite (6151),Timbertech (Azek Building Products),TimberTech®,TimberTech®,AGB15512FW,,Building Materials>Decking & Railing>Deck Boards,"Timbertech (Azek Building Products), TimberTech®, Deck Boards, AGB15512FW",DECK BOARDS 1 IN 6 IN 12 FT,"TimberTech® AGB15512FW Deck Boards With 1 in, 6 in, 12 ft","TimberTech® Deck Boards, 1 in, 6 in, 12 ft",,,Thickness: 1 in,Width: 6 in,Length: 12 ft,,,,,,,,,,,,,,,,,,,,,,,Deck Boards,Thickness,1,in,Width,6,in,Length,12,ft,,,,,,,,,,,,,,,,,,,,,,,,,,,,,,,,,,,,,,,,,,,,,,,,,,,,,,,,,,,,,,,,,,,,,,,,,,,,,,,,,,,,,,,,,,,,,,,,,,,,,,,,,,,,,,,,,,,,,,,,,,,,,,,,,,,,,,,,,,,,,,,,,,,,,,,,,,,,,,,,,,,,,,,,,,,,,,,,,,,,,,,,,,,,
,,,,,,AGB15516FW,Building Materials,Decking & Railing,Deck Boards,,AGB15516FW,1x6-16' French White Oak Groov - Landmark Azek PVC Decking,TIMBERTECH,,,Parksite (6151),Timbertech (Azek Building Products),TimberTech®,TimberTech®,AGB15516FW,,Building Materials>Decking & Railing>Deck Boards,"Timbertech (Azek Building Products), TimberTech®, Deck Boards, AGB15516FW",DECK BOARDS 1 IN 6 IN 16 FT,"TimberTech® AGB15516FW Deck Boards With 1 in, 6 in, 16 ft","TimberTech® Deck Boards, 1 in, 6 in, 16 ft",,,Thickness: 1 in,Width: 6 in,Length: 16 ft,,,,,,,,,,,,,,,,,,,,,,,Deck Boards,Thickness,1,in,Width,6,in,Length,16,ft,,,,,,,,,,,,,,,,,,,,,,,,,,,,,,,,,,,,,,,,,,,,,,,,,,,,,,,,,,,,,,,,,,,,,,,,,,,,,,,,,,,,,,,,,,,,,,,,,,,,,,,,,,,,,,,,,,,,,,,,,,,,,,,,,,,,,,,,,,,,,,,,,,,,,,,,,,,,,,,,,,,,,,,,,,,,,,,,,,,,,,,,,,,,
,,,,,,AGB15520FW,Building Materials,Decking & Railing,Deck Boards,,AGB15520FW,1x6-20' French White Oak Groov - Landmark Azek PVC Decking,TIMBERTECH,,,Parksite (6151),Timbertech (Azek Building Products),TimberTech®,TimberTech®,AGB15520FW,,Building Materials>Decking & Railing>Deck Boards,"Timbertech (Azek Building Products), TimberTech®, Deck Boards, AGB15520FW",DECK BOARDS 1 IN 6 IN 20 FT,"TimberTech® AGB15520FW Deck Boards With 1 in, 6 in, 20 ft","TimberTech® Deck Boards, 1 in, 6 in, 20 ft",,,Thickness: 1 in,Width: 6 in,Length: 20 ft,,,,,,,,,,,,,,,,,,,,,,,Deck Boards,Thickness,1,in,Width,6,in,Length,20,ft,,,,,,,,,,,,,,,,,,,,,,,,,,,,,,,,,,,,,,,,,,,,,,,,,,,,,,,,,,,,,,,,,,,,,,,,,,,,,,,,,,,,,,,,,,,,,,,,,,,,,,,,,,,,,,,,,,,,,,,,,,,,,,,,,,,,,,,,,,,,,,,,,,,,,,,,,,,,,,,,,,,,,,,,,,,,,,,,,,,,,,,,,,,,
,,,,,,ADCB15516BS,Building Materials,Decking & Railing,Deck Boards,,ADCB15516BS,1x6-16' Brownstone Sq Edge - Harvest Azek PVC Decking,TIMBERTECH,,,Parksite (6151),Timbertech (Azek Building Products),TimberTech®,TimberTech®,ADCB15516BS,,Building Materials>Decking & Railing>Deck Boards,"Timbertech (Azek Building Products), TimberTech®, Deck Boards, ADCB15516BS",DECK BOARDS 1 IN 6 IN 16 FT,"TimberTech® ADCB15516BS Deck Boards With 1 in, 6 in, 16 ft","TimberTech® Deck Boards, 1 in, 6 in, 16 ft",,,Thickness: 1 in,Width: 6 in,Length: 16 ft,,,,,,,,,,,,,,,,,,,,,,,Deck Boards,Thickness,1,in,Width,6,in,Length,16,ft,,,,,,,,,,,,,,,,,,,,,,,,,,,,,,,,,,,,,,,,,,,,,,,,,,,,,,,,,,,,,,,,,,,,,,,,,,,,,,,,,,,,,,,,,,,,,,,,,,,,,,,,,,,,,,,,,,,,,,,,,,,,,,,,,,,,,,,,,,,,,,,,,,,,,,,,,,,,,,,,,,,,,,,,,,,,,,,,,,,,,,,,,,,,
,,,,,,ADCB15520BS,Building Materials,Decking & Railing,Deck Boards,,ADCB15520BS,1x6-20' Brownstone Sq Edge - Harvest Azek PVC Decking,TIMBERTECH,,,Parksite (6151),Timbertech (Azek Building Products),TimberTech®,TimberTech®,ADCB15520BS,,Building Materials>Decking & Railing>Deck Boards,"Timbertech (Azek Building Products), TimberTech®, Deck Boards, ADCB15520BS",DECK BOARDS 1 IN 6 IN 20 FT,"TimberTech® ADCB15520BS Deck Boards With 1 in, 6 in, 20 ft","TimberTech® Deck Boards, 1 in, 6 in, 20 ft",,,Thickness: 1 in,Width: 6 in,Length: 20 ft,,,,,,,,,,,,,,,,,,,,,,,Deck Boards,Thickness,1,in,Width,6,in,Length,20,ft,,,,,,,,,,,,,,,,,,,,,,,,,,,,,,,,,,,,,,,,,,,,,,,,,,,,,,,,,,,,,,,,,,,,,,,,,,,,,,,,,,,,,,,,,,,,,,,,,,,,,,,,,,,,,,,,,,,,,,,,,,,,,,,,,,,,,,,,,,,,,,,,,,,,,,,,,,,,,,,,,,,,,,,,,,,,,,,,,,,,,,,,,,,,
,,,,,,ADCB15516SG,Building Materials,Decking & Railing,Deck Boards,,ADCB15516SG,1x6-16' Slate Gray Sq Edge - Harvest Azek PVC Decking,TIMBERTECH,,,Parksite (6151),Timbertech (Azek Building Products),TimberTech®,TimberTech®,ADCB15516SG,,Building Materials>Decking & Railing>Deck Boards,"Timbertech (Azek Building Products), TimberTech®, Deck Boards, ADCB15516SG",DECK BOARDS 1 IN 6 IN 16 FT,"TimberTech® ADCB15516SG Deck Boards With 1 in, 6 in, 16 ft","TimberTech® Deck Boards, 1 in, 6 in, 16 ft",,,Thickness: 1 in,Width: 6 in,Length: 16 ft,,,,,,,,,,,,,,,,,,,,,,,Deck Boards,Thickness,1,in,Width,6,in,Length,16,ft,,,,,,,,,,,,,,,,,,,,,,,,,,,,,,,,,,,,,,,,,,,,,,,,,,,,,,,,,,,,,,,,,,,,,,,,,,,,,,,,,,,,,,,,,,,,,,,,,,,,,,,,,,,,,,,,,,,,,,,,,,,,,,,,,,,,,,,,,,,,,,,,,,,,,,,,,,,,,,,,,,,,,,,,,,,,,,,,,,,,,,,,,,,,
,,,,,,ADCB15520SG,Building Materials,Decking & Railing,Deck Boards,,ADCB15520SG,1x6-20' Slate Gray Sq Edge - Harvest Azek PVC Decking,TIMBERTECH,,,Parksite (6151),Timbertech (Azek Building Products),TimberTech®,TimberTech®,ADCB15520SG,,Building Materials>Decking & Railing>Deck Boards,"Timbertech (Azek Building Products), TimberTech®, Deck Boards, ADCB15520SG",DECK BOARDS 1 IN 6 IN 20 FT,"TimberTech® ADCB15520SG Deck Boards With 1 in, 6 in, 20 ft","TimberTech® Deck Boards, 1 in, 6 in, 20 ft",,,Thickness: 1 in,Width: 6 in,Length: 20 ft,,,,,,,,,,,,,,,,,,,,,,,Deck Boards,Thickness,1,in,Width,6,in,Length,20,ft,,,,,,,,,,,,,,,,,,,,,,,,,,,,,,,,,,,,,,,,,,,,,,,,,,,,,,,,,,,,,,,,,,,,,,,,,,,,,,,,,,,,,,,,,,,,,,,,,,,,,,,,,,,,,,,,,,,,,,,,,,,,,,,,,,,,,,,,,,,,,,,,,,,,,,,,,,,,,,,,,,,,,,,,,,,,,,,,,,,,,,,,,,,,
,,,,,,AGB15512BS,Building Materials,Decking & Railing,Deck Boards,,AGB15512BS,1x6-12' Brownstone Grooved - Harvest Azek PVC Decking,TIMBERTECH,,,Parksite (6151),Timbertech (Azek Building Products),TimberTech®,TimberTech®,AGB15512BS,,Building Materials>Decking & Railing>Deck Boards,"Timbertech (Azek Building Products), TimberTech®, Deck Boards, AGB15512BS",DECK BOARDS 1 IN 6 IN 12 FT,"TimberTech® AGB15512BS Deck Boards With 1 in, 6 in, 12 ft","TimberTech® Deck Boards, 1 in, 6 in, 12 ft",,,Thickness: 1 in,Width: 6 in,Length: 12 ft,,,,,,,,,,,,,,,,,,,,,,,Deck Boards,Thickness,1,in,Width,6,in,Length,12,ft,,,,,,,,,,,,,,,,,,,,,,,,,,,,,,,,,,,,,,,,,,,,,,,,,,,,,,,,,,,,,,,,,,,,,,,,,,,,,,,,,,,,,,,,,,,,,,,,,,,,,,,,,,,,,,,,,,,,,,,,,,,,,,,,,,,,,,,,,,,,,,,,,,,,,,,,,,,,,,,,,,,,,,,,,,,,,,,,,,,,,,,,,,,,
,,,,,,AGB15516BS,Building Materials,Decking & Railing,Deck Boards,,AGB15516BS,1x6-16' Brownstone Grooved - Harvest Azek PVC Decking,TIMBERTECH,,,Parksite (6151),Timbertech (Azek Building Products),TimberTech®,TimberTech®,AGB15516BS,,Building Materials>Decking & Railing>Deck Boards,"Timbertech (Azek Building Products), TimberTech®, Deck Boards, AGB15516BS",DECK BOARDS 1 IN 6 IN 16 FT,"TimberTech® AGB15516BS Deck Boards With 1 in, 6 in, 16 ft","TimberTech® Deck Boards, 1 in, 6 in, 16 ft",,,Thickness: 1 in,Width: 6 in,Length: 16 ft,,,,,,,,,,,,,,,,,,,,,,,Deck Boards,Thickness,1,in,Width,6,in,Length,16,ft,,,,,,,,,,,,,,,,,,,,,,,,,,,,,,,,,,,,,,,,,,,,,,,,,,,,,,,,,,,,,,,,,,,,,,,,,,,,,,,,,,,,,,,,,,,,,,,,,,,,,,,,,,,,,,,,,,,,,,,,,,,,,,,,,,,,,,,,,,,,,,,,,,,,,,,,,,,,,,,,,,,,,,,,,,,,,,,,,,,,,,,,,,,,
,,,,,,AGB15520BS,Building Materials,Decking & Railing,Deck Boards,,AGB15520BS,1x6-20' Brownstone Grooved - Harvest Azek PVC Decking,TIMBERTECH,,,Parksite (6151),Timbertech (Azek Building Products),TimberTech®,TimberTech®,AGB15520BS,,Building Materials>Decking & Railing>Deck Boards,"Timbertech (Azek Building Products), TimberTech®, Deck Boards, AGB15520BS",DECK BOARDS 1 IN 6 IN 20 FT,"TimberTech® AGB15520BS Deck Boards With 1 in, 6 in, 20 ft","TimberTech® Deck Boards, 1 in, 6 in, 20 ft",,,Thickness: 1 in,Width: 6 in,Length: 20 ft,,,,,,,,,,,,,,,,,,,,,,,Deck Boards,Thickness,1,in,Width,6,in,Length,20,ft,,,,,,,,,,,,,,,,,,,,,,,,,,,,,,,,,,,,,,,,,,,,,,,,,,,,,,,,,,,,,,,,,,,,,,,,,,,,,,,,,,,,,,,,,,,,,,,,,,,,,,,,,,,,,,,,,,,,,,,,,,,,,,,,,,,,,,,,,,,,,,,,,,,,,,,,,,,,,,,,,,,,,,,,,,,,,,,,,,,,,,,,,,,,
,,,,,,AGB15512SG,Building Materials,Decking & Railing,Deck Boards,,AGB15512SG,1x6-12' Slate Gray Grooved - Harvest Azek PVC Decking,TIMBERTECH,,,Parksite (6151),Timbertech (Azek Building Products),TimberTech®,TimberTech®,AGB15512SG,,Building Materials>Decking & Railing>Deck Boards,"Timbertech (Azek Building Products), TimberTech®, Deck Boards, AGB15512SG",DECK BOARDS 1 IN 6 IN 12 FT,"TimberTech® AGB15512SG Deck Boards With 1 in, 6 in, 12 ft","TimberTech® Deck Boards, 1 in, 6 in, 12 ft",,,Thickness: 1 in,Width: 6 in,Length: 12 ft,,,,,,,,,,,,,,,,,,,,,,,Deck Boards,Thickness,1,in,Width,6,in,Length,12,ft,,,,,,,,,,,,,,,,,,,,,,,,,,,,,,,,,,,,,,,,,,,,,,,,,,,,,,,,,,,,,,,,,,,,,,,,,,,,,,,,,,,,,,,,,,,,,,,,,,,,,,,,,,,,,,,,,,,,,,,,,,,,,,,,,,,,,,,,,,,,,,,,,,,,,,,,,,,,,,,,,,,,,,,,,,,,,,,,,,,,,,,,,,,,
,,,,,,AGB15516SG,Building Materials,Decking & Railing,Deck Boards,,AGB15516SG,1x6-16' Slate Gray Grooved - Harvest Azek PVC Decking,TIMBERTECH,,,Parksite (6151),Timbertech (Azek Building Products),TimberTech®,TimberTech®,AGB15516SG,,Building Materials>Decking & Railing>Deck Boards,"Timbertech (Azek Building Products), TimberTech®, Deck Boards, AGB15516SG",DECK BOARDS 1 IN 6 IN 16 FT,"TimberTech® AGB15516SG Deck Boards With 1 in, 6 in, 16 ft","TimberTech® Deck Boards, 1 in, 6 in, 16 ft",,,Thickness: 1 in,Width: 6 in,Length: 16 ft,,,,,,,,,,,,,,,,,,,,,,,Deck Boards,Thickness,1,in,Width,6,in,Length,16,ft,,,,,,,,,,,,,,,,,,,,,,,,,,,,,,,,,,,,,,,,,,,,,,,,,,,,,,,,,,,,,,,,,,,,,,,,,,,,,,,,,,,,,,,,,,,,,,,,,,,,,,,,,,,,,,,,,,,,,,,,,,,,,,,,,,,,,,,,,,,,,,,,,,,,,,,,,,,,,,,,,,,,,,,,,,,,,,,,,,,,,,,,,,,,
,,,,,,AGB15520SG,Building Materials,Decking & Railing,Deck Boards,,AGB15520SG,1x6-20' Slate Gray Grooved - Harvest Azek PVC Decking,TIMBERTECH,,,Parksite (6151),Timbertech (Azek Building Products),TimberTech®,TimberTech®,AGB15520SG,,Building Materials>Decking & Railing>Deck Boards,"Timbertech (Azek Building Products), TimberTech®, Deck Boards, AGB15520SG",DECK BOARDS 1 IN 6 IN 20 FT,"TimberTech® AGB15520SG Deck Boards With 1 in, 6 in, 20 ft","TimberTech® Deck Boards, 1 in, 6 in, 20 ft",,,Thickness: 1 in,Width: 6 in,Length: 20 ft,,,,,,,,,,,,,,,,,,,,,,,Deck Boards,Thickness,1,in,Width,6,in,Length,20,ft,,,,,,,,,,,,,,,,,,,,,,,,,,,,,,,,,,,,,,,,,,,,,,,,,,,,,,,,,,,,,,,,,,,,,,,,,,,,,,,,,,,,,,,,,,,,,,,,,,,,,,,,,,,,,,,,,,,,,,,,,,,,,,,,,,,,,,,,,,,,,,,,,,,,,,,,,,,,,,,,,,,,,,,,,,,,,,,,,,,,,,,,,,,,
,,,,,,543140016,Building Materials,Decking & Railing,Deck Boards,,543140016,1nx6-16' Biscayne Sq Edge - Trex Transcend Lineage Decking,TREX,,,U S Lumber (3073),"Trex Company, Inc.",Trex®,Trex®,543140016,,Building Materials>Decking & Railing>Deck Boards,"Trex Company, Inc., Trex®, Deck Boards, 543140016, Length 16 ft",DECK BOARDS 16 FT,Trex® 543140016 Deck Boards With 16 ft,"Trex® Deck Boards, 16 ft",,,Length: 16 ft,,,,,,,,,,,,,,,,,,,,,,,,,Deck Boards,Length,16,ft,,,,,,,,,,,,,,,,,,,,,,,,,,,,,,,,,,,,,,,,,,,,,,,,,,,,,,,,,,,,,,,,,,,,,,,,,,,,,,,,,,,,,,,,,,,,,,,,,,,,,,,,,,,,,,,,,,,,,,,,,,,,,,,,,,,,,,,,,,,,,,,,,,,,,,,,,,,,,,,,,,,,,,,,,,,,,,,,,,,,,,,,,,,,,,,,,,
,,,,,,543140020,Building Materials,Decking & Railing,Deck Boards,,543140020,1nx6-20' Biscayne Sq Edge - Trex Transcend Lineage Decking,TREX,,,U S Lumber (3073),"Trex Company, Inc.",Trex®,Trex®,543140020,,Building Materials>Decking & Railing>Deck Boards,"Trex Company, Inc., Trex®, Deck Boards, 543140020, Length 20 ft",DECK BOARDS 20 FT,Trex® 543140020 Deck Boards With 20 ft,"Trex® Deck Boards, 20 ft",,,Length: 20 ft,,,,,,,,,,,,,,,,,,,,,,,,,Deck Boards,Length,20,ft,,,,,,,,,,,,,,,,,,,,,,,,,,,,,,,,,,,,,,,,,,,,,,,,,,,,,,,,,,,,,,,,,,,,,,,,,,,,,,,,,,,,,,,,,,,,,,,,,,,,,,,,,,,,,,,,,,,,,,,,,,,,,,,,,,,,,,,,,,,,,,,,,,,,,,,,,,,,,,,,,,,,,,,,,,,,,,,,,,,,,,,,,,,,,,,,,,
,,,,,,543142016,Building Materials,Decking & Railing,Deck Boards,,543142016,1nx6-16' Carmel Sq Edge - Trex Transcend Lineage Decking,TREX,,,U S Lumber (3073),"Trex Company, Inc.",Trex®,Trex®,543142016,,Building Materials>Decking & Railing>Deck Boards,"Trex Company, Inc., Trex®, Deck Boards, 543142016, Length 16 ft",DECK BOARDS 16 FT,Trex® 543142016 Deck Boards With 16 ft,"Trex® Deck Boards, 16 ft",,,Length: 16 ft,,,,,,,,,,,,,,,,,,,,,,,,,Deck Boards,Length,16,ft,,,,,,,,,,,,,,,,,,,,,,,,,,,,,,,,,,,,,,,,,,,,,,,,,,,,,,,,,,,,,,,,,,,,,,,,,,,,,,,,,,,,,,,,,,,,,,,,,,,,,,,,,,,,,,,,,,,,,,,,,,,,,,,,,,,,,,,,,,,,,,,,,,,,,,,,,,,,,,,,,,,,,,,,,,,,,,,,,,,,,,,,,,,,,,,,,,
,,,,,,543142020,Building Materials,Decking & Railing,Deck Boards,,543142020,1nx6-20' Carmel Sq Edge - Trex Transcend Lineage Decking,TREX,,,U S Lumber (3073),"Trex Company, Inc.",Trex®,Trex®,543142020,,Building Materials>Decking & Railing>Deck Boards,"Trex Company, Inc., Trex®, Deck Boards, 543142020, Length 20 ft",DECK BOARDS 20 FT,Trex® 543142020 Deck Boards With 20 ft,"Trex® Deck Boards, 20 ft",,,Length: 20 ft,,,,,,,,,,,,,,,,,,,,,,,,,Deck Boards,Length,20,ft,,,,,,,,,,,,,,,,,,,,,,,,,,,,,,,,,,,,,,,,,,,,,,,,,,,,,,,,,,,,,,,,,,,,,,,,,,,,,,,,,,,,,,,,,,,,,,,,,,,,,,,,,,,,,,,,,,,,,,,,,,,,,,,,,,,,,,,,,,,,,,,,,,,,,,,,,,,,,,,,,,,,,,,,,,,,,,,,,,,,,,,,,,,,,,,,,,
,,,,,,543144016,Building Materials,Decking & Railing,Deck Boards,,543144016,1nx6-16' Island Mist Sq Edge - Trex Transcend Lineage Decking,TREX,,,U S Lumber (3073),"Trex Company, Inc.",Trex®,Trex®,543144016,,Building Materials>Decking & Railing>Deck Boards,"Trex Company, Inc., Trex®, Deck Boards, 543144016, Length 16 ft",DECK BOARDS 16 FT,Trex® 543144016 Deck Boards With 16 ft,"Trex® Deck Boards, 16 ft",,,Length: 16 ft,,,,,,,,,,,,,,,,,,,,,,,,,Deck Boards,Length,16,ft,,,,,,,,,,,,,,,,,,,,,,,,,,,,,,,,,,,,,,,,,,,,,,,,,,,,,,,,,,,,,,,,,,,,,,,,,,,,,,,,,,,,,,,,,,,,,,,,,,,,,,,,,,,,,,,,,,,,,,,,,,,,,,,,,,,,,,,,,,,,,,,,,,,,,,,,,,,,,,,,,,,,,,,,,,,,,,,,,,,,,,,,,,,,,,,,,,
,,,,,,543144020,Building Materials,Decking & Railing,Deck Boards,,543144020,1nx6-20' Island Mist Sq Edge - Trex Transcend Lineage Decking,TREX,,,U S Lumber (3073),"Trex Company, Inc.",Trex®,Trex®,543144020,,Building Materials>Decking & Railing>Deck Boards,"Trex Company, Inc., Trex®, Deck Boards, 543144020, Length 20 ft",DECK BOARDS 20 FT,Trex® 543144020 Deck Boards With 20 ft,"Trex® Deck Boards, 20 ft",,,Length: 20 ft,,,,,,,,,,,,,,,,,,,,,,,,,Deck Boards,Length,20,ft,,,,,,,,,,,,,,,,,,,,,,,,,,,,,,,,,,,,,,,,,,,,,,,,,,,,,,,,,,,,,,,,,,,,,,,,,,,,,,,,,,,,,,,,,,,,,,,,,,,,,,,,,,,,,,,,,,,,,,,,,,,,,,,,,,,,,,,,,,,,,,,,,,,,,,,,,,,,,,,,,,,,,,,,,,,,,,,,,,,,,,,,,,,,,,,,,,
,,,,,,543143016,Building Materials,Decking & Railing,Deck Boards,,543143016,1nx6-16' Jasper Sq Edge - Trex Transcend Lineage Decking,TREX,,,U S Lumber (3073),"Trex Company, Inc.",Trex®,Trex®,543143016,,Building Materials>Decking & Railing>Deck Boards,"Trex Company, Inc., Trex®, Deck Boards, 543143016, Length 16 ft",DECK BOARDS 16 FT,Trex® 543143016 Deck Boards With 16 ft,"Trex® Deck Boards, 16 ft",,,Length: 16 ft,,,,,,,,,,,,,,,,,,,,,,,,,Deck Boards,Length,16,ft,,,,,,,,,,,,,,,,,,,,,,,,,,,,,,,,,,,,,,,,,,,,,,,,,,,,,,,,,,,,,,,,,,,,,,,,,,,,,,,,,,,,,,,,,,,,,,,,,,,,,,,,,,,,,,,,,,,,,,,,,,,,,,,,,,,,,,,,,,,,,,,,,,,,,,,,,,,,,,,,,,,,,,,,,,,,,,,,,,,,,,,,,,,,,,,,,,
,,,,,,543143020,Building Materials,Decking & Railing,Deck Boards,,543143020,1nx6-20' Jasper Sq Edge - Trex Transcend Lineage Decking,TREX,,,U S Lumber (3073),"Trex Company, Inc.",Trex®,Trex®,543143020,,Building Materials>Decking & Railing>Deck Boards,"Trex Company, Inc., Trex®, Deck Boards, 543143020, Length 20 ft",DECK BOARDS 20 FT,Trex® 543143020 Deck Boards With 20 ft,"Trex® Deck Boards, 20 ft",,,Length: 20 ft,,,,,,,,,,,,,,,,,,,,,,,,,Deck Boards,Length,20,ft,,,,,,,,,,,,,,,,,,,,,,,,,,,,,,,,,,,,,,,,,,,,,,,,,,,,,,,,,,,,,,,,,,,,,,,,,,,,,,,,,,,,,,,,,,,,,,,,,,,,,,,,,,,,,,,,,,,,,,,,,,,,,,,,,,,,,,,,,,,,,,,,,,,,,,,,,,,,,,,,,,,,,,,,,,,,,,,,,,,,,,,,,,,,,,,,,,
,,,,,,543141016,Building Materials,Decking & Railing,Deck Boards,,543141016,1nx6-16' Rainier Sq Edge - Trex Transcend Lineage Decking,TREX,,,U S Lumber (3073),"Trex Company, Inc.",Trex®,Trex®,543141016,,Building Materials>Decking & Railing>Deck Boards,"Trex Company, Inc., Trex®, Deck Boards, 543141016, Length 16 ft",DECK BOARDS 16 FT,Trex® 543141016 Deck Boards With 16 ft,"Trex® Deck Boards, 16 ft",,,Length: 16 ft,,,,,,,,,,,,,,,,,,,,,,,,,Deck Boards,Length,16,ft,,,,,,,,,,,,,,,,,,,,,,,,,,,,,,,,,,,,,,,,,,,,,,,,,,,,,,,,,,,,,,,,,,,,,,,,,,,,,,,,,,,,,,,,,,,,,,,,,,,,,,,,,,,,,,,,,,,,,,,,,,,,,,,,,,,,,,,,,,,,,,,,,,,,,,,,,,,,,,,,,,,,,,,,,,,,,,,,,,,,,,,,,,,,,,,,,,
,,,,,,543141020,Building Materials,Decking & Railing,Deck Boards,,543141020,1nx6-20' Rainier Sq Edge - Trex Transcend Lineage Decking,TREX,,,U S Lumber (3073),"Trex Company, Inc.",Trex®,Trex®,543141020,,Building Materials>Decking & Railing>Deck Boards,"Trex Company, Inc., Trex®, Deck Boards, 543141020, Length 20 ft",DECK BOARDS 20 FT,Trex® 543141020 Deck Boards With 20 ft,"Trex® Deck Boards, 20 ft",,,Length: 20 ft,,,,,,,,,,,,,,,,,,,,,,,,,Deck Boards,Length,20,ft,,,,,,,,,,,,,,,,,,,,,,,,,,,,,,,,,,,,,,,,,,,,,,,,,,,,,,,,,,,,,,,,,,,,,,,,,,,,,,,,,,,,,,,,,,,,,,,,,,,,,,,,,,,,,,,,,,,,,,,,,,,,,,,,,,,,,,,,,,,,,,,,,,,,,,,,,,,,,,,,,,,,,,,,,,,,,,,,,,,,,,,,,,,,,,,,,,
,,,,,,543140412,Building Materials,Decking & Railing,Deck Boards,,543140412,1nx6-12' Biscayne Grooved - Trex Transcend Lineage Decking,TREX,,,U S Lumber (3073),"Trex Company, Inc.",Trex®,Trex®,543140412,,Building Materials>Decking & Railing>Deck Boards,"Trex Company, Inc., Trex®, Deck Boards, 543140412, Length 12 ft",DECK BOARDS 12 FT,Trex® 543140412 Deck Boards With 12 ft,"Trex® Deck Boards, 12 ft",,,Length: 12 ft,,,,,,,,,,,,,,,,,,,,,,,,,Deck Boards,Length,12,ft,,,,,,,,,,,,,,,,,,,,,,,,,,,,,,,,,,,,,,,,,,,,,,,,,,,,,,,,,,,,,,,,,,,,,,,,,,,,,,,,,,,,,,,,,,,,,,,,,,,,,,,,,,,,,,,,,,,,,,,,,,,,,,,,,,,,,,,,,,,,,,,,,,,,,,,,,,,,,,,,,,,,,,,,,,,,,,,,,,,,,,,,,,,,,,,,,,
,,,,,,543140416,Building Materials,Decking & Railing,Deck Boards,,543140416,1nx6-16' Biscayne Grooved - Trex Transcend Lineage Decking,TREX,,,U S Lumber (3073),"Trex Company, Inc.",Trex®,Trex®,543140416,,Building Materials>Decking & Railing>Deck Boards,"Trex Company, Inc., Trex®, Deck Boards, 543140416, Length 16 ft",DECK BOARDS 16 FT,Trex® 543140416 Deck Boards With 16 ft,"Trex® Deck Boards, 16 ft",,,Length: 16 ft,,,,,,,,,,,,,,,,,,,,,,,,,Deck Boards,Length,16,ft,,,,,,,,,,,,,,,,,,,,,,,,,,,,,,,,,,,,,,,,,,,,,,,,,,,,,,,,,,,,,,,,,,,,,,,,,,,,,,,,,,,,,,,,,,,,,,,,,,,,,,,,,,,,,,,,,,,,,,,,,,,,,,,,,,,,,,,,,,,,,,,,,,,,,,,,,,,,,,,,,,,,,,,,,,,,,,,,,,,,,,,,,,,,,,,,,,
,,,,,,543140420,Building Materials,Decking & Railing,Deck Boards,,543140420,1nx6-20' Biscayne Grooved - Trex Transcend Lineage Decking,TREX,,,U S Lumber (3073),"Trex Company, Inc.",Trex®,Trex®,543140420,,Building Materials>Decking & Railing>Deck Boards,"Trex Company, Inc., Trex®, Deck Boards, 543140420, Length 20 ft",DECK BOARDS 20 FT,Trex® 543140420 Deck Boards With 20 ft,"Trex® Deck Boards, 20 ft",,,Length: 20 ft,,,,,,,,,,,,,,,,,,,,,,,,,Deck Boards,Length,20,ft,,,,,,,,,,,,,,,,,,,,,,,,,,,,,,,,,,,,,,,,,,,,,,,,,,,,,,,,,,,,,,,,,,,,,,,,,,,,,,,,,,,,,,,,,,,,,,,,,,,,,,,,,,,,,,,,,,,,,,,,,,,,,,,,,,,,,,,,,,,,,,,,,,,,,,,,,,,,,,,,,,,,,,,,,,,,,,,,,,,,,,,,,,,,,,,,,,
,,,,,,543142412,Building Materials,Decking & Railing,Deck Boards,,543142412,1nx6-12' Carmel Grooved - Trex Transcend Lineage Decking,TREX,,,U S Lumber (3073),"Trex Company, Inc.",Trex®,Trex®,543142412,,Building Materials>Decking & Railing>Deck Boards,"Trex Company, Inc., Trex®, Deck Boards, 543142412, Length 12 ft",DECK BOARDS 12 FT,Trex® 543142412 Deck Boards With 12 ft,"Trex® Deck Boards, 12 ft",,,Length: 12 ft,,,,,,,,,,,,,,,,,,,,,,,,,Deck Boards,Length,12,ft,,,,,,,,,,,,,,,,,,,,,,,,,,,,,,,,,,,,,,,,,,,,,,,,,,,,,,,,,,,,,,,,,,,,,,,,,,,,,,,,,,,,,,,,,,,,,,,,,,,,,,,,,,,,,,,,,,,,,,,,,,,,,,,,,,,,,,,,,,,,,,,,,,,,,,,,,,,,,,,,,,,,,,,,,,,,,,,,,,,,,,,,,,,,,,,,,,
,,,,,,543142416,Building Materials,Decking & Railing,Deck Boards,,543142416,1nx6-16' Carmel Grooved - Trex Transcend Lineage Decking,TREX,,,U S Lumber (3073),"Trex Company, Inc.",Trex®,Trex®,543142416,,Building Materials>Decking & Railing>Deck Boards,"Trex Company, Inc., Trex®, Deck Boards, 543142416, Length 16 ft",DECK BOARDS 16 FT,Trex® 543142416 Deck Boards With 16 ft,"Trex® Deck Boards, 16 ft",,,Length: 16 ft,,,,,,,,,,,,,,,,,,,,,,,,,Deck Boards,Length,16,ft,,,,,,,,,,,,,,,,,,,,,,,,,,,,,,,,,,,,,,,,,,,,,,,,,,,,,,,,,,,,,,,,,,,,,,,,,,,,,,,,,,,,,,,,,,,,,,,,,,,,,,,,,,,,,,,,,,,,,,,,,,,,,,,,,,,,,,,,,,,,,,,,,,,,,,,,,,,,,,,,,,,,,,,,,,,,,,,,,,,,,,,,,,,,,,,,,,
,,,,,,543142420,Building Materials,Decking & Railing,Deck Boards,,543142420,1nx6-20' Carmel Grooved - Trex Transcend Lineage Decking,TREX,,,U S Lumber (3073),"Trex Company, Inc.",Trex®,Trex®,543142420,,Building Materials>Decking & Railing>Deck Boards,"Trex Company, Inc., Trex®, Deck Boards, 543142420, Length 20 ft",DECK BOARDS 20 FT,Trex® 543142420 Deck Boards With 20 ft,"Trex® Deck Boards, 20 ft",,,Length: 20 ft,,,,,,,,,,,,,,,,,,,,,,,,,Deck Boards,Length,20,ft,,,,,,,,,,,,,,,,,,,,,,,,,,,,,,,,,,,,,,,,,,,,,,,,,,,,,,,,,,,,,,,,,,,,,,,,,,,,,,,,,,,,,,,,,,,,,,,,,,,,,,,,,,,,,,,,,,,,,,,,,,,,,,,,,,,,,,,,,,,,,,,,,,,,,,,,,,,,,,,,,,,,,,,,,,,,,,,,,,,,,,,,,,,,,,,,,,
,,,,,,543144412,Building Materials,Decking & Railing,Deck Boards,,543144412,1nx6-12' Island Mist Grooved - Trex Transcend Lineage Decking,TREX,,,U S Lumber (3073),"Trex Company, Inc.",Trex®,Trex®,543144412,,Building Materials>Decking & Railing>Deck Boards,"Trex Company, Inc., Trex®, Deck Boards, 543144412, Length 12 ft",DECK BOARDS 12 FT,Trex® 543144412 Deck Boards With 12 ft,"Trex® Deck Boards, 12 ft",,,Length: 12 ft,,,,,,,,,,,,,,,,,,,,,,,,,Deck Boards,Length,12,ft,,,,,,,,,,,,,,,,,,,,,,,,,,,,,,,,,,,,,,,,,,,,,,,,,,,,,,,,,,,,,,,,,,,,,,,,,,,,,,,,,,,,,,,,,,,,,,,,,,,,,,,,,,,,,,,,,,,,,,,,,,,,,,,,,,,,,,,,,,,,,,,,,,,,,,,,,,,,,,,,,,,,,,,,,,,,,,,,,,,,,,,,,,,,,,,,,,
,,,,,,543144416,Building Materials,Decking & Railing,Deck Boards,,543144416,1nx6-16' Island Mist Grooved - Trex Transcend Lineage Decking,TREX,,,U S Lumber (3073),"Trex Company, Inc.",Trex®,Trex®,543144416,,Building Materials>Decking & Railing>Deck Boards,"Trex Company, Inc., Trex®, Deck Boards, 543144416, Length 16 ft",DECK BOARDS 16 FT,Trex® 543144416 Deck Boards With 16 ft,"Trex® Deck Boards, 16 ft",,,Length: 16 ft,,,,,,,,,,,,,,,,,,,,,,,,,Deck Boards,Length,16,ft,,,,,,,,,,,,,,,,,,,,,,,,,,,,,,,,,,,,,,,,,,,,,,,,,,,,,,,,,,,,,,,,,,,,,,,,,,,,,,,,,,,,,,,,,,,,,,,,,,,,,,,,,,,,,,,,,,,,,,,,,,,,,,,,,,,,,,,,,,,,,,,,,,,,,,,,,,,,,,,,,,,,,,,,,,,,,,,,,,,,,,,,,,,,,,,,,,
,,,,,,543144420,Building Materials,Decking & Railing,Deck Boards,,543144420,1nx6-20' Island Mist Grooved - Trex Transcend Lineage Decking,TREX,,,U S Lumber (3073),"Trex Company, Inc.",Trex®,Trex®,543144420,,Building Materials>Decking & Railing>Deck Boards,"Trex Company, Inc., Trex®, Deck Boards, 543144420, Length 20 ft",DECK BOARDS 20 FT,Trex® 543144420 Deck Boards With 20 ft,"Trex® Deck Boards, 20 ft",,,Length: 20 ft,,,,,,,,,,,,,,,,,,,,,,,,,Deck Boards,Length,20,ft,,,,,,,,,,,,,,,,,,,,,,,,,,,,,,,,,,,,,,,,,,,,,,,,,,,,,,,,,,,,,,,,,,,,,,,,,,,,,,,,,,,,,,,,,,,,,,,,,,,,,,,,,,,,,,,,,,,,,,,,,,,,,,,,,,,,,,,,,,,,,,,,,,,,,,,,,,,,,,,,,,,,,,,,,,,,,,,,,,,,,,,,,,,,,,,,,,
,,,,,,543143412,Building Materials,Decking & Railing,Deck Boards,,543143412,1nx6-12' Jasper Grooved - Trex Transcend Lineage Decking,TREX,,,U S Lumber (3073),"Trex Company, Inc.",Trex®,Trex®,543143412,,Building Materials>Decking & Railing>Deck Boards,"Trex Company, Inc., Trex®, Deck Boards, 543143412, Length 12 ft",DECK BOARDS 12 FT,Trex® 543143412 Deck Boards With 12 ft,"Trex® Deck Boards, 12 ft",,,Length: 12 ft,,,,,,,,,,,,,,,,,,,,,,,,,Deck Boards,Length,12,ft,,,,,,,,,,,,,,,,,,,,,,,,,,,,,,,,,,,,,,,,,,,,,,,,,,,,,,,,,,,,,,,,,,,,,,,,,,,,,,,,,,,,,,,,,,,,,,,,,,,,,,,,,,,,,,,,,,,,,,,,,,,,,,,,,,,,,,,,,,,,,,,,,,,,,,,,,,,,,,,,,,,,,,,,,,,,,,,,,,,,,,,,,,,,,,,,,,
,,,,,,543143416,Building Materials,Decking & Railing,Deck Boards,,543143416,1nx6-16' Jasper Grooved - Trex Transcend Lineage Decking,TREX,,,U S Lumber (3073),"Trex Company, Inc.",Trex®,Trex®,543143416,,Building Materials>Decking & Railing>Deck Boards,"Trex Company, Inc., Trex®, Deck Boards, 543143416, Length 16 ft",DECK BOARDS 16 FT,Trex® 543143416 Deck Boards With 16 ft,"Trex® Deck Boards, 16 ft",,,Length: 16 ft,,,,,,,,,,,,,,,,,,,,,,,,,Deck Boards,Length,16,ft,,,,,,,,,,,,,,,,,,,,,,,,,,,,,,,,,,,,,,,,,,,,,,,,,,,,,,,,,,,,,,,,,,,,,,,,,,,,,,,,,,,,,,,,,,,,,,,,,,,,,,,,,,,,,,,,,,,,,,,,,,,,,,,,,,,,,,,,,,,,,,,,,,,,,,,,,,,,,,,,,,,,,,,,,,,,,,,,,,,,,,,,,,,,,,,,,,
,,,,,,543143420,Building Materials,Decking & Railing,Deck Boards,,543143420,1nx6-20' Jasper Grooved - Trex Transcend Lineage Decking,TREX,,,U S Lumber (3073),"Trex Company, Inc.",Trex®,Trex®,543143420,,Building Materials>Decking & Railing>Deck Boards,"Trex Company, Inc., Trex®, Deck Boards, 543143420, Length 20 ft",DECK BOARDS 20 FT,Trex® 543143420 Deck Boards With 20 ft,"Trex® Deck Boards, 20 ft",,,Length: 20 ft,,,,,,,,,,,,,,,,,,,,,,,,,Deck Boards,Length,20,ft,,,,,,,,,,,,,,,,,,,,,,,,,,,,,,,,,,,,,,,,,,,,,,,,,,,,,,,,,,,,,,,,,,,,,,,,,,,,,,,,,,,,,,,,,,,,,,,,,,,,,,,,,,,,,,,,,,,,,,,,,,,,,,,,,,,,,,,,,,,,,,,,,,,,,,,,,,,,,,,,,,,,,,,,,,,,,,,,,,,,,,,,,,,,,,,,,,
,,,,,,543141412,Building Materials,Decking & Railing,Deck Boards,,543141412,1nx6-12' Rainier Grooved - Trex Transcend Lineage Decking,TREX,,,U S Lumber (3073),"Trex Company, Inc.",Trex®,Trex®,543141412,,Building Materials>Decking & Railing>Deck Boards,"Trex Company, Inc., Trex®, Deck Boards, 543141412, Length 12 ft",DECK BOARDS 12 FT,Trex® 543141412 Deck Boards With 12 ft,"Trex® Deck Boards, 12 ft",,,Length: 12 ft,,,,,,,,,,,,,,,,,,,,,,,,,Deck Boards,Length,12,ft,,,,,,,,,,,,,,,,,,,,,,,,,,,,,,,,,,,,,,,,,,,,,,,,,,,,,,,,,,,,,,,,,,,,,,,,,,,,,,,,,,,,,,,,,,,,,,,,,,,,,,,,,,,,,,,,,,,,,,,,,,,,,,,,,,,,,,,,,,,,,,,,,,,,,,,,,,,,,,,,,,,,,,,,,,,,,,,,,,,,,,,,,,,,,,,,,,
,,,,,,543141416,Building Materials,Decking & Railing,Deck Boards,,543141416,1nx6-16' Rainier Grooved - Trex Transcend Lineage Decking,TREX,,,U S Lumber (3073),"Trex Company, Inc.",Trex®,Trex®,543141416,,Building Materials>Decking & Railing>Deck Boards,"Trex Company, Inc., Trex®, Deck Boards, 543141416, Length 16 ft",DECK BOARDS 16 FT,Trex® 543141416 Deck Boards With 16 ft,"Trex® Deck Boards, 16 ft",,,Length: 16 ft,,,,,,,,,,,,,,,,,,,,,,,,,Deck Boards,Length,16,ft,,,,,,,,,,,,,,,,,,,,,,,,,,,,,,,,,,,,,,,,,,,,,,,,,,,,,,,,,,,,,,,,,,,,,,,,,,,,,,,,,,,,,,,,,,,,,,,,,,,,,,,,,,,,,,,,,,,,,,,,,,,,,,,,,,,,,,,,,,,,,,,,,,,,,,,,,,,,,,,,,,,,,,,,,,,,,,,,,,,,,,,,,,,,,,,,,,
,,,,,,543141420,Building Materials,Decking & Railing,Deck Boards,,543141420,1nx6-20' Rainier Grooved - Trex Transcend Lineage Decking,TREX,,,U S Lumber (3073),"Trex Company, Inc.",Trex®,Trex®,543141420,,Building Materials>Decking & Railing>Deck Boards,"Trex Company, Inc., Trex®, Deck Boards, 543141420, Length 20 ft",DECK BOARDS 20 FT,Trex® 543141420 Deck Boards With 20 ft,"Trex® Deck Boards, 20 ft",,,Length: 20 ft,,,,,,,,,,,,,,,,,,,,,,,,,Deck Boards,Length,20,ft,,,,,,,,,,,,,,,,,,,,,,,,,,,,,,,,,,,,,,,,,,,,,,,,,,,,,,,,,,,,,,,,,,,,,,,,,,,,,,,,,,,,,,,,,,,,,,,,,,,,,,,,,,,,,,,,,,,,,,,,,,,,,,,,,,,,,,,,,,,,,,,,,,,,,,,,,,,,,,,,,,,,,,,,,,,,,,,,,,,,,,,,,,,,,,,,,,
,,,,,,1513703,Building Materials,Decking & Railing,Deck Boards,,1513703,1nx6-16' Hatteras Sq Edge - Trex Transcend Lineage Decking,TREX,,,Boise Cascade Building Materials (BOICA),"Trex Company, Inc.",Trex®,Trex®,1513703,,Building Materials>Decking & Railing>Deck Boards,"Trex Company, Inc., Trex®, Deck Boards, 1513703, Length 16 ft",DECK BOARDS 16 FT,Trex® 1513703 Deck Boards With 16 ft,"Trex® Deck Boards, 16 ft",,,Length: 16 ft,,,,,,,,,,,,,,,,,,,,,,,,,Deck Boards,Length,16,ft,,,,,,,,,,,,,,,,,,,,,,,,,,,,,,,,,,,,,,,,,,,,,,,,,,,,,,,,,,,,,,,,,,,,,,,,,,,,,,,,,,,,,,,,,,,,,,,,,,,,,,,,,,,,,,,,,,,,,,,,,,,,,,,,,,,,,,,,,,,,,,,,,,,,,,,,,,,,,,,,,,,,,,,,,,,,,,,,,,,,,,,,,,,,,,,,,,
,,,,,,1513704,Building Materials,Decking & Railing,Deck Boards,,1513704,1nx6-20' Hatteras Sq Edge - Trex Transcend Lineage Decking,TREX,,,Boise Cascade Building Materials (BOICA),"Trex Company, Inc.",Trex®,Trex®,1513704,,Building Materials>Decking & Railing>Deck Boards,"Trex Company, Inc., Trex®, Deck Boards, 1513704, Length 20 ft",DECK BOARDS 20 FT,Trex® 1513704 Deck Boards With 20 ft,"Trex® Deck Boards, 20 ft",,,Length: 20 ft,,,,,,,,,,,,,,,,,,,,,,,,,Deck Boards,Length,20,ft,,,,,,,,,,,,,,,,,,,,,,,,,,,,,,,,,,,,,,,,,,,,,,,,,,,,,,,,,,,,,,,,,,,,,,,,,,,,,,,,,,,,,,,,,,,,,,,,,,,,,,,,,,,,,,,,,,,,,,,,,,,,,,,,,,,,,,,,,,,,,,,,,,,,,,,,,,,,,,,,,,,,,,,,,,,,,,,,,,,,,,,,,,,,,,,,,,
,,,,,,1513705,Building Materials,Decking & Railing,Deck Boards,,1513705,1nx6-12' Hatteras Grooved - Trex Transcend Lineage Decking,TREX,,,Boise Cascade Building Materials (BOICA),"Trex Company, Inc.",Trex®,Trex®,1513705,,Building Materials>Decking & Railing>Deck Boards,"Trex Company, Inc., Trex®, Deck Boards, 1513705, Length 12 ft",DECK BOARDS 12 FT,Trex® 1513705 Deck Boards With 12 ft,"Trex® Deck Boards, 12 ft",,,Length: 12 ft,,,,,,,,,,,,,,,,,,,,,,,,,Deck Boards,Length,12,ft,,,,,,,,,,,,,,,,,,,,,,,,,,,,,,,,,,,,,,,,,,,,,,,,,,,,,,,,,,,,,,,,,,,,,,,,,,,,,,,,,,,,,,,,,,,,,,,,,,,,,,,,,,,,,,,,,,,,,,,,,,,,,,,,,,,,,,,,,,,,,,,,,,,,,,,,,,,,,,,,,,,,,,,,,,,,,,,,,,,,,,,,,,,,,,,,,,
,,,,,,1513706,Building Materials,Decking & Railing,Deck Boards,,1513706,1nx6-16' Hatteras Grooved - Trex Transcend Lineage Decking,TREX,,,Boise Cascade Building Materials (BOICA),"Trex Company, Inc.",Trex®,Trex®,1513706,,Building Materials>Decking & Railing>Deck Boards,"Trex Company, Inc., Trex®, Deck Boards, 1513706, Length 16 ft",DECK BOARDS 16 FT,Trex® 1513706 Deck Boards With 16 ft,"Trex® Deck Boards, 16 ft",,,Length: 16 ft,,,,,,,,,,,,,,,,,,,,,,,,,Deck Boards,Length,16,ft,,,,,,,,,,,,,,,,,,,,,,,,,,,,,,,,,,,,,,,,,,,,,,,,,,,,,,,,,,,,,,,,,,,,,,,,,,,,,,,,,,,,,,,,,,,,,,,,,,,,,,,,,,,,,,,,,,,,,,,,,,,,,,,,,,,,,,,,,,,,,,,,,,,,,,,,,,,,,,,,,,,,,,,,,,,,,,,,,,,,,,,,,,,,,,,,,,
,,,,,,1513707,Building Materials,Decking & Railing,Deck Boards,,1513707,1nx6-20' Hatteras Grooved - Trex Transcend Lineage Decking,TREX,,,Boise Cascade Building Materials (BOICA),"Trex Company, Inc.",Trex®,Trex®,1513707,,Building Materials>Decking & Railing>Deck Boards,"Trex Company, Inc., Trex®, Deck Boards, 1513707, Length 20 ft",DECK BOARDS 20 FT,Trex® 1513707 Deck Boards With 20 ft,"Trex® Deck Boards, 20 ft",,,Length: 20 ft,,,,,,,,,,,,,,,,,,,,,,,,,Deck Boards,Length,20,ft,,,,,,,,,,,,,,,,,,,,,,,,,,,,,,,,,,,,,,,,,,,,,,,,,,,,,,,,,,,,,,,,,,,,,,,,,,,,,,,,,,,,,,,,,,,,,,,,,,,,,,,,,,,,,,,,,,,,,,,,,,,,,,,,,,,,,,,,,,,,,,,,,,,,,,,,,,,,,,,,,,,,,,,,,,,,,,,,,,,,,,,,,,,,,,,,,,
,,,,,,1513708,Building Materials,Decking & Railing,Deck Boards,,1513708,1nx6-16' Salt Flat Sq Edge - Trex Transcend Lineage Decking,TREX,,,Boise Cascade Building Materials (BOICA),"Trex Company, Inc.",Trex®,Trex®,1513708,,Building Materials>Decking & Railing>Deck Boards,"Trex Company, Inc., Trex®, Deck Boards, 1513708, Length 16 ft",DECK BOARDS 16 FT,Trex® 1513708 Deck Boards With 16 ft,"Trex® Deck Boards, 16 ft",,,Length: 16 ft,,,,,,,,,,,,,,,,,,,,,,,,,Deck Boards,Length,16,ft,,,,,,,,,,,,,,,,,,,,,,,,,,,,,,,,,,,,,,,,,,,,,,,,,,,,,,,,,,,,,,,,,,,,,,,,,,,,,,,,,,,,,,,,,,,,,,,,,,,,,,,,,,,,,,,,,,,,,,,,,,,,,,,,,,,,,,,,,,,,,,,,,,,,,,,,,,,,,,,,,,,,,,,,,,,,,,,,,,,,,,,,,,,,,,,,,,
,,,,,,1513709,Building Materials,Decking & Railing,Deck Boards,,1513709,1nx6-20' Salt Flat Sq Edge - Trex Transcend Lineage Decking,TREX,,,Boise Cascade Building Materials (BOICA),"Trex Company, Inc.",Trex®,Trex®,1513709,,Building Materials>Decking & Railing>Deck Boards,"Trex Company, Inc., Trex®, Deck Boards, 1513709, Length 20 ft",DECK BOARDS 20 FT,Trex® 1513709 Deck Boards With 20 ft,"Trex® Deck Boards, 20 ft",,,Length: 20 ft,,,,,,,,,,,,,,,,,,,,,,,,,Deck Boards,Length,20,ft,,,,,,,,,,,,,,,,,,,,,,,,,,,,,,,,,,,,,,,,,,,,,,,,,,,,,,,,,,,,,,,,,,,,,,,,,,,,,,,,,,,,,,,,,,,,,,,,,,,,,,,,,,,,,,,,,,,,,,,,,,,,,,,,,,,,,,,,,,,,,,,,,,,,,,,,,,,,,,,,,,,,,,,,,,,,,,,,,,,,,,,,,,,,,,,,,,
,,,,,,1513710,Building Materials,Decking & Railing,Deck Boards,,1513710,1nx6-12' Salt Flat Grooved - Trex Transcend Lineage Decking,TREX,,,Boise Cascade Building Materials (BOICA),"Trex Company, Inc.",Trex®,Trex®,1513710,,Building Materials>Decking & Railing>Deck Boards,"Trex Company, Inc., Trex®, Deck Boards, 1513710, Length 12 ft",DECK BOARDS 12 FT,Trex® 1513710 Deck Boards With 12 ft,"Trex® Deck Boards, 12 ft",,,Length: 12 ft,,,,,,,,,,,,,,,,,,,,,,,,,Deck Boards,Length,12,ft,,,,,,,,,,,,,,,,,,,,,,,,,,,,,,,,,,,,,,,,,,,,,,,,,,,,,,,,,,,,,,,,,,,,,,,,,,,,,,,,,,,,,,,,,,,,,,,,,,,,,,,,,,,,,,,,,,,,,,,,,,,,,,,,,,,,,,,,,,,,,,,,,,,,,,,,,,,,,,,,,,,,,,,,,,,,,,,,,,,,,,,,,,,,,,,,,,
,,,,,,1513711,Building Materials,Decking & Railing,Deck Boards,,1513711,1nx6-16' Salt Flat Grooved - Trex Transcend Lineage Decking,TREX,,,Boise Cascade Building Materials (BOICA),"Trex Company, Inc.",Trex®,Trex®,1513711,,Building Materials>Decking & Railing>Deck Boards,"Trex Company, Inc., Trex®, Deck Boards, 1513711, Length 16 ft",DECK BOARDS 16 FT,Trex® 1513711 Deck Boards With 16 ft,"Trex® Deck Boards, 16 ft",,,Length: 16 ft,,,,,,,,,,,,,,,,,,,,,,,,,Deck Boards,Length,16,ft,,,,,,,,,,,,,,,,,,,,,,,,,,,,,,,,,,,,,,,,,,,,,,,,,,,,,,,,,,,,,,,,,,,,,,,,,,,,,,,,,,,,,,,,,,,,,,,,,,,,,,,,,,,,,,,,,,,,,,,,,,,,,,,,,,,,,,,,,,,,,,,,,,,,,,,,,,,,,,,,,,,,,,,,,,,,,,,,,,,,,,,,,,,,,,,,,,
,,,,,,1513712,Building Materials,Decking & Railing,Deck Boards,,1513712,1nx6-20' Salt Flat Grooved - Trex Transcend Lineage Decking,TREX,,,Boise Cascade Building Materials (BOICA),"Trex Company, Inc.",Trex®,Trex®,1513712,,Building Materials>Decking & Railing>Deck Boards,"Trex Company, Inc., Trex®, Deck Boards, 1513712, Length 20 ft",DECK BOARDS 20 FT,Trex® 1513712 Deck Boards With 20 ft,"Trex® Deck Boards, 20 ft",,,Length: 20 ft,,,,,,,,,,,,,,,,,,,,,,,,,Deck Boards,Length,20,ft,,,,,,,,,,,,,,,,,,,,,,,,,,,,,,,,,,,,,,,,,,,,,,,,,,,,,,,,,,,,,,,,,,,,,,,,,,,,,,,,,,,,,,,,,,,,,,,,,,,,,,,,,,,,,,,,,,,,,,,,,,,,,,,,,,,,,,,,,,,,,,,,,,,,,,,,,,,,,,,,,,,,,,,,,,,,,,,,,,,,,,,,,,,,,,,,,,
,,,,,,1513717,Building Materials,Decking & Railing,Deck Boards,,1513717,1nx6-16' Honey Grove Sq Edge - Trex Enhance Naturals Decking,TREX,,,Boise Cascade Building Materials (BOICA),"Trex Company, Inc.",Trex®,Trex®,1513717,,Building Materials>Decking & Railing>Deck Boards,"Trex Company, Inc., Trex®, Deck Boards, 1513717, Length 16 ft",DECK BOARDS 16 FT,Trex® 1513717 Deck Boards With 16 ft,"Trex® Deck Boards, 16 ft",,,Length: 16 ft,,,,,,,,,,,,,,,,,,,,,,,,,Deck Boards,Length,16,ft,,,,,,,,,,,,,,,,,,,,,,,,,,,,,,,,,,,,,,,,,,,,,,,,,,,,,,,,,,,,,,,,,,,,,,,,,,,,,,,,,,,,,,,,,,,,,,,,,,,,,,,,,,,,,,,,,,,,,,,,,,,,,,,,,,,,,,,,,,,,,,,,,,,,,,,,,,,,,,,,,,,,,,,,,,,,,,,,,,,,,,,,,,,,,,,,,,
,,,,,,1513718,Building Materials,Decking & Railing,Deck Boards,,1513718,1nx6-20' Honey Grove Sq Edge - Trex Enhance Naturals Decking,TREX,,,Boise Cascade Building Materials (BOICA),"Trex Company, Inc.",Trex®,Trex®,1513718,,Building Materials>Decking & Railing>Deck Boards,"Trex Company, Inc., Trex®, Deck Boards, 1513718, Length 20 ft",DECK BOARDS 20 FT,Trex® 1513718 Deck Boards With 20 ft,"Trex® Deck Boards, 20 ft",,,Length: 20 ft,,,,,,,,,,,,,,,,,,,,,,,,,Deck Boards,Length,20,ft,,,,,,,,,,,,,,,,,,,,,,,,,,,,,,,,,,,,,,,,,,,,,,,,,,,,,,,,,,,,,,,,,,,,,,,,,,,,,,,,,,,,,,,,,,,,,,,,,,,,,,,,,,,,,,,,,,,,,,,,,,,,,,,,,,,,,,,,,,,,,,,,,,,,,,,,,,,,,,,,,,,,,,,,,,,,,,,,,,,,,,,,,,,,,,,,,,
,,,,,,1513719,Building Materials,Decking & Railing,Deck Boards,,1513719,1nx6-12' Honey Grove Grooved - Trex Enhance Naturals Decking,TREX,,,Boise Cascade Building Materials (BOICA),"Trex Company, Inc.",Trex®,Trex®,1513719,,Building Materials>Decking & Railing>Deck Boards,"Trex Company, Inc., Trex®, Deck Boards, 1513719, Length 12 ft",DECK BOARDS 12 FT,Trex® 1513719 Deck Boards With 12 ft,"Trex® Deck Boards, 12 ft",,,Length: 12 ft,,,,,,,,,,,,,,,,,,,,,,,,,Deck Boards,Length,12,ft,,,,,,,,,,,,,,,,,,,,,,,,,,,,,,,,,,,,,,,,,,,,,,,,,,,,,,,,,,,,,,,,,,,,,,,,,,,,,,,,,,,,,,,,,,,,,,,,,,,,,,,,,,,,,,,,,,,,,,,,,,,,,,,,,,,,,,,,,,,,,,,,,,,,,,,,,,,,,,,,,,,,,,,,,,,,,,,,,,,,,,,,,,,,,,,,,,
,,,,,,1513720,Building Materials,Decking & Railing,Deck Boards,,1513720,1nx6-16' Honey Grove Grooved - Trex Enhance Naturals Decking,TREX,,,Boise Cascade Building Materials (BOICA),"Trex Company, Inc.",Trex®,Trex®,1513720,,Building Materials>Decking & Railing>Deck Boards,"Trex Company, Inc., Trex®, Deck Boards, 1513720, Length 16 ft",DECK BOARDS 16 FT,Trex® 1513720 Deck Boards With 16 ft,"Trex® Deck Boards, 16 ft",,,Length: 16 ft,,,,,,,,,,,,,,,,,,,,,,,,,Deck Boards,Length,16,ft,,,,,,,,,,,,,,,,,,,,,,,,,,,,,,,,,,,,,,,,,,,,,,,,,,,,,,,,,,,,,,,,,,,,,,,,,,,,,,,,,,,,,,,,,,,,,,,,,,,,,,,,,,,,,,,,,,,,,,,,,,,,,,,,,,,,,,,,,,,,,,,,,,,,,,,,,,,,,,,,,,,,,,,,,,,,,,,,,,,,,,,,,,,,,,,,,,
,,,,,,1513721,Building Materials,Decking & Railing,Deck Boards,,1513721,1nx6-20' Honey Grove Grooved - Trex Enhance Naturals Decking,TREX,,,Boise Cascade Building Materials (BOICA),"Trex Company, Inc.",Trex®,Trex®,1513721,,Building Materials>Decking & Railing>Deck Boards,"Trex Company, Inc., Trex®, Deck Boards, 1513721, Length 20 ft",DECK BOARDS 20 FT,Trex® 1513721 Deck Boards With 20 ft,"Trex® Deck Boards, 20 ft",,,Length: 20 ft,,,,,,,,,,,,,,,,,,,,,,,,,Deck Boards,Length,20,ft,,,,,,,,,,,,,,,,,,,,,,,,,,,,,,,,,,,,,,,,,,,,,,,,,,,,,,,,,,,,,,,,,,,,,,,,,,,,,,,,,,,,,,,,,,,,,,,,,,,,,,,,,,,,,,,,,,,,,,,,,,,,,,,,,,,,,,,,,,,,,,,,,,,,,,,,,,,,,,,,,,,,,,,,,,,,,,,,,,,,,,,,,,,,,,,,,,
,,,,,,1513724,Building Materials,Decking & Railing,Deck Boards,,1513724,1nx6-16' Tide Pool Sq Edge - Trex Enhance Basics Decking,TREX,,,Boise Cascade Building Materials (BOICA),"Trex Company, Inc.",Trex®,Trex®,1513724,,Building Materials>Decking & Railing>Deck Boards,"Trex Company, Inc., Trex®, Deck Boards, 1513724, Length 16 ft",DECK BOARDS 16 FT,Trex® 1513724 Deck Boards With 16 ft,"Trex® Deck Boards, 16 ft",,,Length: 16 ft,,,,,,,,,,,,,,,,,,,,,,,,,Deck Boards,Length,16,ft,,,,,,,,,,,,,,,,,,,,,,,,,,,,,,,,,,,,,,,,,,,,,,,,,,,,,,,,,,,,,,,,,,,,,,,,,,,,,,,,,,,,,,,,,,,,,,,,,,,,,,,,,,,,,,,,,,,,,,,,,,,,,,,,,,,,,,,,,,,,,,,,,,,,,,,,,,,,,,,,,,,,,,,,,,,,,,,,,,,,,,,,,,,,,,,,,,
,,,,,,1513725,Building Materials,Decking & Railing,Deck Boards,,1513725,1nx6-20' Tide Pool Sq Edge - Trex Enhance Basics Decking,TREX,,,Boise Cascade Building Materials (BOICA),"Trex Company, Inc.",Trex®,Trex®,1513725,,Building Materials>Decking & Railing>Deck Boards,"Trex Company, Inc., Trex®, Deck Boards, 1513725, Length 20 ft",DECK BOARDS 20 FT,Trex® 1513725 Deck Boards With 20 ft,"Trex® Deck Boards, 20 ft",,,Length: 20 ft,,,,,,,,,,,,,,,,,,,,,,,,,Deck Boards,Length,20,ft,,,,,,,,,,,,,,,,,,,,,,,,,,,,,,,,,,,,,,,,,,,,,,,,,,,,,,,,,,,,,,,,,,,,,,,,,,,,,,,,,,,,,,,,,,,,,,,,,,,,,,,,,,,,,,,,,,,,,,,,,,,,,,,,,,,,,,,,,,,,,,,,,,,,,,,,,,,,,,,,,,,,,,,,,,,,,,,,,,,,,,,,,,,,,,,,,,
,,,,,,1513726,Building Materials,Decking & Railing,Deck Boards,,1513726,1nx6-12' Tide Pool Grooved - Trex Enhance Basics Decking,TREX,,,Boise Cascade Building Materials (BOICA),"Trex Company, Inc.",Trex®,Trex®,1513726,,Building Materials>Decking & Railing>Deck Boards,"Trex Company, Inc., Trex®, Deck Boards, 1513726, Length 12 ft",DECK BOARDS 12 FT,Trex® 1513726 Deck Boards With 12 ft,"Trex® Deck Boards, 12 ft",,,Length: 12 ft,,,,,,,,,,,,,,,,,,,,,,,,,Deck Boards,Length,12,ft,,,,,,,,,,,,,,,,,,,,,,,,,,,,,,,,,,,,,,,,,,,,,,,,,,,,,,,,,,,,,,,,,,,,,,,,,,,,,,,,,,,,,,,,,,,,,,,,,,,,,,,,,,,,,,,,,,,,,,,,,,,,,,,,,,,,,,,,,,,,,,,,,,,,,,,,,,,,,,,,,,,,,,,,,,,,,,,,,,,,,,,,,,,,,,,,,,
,,,,,,1513727,Building Materials,Decking & Railing,Deck Boards,,1513727,1nx6-16' Tide Pool Grooved - Trex Enhance Basics Decking,TREX,,,Boise Cascade Building Materials (BOICA),"Trex Company, Inc.",Trex®,Trex®,1513727,,Building Materials>Decking & Railing>Deck Boards,"Trex Company, Inc., Trex®, Deck Boards, 1513727, Length 16 ft",DECK BOARDS 16 FT,Trex® 1513727 Deck Boards With 16 ft,"Trex® Deck Boards, 16 ft",,,Length: 16 ft,,,,,,,,,,,,,,,,,,,,,,,,,Deck Boards,Length,16,ft,,,,,,,,,,,,,,,,,,,,,,,,,,,,,,,,,,,,,,,,,,,,,,,,,,,,,,,,,,,,,,,,,,,,,,,,,,,,,,,,,,,,,,,,,,,,,,,,,,,,,,,,,,,,,,,,,,,,,,,,,,,,,,,,,,,,,,,,,,,,,,,,,,,,,,,,,,,,,,,,,,,,,,,,,,,,,,,,,,,,,,,,,,,,,,,,,,
,,,,,,1513728,Building Materials,Decking & Railing,Deck Boards,,1513728,1nx6-20' Tide Pool Grooved - Trex Enhance Basics Decking,TREX,,,Boise Cascade Building Materials (BOICA),"Trex Company, Inc.",Trex®,Trex®,1513728,,Building Materials>Decking & Railing>Deck Boards,"Trex Company, Inc., Trex®, Deck Boards, 1513728, Length 20 ft",DECK BOARDS 20 FT,Trex® 1513728 Deck Boards With 20 ft,"Trex® Deck Boards, 20 ft",,,Length: 20 ft,,,,,,,,,,,,,,,,,,,,,,,,,Deck Boards,Length,20,ft,,,,,,,,,,,,,,,,,,,,,,,,,,,,,,,,,,,,,,,,,,,,,,,,,,,,,,,,,,,,,,,,,,,,,,,,,,,,,,,,,,,,,,,,,,,,,,,,,,,,,,,,,,,,,,,,,,,,,,,,,,,,,,,,,,,,,,,,,,,,,,,,,,,,,,,,,,,,,,,,,,,,,,,,,,,,,,,,,,,,,,,,,,,,,,,,,,
,,,,,,543076016,Building Materials,Decking & Railing,Deck Boards,,543076016,1nx6-16' Cinnamon Cove Sq Edge - Trex Enhance Naturals Decking,TREX,,,Boise Cascade Building Materials (BOICA),"Trex Company, Inc.",Trex®,Trex®,543076016,,Building Materials>Decking & Railing>Deck Boards,"Trex Company, Inc., Trex®, Deck Boards, 543076016, Length 16 ft",DECK BOARDS 16 FT,Trex® 543076016 Deck Boards With 16 ft,"Trex® Deck Boards, 16 ft",,,Length: 16 ft,,,,,,,,,,,,,,,,,,,,,,,,,Deck Boards,Length,16,ft,,,,,,,,,,,,,,,,,,,,,,,,,,,,,,,,,,,,,,,,,,,,,,,,,,,,,,,,,,,,,,,,,,,,,,,,,,,,,,,,,,,,,,,,,,,,,,,,,,,,,,,,,,,,,,,,,,,,,,,,,,,,,,,,,,,,,,,,,,,,,,,,,,,,,,,,,,,,,,,,,,,,,,,,,,,,,,,,,,,,,,,,,,,,,,,,,,
,,,,,,543076020,Building Materials,Decking & Railing,Deck Boards,,543076020,1nx6-20' Cinnamon Cove Sq Edge - Trex Enhance Naturals Decking,TREX,,,Boise Cascade Building Materials (BOICA),"Trex Company, Inc.",Trex®,Trex®,543076020,,Building Materials>Decking & Railing>Deck Boards,"Trex Company, Inc., Trex®, Deck Boards, 543076020, Length 20 ft",DECK BOARDS 20 FT,Trex® 543076020 Deck Boards With 20 ft,"Trex® Deck Boards, 20 ft",,,Length: 20 ft,,,,,,,,,,,,,,,,,,,,,,,,,Deck Boards,Length,20,ft,,,,,,,,,,,,,,,,,,,,,,,,,,,,,,,,,,,,,,,,,,,,,,,,,,,,,,,,,,,,,,,,,,,,,,,,,,,,,,,,,,,,,,,,,,,,,,,,,,,,,,,,,,,,,,,,,,,,,,,,,,,,,,,,,,,,,,,,,,,,,,,,,,,,,,,,,,,,,,,,,,,,,,,,,,,,,,,,,,,,,,,,,,,,,,,,,,
,,,,,,543076412,Building Materials,Decking & Railing,Deck Boards,,543076412,1nx6-12' Cinnamon Cove Grooved - Trex Enhance Naturals Decking,TREX,,,Boise Cascade Building Materials (BOICA),"Trex Company, Inc.",Trex®,Trex®,543076412,,Building Materials>Decking & Railing>Deck Boards,"Trex Company, Inc., Trex®, Deck Boards, 543076412, Length 12 ft",DECK BOARDS 12 FT,Trex® 543076412 Deck Boards With 12 ft,"Trex® Deck Boards, 12 ft",,,Length: 12 ft,,,,,,,,,,,,,,,,,,,,,,,,,Deck Boards,Length,12,ft,,,,,,,,,,,,,,,,,,,,,,,,,,,,,,,,,,,,,,,,,,,,,,,,,,,,,,,,,,,,,,,,,,,,,,,,,,,,,,,,,,,,,,,,,,,,,,,,,,,,,,,,,,,,,,,,,,,,,,,,,,,,,,,,,,,,,,,,,,,,,,,,,,,,,,,,,,,,,,,,,,,,,,,,,,,,,,,,,,,,,,,,,,,,,,,,,,
,,,,,,543076416,Building Materials,Decking & Railing,Deck Boards,,543076416,1nx6-16' Cinnamon Cove Grooved - Trex Enhance Naturals Decking,TREX,,,Boise Cascade Building Materials (BOICA),"Trex Company, Inc.",Trex®,Trex®,543076416,,Building Materials>Decking & Railing>Deck Boards,"Trex Company, Inc., Trex®, Deck Boards, 543076416, Length 16 ft",DECK BOARDS 16 FT,Trex® 543076416 Deck Boards With 16 ft,"Trex® Deck Boards, 16 ft",,,Length: 16 ft,,,,,,,,,,,,,,,,,,,,,,,,,Deck Boards,Length,16,ft,,,,,,,,,,,,,,,,,,,,,,,,,,,,,,,,,,,,,,,,,,,,,,,,,,,,,,,,,,,,,,,,,,,,,,,,,,,,,,,,,,,,,,,,,,,,,,,,,,,,,,,,,,,,,,,,,,,,,,,,,,,,,,,,,,,,,,,,,,,,,,,,,,,,,,,,,,,,,,,,,,,,,,,,,,,,,,,,,,,,,,,,,,,,,,,,,,
,,,,,,543076420,Building Materials,Decking & Railing,Deck Boards,,543076420,1nx6-20' Cinnamon Cove Grooved - Trex Enhance Naturals Decking,TREX,,,Boise Cascade Building Materials (BOICA),"Trex Company, Inc.",Trex®,Trex®,543076420,,Building Materials>Decking & Railing>Deck Boards,"Trex Company, Inc., Trex®, Deck Boards, 543076420, Length 20 ft",DECK BOARDS 20 FT,Trex® 543076420 Deck Boards With 20 ft,"Trex® Deck Boards, 20 ft",,,Length: 20 ft,,,,,,,,,,,,,,,,,,,,,,,,,Deck Boards,Length,20,ft,,,,,,,,,,,,,,,,,,,,,,,,,,,,,,,,,,,,,,,,,,,,,,,,,,,,,,,,,,,,,,,,,,,,,,,,,,,,,,,,,,,,,,,,,,,,,,,,,,,,,,,,,,,,,,,,,,,,,,,,,,,,,,,,,,,,,,,,,,,,,,,,,,,,,,,,,,,,,,,,,,,,,,,,,,,,,,,,,,,,,,,,,,,,,,,,,,
,,,,,,1516870,Building Materials,Decking & Railing,Deck Boards,,1516870,1nx6-16' Golden Hour Sq Edge - Trex Enhance Naturals Decking,TREX,,,Boise Cascade Building Materials (BOICA),"Trex Company, Inc.",Trex®,Trex®,1516870,,Building Materials>Decking & Railing>Deck Boards,"Trex Company, Inc., Trex®, Deck Boards, 1516870, Length 16 ft",DECK BOARDS 16 FT,Trex® 1516870 Deck Boards With 16 ft,"Trex® Deck Boards, 16 ft",,,Length: 16 ft,,,,,,,,,,,,,,,,,,,,,,,,,Deck Boards,Length,16,ft,,,,,,,,,,,,,,,,,,,,,,,,,,,,,,,,,,,,,,,,,,,,,,,,,,,,,,,,,,,,,,,,,,,,,,,,,,,,,,,,,,,,,,,,,,,,,,,,,,,,,,,,,,,,,,,,,,,,,,,,,,,,,,,,,,,,,,,,,,,,,,,,,,,,,,,,,,,,,,,,,,,,,,,,,,,,,,,,,,,,,,,,,,,,,,,,,,
,,,,,,1516871,Building Materials,Decking & Railing,Deck Boards,,1516871,1nx6-20' Golden Hour Sq Edge - Trex Enhance Naturals Decking,TREX,,,Boise Cascade Building Materials (BOICA),"Trex Company, Inc.",Trex®,Trex®,1516871,,Building Materials>Decking & Railing>Deck Boards,"Trex Company, Inc., Trex®, Deck Boards, 1516871, Length 20 ft",DECK BOARDS 20 FT,Trex® 1516871 Deck Boards With 20 ft,"Trex® Deck Boards, 20 ft",,,Length: 20 ft,,,,,,,,,,,,,,,,,,,,,,,,,Deck Boards,Length,20,ft,,,,,,,,,,,,,,,,,,,,,,,,,,,,,,,,,,,,,,,,,,,,,,,,,,,,,,,,,,,,,,,,,,,,,,,,,,,,,,,,,,,,,,,,,,,,,,,,,,,,,,,,,,,,,,,,,,,,,,,,,,,,,,,,,,,,,,,,,,,,,,,,,,,,,,,,,,,,,,,,,,,,,,,,,,,,,,,,,,,,,,,,,,,,,,,,,,
,,,,,,1516872,Building Materials,Decking & Railing,Deck Boards,,1516872,1nx6-12' Golden Hour Grooved - Trex Enhance Naturals Decking,TREX,,,Boise Cascade Building Materials (BOICA),"Trex Company, Inc.",Trex®,Trex®,1516872,,Building Materials>Decking & Railing>Deck Boards,"Trex Company, Inc., Trex®, Deck Boards, 1516872, Length 12 ft",DECK BOARDS 12 FT,Trex® 1516872 Deck Boards With 12 ft,"Trex® Deck Boards, 12 ft",,,Length: 12 ft,,,,,,,,,,,,,,,,,,,,,,,,,Deck Boards,Length,12,ft,,,,,,,,,,,,,,,,,,,,,,,,,,,,,,,,,,,,,,,,,,,,,,,,,,,,,,,,,,,,,,,,,,,,,,,,,,,,,,,,,,,,,,,,,,,,,,,,,,,,,,,,,,,,,,,,,,,,,,,,,,,,,,,,,,,,,,,,,,,,,,,,,,,,,,,,,,,,,,,,,,,,,,,,,,,,,,,,,,,,,,,,,,,,,,,,,,
,,,,,,1516873,Building Materials,Decking & Railing,Deck Boards,,1516873,1nx6-16' Golden Hour Grooved - Trex Enhance Naturals Decking,TREX,,,Boise Cascade Building Materials (BOICA),"Trex Company, Inc.",Trex®,Trex®,1516873,,Building Materials>Decking & Railing>Deck Boards,"Trex Company, Inc., Trex®, Deck Boards, 1516873, Length 16 ft",DECK BOARDS 16 FT,Trex® 1516873 Deck Boards With 16 ft,"Trex® Deck Boards, 16 ft",,,Length: 16 ft,,,,,,,,,,,,,,,,,,,,,,,,,Deck Boards,Length,16,ft,,,,,,,,,,,,,,,,,,,,,,,,,,,,,,,,,,,,,,,,,,,,,,,,,,,,,,,,,,,,,,,,,,,,,,,,,,,,,,,,,,,,,,,,,,,,,,,,,,,,,,,,,,,,,,,,,,,,,,,,,,,,,,,,,,,,,,,,,,,,,,,,,,,,,,,,,,,,,,,,,,,,,,,,,,,,,,,,,,,,,,,,,,,,,,,,,,
,,,,,,1516874,Building Materials,Decking & Railing,Deck Boards,,1516874,1nx6-20' Golden Hour Grooved - Trex Enhance Naturals Decking,TREX,,,Boise Cascade Building Materials (BOICA),"Trex Company, Inc.",Trex®,Trex®,1516874,,Building Materials>Decking & Railing>Deck Boards,"Trex Company, Inc., Trex®, Deck Boards, 1516874, Length 20 ft",DECK BOARDS 20 FT,Trex® 1516874 Deck Boards With 20 ft,"Trex® Deck Boards, 20 ft",,,Length: 20 ft,,,,,,,,,,,,,,,,,,,,,,,,,Deck Boards,Length,20,ft,,,,,,,,,,,,,,,,,,,,,,,,,,,,,,,,,,,,,,,,,,,,,,,,,,,,,,,,,,,,,,,,,,,,,,,,,,,,,,,,,,,,,,,,,,,,,,,,,,,,,,,,,,,,,,,,,,,,,,,,,,,,,,,,,,,,,,,,,,,,,,,,,,,,,,,,,,,,,,,,,,,,,,,,,,,,,,,,,,,,,,,,,,,,,,,,,,
,,,,,,1516879,Building Materials,Decking & Railing,Deck Boards,,1516879,1nx6-16' Pebble Beach Sq Edge - Trex Enhance Basics Decking,TREX,,,Boise Cascade Building Materials (BOICA),"Trex Company, Inc.",Trex®,Trex®,1516879,,Building Materials>Decking & Railing>Deck Boards,"Trex Company, Inc., Trex®, Deck Boards, 1516879, Length 16 ft",DECK BOARDS 16 FT,Trex® 1516879 Deck Boards With 16 ft,"Trex® Deck Boards, 16 ft",,,Length: 16 ft,,,,,,,,,,,,,,,,,,,,,,,,,Deck Boards,Length,16,ft,,,,,,,,,,,,,,,,,,,,,,,,,,,,,,,,,,,,,,,,,,,,,,,,,,,,,,,,,,,,,,,,,,,,,,,,,,,,,,,,,,,,,,,,,,,,,,,,,,,,,,,,,,,,,,,,,,,,,,,,,,,,,,,,,,,,,,,,,,,,,,,,,,,,,,,,,,,,,,,,,,,,,,,,,,,,,,,,,,,,,,,,,,,,,,,,,,
,,,,,,1516880,Building Materials,Decking & Railing,Deck Boards,,1516880,1nx6-20' Pebble Beach Sq Edge - Trex Enhance Basics Decking,TREX,,,Boise Cascade Building Materials (BOICA),"Trex Company, Inc.",Trex®,Trex®,1516880,,Building Materials>Decking & Railing>Deck Boards,"Trex Company, Inc., Trex®, Deck Boards, 1516880, Length 20 ft",DECK BOARDS 20 FT,Trex® 1516880 Deck Boards With 20 ft,"Trex® Deck Boards, 20 ft",,,Length: 20 ft,,,,,,,,,,,,,,,,,,,,,,,,,Deck Boards,Length,20,ft,,,,,,,,,,,,,,,,,,,,,,,,,,,,,,,,,,,,,,,,,,,,,,,,,,,,,,,,,,,,,,,,,,,,,,,,,,,,,,,,,,,,,,,,,,,,,,,,,,,,,,,,,,,,,,,,,,,,,,,,,,,,,,,,,,,,,,,,,,,,,,,,,,,,,,,,,,,,,,,,,,,,,,,,,,,,,,,,,,,,,,,,,,,,,,,,,,
,,,,,,1516881,Building Materials,Decking & Railing,Deck Boards,,1516881,1nx6-12' Pebble Beach Grooved - Trex Enhance Basics Decking,TREX,,,Boise Cascade Building Materials (BOICA),"Trex Company, Inc.",Trex®,Trex®,1516881,,Building Materials>Decking & Railing>Deck Boards,"Trex Company, Inc., Trex®, Deck Boards, 1516881, Length 12 ft",DECK BOARDS 12 FT,Trex® 1516881 Deck Boards With 12 ft,"Trex® Deck Boards, 12 ft",,,Length: 12 ft,,,,,,,,,,,,,,,,,,,,,,,,,Deck Boards,Length,12,ft,,,,,,,,,,,,,,,,,,,,,,,,,,,,,,,,,,,,,,,,,,,,,,,,,,,,,,,,,,,,,,,,,,,,,,,,,,,,,,,,,,,,,,,,,,,,,,,,,,,,,,,,,,,,,,,,,,,,,,,,,,,,,,,,,,,,,,,,,,,,,,,,,,,,,,,,,,,,,,,,,,,,,,,,,,,,,,,,,,,,,,,,,,,,,,,,,,
,,,,,,1516882,Building Materials,Decking & Railing,Deck Boards,,1516882,1nx6-16' Pebble Beach Grooved - Trex Enhance Basics Decking,TREX,,,Boise Cascade Building Materials (BOICA),"Trex Company, Inc.",Trex®,Trex®,1516882,,Building Materials>Decking & Railing>Deck Boards,"Trex Company, Inc., Trex®, Deck Boards, 1516882, Length 16 ft",DECK BOARDS 16 FT,Trex® 1516882 Deck Boards With 16 ft,"Trex® Deck Boards, 16 ft",,,Length: 16 ft,,,,,,,,,,,,,,,,,,,,,,,,,Deck Boards,Length,16,ft,,,,,,,,,,,,,,,,,,,,,,,,,,,,,,,,,,,,,,,,,,,,,,,,,,,,,,,,,,,,,,,,,,,,,,,,,,,,,,,,,,,,,,,,,,,,,,,,,,,,,,,,,,,,,,,,,,,,,,,,,,,,,,,,,,,,,,,,,,,,,,,,,,,,,,,,,,,,,,,,,,,,,,,,,,,,,,,,,,,,,,,,,,,,,,,,,,
,,,,,,1516883,Building Materials,Decking & Railing,Deck Boards,,1516883,1nx6-20' Pebble Beach Grooved - Trex Enhance Basics Decking,TREX,,,Boise Cascade Building Materials (BOICA),"Trex Company, Inc.",Trex®,Trex®,1516883,,Building Materials>Decking & Railing>Deck Boards,"Trex Company, Inc., Trex®, Deck Boards, 1516883, Length 20 ft",DECK BOARDS 20 FT,Trex® 1516883 Deck Boards With 20 ft,"Trex® Deck Boards, 20 ft",,,Length: 20 ft,,,,,,,,,,,,,,,,,,,,,,,,,Deck Boards,Length,20,ft,,,,,,,,,,,,,,,,,,,,,,,,,,,,,,,,,,,,,,,,,,,,,,,,,,,,,,,,,,,,,,,,,,,,,,,,,,,,,,,,,,,,,,,,,,,,,,,,,,,,,,,,,,,,,,,,,,,,,,,,,,,,,,,,,,,,,,,,,,,,,,,,,,,,,,,,,,,,,,,,,,,,,,,,,,,,,,,,,,,,,,,,,,,,,,,,,,
,,,,,,543005016,Building Materials,Decking & Railing,Deck Boards,,543005016,7/8nx6-16' Malted Barley Sq Edge - Trex Select 2.0 Decking,TREX,,,Boise Cascade Building Materials (BOICA),"Trex Company, Inc.",Trex®,Trex®,543005016,,Building Materials>Decking & Railing>Deck Boards,"Trex Company, Inc., Trex®, Deck Boards, 543005016, Length 16 ft",DECK BOARDS 16 FT,Trex® 543005016 Deck Boards With 16 ft,"Trex® Deck Boards, 16 ft",,,Length: 16 ft,,,,,,,,,,,,,,,,,,,,,,,,,Deck Boards,Length,16,ft,,,,,,,,,,,,,,,,,,,,,,,,,,,,,,,,,,,,,,,,,,,,,,,,,,,,,,,,,,,,,,,,,,,,,,,,,,,,,,,,,,,,,,,,,,,,,,,,,,,,,,,,,,,,,,,,,,,,,,,,,,,,,,,,,,,,,,,,,,,,,,,,,,,,,,,,,,,,,,,,,,,,,,,,,,,,,,,,,,,,,,,,,,,,,,,,,,
,,,,,,543005020,Building Materials,Decking & Railing,Deck Boards,,543005020,7/8nx6-20' Malted Barley Sq Edge - Trex Select 2.0 Decking,TREX,,,Boise Cascade Building Materials (BOICA),"Trex Company, Inc.",Trex®,Trex®,543005020,,Building Materials>Decking & Railing>Deck Boards,"Trex Company, Inc., Trex®, Deck Boards, 543005020, Length 20 ft",DECK BOARDS 20 FT,Trex® 543005020 Deck Boards With 20 ft,"Trex® Deck Boards, 20 ft",,,Length: 20 ft,,,,,,,,,,,,,,,,,,,,,,,,,Deck Boards,Length,20,ft,,,,,,,,,,,,,,,,,,,,,,,,,,,,,,,,,,,,,,,,,,,,,,,,,,,,,,,,,,,,,,,,,,,,,,,,,,,,,,,,,,,,,,,,,,,,,,,,,,,,,,,,,,,,,,,,,,,,,,,,,,,,,,,,,,,,,,,,,,,,,,,,,,,,,,,,,,,,,,,,,,,,,,,,,,,,,,,,,,,,,,,,,,,,,,,,,,
,,,,,,543005412,Building Materials,Decking & Railing,Deck Boards,,543005412,7/8nx6-12' Malted Barley Grooved - Trex Select 2.0 Decking,TREX,,,Boise Cascade Building Materials (BOICA),"Trex Company, Inc.",Trex®,Trex®,543005412,,Building Materials>Decking & Railing>Deck Boards,"Trex Company, Inc., Trex®, Deck Boards, 543005412, Length 12 ft",DECK BOARDS 12 FT,Trex® 543005412 Deck Boards With 12 ft,"Trex® Deck Boards, 12 ft",,,Length: 12 ft,,,,,,,,,,,,,,,,,,,,,,,,,Deck Boards,Length,12,ft,,,,,,,,,,,,,,,,,,,,,,,,,,,,,,,,,,,,,,,,,,,,,,,,,,,,,,,,,,,,,,,,,,,,,,,,,,,,,,,,,,,,,,,,,,,,,,,,,,,,,,,,,,,,,,,,,,,,,,,,,,,,,,,,,,,,,,,,,,,,,,,,,,,,,,,,,,,,,,,,,,,,,,,,,,,,,,,,,,,,,,,,,,,,,,,,,,
,,,,,,543005416,Building Materials,Decking & Railing,Deck Boards,,543005416,7/8nx6-16' Malted Barley Grooved - Trex Select 2.0 Decking,TREX,,,Boise Cascade Building Materials (BOICA),"Trex Company, Inc.",Trex®,Trex®,543005416,,Building Materials>Decking & Railing>Deck Boards,"Trex Company, Inc., Trex®, Deck Boards, 543005416, Length 16 ft",DECK BOARDS 16 FT,Trex® 543005416 Deck Boards With 16 ft,"Trex® Deck Boards, 16 ft",,,Length: 16 ft,,,,,,,,,,,,,,,,,,,,,,,,,Deck Boards,Length,16,ft,,,,,,,,,,,,,,,,,,,,,,,,,,,,,,,,,,,,,,,,,,,,,,,,,,,,,,,,,,,,,,,,,,,,,,,,,,,,,,,,,,,,,,,,,,,,,,,,,,,,,,,,,,,,,,,,,,,,,,,,,,,,,,,,,,,,,,,,,,,,,,,,,,,,,,,,,,,,,,,,,,,,,,,,,,,,,,,,,,,,,,,,,,,,,,,,,,
,,,,,,543005420,Building Materials,Decking & Railing,Deck Boards,,543005420,7/8nx6-20' Malted Barley Grooved - Trex Select 2.0 Decking,TREX,,,Boise Cascade Building Materials (BOICA),"Trex Company, Inc.",Trex®,Trex®,543005420,,Building Materials>Decking & Railing>Deck Boards,"Trex Company, Inc., Trex®, Deck Boards, 543005420, Length 20 ft",DECK BOARDS 20 FT,Trex® 543005420 Deck Boards With 20 ft,"Trex® Deck Boards, 20 ft",,,Length: 20 ft,,,,,,,,,,,,,,,,,,,,,,,,,Deck Boards,Length,20,ft,,,,,,,,,,,,,,,,,,,,,,,,,,,,,,,,,,,,,,,,,,,,,,,,,,,,,,,,,,,,,,,,,,,,,,,,,,,,,,,,,,,,,,,,,,,,,,,,,,,,,,,,,,,,,,,,,,,,,,,,,,,,,,,,,,,,,,,,,,,,,,,,,,,,,,,,,,,,,,,,,,,,,,,,,,,,,,,,,,,,,,,,,,,,,,,,,,
,,,,,,1516891,Building Materials,Decking & Railing,Deck Boards,,1516891,7/8nx6-16' Millstone Sq Edge - Trex Select 2.0 Decking,TREX,,,Boise Cascade Building Materials (BOICA),"Trex Company, Inc.",Trex®,Trex®,1516891,,Building Materials>Decking & Railing>Deck Boards,"Trex Company, Inc., Trex®, Deck Boards, 1516891, Length 16 ft",DECK BOARDS 16 FT,Trex® 1516891 Deck Boards With 16 ft,"Trex® Deck Boards, 16 ft",,,Length: 16 ft,,,,,,,,,,,,,,,,,,,,,,,,,Deck Boards,Length,16,ft,,,,,,,,,,,,,,,,,,,,,,,,,,,,,,,,,,,,,,,,,,,,,,,,,,,,,,,,,,,,,,,,,,,,,,,,,,,,,,,,,,,,,,,,,,,,,,,,,,,,,,,,,,,,,,,,,,,,,,,,,,,,,,,,,,,,,,,,,,,,,,,,,,,,,,,,,,,,,,,,,,,,,,,,,,,,,,,,,,,,,,,,,,,,,,,,,,
,,,,,,1516892,Building Materials,Decking & Railing,Deck Boards,,1516892,7/8nx6-20' Millstone Sq Edge -Trex Select 2.0 Decking,TREX,,,Boise Cascade Building Materials (BOICA),"Trex Company, Inc.",Trex®,Trex®,1516892,,Building Materials>Decking & Railing>Deck Boards,"Trex Company, Inc., Trex®, Deck Boards, 1516892, Length 20 ft",DECK BOARDS 20 FT,Trex® 1516892 Deck Boards With 20 ft,"Trex® Deck Boards, 20 ft",,,Length: 20 ft,,,,,,,,,,,,,,,,,,,,,,,,,Deck Boards,Length,20,ft,,,,,,,,,,,,,,,,,,,,,,,,,,,,,,,,,,,,,,,,,,,,,,,,,,,,,,,,,,,,,,,,,,,,,,,,,,,,,,,,,,,,,,,,,,,,,,,,,,,,,,,,,,,,,,,,,,,,,,,,,,,,,,,,,,,,,,,,,,,,,,,,,,,,,,,,,,,,,,,,,,,,,,,,,,,,,,,,,,,,,,,,,,,,,,,,,,
,,,,,,1516893,Building Materials,Decking & Railing,Deck Boards,,1516893,7/8nx6-12' Millstone Grooved - Trex Select 2.0 Decking,TREX,,,Boise Cascade Building Materials (BOICA),"Trex Company, Inc.",Trex®,Trex®,1516893,,Building Materials>Decking & Railing>Deck Boards,"Trex Company, Inc., Trex®, Deck Boards, 1516893, Length 12 ft",DECK BOARDS 12 FT,Trex® 1516893 Deck Boards With 12 ft,"Trex® Deck Boards, 12 ft",,,Length: 12 ft,,,,,,,,,,,,,,,,,,,,,,,,,Deck Boards,Length,12,ft,,,,,,,,,,,,,,,,,,,,,,,,,,,,,,,,,,,,,,,,,,,,,,,,,,,,,,,,,,,,,,,,,,,,,,,,,,,,,,,,,,,,,,,,,,,,,,,,,,,,,,,,,,,,,,,,,,,,,,,,,,,,,,,,,,,,,,,,,,,,,,,,,,,,,,,,,,,,,,,,,,,,,,,,,,,,,,,,,,,,,,,,,,,,,,,,,,
,,,,,,1516894,Building Materials,Decking & Railing,Deck Boards,,1516894,7/8nx6-16' Millstone Grooved - Trex Select 2.0 Decking,TREX,,,Boise Cascade Building Materials (BOICA),"Trex Company, Inc.",Trex®,Trex®,1516894,,Building Materials>Decking & Railing>Deck Boards,"Trex Company, Inc., Trex®, Deck Boards, 1516894, Length 16 ft",DECK BOARDS 16 FT,Trex® 1516894 Deck Boards With 16 ft,"Trex® Deck Boards, 16 ft",,,Length: 16 ft,,,,,,,,,,,,,,,,,,,,,,,,,Deck Boards,Length,16,ft,,,,,,,,,,,,,,,,,,,,,,,,,,,,,,,,,,,,,,,,,,,,,,,,,,,,,,,,,,,,,,,,,,,,,,,,,,,,,,,,,,,,,,,,,,,,,,,,,,,,,,,,,,,,,,,,,,,,,,,,,,,,,,,,,,,,,,,,,,,,,,,,,,,,,,,,,,,,,,,,,,,,,,,,,,,,,,,,,,,,,,,,,,,,,,,,,,
,,,,,,1516895,Building Materials,Decking & Railing,Deck Boards,,1516895,7/8nx6-20' Millstone Grooved - Trex Select 2.0 Decking,TREX,,,Boise Cascade Building Materials (BOICA),"Trex Company, Inc.",Trex®,Trex®,1516895,,Building Materials>Decking & Railing>Deck Boards,"Trex Company, Inc., Trex®, Deck Boards, 1516895, Length 20 ft",DECK BOARDS 20 FT,Trex® 1516895 Deck Boards With 20 ft,"Trex® Deck Boards, 20 ft",,,Length: 20 ft,,,,,,,,,,,,,,,,,,,,,,,,,Deck Boards,Length,20,ft,,,,,,,,,,,,,,,,,,,,,,,,,,,,,,,,,,,,,,,,,,,,,,,,,,,,,,,,,,,,,,,,,,,,,,,,,,,,,,,,,,,,,,,,,,,,,,,,,,,,,,,,,,,,,,,,,,,,,,,,,,,,,,,,,,,,,,,,,,,,,,,,,,,,,,,,,,,,,,,,,,,,,,,,,,,,,,,,,,,,,,,,,,,,,,,,,,
,,,,,,543007016,Building Materials,Decking & Railing,Deck Boards,,543007016,7/8nx6-16' Whiskey Barrel Sq Edge - Trex Select 2.0 Decking,TREX,,,Boise Cascade Building Materials (BOICA),"Trex Company, Inc.",Trex®,Trex®,543007016,,Building Materials>Decking & Railing>Deck Boards,"Trex Company, Inc., Trex®, Deck Boards, 543007016, Length 16 ft",DECK BOARDS 16 FT,Trex® 543007016 Deck Boards With 16 ft,"Trex® Deck Boards, 16 ft",,,Length: 16 ft,,,,,,,,,,,,,,,,,,,,,,,,,Deck Boards,Length,16,ft,,,,,,,,,,,,,,,,,,,,,,,,,,,,,,,,,,,,,,,,,,,,,,,,,,,,,,,,,,,,,,,,,,,,,,,,,,,,,,,,,,,,,,,,,,,,,,,,,,,,,,,,,,,,,,,,,,,,,,,,,,,,,,,,,,,,,,,,,,,,,,,,,,,,,,,,,,,,,,,,,,,,,,,,,,,,,,,,,,,,,,,,,,,,,,,,,,
,,,,,,543007020,Building Materials,Decking & Railing,Deck Boards,,543007020,7/8nx6-20' Whiskey Barrel Sq Edge - Trex Select 2.0 Decking,TREX,,,Boise Cascade Building Materials (BOICA),"Trex Company, Inc.",Trex®,Trex®,543007020,,Building Materials>Decking & Railing>Deck Boards,"Trex Company, Inc., Trex®, Deck Boards, 543007020, Length 20 ft",DECK BOARDS 20 FT,Trex® 543007020 Deck Boards With 20 ft,"Trex® Deck Boards, 20 ft",,,Length: 20 ft,,,,,,,,,,,,,,,,,,,,,,,,,Deck Boards,Length,20,ft,,,,,,,,,,,,,,,,,,,,,,,,,,,,,,,,,,,,,,,,,,,,,,,,,,,,,,,,,,,,,,,,,,,,,,,,,,,,,,,,,,,,,,,,,,,,,,,,,,,,,,,,,,,,,,,,,,,,,,,,,,,,,,,,,,,,,,,,,,,,,,,,,,,,,,,,,,,,,,,,,,,,,,,,,,,,,,,,,,,,,,,,,,,,,,,,,,
,,,,,,543007412,Building Materials,Decking & Railing,Deck Boards,,543007412,7/8nx6-12' Whiskey Barrel Grooved - Trex Select 2.0 Decking,TREX,,,Boise Cascade Building Materials (BOICA),"Trex Company, Inc.",Trex®,Trex®,543007412,,Building Materials>Decking & Railing>Deck Boards,"Trex Company, Inc., Trex®, Deck Boards, 543007412, Length 12 ft",DECK BOARDS 12 FT,Trex® 543007412 Deck Boards With 12 ft,"Trex® Deck Boards, 12 ft",,,Length: 12 ft,,,,,,,,,,,,,,,,,,,,,,,,,Deck Boards,Length,12,ft,,,,,,,,,,,,,,,,,,,,,,,,,,,,,,,,,,,,,,,,,,,,,,,,,,,,,,,,,,,,,,,,,,,,,,,,,,,,,,,,,,,,,,,,,,,,,,,,,,,,,,,,,,,,,,,,,,,,,,,,,,,,,,,,,,,,,,,,,,,,,,,,,,,,,,,,,,,,,,,,,,,,,,,,,,,,,,,,,,,,,,,,,,,,,,,,,,
,,,,,,543007416,Building Materials,Decking & Railing,Deck Boards,,543007416,7/8nx6-16' Whiskey Barrel Grooved - Trex Select 2.0 Decking,TREX,,,Boise Cascade Building Materials (BOICA),"Trex Company, Inc.",Trex®,Trex®,543007416,,Building Materials>Decking & Railing>Deck Boards,"Trex Company, Inc., Trex®, Deck Boards, 543007416, Length 16 ft",DECK BOARDS 16 FT,Trex® 543007416 Deck Boards With 16 ft,"Trex® Deck Boards, 16 ft",,,Length: 16 ft,,,,,,,,,,,,,,,,,,,,,,,,,Deck Boards,Length,16,ft,,,,,,,,,,,,,,,,,,,,,,,,,,,,,,,,,,,,,,,,,,,,,,,,,,,,,,,,,,,,,,,,,,,,,,,,,,,,,,,,,,,,,,,,,,,,,,,,,,,,,,,,,,,,,,,,,,,,,,,,,,,,,,,,,,,,,,,,,,,,,,,,,,,,,,,,,,,,,,,,,,,,,,,,,,,,,,,,,,,,,,,,,,,,,,,,,,
,,,,,,543007420,Building Materials,Decking & Railing,Deck Boards,,543007420,7/8nx6-20' Whiskey Barrel Grooved - Trex Select 2.0 Decking,TREX,,,Boise Cascade Building Materials (BOICA),"Trex Company, Inc.",Trex®,Trex®,543007420,,Building Materials>Decking & Railing>Deck Boards,"Trex Company, Inc., Trex®, Deck Boards, 543007420, Length 20 ft",DECK BOARDS 20 FT,Trex® 543007420 Deck Boards With 20 ft,"Trex® Deck Boards, 20 ft",,,Length: 20 ft,,,,,,,,,,,,,,,,,,,,,,,,,Deck Boards,Length,20,ft,,,,,,,,,,,,,,,,,,,,,,,,,,,,,,,,,,,,,,,,,,,,,,,,,,,,,,,,,,,,,,,,,,,,,,,,,,,,,,,,,,,,,,,,,,,,,,,,,,,,,,,,,,,,,,,,,,,,,,,,,,,,,,,,,,,,,,,,,,,,,,,,,,,,,,,,,,,,,,,,,,,,,,,,,,,,,,,,,,,,,,,,,,,,,,,,,,
,,,,,,ADR5117512CS,Building Materials,Decking & Railing,Fascia Boards,,ADR5117512CS,1x12-12' Coastline - Vintage Azek PVC Fascia,TIMBERTECH,,,Parksite (6151),Timbertech (Azek Building Products),TimberTech®,TimberTech®,ADR5117512CS,,Building Materials>Decking & Railing>Fascia Boards,"Timbertech (Azek Building Products), TimberTech®, Fascia Boards, ADR5117512CS",FASCIA BOARDS 1 IN 12 IN 12 FT,"TimberTech® ADR5117512CS Fascia Boards With 1 in, 12 in, 12 ft","TimberTech® Fascia Boards, 1 in, 12 in, 12 ft",,,Thickness: 1 in,Width: 12 in,Length: 12 ft,,,,,,,,,,,,,,,,,,,,,,,Fascia Boards,Thickness,1,in,Width,12,in,Length,12,ft,,,,,,,,,,,,,,,,,,,,,,,,,,,,,,,,,,,,,,,,,,,,,,,,,,,,,,,,,,,,,,,,,,,,,,,,,,,,,,,,,,,,,,,,,,,,,,,,,,,,,,,,,,,,,,,,,,,,,,,,,,,,,,,,,,,,,,,,,,,,,,,,,,,,,,,,,,,,,,,,,,,,,,,,,,,,,,,,,,,,,,,,,,,,
,,,,,,ADR5117512MH,Building Materials,Decking & Railing,Fascia Boards,,ADR5117512MH,1x12-12' Mahogany - Vintage Azek PVC Fascia,TIMBERTECH,,,Parksite (6151),Timbertech (Azek Building Products),TimberTech®,TimberTech®,ADR5117512MH,,Building Materials>Decking & Railing>Fascia Boards,"Timbertech (Azek Building Products), TimberTech®, Fascia Boards, ADR5117512MH",FASCIA BOARDS 1 IN 12 IN 12 FT,"TimberTech® ADR5117512MH Fascia Boards With 1 in, 12 in, 12 ft","TimberTech® Fascia Boards, 1 in, 12 in, 12 ft",,,Thickness: 1 in,Width: 12 in,Length: 12 ft,,,,,,,,,,,,,,,,,,,,,,,Fascia Boards,Thickness,1,in,Width,12,in,Length,12,ft,,,,,,,,,,,,,,,,,,,,,,,,,,,,,,,,,,,,,,,,,,,,,,,,,,,,,,,,,,,,,,,,,,,,,,,,,,,,,,,,,,,,,,,,,,,,,,,,,,,,,,,,,,,,,,,,,,,,,,,,,,,,,,,,,,,,,,,,,,,,,,,,,,,,,,,,,,,,,,,,,,,,,,,,,,,,,,,,,,,,,,,,,,,,
,,,,,,ADR5117512WT,Building Materials,Decking & Railing,Fascia Boards,,ADR5117512WT,1x12-12' Weathered Teak - Vintage Azek PVC Fascia,TIMBERTECH,,,Parksite (6151),Timbertech (Azek Building Products),TimberTech®,TimberTech®,ADR5117512WT,,Building Materials>Decking & Railing>Fascia Boards,"Timbertech (Azek Building Products), TimberTech®, Fascia Boards, ADR5117512WT",FASCIA BOARDS 1 IN 12 IN 12 FT,"TimberTech® ADR5117512WT Fascia Boards With 1 in, 12 in, 12 ft","TimberTech® Fascia Boards, 1 in, 12 in, 12 ft",,,Thickness: 1 in,Width: 12 in,Length: 12 ft,,,,,,,,,,,,,,,,,,,,,,,Fascia Boards,Thickness,1,in,Width,12,in,Length,12,ft,,,,,,,,,,,,,,,,,,,,,,,,,,,,,,,,,,,,,,,,,,,,,,,,,,,,,,,,,,,,,,,,,,,,,,,,,,,,,,,,,,,,,,,,,,,,,,,,,,,,,,,,,,,,,,,,,,,,,,,,,,,,,,,,,,,,,,,,,,,,,,,,,,,,,,,,,,,,,,,,,,,,,,,,,,,,,,,,,,,,,,,,,,,,
,,,,,,ADR5117512AW,Building Materials,Decking & Railing,Fascia Boards,,ADR5117512AW,1x12-12' American Walnut - Landmark Azek PVC Fascia,TIMBERTECH,,,Parksite (6151),Timbertech (Azek Building Products),TimberTech®,TimberTech®,ADR5117512AW,,Building Materials>Decking & Railing>Fascia Boards,"Timbertech (Azek Building Products), TimberTech®, Fascia Boards, ADR5117512AW",FASCIA BOARDS 1 IN 12 IN 12 FT,"TimberTech® ADR5117512AW Fascia Boards With 1 in, 12 in, 12 ft","TimberTech® Fascia Boards, 1 in, 12 in, 12 ft",,,Thickness: 1 in,Width: 12 in,Length: 12 ft,,,,,,,,,,,,,,,,,,,,,,,Fascia Boards,Thickness,1,in,Width,12,in,Length,12,ft,,,,,,,,,,,,,,,,,,,,,,,,,,,,,,,,,,,,,,,,,,,,,,,,,,,,,,,,,,,,,,,,,,,,,,,,,,,,,,,,,,,,,,,,,,,,,,,,,,,,,,,,,,,,,,,,,,,,,,,,,,,,,,,,,,,,,,,,,,,,,,,,,,,,,,,,,,,,,,,,,,,,,,,,,,,,,,,,,,,,,,,,,,,,
,,,,,,ADR5117512CG,Building Materials,Decking & Railing,Fascia Boards,,ADR5117512CG,1x12-12' Castle Gate - Landmark Azek PVC Fascia,TIMBERTECH,,,Parksite (6151),Timbertech (Azek Building Products),TimberTech®,TimberTech®,ADR5117512CG,,Building Materials>Decking & Railing>Fascia Boards,"Timbertech (Azek Building Products), TimberTech®, Fascia Boards, ADR5117512CG",FASCIA BOARDS 1 IN 12 IN 12 FT,"TimberTech® ADR5117512CG Fascia Boards With 1 in, 12 in, 12 ft","TimberTech® Fascia Boards, 1 in, 12 in, 12 ft",,,Thickness: 1 in,Width: 12 in,Length: 12 ft,,,,,,,,,,,,,,,,,,,,,,,Fascia Boards,Thickness,1,in,Width,12,in,Length,12,ft,,,,,,,,,,,,,,,,,,,,,,,,,,,,,,,,,,,,,,,,,,,,,,,,,,,,,,,,,,,,,,,,,,,,,,,,,,,,,,,,,,,,,,,,,,,,,,,,,,,,,,,,,,,,,,,,,,,,,,,,,,,,,,,,,,,,,,,,,,,,,,,,,,,,,,,,,,,,,,,,,,,,,,,,,,,,,,,,,,,,,,,,,,,,
,,,,,,ADR5117512FW,Building Materials,Decking & Railing,Fascia Boards,,ADR5117512FW,1x12-12' French White Oak - Landmark Azek PVC Fascia,TIMBERTECH,,,Parksite (6151),Timbertech (Azek Building Products),TimberTech®,TimberTech®,ADR5117512FW,,Building Materials>Decking & Railing>Fascia Boards,"Timbertech (Azek Building Products), TimberTech®, Fascia Boards, ADR5117512FW",FASCIA BOARDS 1 IN 12 IN 12 FT,"TimberTech® ADR5117512FW Fascia Boards With 1 in, 12 in, 12 ft","TimberTech® Fascia Boards, 1 in, 12 in, 12 ft",,,Thickness: 1 in,Width: 12 in,Length: 12 ft,,,,,,,,,,,,,,,,,,,,,,,Fascia Boards,Thickness,1,in,Width,12,in,Length,12,ft,,,,,,,,,,,,,,,,,,,,,,,,,,,,,,,,,,,,,,,,,,,,,,,,,,,,,,,,,,,,,,,,,,,,,,,,,,,,,,,,,,,,,,,,,,,,,,,,,,,,,,,,,,,,,,,,,,,,,,,,,,,,,,,,,,,,,,,,,,,,,,,,,,,,,,,,,,,,,,,,,,,,,,,,,,,,,,,,,,,,,,,,,,,,
,,,,,,1508395,Building Materials,Decking & Railing,Fascia Boards,,1508395,1x8-12' Brownstone - Harvest Azek PVC Fascia,TIMBERTECH,,,Parksite (6151),Timbertech (Azek Building Products),TimberTech®,TimberTech®,1508395,,Building Materials>Decking & Railing>Fascia Boards,"Timbertech (Azek Building Products), TimberTech®, Fascia Boards, 1508395",FASCIA BOARDS 1 IN 8 IN 12 FT,"TimberTech® 1508395 Fascia Boards With 1 in, 8 in, 12 ft","TimberTech® Fascia Boards, 1 in, 8 in, 12 ft",,,Thickness: 1 in,Width: 8 in,Length: 12 ft,,,,,,,,,,,,,,,,,,,,,,,Fascia Boards,Thickness,1,in,Width,8,in,Length,12,ft,,,,,,,,,,,,,,,,,,,,,,,,,,,,,,,,,,,,,,,,,,,,,,,,,,,,,,,,,,,,,,,,,,,,,,,,,,,,,,,,,,,,,,,,,,,,,,,,,,,,,,,,,,,,,,,,,,,,,,,,,,,,,,,,,,,,,,,,,,,,,,,,,,,,,,,,,,,,,,,,,,,,,,,,,,,,,,,,,,,,,,,,,,,,
,,,,,,1508396,Building Materials,Decking & Railing,Fascia Boards,,1508396,1x8-12' Slate Gray - Harvest Azek PVC Fascia,TIMBERTECH,,,Parksite (6151),Timbertech (Azek Building Products),TimberTech®,TimberTech®,1508396,,Building Materials>Decking & Railing>Fascia Boards,"Timbertech (Azek Building Products), TimberTech®, Fascia Boards, 1508396",FASCIA BOARDS 1 IN 8 IN 12 FT,"TimberTech® 1508396 Fascia Boards With 1 in, 8 in, 12 ft","TimberTech® Fascia Boards, 1 in, 8 in, 12 ft",,,Thickness: 1 in,Width: 8 in,Length: 12 ft,,,,,,,,,,,,,,,,,,,,,,,Fascia Boards,Thickness,1,in,Width,8,in,Length,12,ft,,,,,,,,,,,,,,,,,,,,,,,,,,,,,,,,,,,,,,,,,,,,,,,,,,,,,,,,,,,,,,,,,,,,,,,,,,,,,,,,,,,,,,,,,,,,,,,,,,,,,,,,,,,,,,,,,,,,,,,,,,,,,,,,,,,,,,,,,,,,,,,,,,,,,,,,,,,,,,,,,,,,,,,,,,,,,,,,,,,,,,,,,,,,
,,,,,,ADCR5117512BS,Building Materials,Decking & Railing,Fascia Boards,,ADCR5117512BS,1x12-12' Brownstone - Harvest Azek PVC Fascia,TIMBERTECH,,,Parksite (6151),Timbertech (Azek Building Products),TimberTech®,TimberTech®,ADCR5117512BS,,Building Materials>Decking & Railing>Fascia Boards,"Timbertech (Azek Building Products), TimberTech®, Fascia Boards, ADCR5117512BS",FASCIA BOARDS 1 IN 12 IN 12 FT,"TimberTech® ADCR5117512BS Fascia Boards With 1 in, 12 in, 12 ft","TimberTech® Fascia Boards, 1 in, 12 in, 12 ft",,,Thickness: 1 in,Width: 12 in,Length: 12 ft,,,,,,,,,,,,,,,,,,,,,,,Fascia Boards,Thickness,1,in,Width,12,in,Length,12,ft,,,,,,,,,,,,,,,,,,,,,,,,,,,,,,,,,,,,,,,,,,,,,,,,,,,,,,,,,,,,,,,,,,,,,,,,,,,,,,,,,,,,,,,,,,,,,,,,,,,,,,,,,,,,,,,,,,,,,,,,,,,,,,,,,,,,,,,,,,,,,,,,,,,,,,,,,,,,,,,,,,,,,,,,,,,,,,,,,,,,,,,,,,,,
,,,,,,ADCR5117512SG,Building Materials,Decking & Railing,Fascia Boards,,ADCR5117512SG,1x12-12' Slate Gray - Harvest Azek PVC Fascia,TIMBERTECH,,,Parksite (6151),Timbertech (Azek Building Products),TimberTech®,TimberTech®,ADCR5117512SG,,Building Materials>Decking & Railing>Fascia Boards,"Timbertech (Azek Building Products), TimberTech®, Fascia Boards, ADCR5117512SG",FASCIA BOARDS 1 IN 12 IN 12 FT,"TimberTech® ADCR5117512SG Fascia Boards With 1 in, 12 in, 12 ft","TimberTech® Fascia Boards, 1 in, 12 in, 12 ft",,,Thickness: 1 in,Width: 12 in,Length: 12 ft,,,,,,,,,,,,,,,,,,,,,,,Fascia Boards,Thickness,1,in,Width,12,in,Length,12,ft,,,,,,,,,,,,,,,,,,,,,,,,,,,,,,,,,,,,,,,,,,,,,,,,,,,,,,,,,,,,,,,,,,,,,,,,,,,,,,,,,,,,,,,,,,,,,,,,,,,,,,,,,,,,,,,,,,,,,,,,,,,,,,,,,,,,,,,,,,,,,,,,,,,,,,,,,,,,,,,,,,,,,,,,,,,,,,,,,,,,,,,,,,,,
,,,,,,543140908,Building Materials,Decking & Railing,Deck Boards,,543140908,1x8-12' Biscayne - Trex Lineage,TREX,,,U S Lumber (3073),"Trex Company, Inc.",Trex®,Trex®,543140908,,Building Materials>Decking & Railing>Deck Boards,"Trex Company, Inc., Trex®, Deck Boards, 543140908, Thickness 1 in, Width 8 in",DECK BOARDS 1 IN 8 IN 12 FT,"Trex® 543140908 Deck Boards With 1 in, 8 in, 12 ft","Trex® Deck Boards, 1 in, 8 in, 12 ft",,,Thickness: 1 in,Width: 8 in,Length: 12 ft,,,,,,,,,,,,,,,,,,,,,,,Deck Boards,Thickness,1,in,Width,8,in,Length,12,ft,,,,,,,,,,,,,,,,,,,,,,,,,,,,,,,,,,,,,,,,,,,,,,,,,,,,,,,,,,,,,,,,,,,,,,,,,,,,,,,,,,,,,,,,,,,,,,,,,,,,,,,,,,,,,,,,,,,,,,,,,,,,,,,,,,,,,,,,,,,,,,,,,,,,,,,,,,,,,,,,,,,,,,,,,,,,,,,,,,,,,,,,,,,,
,,,,,,543142908,Building Materials,Decking & Railing,Deck Boards,,543142908,1x8-12' Carmel - Trex Lineage,TREX,,,U S Lumber (3073),"Trex Company, Inc.",Trex®,Trex®,543142908,,Building Materials>Decking & Railing>Deck Boards,"Trex Company, Inc., Trex®, Deck Boards, 543142908, Thickness 1 in, Width 8 in",DECK BOARDS 1 IN 8 IN 12 FT,"Trex® 543142908 Deck Boards With 1 in, 8 in, 12 ft","Trex® Deck Boards, 1 in, 8 in, 12 ft",,,Thickness: 1 in,Width: 8 in,Length: 12 ft,,,,,,,,,,,,,,,,,,,,,,,Deck Boards,Thickness,1,in,Width,8,in,Length,12,ft,,,,,,,,,,,,,,,,,,,,,,,,,,,,,,,,,,,,,,,,,,,,,,,,,,,,,,,,,,,,,,,,,,,,,,,,,,,,,,,,,,,,,,,,,,,,,,,,,,,,,,,,,,,,,,,,,,,,,,,,,,,,,,,,,,,,,,,,,,,,,,,,,,,,,,,,,,,,,,,,,,,,,,,,,,,,,,,,,,,,,,,,,,,,
,,,,,,543143908,Building Materials,Decking & Railing,Deck Boards,,543143908,1x8-12' Jasper - Trex Lineage,TREX,,,U S Lumber (3073),"Trex Company, Inc.",Trex®,Trex®,543143908,,Building Materials>Decking & Railing>Deck Boards,"Trex Company, Inc., Trex®, Deck Boards, 543143908, Thickness 1 in, Width 8 in",DECK BOARDS 1 IN 8 IN 12 FT,"Trex® 543143908 Deck Boards With 1 in, 8 in, 12 ft","Trex® Deck Boards, 1 in, 8 in, 12 ft",,,Thickness: 1 in,Width: 8 in,Length: 12 ft,,,,,,,,,,,,,,,,,,,,,,,Deck Boards,Thickness,1,in,Width,8,in,Length,12,ft,,,,,,,,,,,,,,,,,,,,,,,,,,,,,,,,,,,,,,,,,,,,,,,,,,,,,,,,,,,,,,,,,,,,,,,,,,,,,,,,,,,,,,,,,,,,,,,,,,,,,,,,,,,,,,,,,,,,,,,,,,,,,,,,,,,,,,,,,,,,,,,,,,,,,,,,,,,,,,,,,,,,,,,,,,,,,,,,,,,,,,,,,,,,
,,,,,,543140912,Building Materials,Decking & Railing,Deck Boards,,543140912,1x12-12' Biscayne - Trex Lineage,TREX,,,U S Lumber (3073),"Trex Company, Inc.",Trex®,Trex®,543140912,,Building Materials>Decking & Railing>Deck Boards,"Trex Company, Inc., Trex®, Deck Boards, 543140912, Thickness 1 in, Width 12 in",DECK BOARDS 1 IN 12 IN 12 FT,"Trex® 543140912 Deck Boards With 1 in, 12 in, 12 ft","Trex® Deck Boards, 1 in, 12 in, 12 ft",,,Thickness: 1 in,Width: 12 in,Length: 12 ft,,,,,,,,,,,,,,,,,,,,,,,Deck Boards,Thickness,1,in,Width,12,in,Length,12,ft,,,,,,,,,,,,,,,,,,,,,,,,,,,,,,,,,,,,,,,,,,,,,,,,,,,,,,,,,,,,,,,,,,,,,,,,,,,,,,,,,,,,,,,,,,,,,,,,,,,,,,,,,,,,,,,,,,,,,,,,,,,,,,,,,,,,,,,,,,,,,,,,,,,,,,,,,,,,,,,,,,,,,,,,,,,,,,,,,,,,,,,,,,,,
,,,,,,543142912,Building Materials,Decking & Railing,Deck Boards,,543142912,1x12-12' Carmel - Trex Lineage,TREX,,,U S Lumber (3073),"Trex Company, Inc.",Trex®,Trex®,543142912,,Building Materials>Decking & Railing>Deck Boards,"Trex Company, Inc., Trex®, Deck Boards, 543142912, Thickness 1 in, Width 12 in",DECK BOARDS 1 IN 12 IN 12 FT,"Trex® 543142912 Deck Boards With 1 in, 12 in, 12 ft","Trex® Deck Boards, 1 in, 12 in, 12 ft",,,Thickness: 1 in,Width: 12 in,Length: 12 ft,,,,,,,,,,,,,,,,,,,,,,,Deck Boards,Thickness,1,in,Width,12,in,Length,12,ft,,,,,,,,,,,,,,,,,,,,,,,,,,,,,,,,,,,,,,,,,,,,,,,,,,,,,,,,,,,,,,,,,,,,,,,,,,,,,,,,,,,,,,,,,,,,,,,,,,,,,,,,,,,,,,,,,,,,,,,,,,,,,,,,,,,,,,,,,,,,,,,,,,,,,,,,,,,,,,,,,,,,,,,,,,,,,,,,,,,,,,,,,,,,
,,,,,,543143912,Building Materials,Decking & Railing,Deck Boards,,543143912,1x12-12' Jasper - Trex Lineage,TREX,,,U S Lumber (3073),"Trex Company, Inc.",Trex®,Trex®,543143912,,Building Materials>Decking & Railing>Deck Boards,"Trex Company, Inc., Trex®, Deck Boards, 543143912, Thickness 1 in, Width 12 in",DECK BOARDS 1 IN 12 IN 12 FT,"Trex® 543143912 Deck Boards With 1 in, 12 in, 12 ft","Trex® Deck Boards, 1 in, 12 in, 12 ft",,,Thickness: 1 in,Width: 12 in,Length: 12 ft,,,,,,,,,,,,,,,,,,,,,,,Deck Boards,Thickness,1,in,Width,12,in,Length,12,ft,,,,,,,,,,,,,,,,,,,,,,,,,,,,,,,,,,,,,,,,,,,,,,,,,,,,,,,,,,,,,,,,,,,,,,,,,,,,,,,,,,,,,,,,,,,,,,,,,,,,,,,,,,,,,,,,,,,,,,,,,,,,,,,,,,,,,,,,,,,,,,,,,,,,,,,,,,,,,,,,,,,,,,,,,,,,,,,,,,,,,,,,,,,,
,,,,,,1513715,Building Materials,Decking & Railing,Deck Boards,,1513715,1x12-12' Hatteras - Trex Lineage,TREX,,,Boise Cascade Building Materials (BOICA),"Trex Company, Inc.",Trex®,Trex®,1513715,,Building Materials>Decking & Railing>Deck Boards,"Trex Company, Inc., Trex®, Deck Boards, 1513715, Thickness 1 in, Width 12 in",DECK BOARDS 1 IN 12 IN 12 FT,"Trex® 1513715 Deck Boards With 1 in, 12 in, 12 ft","Trex® Deck Boards, 1 in, 12 in, 12 ft",,,Thickness: 1 in,Width: 12 in,Length: 12 ft,,,,,,,,,,,,,,,,,,,,,,,Deck Boards,Thickness,1,in,Width,12,in,Length,12,ft,,,,,,,,,,,,,,,,,,,,,,,,,,,,,,,,,,,,,,,,,,,,,,,,,,,,,,,,,,,,,,,,,,,,,,,,,,,,,,,,,,,,,,,,,,,,,,,,,,,,,,,,,,,,,,,,,,,,,,,,,,,,,,,,,,,,,,,,,,,,,,,,,,,,,,,,,,,,,,,,,,,,,,,,,,,,,,,,,,,,,,,,,,,,
,,,,,,1513716,Building Materials,Decking & Railing,Deck Boards,,1513716,1x12-12' Salt Flat - Trex Lineage,TREX,,,Boise Cascade Building Materials (BOICA),"Trex Company, Inc.",Trex®,Trex®,1513716,,Building Materials>Decking & Railing>Deck Boards,"Trex Company, Inc., Trex®, Deck Boards, 1513716, Thickness 1 in, Width 12 in",DECK BOARDS 1 IN 12 IN 12 FT,"Trex® 1513716 Deck Boards With 1 in, 12 in, 12 ft","Trex® Deck Boards, 1 in, 12 in, 12 ft",,,Thickness: 1 in,Width: 12 in,Length: 12 ft,,,,,,,,,,,,,,,,,,,,,,,Deck Boards,Thickness,1,in,Width,12,in,Length,12,ft,,,,,,,,,,,,,,,,,,,,,,,,,,,,,,,,,,,,,,,,,,,,,,,,,,,,,,,,,,,,,,,,,,,,,,,,,,,,,,,,,,,,,,,,,,,,,,,,,,,,,,,,,,,,,,,,,,,,,,,,,,,,,,,,,,,,,,,,,,,,,,,,,,,,,,,,,,,,,,,,,,,,,,,,,,,,,,,,,,,,,,,,,,,,
,,,,,,1513722,Building Materials,Decking & Railing,Fascia Boards,,1513722,1x8-12' Honey Grove - Trex Enhance Naturals Fascia,TREX,,,Boise Cascade Building Materials (BOICA),"Trex Company, Inc.",Trex®,Trex®,1513722,,Building Materials>Decking & Railing>Fascia Boards,"Trex Company, Inc., Trex®, Fascia Boards, 1513722, Thickness 1 in, Width 8 in",FASCIA BOARDS 1 IN 8 IN 12 FT,"Trex® 1513722 Fascia Boards With 1 in, 8 in, 12 ft","Trex® Fascia Boards, 1 in, 8 in, 12 ft",,,Thickness: 1 in,Width: 8 in,Length: 12 ft,,,,,,,,,,,,,,,,,,,,,,,Fascia Boards,Thickness,1,in,Width,8,in,Length,12,ft,,,,,,,,,,,,,,,,,,,,,,,,,,,,,,,,,,,,,,,,,,,,,,,,,,,,,,,,,,,,,,,,,,,,,,,,,,,,,,,,,,,,,,,,,,,,,,,,,,,,,,,,,,,,,,,,,,,,,,,,,,,,,,,,,,,,,,,,,,,,,,,,,,,,,,,,,,,,,,,,,,,,,,,,,,,,,,,,,,,,,,,,,,,,
,,,,,,1513723,Building Materials,Decking & Railing,Fascia Boards,,1513723,1x12-12' Honey Grove - Trex Enhance Naturals Fascia,TREX,,,Boise Cascade Building Materials (BOICA),"Trex Company, Inc.",Trex®,Trex®,1513723,,Building Materials>Decking & Railing>Fascia Boards,"Trex Company, Inc., Trex®, Fascia Boards, 1513723, Thickness 1 in, Width 12 in",FASCIA BOARDS 1 IN 12 IN 12 FT,"Trex® 1513723 Fascia Boards With 1 in, 12 in, 12 ft","Trex® Fascia Boards, 1 in, 12 in, 12 ft",,,Thickness: 1 in,Width: 12 in,Length: 12 ft,,,,,,,,,,,,,,,,,,,,,,,Fascia Boards,Thickness,1,in,Width,12,in,Length,12,ft,,,,,,,,,,,,,,,,,,,,,,,,,,,,,,,,,,,,,,,,,,,,,,,,,,,,,,,,,,,,,,,,,,,,,,,,,,,,,,,,,,,,,,,,,,,,,,,,,,,,,,,,,,,,,,,,,,,,,,,,,,,,,,,,,,,,,,,,,,,,,,,,,,,,,,,,,,,,,,,,,,,,,,,,,,,,,,,,,,,,,,,,,,,,
,,,,,,1513729,Building Materials,Decking & Railing,Fascia Boards,,1513729,1x8-12' Tide Pool - Trex Enhance Basics Fascia,TREX,,,Boise Cascade Building Materials (BOICA),"Trex Company, Inc.",Trex®,Trex®,1513729,,Building Materials>Decking & Railing>Fascia Boards,"Trex Company, Inc., Trex®, Fascia Boards, 1513729, Thickness 1 in, Width 8 in",FASCIA BOARDS 1 IN 8 IN 12 FT,"Trex® 1513729 Fascia Boards With 1 in, 8 in, 12 ft","Trex® Fascia Boards, 1 in, 8 in, 12 ft",,,Thickness: 1 in,Width: 8 in,Length: 12 ft,,,,,,,,,,,,,,,,,,,,,,,Fascia Boards,Thickness,1,in,Width,8,in,Length,12,ft,,,,,,,,,,,,,,,,,,,,,,,,,,,,,,,,,,,,,,,,,,,,,,,,,,,,,,,,,,,,,,,,,,,,,,,,,,,,,,,,,,,,,,,,,,,,,,,,,,,,,,,,,,,,,,,,,,,,,,,,,,,,,,,,,,,,,,,,,,,,,,,,,,,,,,,,,,,,,,,,,,,,,,,,,,,,,,,,,,,,,,,,,,,,
,,,,,,1513730,Building Materials,Decking & Railing,Fascia Boards,,1513730,1x12-12' Tide Pool - Trex Enhance Basics Fascia,TREX,,,Boise Cascade Building Materials (BOICA),"Trex Company, Inc.",Trex®,Trex®,1513730,,Building Materials>Decking & Railing>Fascia Boards,"Trex Company, Inc., Trex®, Fascia Boards, 1513730, Thickness 1 in, Width 12 in",FASCIA BOARDS 1 IN 12 IN 12 FT,"Trex® 1513730 Fascia Boards With 1 in, 12 in, 12 ft","Trex® Fascia Boards, 1 in, 12 in, 12 ft",,,Thickness: 1 in,Width: 12 in,Length: 12 ft,,,,,,,,,,,,,,,,,,,,,,,Fascia Boards,Thickness,1,in,Width,12,in,Length,12,ft,,,,,,,,,,,,,,,,,,,,,,,,,,,,,,,,,,,,,,,,,,,,,,,,,,,,,,,,,,,,,,,,,,,,,,,,,,,,,,,,,,,,,,,,,,,,,,,,,,,,,,,,,,,,,,,,,,,,,,,,,,,,,,,,,,,,,,,,,,,,,,,,,,,,,,,,,,,,,,,,,,,,,,,,,,,,,,,,,,,,,,,,,,,,
,,,,,,543076916,Building Materials,Decking & Railing,Fascia Boards,,543076916,1x8-12' Cinnamon Cove - Trex Enhance Naturals Fascia,TREX,,,Boise Cascade Building Materials (BOICA),"Trex Company, Inc.",Trex®,Trex®,543076916,,Building Materials>Decking & Railing>Fascia Boards,"Trex Company, Inc., Trex®, Fascia Boards, 543076916, Thickness 1 in, Width 8 in",FASCIA BOARDS 1 IN 8 IN 12 FT,"Trex® 543076916 Fascia Boards With 1 in, 8 in, 12 ft","Trex® Fascia Boards, 1 in, 8 in, 12 ft",,,Thickness: 1 in,Width: 8 in,Length: 12 ft,,,,,,,,,,,,,,,,,,,,,,,Fascia Boards,Thickness,1,in,Width,8,in,Length,12,ft,,,,,,,,,,,,,,,,,,,,,,,,,,,,,,,,,,,,,,,,,,,,,,,,,,,,,,,,,,,,,,,,,,,,,,,,,,,,,,,,,,,,,,,,,,,,,,,,,,,,,,,,,,,,,,,,,,,,,,,,,,,,,,,,,,,,,,,,,,,,,,,,,,,,,,,,,,,,,,,,,,,,,,,,,,,,,,,,,,,,,,,,,,,,
,,,,,,1516876,Building Materials,Decking & Railing,Fascia Boards,,1516876,1x8-12' Golden Hour - Trex Enhance Naturals Fascia,TREX,,,Boise Cascade Building Materials (BOICA),"Trex Company, Inc.",Trex®,Trex®,1516876,,Building Materials>Decking & Railing>Fascia Boards,"Trex Company, Inc., Trex®, Fascia Boards, 1516876, Thickness 1 in, Width 8 in",FASCIA BOARDS 1 IN 8 IN 12 FT,"Trex® 1516876 Fascia Boards With 1 in, 8 in, 12 ft","Trex® Fascia Boards, 1 in, 8 in, 12 ft",,,Thickness: 1 in,Width: 8 in,Length: 12 ft,,,,,,,,,,,,,,,,,,,,,,,Fascia Boards,Thickness,1,in,Width,8,in,Length,12,ft,,,,,,,,,,,,,,,,,,,,,,,,,,,,,,,,,,,,,,,,,,,,,,,,,,,,,,,,,,,,,,,,,,,,,,,,,,,,,,,,,,,,,,,,,,,,,,,,,,,,,,,,,,,,,,,,,,,,,,,,,,,,,,,,,,,,,,,,,,,,,,,,,,,,,,,,,,,,,,,,,,,,,,,,,,,,,,,,,,,,,,,,,,,,
,,,,,,543076936,Building Materials,Decking & Railing,Fascia Boards,,543076936,1x12-12' Cinnamon Cove - Trex Enhance Naturals Fascia,TREX,,,Boise Cascade Building Materials (BOICA),"Trex Company, Inc.",Trex®,Trex®,543076936,,Building Materials>Decking & Railing>Fascia Boards,"Trex Company, Inc., Trex®, Fascia Boards, 543076936, Thickness 1 in",FASCIA BOARDS 1 IN 12 IN 12 FT,"Trex® 543076936 Fascia Boards With 1 in, 12 in, 12 ft","Trex® Fascia Boards, 1 in, 12 in, 12 ft",,,Thickness: 1 in,Width: 12 in,Length: 12 ft,,,,,,,,,,,,,,,,,,,,,,,Fascia Boards,Thickness,1,in,Width,12,in,Length,12,ft,,,,,,,,,,,,,,,,,,,,,,,,,,,,,,,,,,,,,,,,,,,,,,,,,,,,,,,,,,,,,,,,,,,,,,,,,,,,,,,,,,,,,,,,,,,,,,,,,,,,,,,,,,,,,,,,,,,,,,,,,,,,,,,,,,,,,,,,,,,,,,,,,,,,,,,,,,,,,,,,,,,,,,,,,,,,,,,,,,,,,,,,,,,,
,,,,,,1516878,Building Materials,Decking & Railing,Fascia Boards,,1516878,1x12-12' Golden Hour - Trex Enhance Naturals Fascia,TREX,,,Boise Cascade Building Materials (BOICA),"Trex Company, Inc.",Trex®,Trex®,1516878,,Building Materials>Decking & Railing>Fascia Boards,"Trex Company, Inc., Trex®, Fascia Boards, 1516878, Thickness 1 in, Width 12 in",FASCIA BOARDS 1 IN 12 IN 12 FT,"Trex® 1516878 Fascia Boards With 1 in, 12 in, 12 ft","Trex® Fascia Boards, 1 in, 12 in, 12 ft",,,Thickness: 1 in,Width: 12 in,Length: 12 ft,,,,,,,,,,,,,,,,,,,,,,,Fascia Boards,Thickness,1,in,Width,12,in,Length,12,ft,,,,,,,,,,,,,,,,,,,,,,,,,,,,,,,,,,,,,,,,,,,,,,,,,,,,,,,,,,,,,,,,,,,,,,,,,,,,,,,,,,,,,,,,,,,,,,,,,,,,,,,,,,,,,,,,,,,,,,,,,,,,,,,,,,,,,,,,,,,,,,,,,,,,,,,,,,,,,,,,,,,,,,,,,,,,,,,,,,,,,,,,,,,,
,,,,,,1516884,Building Materials,Decking & Railing,Fascia Boards,,1516884,1x8-12' Pebble Beach - Trex Enhance Basics Fascia,TREX,,,Boise Cascade Building Materials (BOICA),"Trex Company, Inc.",Trex®,Trex®,1516884,,Building Materials>Decking & Railing>Fascia Boards,"Trex Company, Inc., Trex®, Fascia Boards, 1516884, Thickness 1 in, Width 8 in",FASCIA BOARDS 1 IN 8 IN 12 FT,"Trex® 1516884 Fascia Boards With 1 in, 8 in, 12 ft","Trex® Fascia Boards, 1 in, 8 in, 12 ft",,,Thickness: 1 in,Width: 8 in,Length: 12 ft,,,,,,,,,,,,,,,,,,,,,,,Fascia Boards,Thickness,1,in,Width,8,in,Length,12,ft,,,,,,,,,,,,,,,,,,,,,,,,,,,,,,,,,,,,,,,,,,,,,,,,,,,,,,,,,,,,,,,,,,,,,,,,,,,,,,,,,,,,,,,,,,,,,,,,,,,,,,,,,,,,,,,,,,,,,,,,,,,,,,,,,,,,,,,,,,,,,,,,,,,,,,,,,,,,,,,,,,,,,,,,,,,,,,,,,,,,,,,,,,,,
,,,,,,1516885,Building Materials,Decking & Railing,Fascia Boards,,1516885,1x12-12' Pebble Beach - Trex Enhance Basics Fascia,TREX,,,Boise Cascade Building Materials (BOICA),"Trex Company, Inc.",Trex®,Trex®,1516885,,Building Materials>Decking & Railing>Fascia Boards,"Trex Company, Inc., Trex®, Fascia Boards, 1516885, Thickness 1 in, Width 12 in",FASCIA BOARDS 1 IN 12 IN 12 FT,"Trex® 1516885 Fascia Boards With 1 in, 12 in, 12 ft","Trex® Fascia Boards, 1 in, 12 in, 12 ft",,,Thickness: 1 in,Width: 12 in,Length: 12 ft,,,,,,,,,,,,,,,,,,,,,,,Fascia Boards,Thickness,1,in,Width,12,in,Length,12,ft,,,,,,,,,,,,,,,,,,,,,,,,,,,,,,,,,,,,,,,,,,,,,,,,,,,,,,,,,,,,,,,,,,,,,,,,,,,,,,,,,,,,,,,,,,,,,,,,,,,,,,,,,,,,,,,,,,,,,,,,,,,,,,,,,,,,,,,,,,,,,,,,,,,,,,,,,,,,,,,,,,,,,,,,,,,,,,,,,,,,,,,,,,,,
,,,,,,543005916,Building Materials,Decking & Railing,Fascia Boards,,543005916,1x8-12' Malted Barley - Trex Select 2.0 Fascia,TREX,,,Boise Cascade Building Materials (BOICA),"Trex Company, Inc.",Trex®,Trex®,543005916,,Building Materials>Decking & Railing>Fascia Boards,"Trex Company, Inc., Trex®, Fascia Boards, 543005916, Thickness 1 in, Width 8 in",FASCIA BOARDS 1 IN 8 IN 12 FT,"Trex® 543005916 Fascia Boards With 1 in, 8 in, 12 ft","Trex® Fascia Boards, 1 in, 8 in, 12 ft",,,Thickness: 1 in,Width: 8 in,Length: 12 ft,,,,,,,,,,,,,,,,,,,,,,,Fascia Boards,Thickness,1,in,Width,8,in,Length,12,ft,,,,,,,,,,,,,,,,,,,,,,,,,,,,,,,,,,,,,,,,,,,,,,,,,,,,,,,,,,,,,,,,,,,,,,,,,,,,,,,,,,,,,,,,,,,,,,,,,,,,,,,,,,,,,,,,,,,,,,,,,,,,,,,,,,,,,,,,,,,,,,,,,,,,,,,,,,,,,,,,,,,,,,,,,,,,,,,,,,,,,,,,,,,,
,,,,,,1516902,Building Materials,Decking & Railing,Fascia Boards,,1516902,1x8-12' Millstone - Trex Select 2.0 Fascia,TREX,,,Boise Cascade Building Materials (BOICA),"Trex Company, Inc.",Trex®,Trex®,1516902,,Building Materials>Decking & Railing>Fascia Boards,"Trex Company, Inc., Trex®, Fascia Boards, 1516902, Thickness 1 in, Width 8 in",FASCIA BOARDS 1 IN 8 IN 12 FT,"Trex® 1516902 Fascia Boards With 1 in, 8 in, 12 ft","Trex® Fascia Boards, 1 in, 8 in, 12 ft",,,Thickness: 1 in,Width: 8 in,Length: 12 ft,,,,,,,,,,,,,,,,,,,,,,,Fascia Boards,Thickness,1,in,Width,8,in,Length,12,ft,,,,,,,,,,,,,,,,,,,,,,,,,,,,,,,,,,,,,,,,,,,,,,,,,,,,,,,,,,,,,,,,,,,,,,,,,,,,,,,,,,,,,,,,,,,,,,,,,,,,,,,,,,,,,,,,,,,,,,,,,,,,,,,,,,,,,,,,,,,,,,,,,,,,,,,,,,,,,,,,,,,,,,,,,,,,,,,,,,,,,,,,,,,,
,,,,,,543007916,Building Materials,Decking & Railing,Fascia Boards,,543007916,1x8-12' Whiskey Barrel - Trex Select 2.0 Fascia,TREX,,,Boise Cascade Building Materials (BOICA),"Trex Company, Inc.",Trex®,Trex®,543007916,,Building Materials>Decking & Railing>Fascia Boards,"Trex Company, Inc., Trex®, Fascia Boards, 543007916, Thickness 1 in, Width 8 in",FASCIA BOARDS 1 IN 8 IN 12 FT,"Trex® 543007916 Fascia Boards With 1 in, 8 in, 12 ft","Trex® Fascia Boards, 1 in, 8 in, 12 ft",,,Thickness: 1 in,Width: 8 in,Length: 12 ft,,,,,,,,,,,,,,,,,,,,,,,Fascia Boards,Thickness,1,in,Width,8,in,Length,12,ft,,,,,,,,,,,,,,,,,,,,,,,,,,,,,,,,,,,,,,,,,,,,,,,,,,,,,,,,,,,,,,,,,,,,,,,,,,,,,,,,,,,,,,,,,,,,,,,,,,,,,,,,,,,,,,,,,,,,,,,,,,,,,,,,,,,,,,,,,,,,,,,,,,,,,,,,,,,,,,,,,,,,,,,,,,,,,,,,,,,,,,,,,,,,
,,,,,,543005936,Building Materials,Decking & Railing,Fascia Boards,,543005936,1x12-12' Malted Barley - Trex Select 2.0 Fascia,TREX,,,Boise Cascade Building Materials (BOICA),"Trex Company, Inc.",Trex®,Trex®,543005936,,Building Materials>Decking & Railing>Fascia Boards,"Trex Company, Inc., Trex®, Fascia Boards, 543005936, Thickness 1 in",FASCIA BOARDS 1 IN 12 IN 12 FT,"Trex® 543005936 Fascia Boards With 1 in, 12 in, 12 ft","Trex® Fascia Boards, 1 in, 12 in, 12 ft",,,Thickness: 1 in,Width: 12 in,Length: 12 ft,,,,,,,,,,,,,,,,,,,,,,,Fascia Boards,Thickness,1,in,Width,12,in,Length,12,ft,,,,,,,,,,,,,,,,,,,,,,,,,,,,,,,,,,,,,,,,,,,,,,,,,,,,,,,,,,,,,,,,,,,,,,,,,,,,,,,,,,,,,,,,,,,,,,,,,,,,,,,,,,,,,,,,,,,,,,,,,,,,,,,,,,,,,,,,,,,,,,,,,,,,,,,,,,,,,,,,,,,,,,,,,,,,,,,,,,,,,,,,,,,,
,,,,,,1516905,Building Materials,Decking & Railing,Fascia Boards,,1516905,1x12-12' Millstone - Trex Select 2.0 Fascia,TREX,,,Boise Cascade Building Materials (BOICA),"Trex Company, Inc.",Trex®,Trex®,1516905,,Building Materials>Decking & Railing>Fascia Boards,"Trex Company, Inc., Trex®, Fascia Boards, 1516905, Thickness 1 in, Width 12 in",FASCIA BOARDS 1 IN 12 IN 12 FT,"Trex® 1516905 Fascia Boards With 1 in, 12 in, 12 ft","Trex® Fascia Boards, 1 in, 12 in, 12 ft",,,Thickness: 1 in,Width: 12 in,Length: 12 ft,,,,,,,,,,,,,,,,,,,,,,,Fascia Boards,Thickness,1,in,Width,12,in,Length,12,ft,,,,,,,,,,,,,,,,,,,,,,,,,,,,,,,,,,,,,,,,,,,,,,,,,,,,,,,,,,,,,,,,,,,,,,,,,,,,,,,,,,,,,,,,,,,,,,,,,,,,,,,,,,,,,,,,,,,,,,,,,,,,,,,,,,,,,,,,,,,,,,,,,,,,,,,,,,,,,,,,,,,,,,,,,,,,,,,,,,,,,,,,,,,,
,,,,,,543007936,Building Materials,Decking & Railing,Fascia Boards,,543007936,1x12-12' Whiskey Barrel - Trex Select 2.0 Fascia,TREX,,,Boise Cascade Building Materials (BOICA),"Trex Company, Inc.",Trex®,Trex®,543007936,,Building Materials>Decking & Railing>Fascia Boards,"Trex Company, Inc., Trex®, Fascia Boards, 543007936, Thickness 1 in",FASCIA BOARDS 1 IN 12 IN 12 FT,"Trex® 543007936 Fascia Boards With 1 in, 12 in, 12 ft","Trex® Fascia Boards, 1 in, 12 in, 12 ft",,,Thickness: 1 in,Width: 12 in,Length: 12 ft,,,,,,,,,,,,,,,,,,,,,,,Fascia Boards,Thickness,1,in,Width,12,in,Length,12,ft,,,,,,,,,,,,,,,,,,,,,,,,,,,,,,,,,,,,,,,,,,,,,,,,,,,,,,,,,,,,,,,,,,,,,,,,,,,,,,,,,,,,,,,,,,,,,,,,,,,,,,,,,,,,,,,,,,,,,,,,,,,,,,,,,,,,,,,,,,,,,,,,,,,,,,,,,,,,,,,,,,,,,,,,,,,,,,,,,,,,,,,,,,,,
,,,,,,543144908,Building Materials,Decking & Railing,Deck Boards,,543144908,1x8-12' Island Mist - Trex Lineage,TREX,,,U S Lumber (3073),"Trex Company, Inc.",Trex®,Trex®,543144908,,Building Materials>Decking & Railing>Deck Boards,"Trex Company, Inc., Trex®, Deck Boards, 543144908, Thickness 1 in, Width 8 in",DECK BOARDS 1 IN 8 IN 12 FT,"Trex® 543144908 Deck Boards With 1 in, 8 in, 12 ft","Trex® Deck Boards, 1 in, 8 in, 12 ft",,,Thickness: 1 in,Width: 8 in,Length: 12 ft,,,,,,,,,,,,,,,,,,,,,,,Deck Boards,Thickness,1,in,Width,8,in,Length,12,ft,,,,,,,,,,,,,,,,,,,,,,,,,,,,,,,,,,,,,,,,,,,,,,,,,,,,,,,,,,,,,,,,,,,,,,,,,,,,,,,,,,,,,,,,,,,,,,,,,,,,,,,,,,,,,,,,,,,,,,,,,,,,,,,,,,,,,,,,,,,,,,,,,,,,,,,,,,,,,,,,,,,,,,,,,,,,,,,,,,,,,,,,,,,,
,,,,,,543141908,Building Materials,Decking & Railing,Deck Boards,,543141908,1x8-12' Rainier - Trex Lineage,TREX,,,U S Lumber (3073),"Trex Company, Inc.",Trex®,Trex®,543141908,,Building Materials>Decking & Railing>Deck Boards,"Trex Company, Inc., Trex®, Deck Boards, 543141908, Thickness 1 in, Width 8 in",DECK BOARDS 1 IN 8 IN 12 FT,"Trex® 543141908 Deck Boards With 1 in, 8 in, 12 ft","Trex® Deck Boards, 1 in, 8 in, 12 ft",,,Thickness: 1 in,Width: 8 in,Length: 12 ft,,,,,,,,,,,,,,,,,,,,,,,Deck Boards,Thickness,1,in,Width,8,in,Length,12,ft,,,,,,,,,,,,,,,,,,,,,,,,,,,,,,,,,,,,,,,,,,,,,,,,,,,,,,,,,,,,,,,,,,,,,,,,,,,,,,,,,,,,,,,,,,,,,,,,,,,,,,,,,,,,,,,,,,,,,,,,,,,,,,,,,,,,,,,,,,,,,,,,,,,,,,,,,,,,,,,,,,,,,,,,,,,,,,,,,,,,,,,,,,,,
,,,,,,543144912,Building Materials,Decking & Railing,Deck Boards,,543144912,1x12-12' Island Mist - Trex Lineage,TREX,,,U S Lumber (3073),"Trex Company, Inc.",Trex®,Trex®,543144912,,Building Materials>Decking & Railing>Deck Boards,"Trex Company, Inc., Trex®, Deck Boards, 543144912, Thickness 1 in, Width 12 in",DECK BOARDS 1 IN 12 IN 12 FT,"Trex® 543144912 Deck Boards With 1 in, 12 in, 12 ft","Trex® Deck Boards, 1 in, 12 in, 12 ft",,,Thickness: 1 in,Width: 12 in,Length: 12 ft,,,,,,,,,,,,,,,,,,,,,,,Deck Boards,Thickness,1,in,Width,12,in,Length,12,ft,,,,,,,,,,,,,,,,,,,,,,,,,,,,,,,,,,,,,,,,,,,,,,,,,,,,,,,,,,,,,,,,,,,,,,,,,,,,,,,,,,,,,,,,,,,,,,,,,,,,,,,,,,,,,,,,,,,,,,,,,,,,,,,,,,,,,,,,,,,,,,,,,,,,,,,,,,,,,,,,,,,,,,,,,,,,,,,,,,,,,,,,,,,,
,,,,,,543141912,Building Materials,Decking & Railing,Deck Boards,,543141912,1x12-12' Rainier - Trex Lineage,TREX,,,U S Lumber (3073),"Trex Company, Inc.",Trex®,Trex®,543141912,,Building Materials>Decking & Railing>Deck Boards,"Trex Company, Inc., Trex®, Deck Boards, 543141912, Thickness 1 in, Width 12 in",DECK BOARDS 1 IN 12 IN 12 FT,"Trex® 543141912 Deck Boards With 1 in, 12 in, 12 ft","Trex® Deck Boards, 1 in, 12 in, 12 ft",,,Thickness: 1 in,Width: 12 in,Length: 12 ft,,,,,,,,,,,,,,,,,,,,,,,Deck Boards,Thickness,1,in,Width,12,in,Length,12,ft,,,,,,,,,,,,,,,,,,,,,,,,,,,,,,,,,,,,,,,,,,,,,,,,,,,,,,,,,,,,,,,,,,,,,,,,,,,,,,,,,,,,,,,,,,,,,,,,,,,,,,,,,,,,,,,,,,,,,,,,,,,,,,,,,,,,,,,,,,,,,,,,,,,,,,,,,,,,,,,,,,,,,,,,,,,,,,,,,,,,,,,,,,,,
,,,,,,1513713,Building Materials,Decking & Railing,Deck Boards,,1513713,1x8-12' Hatteras - Trex Lineage,TREX,,,Boise Cascade Building Materials (BOICA),"Trex Company, Inc.",Trex®,Trex®,1513713,,Building Materials>Decking & Railing>Deck Boards,"Trex Company, Inc., Trex®, Deck Boards, 1513713, Thickness 1 in, Width 8 in",DECK BOARDS 1 IN 8 IN 12 FT,"Trex® 1513713 Deck Boards With 1 in, 8 in, 12 ft","Trex® Deck Boards, 1 in, 8 in, 12 ft",,,Thickness: 1 in,Width: 8 in,Length: 12 ft,,,,,,,,,,,,,,,,,,,,,,,Deck Boards,Thickness,1,in,Width,8,in,Length,12,ft,,,,,,,,,,,,,,,,,,,,,,,,,,,,,,,,,,,,,,,,,,,,,,,,,,,,,,,,,,,,,,,,,,,,,,,,,,,,,,,,,,,,,,,,,,,,,,,,,,,,,,,,,,,,,,,,,,,,,,,,,,,,,,,,,,,,,,,,,,,,,,,,,,,,,,,,,,,,,,,,,,,,,,,,,,,,,,,,,,,,,,,,,,,,
,,,,,,1513714,Building Materials,Decking & Railing,Deck Boards,,1513714,1x8-12' Salt Flat - Trex Lineage,TREX,,,Boise Cascade Building Materials (BOICA),"Trex Company, Inc.",Trex®,Trex®,1513714,,Building Materials>Decking & Railing>Deck Boards,"Trex Company, Inc., Trex®, Deck Boards, 1513714, Thickness 1 in, Width 8 in",DECK BOARDS 1 IN 8 IN 12 FT,"Trex® 1513714 Deck Boards With 1 in, 8 in, 12 ft","Trex® Deck Boards, 1 in, 8 in, 12 ft",,,Thickness: 1 in,Width: 8 in,Length: 12 ft,,,,,,,,,,,,,,,,,,,,,,,Deck Boards,Thickness,1,in,Width,8,in,Length,12,ft,,,,,,,,,,,,,,,,,,,,,,,,,,,,,,,,,,,,,,,,,,,,,,,,,,,,,,,,,,,,,,,,,,,,,,,,,,,,,,,,,,,,,,,,,,,,,,,,,,,,,,,,,,,,,,,,,,,,,,,,,,,,,,,,,,,,,,,,,,,,,,,,,,,,,,,,,,,,,,,,,,,,,,,,,,,,,,,,,,,,,,,,,,,,
,,,,,,73012503,Building Materials,Decking & Railing,Railing Kits,,73012503,4x4 Wh Heritage Post Trim RDI,,,,-,Rdi Railing (Barrette Outdoor Living),RDI®,RDI®,73012503,,Building Materials>Decking & Railing>Railing Kits,"Rdi Railing (Barrette Outdoor Living), RDI®, Railing Kits, 73012503",RAILING KITS 4 IN,"RDI® 73012503 Railing Kits With 4 in, 4 in","RDI® Railing Kits, 4 in, 4 in",,,Length: 4 in,Height: 4 in,,,,,,,,,,,,,,,,,,,,,,,,Railing Kits,Length,4,in,Height,4,in,,,,,,,,,,,,,,,,,,,,,,,,,,,,,,,,,,,,,,,,,,,,,,,,,,,,,,,,,,,,,,,,,,,,,,,,,,,,,,,,,,,,,,,,,,,,,,,,,,,,,,,,,,,,,,,,,,,,,,,,,,,,,,,,,,,,,,,,,,,,,,,,,,,,,,,,,,,,,,,,,,,,,,,,,,,,,,,,,,,,,,,,,,,,,,,
,,,,,,73018131,Building Materials,Decking & Railing,Railing Kits,,73018131,6x6 Wh Elite Post Trim 4pc RDI,,,,-,Rdi Railing (Barrette Outdoor Living),RDI®,RDI®,73018131,,Building Materials>Decking & Railing>Railing Kits,"Rdi Railing (Barrette Outdoor Living), RDI®, Railing Kits, 73018131",RAILING KITS 6 IN,"RDI® 73018131 Railing Kits With 6 in, 6 in, 4 pc","RDI® Railing Kits, 6 in, 6 in, 4 pc",,,Length: 6 in,Height: 6 in,Pack Quantity: 4 pc,,,,,,,,,,,,,,,,,,,,,,,Railing Kits,Length,6,in,Height,6,in,Pack Quantity,4,pc,,,,,,,,,,,,,,,,,,,,,,,,,,,,,,,,,,,,,,,,,,,,,,,,,,,,,,,,,,,,,,,,,,,,,,,,,,,,,,,,,,,,,,,,,,,,,,,,,,,,,,,,,,,,,,,,,,,,,,,,,,,,,,,,,,,,,,,,,,,,,,,,,,,,,,,,,,,,,,,,,,,,,,,,,,,,,,,,,,,,,,,,,,,,
,,,,,,73018091,Building Materials,Decking & Railing,Railing Kits,,73018091,4x4 Wh Elite Post Trim RDI,,,,-,Rdi Railing (Barrette Outdoor Living),RDI®,RDI®,73018091,,Building Materials>Decking & Railing>Railing Kits,"Rdi Railing (Barrette Outdoor Living), RDI®, Railing Kits, 73018091",RAILING KITS 4 IN,"RDI® 73018091 Railing Kits With 4 in, 4 in","RDI® Railing Kits, 4 in, 4 in",,,Length: 4 in,Height: 4 in,,,,,,,,,,,,,,,,,,,,,,,,Railing Kits,Length,4,in,Height,4,in,,,,,,,,,,,,,,,,,,,,,,,,,,,,,,,,,,,,,,,,,,,,,,,,,,,,,,,,,,,,,,,,,,,,,,,,,,,,,,,,,,,,,,,,,,,,,,,,,,,,,,,,,,,,,,,,,,,,,,,,,,,,,,,,,,,,,,,,,,,,,,,,,,,,,,,,,,,,,,,,,,,,,,,,,,,,,,,,,,,,,,,,,,,,,,,
,,,,,,73018066,Building Materials,Decking & Railing,Railing Kits,,73018066,Clay 6x6 Elite Post Trim RDI - 4pc,,,,-,Rdi Railing (Barrette Outdoor Living),RDI®,RDI®,73018066,,Building Materials>Decking & Railing>Railing Kits,"Rdi Railing (Barrette Outdoor Living), RDI®, Railing Kits, 73018066",RAILING KITS 6 IN,"RDI® 73018066 Railing Kits With 6 in, 6 in, 4 pc","RDI® Railing Kits, 6 in, 6 in, 4 pc",,,Length: 6 in,Height: 6 in,Pack Quantity: 4 pc,,,,,,,,,,,,,,,,,,,,,,,Railing Kits,Length,6,in,Height,6,in,Pack Quantity,4,pc,,,,,,,,,,,,,,,,,,,,,,,,,,,,,,,,,,,,,,,,,,,,,,,,,,,,,,,,,,,,,,,,,,,,,,,,,,,,,,,,,,,,,,,,,,,,,,,,,,,,,,,,,,,,,,,,,,,,,,,,,,,,,,,,,,,,,,,,,,,,,,,,,,,,,,,,,,,,,,,,,,,,,,,,,,,,,,,,,,,,,,,,,,,,
,,,,,,73018076,Building Materials,Decking & Railing,Railing Kits,,73018076,4x4 Wh Flat Post Cap RDI,,,,-,Rdi Railing (Barrette Outdoor Living),RDI®,RDI®,73018076,,Building Materials>Decking & Railing>Railing Kits,"Rdi Railing (Barrette Outdoor Living), RDI®, Railing Kits, 73018076",RAILING KITS 4 IN,"RDI® 73018076 Railing Kits With 4 in, 4 in","RDI® Railing Kits, 4 in, 4 in",,,Length: 4 in,Height: 4 in,,,,,,,,,,,,,,,,,,,,,,,,Railing Kits,Length,4,in,Height,4,in,,,,,,,,,,,,,,,,,,,,,,,,,,,,,,,,,,,,,,,,,,,,,,,,,,,,,,,,,,,,,,,,,,,,,,,,,,,,,,,,,,,,,,,,,,,,,,,,,,,,,,,,,,,,,,,,,,,,,,,,,,,,,,,,,,,,,,,,,,,,,,,,,,,,,,,,,,,,,,,,,,,,,,,,,,,,,,,,,,,,,,,,,,,,,,,
,,,,,,61109087,Building Materials,Decking & Railing,Railing Kits,,61109087,Wh 4x4-39 Blank Post RDI,,,,-,Rdi Railing (Barrette Outdoor Living),RDI®,RDI®,61109087,,Building Materials>Decking & Railing>Railing Kits,"Rdi Railing (Barrette Outdoor Living), RDI®, Railing Kits, 61109087",RAILING KITS 4 IN,"RDI® 61109087 Railing Kits With 4 in, 4 in","RDI® Railing Kits, 4 in, 4 in",,,Length: 4 in,Height: 4 in,,,,,,,,,,,,,,,,,,,,,,,,Railing Kits,Length,4,in,Height,4,in,,,,,,,,,,,,,,,,,,,,,,,,,,,,,,,,,,,,,,,,,,,,,,,,,,,,,,,,,,,,,,,,,,,,,,,,,,,,,,,,,,,,,,,,,,,,,,,,,,,,,,,,,,,,,,,,,,,,,,,,,,,,,,,,,,,,,,,,,,,,,,,,,,,,,,,,,,,,,,,,,,,,,,,,,,,,,,,,,,,,,,,,,,,,,,,
,,,,,,73018731,Building Materials,Decking & Railing,Railing Kits,,73018731,Wh 6x6-108 Post Sleeve RDI,,,,-,Rdi Railing (Barrette Outdoor Living),RDI®,RDI®,73018731,,Building Materials>Decking & Railing>Railing Kits,"Rdi Railing (Barrette Outdoor Living), RDI®, Railing Kits, 73018731",RAILING KITS 6 IN,"RDI® 73018731 Railing Kits With 6 in, 6 in","RDI® Railing Kits, 6 in, 6 in",,,Length: 6 in,Height: 6 in,,,,,,,,,,,,,,,,,,,,,,,,Railing Kits,Length,6,in,Height,6,in,,,,,,,,,,,,,,,,,,,,,,,,,,,,,,,,,,,,,,,,,,,,,,,,,,,,,,,,,,,,,,,,,,,,,,,,,,,,,,,,,,,,,,,,,,,,,,,,,,,,,,,,,,,,,,,,,,,,,,,,,,,,,,,,,,,,,,,,,,,,,,,,,,,,,,,,,,,,,,,,,,,,,,,,,,,,,,,,,,,,,,,,,,,,,,,
,,,,,,61109090,Building Materials,Decking & Railing,Railing Kits,,61109090,Wh 4x4-108 Post Sleeve RDI,,,,-,Rdi Railing (Barrette Outdoor Living),RDI®,RDI®,61109090,,Building Materials>Decking & Railing>Railing Kits,"Rdi Railing (Barrette Outdoor Living), RDI®, Railing Kits, 61109090",RAILING KITS 4 IN,"RDI® 61109090 Railing Kits With 4 in, 4 in","RDI® Railing Kits, 4 in, 4 in",,,Length: 4 in,Height: 4 in,,,,,,,,,,,,,,,,,,,,,,,,Railing Kits,Length,4,in,Height,4,in,,,,,,,,,,,,,,,,,,,,,,,,,,,,,,,,,,,,,,,,,,,,,,,,,,,,,,,,,,,,,,,,,,,,,,,,,,,,,,,,,,,,,,,,,,,,,,,,,,,,,,,,,,,,,,,,,,,,,,,,,,,,,,,,,,,,,,,,,,,,,,,,,,,,,,,,,,,,,,,,,,,,,,,,,,,,,,,,,,,,,,,,,,,,,,,
,,,,,,73053603,Building Materials,Decking & Railing,Railing Kits,,73053603,Clay 4x4-108 Post Sleeve RDI,,,,-,Rdi Railing (Barrette Outdoor Living),RDI®,RDI®,73053603,,Building Materials>Decking & Railing>Railing Kits,"Rdi Railing (Barrette Outdoor Living), RDI®, Railing Kits, 73053603",RAILING KITS 4 IN,"RDI® 73053603 Railing Kits With 4 in, 4 in","RDI® Railing Kits, 4 in, 4 in",,,Length: 4 in,Height: 4 in,,,,,,,,,,,,,,,,,,,,,,,,Railing Kits,Length,4,in,Height,4,in,,,,,,,,,,,,,,,,,,,,,,,,,,,,,,,,,,,,,,,,,,,,,,,,,,,,,,,,,,,,,,,,,,,,,,,,,,,,,,,,,,,,,,,,,,,,,,,,,,,,,,,,,,,,,,,,,,,,,,,,,,,,,,,,,,,,,,,,,,,,,,,,,,,,,,,,,,,,,,,,,,,,,,,,,,,,,,,,,,,,,,,,,,,,,,,
,,,,,,73053608,Building Materials,Decking & Railing,Railing Kits,,73053608,Clay 6x6-108 Post Sleeve RDI,,,,-,Rdi Railing (Barrette Outdoor Living),RDI®,RDI®,73053608,,Building Materials>Decking & Railing>Railing Kits,"Rdi Railing (Barrette Outdoor Living), RDI®, Railing Kits, 73053608",RAILING KITS 6 IN,"RDI® 73053608 Railing Kits With 6 in, 6 in","RDI® Railing Kits, 6 in, 6 in",,,Length: 6 in,Height: 6 in,,,,,,,,,,,,,,,,,,,,,,,,Railing Kits,Length,6,in,Height,6,in,,,,,,,,,,,,,,,,,,,,,,,,,,,,,,,,,,,,,,,,,,,,,,,,,,,,,,,,,,,,,,,,,,,,,,,,,,,,,,,,,,,,,,,,,,,,,,,,,,,,,,,,,,,,,,,,,,,,,,,,,,,,,,,,,,,,,,,,,,,,,,,,,,,,,,,,,,,,,,,,,,,,,,,,,,,,,,,,,,,,,,,,,,,,,,,
,,,,,,543340896,Building Materials,Decking & Railing,Railing Kits,,543340896,"4x4-37"" Black Alum Post Sleeve Select Alum Railing - w/Cap & Skirt",TREX,,,Boise Cascade Building Materials (BOICA),"Trex Company, Inc.",Trex®,Trex®,543340896,,Building Materials>Decking & Railing>Railing Kits,"Trex Company, Inc., Trex®, Railing Kits, 543340896, Unmapped Dimension 1 4 in",RAILING KITS,"Trex® 543340896 Railing Kits With 4 in, 4 in, 37 in","Trex® Railing Kits, 4 in, 4 in, 37 in",,,Unmapped Dimension 1: 4 in,Unmapped Dimension 2: 4 in,Unmapped Dimension 3: 37 in,,,,,,,,,,,,,,,,,,,,,,,Railing Kits,Unmapped Dimension 1,4,in,Unmapped Dimension 2,4,in,Unmapped Dimension 3,37,in,,,,,,,,,,,,,,,,,,,,,,,,,,,,,,,,,,,,,,,,,,,,,,,,,,,,,,,,,,,,,,,,,,,,,,,,,,,,,,,,,,,,,,,,,,,,,,,,,,,,,,,,,,,,,,,,,,,,,,,,,,,,,,,,,,,,,,,,,,,,,,,,,,,,,,,,,,,,,,,,,,,,,,,,,,,,,,,,,,,,,,,,,,,,
,,,,,,543340898,Building Materials,Decking & Railing,Railing Kits,,543340898,"4x4-43"" Black Alum Post Sleeve Select Alum Railing w/Cap & Skirt",TREX,,,Boise Cascade Building Materials (BOICA),"Trex Company, Inc.",Trex®,Trex®,543340898,,Building Materials>Decking & Railing>Railing Kits,"Trex Company, Inc., Trex®, Railing Kits, 543340898, Unmapped Dimension 1 4 in",RAILING KITS,"Trex® 543340898 Railing Kits With 4 in, 4 in, 43 in","Trex® Railing Kits, 4 in, 4 in, 43 in",,,Unmapped Dimension 1: 4 in,Unmapped Dimension 2: 4 in,Unmapped Dimension 3: 43 in,,,,,,,,,,,,,,,,,,,,,,,Railing Kits,Unmapped Dimension 1,4,in,Unmapped Dimension 2,4,in,Unmapped Dimension 3,43,in,,,,,,,,,,,,,,,,,,,,,,,,,,,,,,,,,,,,,,,,,,,,,,,,,,,,,,,,,,,,,,,,,,,,,,,,,,,,,,,,,,,,,,,,,,,,,,,,,,,,,,,,,,,,,,,,,,,,,,,,,,,,,,,,,,,,,,,,,,,,,,,,,,,,,,,,,,,,,,,,,,,,,,,,,,,,,,,,,,,,,,,,,,,,
,,,,,,73272TBK,Building Materials,Decking & Railing,Post Sleeves & Accessories,,73272TBK,6x6-10' Black Alum Deco - Support Post,DSI Westbury,,,Palmer Donavin Mfg Company (PALDO),Palmer Donavin Mfg Company,DSI Westbury,DSI Westbury,73272TBK,,Building Materials>Decking & Railing>Post Sleeves & Accessories,"Palmer Donavin Mfg Company, DSI Westbury, Post Sleeves & Accessories, 73272TBK",POST SLEEVES & ACCESSORIES,"DSI Westbury 73272TBK Post Sleeves & Accessories With 6 in, 10 ft","DSI Westbury Post Sleeves & Accessories, 6 in, 10 ft",,,Post Size: 6 in,Height: 10 ft,,,,,,,,,,,,,,,,,,,,,,,,Post Sleeves & Accessories,Post Size,6,in,Height,10,ft,,,,,,,,,,,,,,,,,,,,,,,,,,,,,,,,,,,,,,,,,,,,,,,,,,,,,,,,,,,,,,,,,,,,,,,,,,,,,,,,,,,,,,,,,,,,,,,,,,,,,,,,,,,,,,,,,,,,,,,,,,,,,,,,,,,,,,,,,,,,,,,,,,,,,,,,,,,,,,,,,,,,,,,,,,,,,,,,,,,,,,,,,,,,,,,
,,,,,,543302127,Building Materials,Decking & Railing,Railing Kits,,543302127,6' Wh Select T-Rail Kit Stair - w/Sq Composite Balusters,TREX,,,U S Lumber (3073),"Trex Company, Inc.",Trex®,Trex®,543302127,,Building Materials>Decking & Railing>Railing Kits,"Trex Company, Inc., Trex®, Railing Kits, 543302127, Length 6 ft, Tool Form Kit",RAILING KITS 6 FT,"Trex® 543302127 Railing Kits With 6 ft, Kit","Trex® Railing Kits, 6 ft, Kit",,,Length: 6 ft,Tool Form: Kit,,,,,,,,,,,,,,,,,,,,,,,,Railing Kits,Length,6,ft,Tool Form,Kit,,,,,,,,,,,,,,,,,,,,,,,,,,,,,,,,,,,,,,,,,,,,,,,,,,,,,,,,,,,,,,,,,,,,,,,,,,,,,,,,,,,,,,,,,,,,,,,,,,,,,,,,,,,,,,,,,,,,,,,,,,,,,,,,,,,,,,,,,,,,,,,,,,,,,,,,,,,,,,,,,,,,,,,,,,,,,,,,,,,,,,,,,,,,,,,,
,,,,,,543302147,Building Materials,Decking & Railing,Railing Kits,,543302147,8' Wh Select T-Rail Kit Stair - w/Sq Composite Balusters,TREX,,,U S Lumber (3073),"Trex Company, Inc.",Trex®,Trex®,543302147,,Building Materials>Decking & Railing>Railing Kits,"Trex Company, Inc., Trex®, Railing Kits, 543302147, Length 8 ft, Tool Form Kit",RAILING KITS 8 FT,"Trex® 543302147 Railing Kits With 8 ft, Kit","Trex® Railing Kits, 8 ft, Kit",,,Length: 8 ft,Tool Form: Kit,,,,,,,,,,,,,,,,,,,,,,,,Railing Kits,Length,8,ft,Tool Form,Kit,,,,,,,,,,,,,,,,,,,,,,,,,,,,,,,,,,,,,,,,,,,,,,,,,,,,,,,,,,,,,,,,,,,,,,,,,,,,,,,,,,,,,,,,,,,,,,,,,,,,,,,,,,,,,,,,,,,,,,,,,,,,,,,,,,,,,,,,,,,,,,,,,,,,,,,,,,,,,,,,,,,,,,,,,,,,,,,,,,,,,,,,,,,,,,,,
,,,,,,73019599,Building Materials,Decking & Railing,Railing Kits,,73019599,Finyline Wh 6' Str Rail Kit Sq,,,,-,Rdi Railing (Barrette Outdoor Living),RDI®,RDI®,73019599,,Building Materials>Decking & Railing>Railing Kits,"Rdi Railing (Barrette Outdoor Living), RDI®, Railing Kits, 73019599",RAILING KITS 6 FT,"RDI® 73019599 Railing Kits With 6 ft, Kit","RDI® Railing Kits, 6 ft, Kit",,,Length: 6 ft,Tool Form: Kit,,,,,,,,,,,,,,,,,,,,,,,,Railing Kits,Length,6,ft,Tool Form,Kit,,,,,,,,,,,,,,,,,,,,,,,,,,,,,,,,,,,,,,,,,,,,,,,,,,,,,,,,,,,,,,,,,,,,,,,,,,,,,,,,,,,,,,,,,,,,,,,,,,,,,,,,,,,,,,,,,,,,,,,,,,,,,,,,,,,,,,,,,,,,,,,,,,,,,,,,,,,,,,,,,,,,,,,,,,,,,,,,,,,,,,,,,,,,,,,,
,,,,,,73019648,Building Materials,Decking & Railing,Railing Kits,,73019648,Finyline Wh 8' Str Rail Kit Sq,,,,-,Rdi Railing (Barrette Outdoor Living),RDI®,RDI®,73019648,,Building Materials>Decking & Railing>Railing Kits,"Rdi Railing (Barrette Outdoor Living), RDI®, Railing Kits, 73019648",RAILING KITS 8 FT,"RDI® 73019648 Railing Kits With 8 ft, Kit","RDI® Railing Kits, 8 ft, Kit",,,Length: 8 ft,Tool Form: Kit,,,,,,,,,,,,,,,,,,,,,,,,Railing Kits,Length,8,ft,Tool Form,Kit,,,,,,,,,,,,,,,,,,,,,,,,,,,,,,,,,,,,,,,,,,,,,,,,,,,,,,,,,,,,,,,,,,,,,,,,,,,,,,,,,,,,,,,,,,,,,,,,,,,,,,,,,,,,,,,,,,,,,,,,,,,,,,,,,,,,,,,,,,,,,,,,,,,,,,,,,,,,,,,,,,,,,,,,,,,,,,,,,,,,,,,,,,,,,,,,
,,,,,,73019598,Building Materials,Decking & Railing,Railing Kits,,73019598,Finyline Wh 6' Str Rail Kit Rd - w/Black Alum Balusters,,,,-,Rdi Railing (Barrette Outdoor Living),RDI®,RDI®,73019598,,Building Materials>Decking & Railing>Railing Kits,"Rdi Railing (Barrette Outdoor Living), RDI®, Railing Kits, 73019598",RAILING KITS 6 FT,"RDI® 73019598 Railing Kits With 6 ft, Kit","RDI® Railing Kits, 6 ft, Kit",,,Length: 6 ft,Tool Form: Kit,,,,,,,,,,,,,,,,,,,,,,,,Railing Kits,Length,6,ft,Tool Form,Kit,,,,,,,,,,,,,,,,,,,,,,,,,,,,,,,,,,,,,,,,,,,,,,,,,,,,,,,,,,,,,,,,,,,,,,,,,,,,,,,,,,,,,,,,,,,,,,,,,,,,,,,,,,,,,,,,,,,,,,,,,,,,,,,,,,,,,,,,,,,,,,,,,,,,,,,,,,,,,,,,,,,,,,,,,,,,,,,,,,,,,,,,,,,,,,,,
,,,,,,73019647,Building Materials,Decking & Railing,Railing Kits,,73019647,Finyline Wh 8' Str Rail Kit Rd - w/Black Alum Balusters,,,,-,Rdi Railing (Barrette Outdoor Living),RDI®,RDI®,73019647,,Building Materials>Decking & Railing>Railing Kits,"Rdi Railing (Barrette Outdoor Living), RDI®, Railing Kits, 73019647",RAILING KITS 8 FT,"RDI® 73019647 Railing Kits With 8 ft, Kit","RDI® Railing Kits, 8 ft, Kit",,,Length: 8 ft,Tool Form: Kit,,,,,,,,,,,,,,,,,,,,,,,,Railing Kits,Length,8,ft,Tool Form,Kit,,,,,,,,,,,,,,,,,,,,,,,,,,,,,,,,,,,,,,,,,,,,,,,,,,,,,,,,,,,,,,,,,,,,,,,,,,,,,,,,,,,,,,,,,,,,,,,,,,,,,,,,,,,,,,,,,,,,,,,,,,,,,,,,,,,,,,,,,,,,,,,,,,,,,,,,,,,,,,,,,,,,,,,,,,,,,,,,,,,,,,,,,,,,,,,,
,,,,,,543300257,Building Materials,Decking & Railing,Railing Kits,,543300257,6' Black Select Classic Stair - Rail w/Rnd Black Alum Baluster,TREX,,,Boise Cascade Building Materials (BOICA),"Trex Company, Inc.",Trex®,Trex®,543300257,,Building Materials>Decking & Railing>Railing Kits,"Trex Company, Inc., Trex®, Railing Kits, 543300257, Length 6 ft",RAILING KITS 6 FT,Trex® 543300257 Railing Kits With 6 ft,"Trex® Railing Kits, 6 ft",,,Length: 6 ft,,,,,,,,,,,,,,,,,,,,,,,,,Railing Kits,Length,6,ft,,,,,,,,,,,,,,,,,,,,,,,,,,,,,,,,,,,,,,,,,,,,,,,,,,,,,,,,,,,,,,,,,,,,,,,,,,,,,,,,,,,,,,,,,,,,,,,,,,,,,,,,,,,,,,,,,,,,,,,,,,,,,,,,,,,,,,,,,,,,,,,,,,,,,,,,,,,,,,,,,,,,,,,,,,,,,,,,,,,,,,,,,,,,,,,,,,
,,,,,,543300277,Building Materials,Decking & Railing,Railing Kits,,543300277,8' Black Select Classic Stair - Rail w/Rnd Black Alum Baluster,TREX,,,Boise Cascade Building Materials (BOICA),"Trex Company, Inc.",Trex®,Trex®,543300277,,Building Materials>Decking & Railing>Railing Kits,"Trex Company, Inc., Trex®, Railing Kits, 543300277, Length 8 ft",RAILING KITS 8 FT,Trex® 543300277 Railing Kits With 8 ft,"Trex® Railing Kits, 8 ft",,,Length: 8 ft,,,,,,,,,,,,,,,,,,,,,,,,,Railing Kits,Length,8,ft,,,,,,,,,,,,,,,,,,,,,,,,,,,,,,,,,,,,,,,,,,,,,,,,,,,,,,,,,,,,,,,,,,,,,,,,,,,,,,,,,,,,,,,,,,,,,,,,,,,,,,,,,,,,,,,,,,,,,,,,,,,,,,,,,,,,,,,,,,,,,,,,,,,,,,,,,,,,,,,,,,,,,,,,,,,,,,,,,,,,,,,,,,,,,,,,,,
,,,,,,SPB-44BPL,Building Materials,Decking & Railing,Post Sleeves & Accessories,,SPB-44BPL,"Patriot 4""x4""x37""/43"" Adjustable Self Leveling Support Post",,,,-,,,,SPB-44BPL,,Building Materials>Decking & Railing>Post Sleeves & Accessories,"Post Sleeves & Accessories, SPB-44BPL, Post Size 4 in, Height 37 in",POST SLEEVES & ACCESSORIES,"SPB-44BPL Post Sleeves & Accessories With 4 in, 37 in","Post Sleeves & Accessories, 4 in, 37 in",,,Post Size: 4 in,Height: 37 in,,,,,,,,,,,,,,,,,,,,,,,,Post Sleeves & Accessories,Post Size,4,in,Height,37,in,,,,,,,,,,,,,,,,,,,,,,,,,,,,,,,,,,,,,,,,,,,,,,,,,,,,,,,,,,,,,,,,,,,,,,,,,,,,,,,,,,,,,,,,,,,,,,,,,,,,,,,,,,,,,,,,,,,,,,,,,,,,,,,,,,,,,,,,,,,,,,,,,,,,,,,,,,,,,,,,,,,,,,,,,,,,,,,,,,,,,,,,,,,,,,,
,,,,,,925219,Electrical,Electrical Accessories,Tapes & Adhesives,,925219,"2""x50' Deck Joist Tape - Protecto Wrap",,,,Palmer Donavin Mfg Company (PALDO),Palmer Donavin Mfg Company,,,925219,,Electrical>Electrical Accessories>Tapes & Adhesives,"Palmer Donavin Mfg Company, Tapes & Adhesives, 925219",TAPES & ADHESIVES,"925219 Tapes & Adhesives With 2 in, 50 ft","Tapes & Adhesives, 2 in, 50 ft",,,Unmapped Dimension 1: 2 in,Unmapped Dimension 2: 50 ft,,,,,,,,,,,,,,,,,,,,,,,,Tapes & Adhesives,Unmapped Dimension 1,2,in,Unmapped Dimension 2,50,ft,,,,,,,,,,,,,,,,,,,,,,,,,,,,,,,,,,,,,,,,,,,,,,,,,,,,,,,,,,,,,,,,,,,,,,,,,,,,,,,,,,,,,,,,,,,,,,,,,,,,,,,,,,,,,,,,,,,,,,,,,,,,,,,,,,,,,,,,,,,,,,,,,,,,,,,,,,,,,,,,,,,,,,,,,,,,,,,,,,,,,,,,,,,,,,,
,,,,,,27233,Building Materials,Windows & Doors,Windows & Doors,,27233,24x48 WH Attic Access Door,AJM,,,A J Manufacturing Inc (AJMAN),A J Manufacturing Inc,AJM,AJM,27233,,Building Materials>Windows & Doors>Windows & Doors,"A J Manufacturing Inc, AJM, Windows & Doors, 27233",WINDOWS & DOORS,AJM 27233 Windows & Doors,AJM Windows & Doors,,,,,,,,,,,,,,,,,,,,,,,,,,,,Windows & Doors,,,,,,,,,,,,,,,,,,,,,,,,,,,,,,,,,,,,,,,,,,,,,,,,,,,,,,,,,,,,,,,,,,,,,,,,,,,,,,,,,,,,,,,,,,,,,,,,,,,,,,,,,,,,,,,,,,,,,,,,,,,,,,,,,,,,,,,,,,,,,,,,,,,,,,,,,,,,,,,,,,,,,,,,,,,,,,,,,,,,,,,,,,,,,,,,,,,,,
,,,,,,1517602,Building Materials,Windows & Doors,Windows & Doors,,1517602,6068R Gliding Patio Dr 4500 United Blk Ext/WH Int LowE Arg w/J,United Window & Door,,,United Window & Door Manufacturing (UNIWI),United Window & Door,United Window & Door®,United Window & Door®,1517602,,Building Materials>Windows & Doors>Windows & Doors,"United Window & Door, United Window & Door®, Windows & Doors, 1517602",WINDOWS & DOORS,United Window & Door® 1517602 Windows & Doors,United Window & Door® Windows & Doors,,,,,,,,,,,,,,,,,,,,,,,,,,,,Windows & Doors,,,,,,,,,,,,,,,,,,,,,,,,,,,,,,,,,,,,,,,,,,,,,,,,,,,,,,,,,,,,,,,,,,,,,,,,,,,,,,,,,,,,,,,,,,,,,,,,,,,,,,,,,,,,,,,,,,,,,,,,,,,,,,,,,,,,,,,,,,,,,,,,,,,,,,,,,,,,,,,,,,,,,,,,,,,,,,,,,,,,,,,,,,,,,,,,,,,,,
,,,,,,1517603,Building Materials,Windows & Doors,Windows & Doors,,1517603,6068L Gliding Patio Dr 4500 United Blk Ext/WH Int LowE Arg w/J,United Window & Door,,,United Window & Door Manufacturing (UNIWI),United Window & Door,United Window & Door®,United Window & Door®,1517603,,Building Materials>Windows & Doors>Windows & Doors,"United Window & Door, United Window & Door®, Windows & Doors, 1517603",WINDOWS & DOORS,United Window & Door® 1517603 Windows & Doors,United Window & Door® Windows & Doors,,,,,,,,,,,,,,,,,,,,,,,,,,,,Windows & Doors,,,,,,,,,,,,,,,,,,,,,,,,,,,,,,,,,,,,,,,,,,,,,,,,,,,,,,,,,,,,,,,,,,,,,,,,,,,,,,,,,,,,,,,,,,,,,,,,,,,,,,,,,,,,,,,,,,,,,,,,,,,,,,,,,,,,,,,,,,,,,,,,,,,,,,,,,,,,,,,,,,,,,,,,,,,,,,,,,,,,,,,,,,,,,,,,,,,,,
,,,,,,1517604,Building Materials,Windows & Doors,Windows & Doors,,1517604,6068L Gliding Patio Dr 4500 United White LowE Arg w/J,United Window & Door,,,United Window & Door Manufacturing (UNIWI),United Window & Door,United Window & Door®,United Window & Door®,1517604,,Building Materials>Windows & Doors>Windows & Doors,"United Window & Door, United Window & Door®, Windows & Doors, 1517604",WINDOWS & DOORS,United Window & Door® 1517604 Windows & Doors,United Window & Door® Windows & Doors,,,,,,,,,,,,,,,,,,,,,,,,,,,,Windows & Doors,,,,,,,,,,,,,,,,,,,,,,,,,,,,,,,,,,,,,,,,,,,,,,,,,,,,,,,,,,,,,,,,,,,,,,,,,,,,,,,,,,,,,,,,,,,,,,,,,,,,,,,,,,,,,,,,,,,,,,,,,,,,,,,,,,,,,,,,,,,,,,,,,,,,,,,,,,,,,,,,,,,,,,,,,,,,,,,,,,,,,,,,,,,,,,,,,,,,,
,,,,,,1517605,Building Materials,Windows & Doors,Windows & Doors,,1517605,6068R Gliding Patio Dr 4500 United White LowE Arg w/J,United Window & Door,,,United Window & Door Manufacturing (UNIWI),United Window & Door,United Window & Door®,United Window & Door®,1517605,,Building Materials>Windows & Doors>Windows & Doors,"United Window & Door, United Window & Door®, Windows & Doors, 1517605",WINDOWS & DOORS,United Window & Door® 1517605 Windows & Doors,United Window & Door® Windows & Doors,,,,,,,,,,,,,,,,,,,,,,,,,,,,Windows & Doors,,,,,,,,,,,,,,,,,,,,,,,,,,,,,,,,,,,,,,,,,,,,,,,,,,,,,,,,,,,,,,,,,,,,,,,,,,,,,,,,,,,,,,,,,,,,,,,,,,,,,,,,,,,,,,,,,,,,,,,,,,,,,,,,,,,,,,,,,,,,,,,,,,,,,,,,,,,,,,,,,,,,,,,,,,,,,,,,,,,,,,,,,,,,,,,,,,,,,
,,,,,,FS C01 2004S,Building Materials,Windows & Doors,Windows & Doors,,FS C01 2004S,"FS C01 Velux Fxd Skylt Gry/Wh - w/Solar Shade RO 21""x26-7/8""",,,,Velux America Inc (VELAM),Velux America Inc,,,FS C01 2004S,,Building Materials>Windows & Doors>Windows & Doors,"Velux America Inc, Windows & Doors, FS C01 2004S, Unmapped Dimension 1 21 in",WINDOWS & DOORS,"FS C01 2004S Windows & Doors With 21 in, 26 in, 7/8 in","Windows & Doors, 21 in, 26 in, 7/8 in",,,Unmapped Dimension 1: 21 in,Unmapped Dimension 2: 26 in,Unmapped Dimension 3: 7/8 in,,,,,,,,,,,,,,,,,,,,,,,Windows & Doors,Unmapped Dimension 1,21,in,Unmapped Dimension 2,26,in,Unmapped Dimension 3,7/8,in,,,,,,,,,,,,,,,,,,,,,,,,,,,,,,,,,,,,,,,,,,,,,,,,,,,,,,,,,,,,,,,,,,,,,,,,,,,,,,,,,,,,,,,,,,,,,,,,,,,,,,,,,,,,,,,,,,,,,,,,,,,,,,,,,,,,,,,,,,,,,,,,,,,,,,,,,,,,,,,,,,,,,,,,,,,,,,,,,,,,,,,,,,,,
,,,,,,FS C04 2004S,Building Materials,Windows & Doors,Windows & Doors,,FS C04 2004S,"FS C04 Velux Fxd Skylt Gry/Wh - w/Solar Shade RO 21""x37-7/8""",,,,Velux America Inc (VELAM),Velux America Inc,,,FS C04 2004S,,Building Materials>Windows & Doors>Windows & Doors,"Velux America Inc, Windows & Doors, FS C04 2004S, Unmapped Dimension 1 21 in",WINDOWS & DOORS,"FS C04 2004S Windows & Doors With 21 in, 37 in, 7/8 in","Windows & Doors, 21 in, 37 in, 7/8 in",,,Unmapped Dimension 1: 21 in,Unmapped Dimension 2: 37 in,Unmapped Dimension 3: 7/8 in,,,,,,,,,,,,,,,,,,,,,,,Windows & Doors,Unmapped Dimension 1,21,in,Unmapped Dimension 2,37,in,Unmapped Dimension 3,7/8,in,,,,,,,,,,,,,,,,,,,,,,,,,,,,,,,,,,,,,,,,,,,,,,,,,,,,,,,,,,,,,,,,,,,,,,,,,,,,,,,,,,,,,,,,,,,,,,,,,,,,,,,,,,,,,,,,,,,,,,,,,,,,,,,,,,,,,,,,,,,,,,,,,,,,,,,,,,,,,,,,,,,,,,,,,,,,,,,,,,,,,,,,,,,,
,,,,,,FS C06 2004S,Building Materials,Windows & Doors,Windows & Doors,,FS C06 2004S,"FS C06 Velux Fxd Skylt Gry/Wh - w/Solar Shade RO 21""x45-7/8""",,,,Velux America Inc (VELAM),Velux America Inc,,,FS C06 2004S,,Building Materials>Windows & Doors>Windows & Doors,"Velux America Inc, Windows & Doors, FS C06 2004S, Unmapped Dimension 1 21 in",WINDOWS & DOORS,"FS C06 2004S Windows & Doors With 21 in, 45 in, 7/8 in","Windows & Doors, 21 in, 45 in, 7/8 in",,,Unmapped Dimension 1: 21 in,Unmapped Dimension 2: 45 in,Unmapped Dimension 3: 7/8 in,,,,,,,,,,,,,,,,,,,,,,,Windows & Doors,Unmapped Dimension 1,21,in,Unmapped Dimension 2,45,in,Unmapped Dimension 3,7/8,in,,,,,,,,,,,,,,,,,,,,,,,,,,,,,,,,,,,,,,,,,,,,,,,,,,,,,,,,,,,,,,,,,,,,,,,,,,,,,,,,,,,,,,,,,,,,,,,,,,,,,,,,,,,,,,,,,,,,,,,,,,,,,,,,,,,,,,,,,,,,,,,,,,,,,,,,,,,,,,,,,,,,,,,,,,,,,,,,,,,,,,,,,,,,
,,,,,,1501831,Building Materials,Windows & Doors,Windows & Doors,,1501831,31.5x14.75 Bsmt ecoLitePlus WH - Hopper DLA w/Screen,PROVIA,,,ProVia (PRODO),ProVia,PROVIA,PROVIA,1501831,,Building Materials>Windows & Doors>Windows & Doors,"ProVia, PROVIA, Windows & Doors, 1501831, Unmapped Dimension 1 31-1/2 in",WINDOWS & DOORS,"PROVIA 1501831 Windows & Doors With 31-1/2 in, 14-3/4 in","PROVIA Windows & Doors, 31-1/2 in, 14-3/4 in",,,Unmapped Dimension 1: 31-1/2 in,Unmapped Dimension 2: 14-3/4 in,,,,,,,,,,,,,,,,,,,,,,,,Windows & Doors,Unmapped Dimension 1,31-1/2,in,Unmapped Dimension 2,14-3/4,in,,,,,,,,,,,,,,,,,,,,,,,,,,,,,,,,,,,,,,,,,,,,,,,,,,,,,,,,,,,,,,,,,,,,,,,,,,,,,,,,,,,,,,,,,,,,,,,,,,,,,,,,,,,,,,,,,,,,,,,,,,,,,,,,,,,,,,,,,,,,,,,,,,,,,,,,,,,,,,,,,,,,,,,,,,,,,,,,,,,,,,,,,,,,,,,
,,,,,,1501832,Building Materials,Windows & Doors,Windows & Doors,,1501832,31.5x22.75 Bsmt ecoLitePlus WH - Hopper DLA w/Screen,PROVIA,,,ProVia (PRODO),ProVia,PROVIA,PROVIA,1501832,,Building Materials>Windows & Doors>Windows & Doors,"ProVia, PROVIA, Windows & Doors, 1501832, Unmapped Dimension 1 31-1/2 in",WINDOWS & DOORS,"PROVIA 1501832 Windows & Doors With 31-1/2 in, 22-3/4 in","PROVIA Windows & Doors, 31-1/2 in, 22-3/4 in",,,Unmapped Dimension 1: 31-1/2 in,Unmapped Dimension 2: 22-3/4 in,,,,,,,,,,,,,,,,,,,,,,,,Windows & Doors,Unmapped Dimension 1,31-1/2,in,Unmapped Dimension 2,22-3/4,in,,,,,,,,,,,,,,,,,,,,,,,,,,,,,,,,,,,,,,,,,,,,,,,,,,,,,,,,,,,,,,,,,,,,,,,,,,,,,,,,,,,,,,,,,,,,,,,,,,,,,,,,,,,,,,,,,,,,,,,,,,,,,,,,,,,,,,,,,,,,,,,,,,,,,,,,,,,,,,,,,,,,,,,,,,,,,,,,,,,,,,,,,,,,,,,
,,,,,,1515974,Building Materials,Windows & Doors,Windows & Doors,,1515974,3030 Slider 3900 United Black WH Int LowE-2 w/Half Scrn w/J,United Window & Door,,,-,United Window & Door,United Window & Door®,United Window & Door®,1515974,,Building Materials>Windows & Doors>Windows & Doors,"United Window & Door, United Window & Door®, Windows & Doors, 1515974",WINDOWS & DOORS,United Window & Door® 1515974 Windows & Doors,United Window & Door® Windows & Doors,,,,,,,,,,,,,,,,,,,,,,,,,,,,Windows & Doors,,,,,,,,,,,,,,,,,,,,,,,,,,,,,,,,,,,,,,,,,,,,,,,,,,,,,,,,,,,,,,,,,,,,,,,,,,,,,,,,,,,,,,,,,,,,,,,,,,,,,,,,,,,,,,,,,,,,,,,,,,,,,,,,,,,,,,,,,,,,,,,,,,,,,,,,,,,,,,,,,,,,,,,,,,,,,,,,,,,,,,,,,,,,,,,,,,,,,
,,,,,,640383,Building Materials,Building Materials,Structural & Wall Materials,,640383,"1/2"" 54""x10 Drywall Easi-Lite",,,,Certainteed Gypsum (2765),Certainteed Gypsum,,,640383,,Building Materials>Building Materials>Structural & Wall Materials,"Certainteed Gypsum, Structural & Wall Materials, 640383",STRUCTURAL & WALL MATERIALS,"640383 Structural & Wall Materials With 54 in, 10 in","Structural & Wall Materials, 54 in, 10 in",,,Unmapped Dimension 1: 54 in,Unmapped Dimension 2: 10 in,,,,,,,,,,,,,,,,,,,,,,,,Structural & Wall Materials,Unmapped Dimension 1,54,in,Unmapped Dimension 2,10,in,,,,,,,,,,,,,,,,,,,,,,,,,,,,,,,,,,,,,,,,,,,,,,,,,,,,,,,,,,,,,,,,,,,,,,,,,,,,,,,,,,,,,,,,,,,,,,,,,,,,,,,,,,,,,,,,,,,,,,,,,,,,,,,,,,,,,,,,,,,,,,,,,,,,,,,,,,,,,,,,,,,,,,,,,,,,,,,,,,,,,,,,,,,,,,,
,,,,,,653258,Building Materials,Building Materials,Structural & Wall Materials,,653258,"5/8"" 4x9 Drywall Firelite",,,,Certainteed Gypsum (2765),Certainteed Gypsum,,,653258,,Building Materials>Building Materials>Structural & Wall Materials,"Certainteed Gypsum, Structural & Wall Materials, 653258",STRUCTURAL & WALL MATERIALS,"653258 Structural & Wall Materials With 4 in, 9 in","Structural & Wall Materials, 4 in, 9 in",,,Unmapped Dimension 1: 4 in,Unmapped Dimension 2: 9 in,,,,,,,,,,,,,,,,,,,,,,,,Structural & Wall Materials,Unmapped Dimension 1,4,in,Unmapped Dimension 2,9,in,,,,,,,,,,,,,,,,,,,,,,,,,,,,,,,,,,,,,,,,,,,,,,,,,,,,,,,,,,,,,,,,,,,,,,,,,,,,,,,,,,,,,,,,,,,,,,,,,,,,,,,,,,,,,,,,,,,,,,,,,,,,,,,,,,,,,,,,,,,,,,,,,,,,,,,,,,,,,,,,,,,,,,,,,,,,,,,,,,,,,,,,,,,,,,,
,,,,,,413S-DBA-36,Hardware,Door Hardware,Door Hardware & Thresholds,,413S-DBA-36,"413S 36"" Alum Threshold DBZ",HAGER,,,Hager Hinge Co (4189),Hager Hinge Co,HAGER,HAGER,413S-DBA-36,,Hardware>Door Hardware>Door Hardware & Thresholds,"Hager Hinge Co, HAGER, Door Hardware & Thresholds, 413S-DBA-36",DOOR HARDWARE & THRESHOLDS,HAGER 413S-DBA-36 Door Hardware & Thresholds With 36 in,"HAGER Door Hardware & Thresholds, 36 in",,,Unmapped Dimension 1: 36 in,,,,,,,,,,,,,,,,,,,,,,,,,Door Hardware & Thresholds,Unmapped Dimension 1,36,in,,,,,,,,,,,,,,,,,,,,,,,,,,,,,,,,,,,,,,,,,,,,,,,,,,,,,,,,,,,,,,,,,,,,,,,,,,,,,,,,,,,,,,,,,,,,,,,,,,,,,,,,,,,,,,,,,,,,,,,,,,,,,,,,,,,,,,,,,,,,,,,,,,,,,,,,,,,,,,,,,,,,,,,,,,,,,,,,,,,,,,,,,,,,,,,,,,
,,,,,,413S-DBA-72,Hardware,Door Hardware,Door Hardware & Thresholds,,413S-DBA-72,"413S 72"" Alum Threshold DBZ",HAGER,,,Hager Hinge Co (4189),Hager Hinge Co,HAGER,HAGER,413S-DBA-72,,Hardware>Door Hardware>Door Hardware & Thresholds,"Hager Hinge Co, HAGER, Door Hardware & Thresholds, 413S-DBA-72",DOOR HARDWARE & THRESHOLDS,HAGER 413S-DBA-72 Door Hardware & Thresholds With 72 in,"HAGER Door Hardware & Thresholds, 72 in",,,Unmapped Dimension 1: 72 in,,,,,,,,,,,,,,,,,,,,,,,,,Door Hardware & Thresholds,Unmapped Dimension 1,72,in,,,,,,,,,,,,,,,,,,,,,,,,,,,,,,,,,,,,,,,,,,,,,,,,,,,,,,,,,,,,,,,,,,,,,,,,,,,,,,,,,,,,,,,,,,,,,,,,,,,,,,,,,,,,,,,,,,,,,,,,,,,,,,,,,,,,,,,,,,,,,,,,,,,,,,,,,,,,,,,,,,,,,,,,,,,,,,,,,,,,,,,,,,,,,,,,,,
,,,,,,1511506,Building Materials,Building Materials,Structural & Wall Materials,,1511506,4'x65' Zip Rainscreen,,,,Huber Eng Wood LLC (3158),Huber Eng Wood LLC,,,1511506,,Building Materials>Building Materials>Structural & Wall Materials,"Huber Eng Wood LLC, Structural & Wall Materials, 1511506",STRUCTURAL & WALL MATERIALS,"1511506 Structural & Wall Materials With 4 ft, 65 ft","Structural & Wall Materials, 4 ft, 65 ft",,,Unmapped Dimension 1: 4 ft,Unmapped Dimension 2: 65 ft,,,,,,,,,,,,,,,,,,,,,,,,Structural & Wall Materials,Unmapped Dimension 1,4,ft,Unmapped Dimension 2,65,ft,,,,,,,,,,,,,,,,,,,,,,,,,,,,,,,,,,,,,,,,,,,,,,,,,,,,,,,,,,,,,,,,,,,,,,,,,,,,,,,,,,,,,,,,,,,,,,,,,,,,,,,,,,,,,,,,,,,,,,,,,,,,,,,,,,,,,,,,,,,,,,,,,,,,,,,,,,,,,,,,,,,,,,,,,,,,,,,,,,,,,,,,,,,,,,,
,,,,,,1513577,Building Materials,Building Materials,Structural & Wall Materials,,1513577,1x8-12' Doug Fir STK Smooth 1S2E,COMMODITY - UNBRANDED,,,Westwood Lumber Sales (WESLU),Westwood Lumber Sales,COMMODITY - UNBRANDED,COMMODITY - UNBRANDED,1513577,,Building Materials>Building Materials>Structural & Wall Materials,"Westwood Lumber Sales, COMMODITY - UNBRANDED, Structural & Wall Materials",STRUCTURAL & WALL MATERIALS,"COMMODITY - UNBRANDED 1513577 Structural & Wall Materials With 1 in, 8 in, 12 ft","COMMODITY - UNBRANDED Structural & Wall Materials, 1 in, 8 in, 12 ft",,,Unmapped Dimension 1: 1 in,Unmapped Dimension 2: 8 in,Unmapped Dimension 3: 12 ft,,,,,,,,,,,,,,,,,,,,,,,Structural & Wall Materials,Unmapped Dimension 1,1,in,Unmapped Dimension 2,8,in,Unmapped Dimension 3,12,ft,,,,,,,,,,,,,,,,,,,,,,,,,,,,,,,,,,,,,,,,,,,,,,,,,,,,,,,,,,,,,,,,,,,,,,,,,,,,,,,,,,,,,,,,,,,,,,,,,,,,,,,,,,,,,,,,,,,,,,,,,,,,,,,,,,,,,,,,,,,,,,,,,,,,,,,,,,,,,,,,,,,,,,,,,,,,,,,,,,,,,,,,,,,,
,,,,,,1513578,Building Materials,Building Materials,Structural & Wall Materials,,1513578,1x8-16' Doug Fir STK Smooth 1S2E,COMMODITY - UNBRANDED,,,Westwood Lumber Sales (WESLU),Westwood Lumber Sales,COMMODITY - UNBRANDED,COMMODITY - UNBRANDED,1513578,,Building Materials>Building Materials>Structural & Wall Materials,"Westwood Lumber Sales, COMMODITY - UNBRANDED, Structural & Wall Materials",STRUCTURAL & WALL MATERIALS,"COMMODITY - UNBRANDED 1513578 Structural & Wall Materials With 1 in, 8 in, 16 ft","COMMODITY - UNBRANDED Structural & Wall Materials, 1 in, 8 in, 16 ft",,,Unmapped Dimension 1: 1 in,Unmapped Dimension 2: 8 in,Unmapped Dimension 3: 16 ft,,,,,,,,,,,,,,,,,,,,,,,Structural & Wall Materials,Unmapped Dimension 1,1,in,Unmapped Dimension 2,8,in,Unmapped Dimension 3,16,ft,,,,,,,,,,,,,,,,,,,,,,,,,,,,,,,,,,,,,,,,,,,,,,,,,,,,,,,,,,,,,,,,,,,,,,,,,,,,,,,,,,,,,,,,,,,,,,,,,,,,,,,,,,,,,,,,,,,,,,,,,,,,,,,,,,,,,,,,,,,,,,,,,,,,,,,,,,,,,,,,,,,,,,,,,,,,,,,,,,,,,,,,,,,,
,,,,,,1513579,Building Materials,Building Materials,Structural & Wall Materials,,1513579,1x12-12 'Doug Fir STK Smooth 1S2E,COMMODITY - UNBRANDED,,,Westwood Lumber Sales (WESLU),Westwood Lumber Sales,COMMODITY - UNBRANDED,COMMODITY - UNBRANDED,1513579,,Building Materials>Building Materials>Structural & Wall Materials,"Westwood Lumber Sales, COMMODITY - UNBRANDED, Structural & Wall Materials",STRUCTURAL & WALL MATERIALS,COMMODITY - UNBRANDED 1513579 Structural & Wall Materials,COMMODITY - UNBRANDED Structural & Wall Materials,,,,,,,,,,,,,,,,,,,,,,,,,,,,Structural & Wall Materials,,,,,,,,,,,,,,,,,,,,,,,,,,,,,,,,,,,,,,,,,,,,,,,,,,,,,,,,,,,,,,,,,,,,,,,,,,,,,,,,,,,,,,,,,,,,,,,,,,,,,,,,,,,,,,,,,,,,,,,,,,,,,,,,,,,,,,,,,,,,,,,,,,,,,,,,,,,,,,,,,,,,,,,,,,,,,,,,,,,,,,,,,,,,,,,,,,,,,
,,,,,,1513580,Building Materials,Building Materials,Structural & Wall Materials,,1513580,1x12-16' Doug Fir STK Smooth 1S2E,COMMODITY - UNBRANDED,,,Westwood Lumber Sales (WESLU),Westwood Lumber Sales,COMMODITY - UNBRANDED,COMMODITY - UNBRANDED,1513580,,Building Materials>Building Materials>Structural & Wall Materials,"Westwood Lumber Sales, COMMODITY - UNBRANDED, Structural & Wall Materials",STRUCTURAL & WALL MATERIALS,"COMMODITY - UNBRANDED 1513580 Structural & Wall Materials With 1 in, 12 in, 16 ft","COMMODITY - UNBRANDED Structural & Wall Materials, 1 in, 12 in, 16 ft",,,Unmapped Dimension 1: 1 in,Unmapped Dimension 2: 12 in,Unmapped Dimension 3: 16 ft,,,,,,,,,,,,,,,,,,,,,,,Structural & Wall Materials,Unmapped Dimension 1,1,in,Unmapped Dimension 2,12,in,Unmapped Dimension 3,16,ft,,,,,,,,,,,,,,,,,,,,,,,,,,,,,,,,,,,,,,,,,,,,,,,,,,,,,,,,,,,,,,,,,,,,,,,,,,,,,,,,,,,,,,,,,,,,,,,,,,,,,,,,,,,,,,,,,,,,,,,,,,,,,,,,,,,,,,,,,,,,,,,,,,,,,,,,,,,,,,,,,,,,,,,,,,,,,,,,,,,,,,,,,,,,
,,,,,,1501767,Building Materials,Building Materials,Structural & Wall Materials,,1501767,"3/4"" 4x8T&G Huber Blue PlusOSB - Sub Floor",,,,-,,,,1501767,,Building Materials>Building Materials>Structural & Wall Materials,"Structural & Wall Materials, 1501767, Unmapped Dimension 1 4 in",STRUCTURAL & WALL MATERIALS,"1501767 Structural & Wall Materials With 4 in, 8 in","Structural & Wall Materials, 4 in, 8 in",,,Unmapped Dimension 1: 4 in,Unmapped Dimension 2: 8 in,,,,,,,,,,,,,,,,,,,,,,,,Structural & Wall Materials,Unmapped Dimension 1,4,in,Unmapped Dimension 2,8,in,,,,,,,,,,,,,,,,,,,,,,,,,,,,,,,,,,,,,,,,,,,,,,,,,,,,,,,,,,,,,,,,,,,,,,,,,,,,,,,,,,,,,,,,,,,,,,,,,,,,,,,,,,,,,,,,,,,,,,,,,,,,,,,,,,,,,,,,,,,,,,,,,,,,,,,,,,,,,,,,,,,,,,,,,,,,,,,,,,,,,,,,,,,,,,,
,,,,,,PP-8BL,Building Materials,Building Materials,Structural & Wall Materials,,PP-8BL,8' Premier Rib XL Black,,,,Premier Metals (PREME),Premier Metals,,,PP-8BL,,Building Materials>Building Materials>Structural & Wall Materials,"Premier Metals, Structural & Wall Materials, PP-8BL, Unmapped Dimension 1 8 ft",STRUCTURAL & WALL MATERIALS,PP-8BL Structural & Wall Materials With 8 ft,"Structural & Wall Materials, 8 ft",,,Unmapped Dimension 1: 8 ft,,,,,,,,,,,,,,,,,,,,,,,,,Structural & Wall Materials,Unmapped Dimension 1,8,ft,,,,,,,,,,,,,,,,,,,,,,,,,,,,,,,,,,,,,,,,,,,,,,,,,,,,,,,,,,,,,,,,,,,,,,,,,,,,,,,,,,,,,,,,,,,,,,,,,,,,,,,,,,,,,,,,,,,,,,,,,,,,,,,,,,,,,,,,,,,,,,,,,,,,,,,,,,,,,,,,,,,,,,,,,,,,,,,,,,,,,,,,,,,,,,,,,,
,,,,,,PP-10BL,Building Materials,Building Materials,Structural & Wall Materials,,PP-10BL,10' Premier Rib XL Black,,,,Premier Metals (PREME),Premier Metals,,,PP-10BL,,Building Materials>Building Materials>Structural & Wall Materials,"Premier Metals, Structural & Wall Materials, PP-10BL",STRUCTURAL & WALL MATERIALS,PP-10BL Structural & Wall Materials With 10 ft,"Structural & Wall Materials, 10 ft",,,Unmapped Dimension 1: 10 ft,,,,,,,,,,,,,,,,,,,,,,,,,Structural & Wall Materials,Unmapped Dimension 1,10,ft,,,,,,,,,,,,,,,,,,,,,,,,,,,,,,,,,,,,,,,,,,,,,,,,,,,,,,,,,,,,,,,,,,,,,,,,,,,,,,,,,,,,,,,,,,,,,,,,,,,,,,,,,,,,,,,,,,,,,,,,,,,,,,,,,,,,,,,,,,,,,,,,,,,,,,,,,,,,,,,,,,,,,,,,,,,,,,,,,,,,,,,,,,,,,,,,,,
,,,,,,PP-12BL,Building Materials,Building Materials,Structural & Wall Materials,,PP-12BL,12' Premier Rib XL Black,,,,Premier Metals (PREME),Premier Metals,,,PP-12BL,,Building Materials>Building Materials>Structural & Wall Materials,"Premier Metals, Structural & Wall Materials, PP-12BL",STRUCTURAL & WALL MATERIALS,PP-12BL Structural & Wall Materials With 12 ft,"Structural & Wall Materials, 12 ft",,,Unmapped Dimension 1: 12 ft,,,,,,,,,,,,,,,,,,,,,,,,,Structural & Wall Materials,Unmapped Dimension 1,12,ft,,,,,,,,,,,,,,,,,,,,,,,,,,,,,,,,,,,,,,,,,,,,,,,,,,,,,,,,,,,,,,,,,,,,,,,,,,,,,,,,,,,,,,,,,,,,,,,,,,,,,,,,,,,,,,,,,,,,,,,,,,,,,,,,,,,,,,,,,,,,,,,,,,,,,,,,,,,,,,,,,,,,,,,,,,,,,,,,,,,,,,,,,,,,,,,,,,
,,,,,,PP-8CH,Building Materials,Building Materials,Structural & Wall Materials,,PP-8CH,8' Premier Rib XL Charcoal,,,,Premier Metals (PREME),Premier Metals,,,PP-8CH,,Building Materials>Building Materials>Structural & Wall Materials,"Premier Metals, Structural & Wall Materials, PP-8CH, Unmapped Dimension 1 8 ft",STRUCTURAL & WALL MATERIALS,PP-8CH Structural & Wall Materials With 8 ft,"Structural & Wall Materials, 8 ft",,,Unmapped Dimension 1: 8 ft,,,,,,,,,,,,,,,,,,,,,,,,,Structural & Wall Materials,Unmapped Dimension 1,8,ft,,,,,,,,,,,,,,,,,,,,,,,,,,,,,,,,,,,,,,,,,,,,,,,,,,,,,,,,,,,,,,,,,,,,,,,,,,,,,,,,,,,,,,,,,,,,,,,,,,,,,,,,,,,,,,,,,,,,,,,,,,,,,,,,,,,,,,,,,,,,,,,,,,,,,,,,,,,,,,,,,,,,,,,,,,,,,,,,,,,,,,,,,,,,,,,,,,
,,,,,,PP-10CH,Building Materials,Building Materials,Structural & Wall Materials,,PP-10CH,10' Premier Rib XL Charcoal,,,,Premier Metals (PREME),Premier Metals,,,PP-10CH,,Building Materials>Building Materials>Structural & Wall Materials,"Premier Metals, Structural & Wall Materials, PP-10CH",STRUCTURAL & WALL MATERIALS,PP-10CH Structural & Wall Materials With 10 ft,"Structural & Wall Materials, 10 ft",,,Unmapped Dimension 1: 10 ft,,,,,,,,,,,,,,,,,,,,,,,,,Structural & Wall Materials,Unmapped Dimension 1,10,ft,,,,,,,,,,,,,,,,,,,,,,,,,,,,,,,,,,,,,,,,,,,,,,,,,,,,,,,,,,,,,,,,,,,,,,,,,,,,,,,,,,,,,,,,,,,,,,,,,,,,,,,,,,,,,,,,,,,,,,,,,,,,,,,,,,,,,,,,,,,,,,,,,,,,,,,,,,,,,,,,,,,,,,,,,,,,,,,,,,,,,,,,,,,,,,,,,,
,,,,,,PP-12CH,Building Materials,Building Materials,Structural & Wall Materials,,PP-12CH,12' Premier Rib XL Charcoal,,,,Premier Metals (PREME),Premier Metals,,,PP-12CH,,Building Materials>Building Materials>Structural & Wall Materials,"Premier Metals, Structural & Wall Materials, PP-12CH",STRUCTURAL & WALL MATERIALS,PP-12CH Structural & Wall Materials With 12 ft,"Structural & Wall Materials, 12 ft",,,Unmapped Dimension 1: 12 ft,,,,,,,,,,,,,,,,,,,,,,,,,Structural & Wall Materials,Unmapped Dimension 1,12,ft,,,,,,,,,,,,,,,,,,,,,,,,,,,,,,,,,,,,,,,,,,,,,,,,,,,,,,,,,,,,,,,,,,,,,,,,,,,,,,,,,,,,,,,,,,,,,,,,,,,,,,,,,,,,,,,,,,,,,,,,,,,,,,,,,,,,,,,,,,,,,,,,,,,,,,,,,,,,,,,,,,,,,,,,,,,,,,,,,,,,,,,,,,,,,,,,,,
,,,,,,PP-8WH,Building Materials,Building Materials,Structural & Wall Materials,,PP-8WH,8' Premier Rib XL White,,,,Premier Metals (PREME),Premier Metals,,,PP-8WH,,Building Materials>Building Materials>Structural & Wall Materials,"Premier Metals, Structural & Wall Materials, PP-8WH, Unmapped Dimension 1 8 ft",STRUCTURAL & WALL MATERIALS,PP-8WH Structural & Wall Materials With 8 ft,"Structural & Wall Materials, 8 ft",,,Unmapped Dimension 1: 8 ft,,,,,,,,,,,,,,,,,,,,,,,,,Structural & Wall Materials,Unmapped Dimension 1,8,ft,,,,,,,,,,,,,,,,,,,,,,,,,,,,,,,,,,,,,,,,,,,,,,,,,,,,,,,,,,,,,,,,,,,,,,,,,,,,,,,,,,,,,,,,,,,,,,,,,,,,,,,,,,,,,,,,,,,,,,,,,,,,,,,,,,,,,,,,,,,,,,,,,,,,,,,,,,,,,,,,,,,,,,,,,,,,,,,,,,,,,,,,,,,,,,,,,,
,,,,,,PP-10WH,Building Materials,Building Materials,Structural & Wall Materials,,PP-10WH,10' Premier Rib XL White,,,,Premier Metals (PREME),Premier Metals,,,PP-10WH,,Building Materials>Building Materials>Structural & Wall Materials,"Premier Metals, Structural & Wall Materials, PP-10WH",STRUCTURAL & WALL MATERIALS,PP-10WH Structural & Wall Materials With 10 ft,"Structural & Wall Materials, 10 ft",,,Unmapped Dimension 1: 10 ft,,,,,,,,,,,,,,,,,,,,,,,,,Structural & Wall Materials,Unmapped Dimension 1,10,ft,,,,,,,,,,,,,,,,,,,,,,,,,,,,,,,,,,,,,,,,,,,,,,,,,,,,,,,,,,,,,,,,,,,,,,,,,,,,,,,,,,,,,,,,,,,,,,,,,,,,,,,,,,,,,,,,,,,,,,,,,,,,,,,,,,,,,,,,,,,,,,,,,,,,,,,,,,,,,,,,,,,,,,,,,,,,,,,,,,,,,,,,,,,,,,,,,,
,,,,,,1504345,Building Materials,Building Materials,Structural & Wall Materials,,1504345,OC Duration TruDef Wburg Gray (BDL),,,,Palmer Donavin Mfg Company (PALDO),Palmer Donavin Mfg Company,,,1504345,,Building Materials>Building Materials>Structural & Wall Materials,"Palmer Donavin Mfg Company, Structural & Wall Materials, 1504345",STRUCTURAL & WALL MATERIALS,1504345 Structural & Wall Materials,Structural & Wall Materials,,,,,,,,,,,,,,,,,,,,,,,,,,,,Structural & Wall Materials,,,,,,,,,,,,,,,,,,,,,,,,,,,,,,,,,,,,,,,,,,,,,,,,,,,,,,,,,,,,,,,,,,,,,,,,,,,,,,,,,,,,,,,,,,,,,,,,,,,,,,,,,,,,,,,,,,,,,,,,,,,,,,,,,,,,,,,,,,,,,,,,,,,,,,,,,,,,,,,,,,,,,,,,,,,,,,,,,,,,,,,,,,,,,,,,,,,,,
,,,,,,2733,Building Materials,Building Materials,Structural & Wall Materials,,2733,3'x65' Henry Eaveguard - Ice Guard,,,,Palmer Donavin Mfg Company (PALDO),Palmer Donavin Mfg Company,,,2733,,Building Materials>Building Materials>Structural & Wall Materials,"Palmer Donavin Mfg Company, Structural & Wall Materials, 2733",STRUCTURAL & WALL MATERIALS,"2733 Structural & Wall Materials With 3 ft, 65 ft","Structural & Wall Materials, 3 ft, 65 ft",,,Unmapped Dimension 1: 3 ft,Unmapped Dimension 2: 65 ft,,,,,,,,,,,,,,,,,,,,,,,,Structural & Wall Materials,Unmapped Dimension 1,3,ft,Unmapped Dimension 2,65,ft,,,,,,,,,,,,,,,,,,,,,,,,,,,,,,,,,,,,,,,,,,,,,,,,,,,,,,,,,,,,,,,,,,,,,,,,,,,,,,,,,,,,,,,,,,,,,,,,,,,,,,,,,,,,,,,,,,,,,,,,,,,,,,,,,,,,,,,,,,,,,,,,,,,,,,,,,,,,,,,,,,,,,,,,,,,,,,,,,,,,,,,,,,,,,,,
,,,,,,7547,Building Materials,Building Materials,Structural & Wall Materials,,7547,Ice Guard OC Weathr Lk Mat 2sq,,,,-,,,,7547,,Building Materials>Building Materials>Structural & Wall Materials,"Structural & Wall Materials, 7547, Building Materials>Building Materials>Structu",STRUCTURAL & WALL MATERIALS,7547 Structural & Wall Materials,Structural & Wall Materials,,,,,,,,,,,,,,,,,,,,,,,,,,,,Structural & Wall Materials,,,,,,,,,,,,,,,,,,,,,,,,,,,,,,,,,,,,,,,,,,,,,,,,,,,,,,,,,,,,,,,,,,,,,,,,,,,,,,,,,,,,,,,,,,,,,,,,,,,,,,,,,,,,,,,,,,,,,,,,,,,,,,,,,,,,,,,,,,,,,,,,,,,,,,,,,,,,,,,,,,,,,,,,,,,,,,,,,,,,,,,,,,,,,,,,,,,,,
,,,,,,8912220,Building Materials,Building Materials,Structural & Wall Materials,,8912220,"7-1/4""x12' Hardie Sdg Smooth - Primed HardiePlank",JAMESHARDIE,,,Boise Cascade Building Materials (BOICA),Boise Cascade Building Materials,JAMESHARDIE,JAMESHARDIE,8912220,,Building Materials>Building Materials>Structural & Wall Materials,"Boise Cascade Building Materials, JAMESHARDIE, Structural & Wall Materials",STRUCTURAL & WALL MATERIALS,"JAMESHARDIE 8912220 Structural & Wall Materials With 7-1/4 in, 12 ft","JAMESHARDIE Structural & Wall Materials, 7-1/4 in, 12 ft",,,Unmapped Dimension 1: 7-1/4 in,Unmapped Dimension 2: 12 ft,,,,,,,,,,,,,,,,,,,,,,,,Structural & Wall Materials,Unmapped Dimension 1,7-1/4,in,Unmapped Dimension 2,12,ft,,,,,,,,,,,,,,,,,,,,,,,,,,,,,,,,,,,,,,,,,,,,,,,,,,,,,,,,,,,,,,,,,,,,,,,,,,,,,,,,,,,,,,,,,,,,,,,,,,,,,,,,,,,,,,,,,,,,,,,,,,,,,,,,,,,,,,,,,,,,,,,,,,,,,,,,,,,,,,,,,,,,,,,,,,,,,,,,,,,,,,,,,,,,,,,
,,,,,,8904015,Building Materials,Building Materials,Structural & Wall Materials,,8904015,4'x10' HardiePanel Smooth - Primed,JAMESHARDIE,,,Boise Cascade Building Materials (BOICA),Boise Cascade Building Materials,JAMESHARDIE,JAMESHARDIE,8904015,,Building Materials>Building Materials>Structural & Wall Materials,"Boise Cascade Building Materials, JAMESHARDIE, Structural & Wall Materials",STRUCTURAL & WALL MATERIALS,"JAMESHARDIE 8904015 Structural & Wall Materials With 4 ft, 10 ft","JAMESHARDIE Structural & Wall Materials, 4 ft, 10 ft",,,Unmapped Dimension 1: 4 ft,Unmapped Dimension 2: 10 ft,,,,,,,,,,,,,,,,,,,,,,,,Structural & Wall Materials,Unmapped Dimension 1,4,ft,Unmapped Dimension 2,10,ft,,,,,,,,,,,,,,,,,,,,,,,,,,,,,,,,,,,,,,,,,,,,,,,,,,,,,,,,,,,,,,,,,,,,,,,,,,,,,,,,,,,,,,,,,,,,,,,,,,,,,,,,,,,,,,,,,,,,,,,,,,,,,,,,,,,,,,,,,,,,,,,,,,,,,,,,,,,,,,,,,,,,,,,,,,,,,,,,,,,,,,,,,,,,,,,
,,,,,,25796,Building Materials,Building Materials,Structural & Wall Materials,,25796,"6""x16' Smart Lap Sdg Cedar",LP SMARTSIDE,,,U S Lumber (3073),U S Lumber,LP SMARTSIDE,LP SMARTSIDE,25796,,Building Materials>Building Materials>Structural & Wall Materials,"U S Lumber, LP SMARTSIDE, Structural & Wall Materials, 25796",STRUCTURAL & WALL MATERIALS,"LP SMARTSIDE 25796 Structural & Wall Materials With 6 in, 16 ft","LP SMARTSIDE Structural & Wall Materials, 6 in, 16 ft",,,Unmapped Dimension 1: 6 in,Unmapped Dimension 2: 16 ft,,,,,,,,,,,,,,,,,,,,,,,,Structural & Wall Materials,Unmapped Dimension 1,6,in,Unmapped Dimension 2,16,ft,,,,,,,,,,,,,,,,,,,,,,,,,,,,,,,,,,,,,,,,,,,,,,,,,,,,,,,,,,,,,,,,,,,,,,,,,,,,,,,,,,,,,,,,,,,,,,,,,,,,,,,,,,,,,,,,,,,,,,,,,,,,,,,,,,,,,,,,,,,,,,,,,,,,,,,,,,,,,,,,,,,,,,,,,,,,,,,,,,,,,,,,,,,,,,,
,,,,,,40503,Building Materials,Building Materials,Structural & Wall Materials,,40503,"3/8"" 16""x16' Smart Pan Cedar - No-Groove Sq Edge B&B",LP SMARTSIDE,,,U S Lumber (3073),U S Lumber,LP SMARTSIDE,LP SMARTSIDE,40503,,Building Materials>Building Materials>Structural & Wall Materials,"U S Lumber, LP SMARTSIDE, Structural & Wall Materials, 40503",STRUCTURAL & WALL MATERIALS,"LP SMARTSIDE 40503 Structural & Wall Materials With 16 in, 16 ft","LP SMARTSIDE Structural & Wall Materials, 16 in, 16 ft",,,Unmapped Dimension 1: 16 in,Unmapped Dimension 2: 16 ft,,,,,,,,,,,,,,,,,,,,,,,,Structural & Wall Materials,Unmapped Dimension 1,16,in,Unmapped Dimension 2,16,ft,,,,,,,,,,,,,,,,,,,,,,,,,,,,,,,,,,,,,,,,,,,,,,,,,,,,,,,,,,,,,,,,,,,,,,,,,,,,,,,,,,,,,,,,,,,,,,,,,,,,,,,,,,,,,,,,,,,,,,,,,,,,,,,,,,,,,,,,,,,,,,,,,,,,,,,,,,,,,,,,,,,,,,,,,,,,,,,,,,,,,,,,,,,,,,,
,,,,,,25825,Building Materials,Building Materials,Structural & Wall Materials,,25825,"3/8"" 4x10 Smart Pan Cedar - No-Groove w/Shiplap Edges",LP SMARTSIDE,,,U S Lumber (3073),U S Lumber,LP SMARTSIDE,LP SMARTSIDE,25825,,Building Materials>Building Materials>Structural & Wall Materials,"U S Lumber, LP SMARTSIDE, Structural & Wall Materials, 25825",STRUCTURAL & WALL MATERIALS,"LP SMARTSIDE 25825 Structural & Wall Materials With 4 in, 10 in","LP SMARTSIDE Structural & Wall Materials, 4 in, 10 in",,,Unmapped Dimension 1: 4 in,Unmapped Dimension 2: 10 in,,,,,,,,,,,,,,,,,,,,,,,,Structural & Wall Materials,Unmapped Dimension 1,4,in,Unmapped Dimension 2,10,in,,,,,,,,,,,,,,,,,,,,,,,,,,,,,,,,,,,,,,,,,,,,,,,,,,,,,,,,,,,,,,,,,,,,,,,,,,,,,,,,,,,,,,,,,,,,,,,,,,,,,,,,,,,,,,,,,,,,,,,,,,,,,,,,,,,,,,,,,,,,,,,,,,,,,,,,,,,,,,,,,,,,,,,,,,,,,,,,,,,,,,,,,,,,,,,
,,,,,,25822,Building Materials,Building Materials,Structural & Wall Materials,,25822,"3/8"" 12""x16' Smart Vented Soff - Cedar Soffit",LP SMARTSIDE,,,U S Lumber (3073),U S Lumber,LP SMARTSIDE,LP SMARTSIDE,25822,,Building Materials>Building Materials>Structural & Wall Materials,"U S Lumber, LP SMARTSIDE, Structural & Wall Materials, 25822",STRUCTURAL & WALL MATERIALS,"LP SMARTSIDE 25822 Structural & Wall Materials With 12 in, 16 ft","LP SMARTSIDE Structural & Wall Materials, 12 in, 16 ft",,,Unmapped Dimension 1: 12 in,Unmapped Dimension 2: 16 ft,,,,,,,,,,,,,,,,,,,,,,,,Structural & Wall Materials,Unmapped Dimension 1,12,in,Unmapped Dimension 2,16,ft,,,,,,,,,,,,,,,,,,,,,,,,,,,,,,,,,,,,,,,,,,,,,,,,,,,,,,,,,,,,,,,,,,,,,,,,,,,,,,,,,,,,,,,,,,,,,,,,,,,,,,,,,,,,,,,,,,,,,,,,,,,,,,,,,,,,,,,,,,,,,,,,,,,,,,,,,,,,,,,,,,,,,,,,,,,,,,,,,,,,,,,,,,,,,,,
,,,,,,543650101,Building Materials,Decking & Railing,Railing Kits,,543650101,Black Alum ADA Wall Mount Trex,TREX,,,Boise Cascade Building Materials (BOICA),"Trex Company, Inc.",Trex®,Trex®,543650101,,Building Materials>Decking & Railing>Railing Kits,"Trex Company, Inc., Trex®, Railing Kits, 543650101",RAILING KITS,Trex® 543650101 Railing Kits,Trex® Railing Kits,,,,,,,,,,,,,,,,,,,,,,,,,,,,Railing Kits,,,,,,,,,,,,,,,,,,,,,,,,,,,,,,,,,,,,,,,,,,,,,,,,,,,,,,,,,,,,,,,,,,,,,,,,,,,,,,,,,,,,,,,,,,,,,,,,,,,,,,,,,,,,,,,,,,,,,,,,,,,,,,,,,,,,,,,,,,,,,,,,,,,,,,,,,,,,,,,,,,,,,,,,,,,,,,,,,,,,,,,,,,,,,,,,,,,,,
,,,,,,543650010,Building Materials,Decking & Railing,Railing Kits,,543650010,Black Alum ADA Int End Cap - Trex,TREX,,,Boise Cascade Building Materials (BOICA),"Trex Company, Inc.",Trex®,Trex®,543650010,,Building Materials>Decking & Railing>Railing Kits,"Trex Company, Inc., Trex®, Railing Kits, 543650010",RAILING KITS,Trex® 543650010 Railing Kits,Trex® Railing Kits,,,,,,,,,,,,,,,,,,,,,,,,,,,,Railing Kits,,,,,,,,,,,,,,,,,,,,,,,,,,,,,,,,,,,,,,,,,,,,,,,,,,,,,,,,,,,,,,,,,,,,,,,,,,,,,,,,,,,,,,,,,,,,,,,,,,,,,,,,,,,,,,,,,,,,,,,,,,,,,,,,,,,,,,,,,,,,,,,,,,,,,,,,,,,,,,,,,,,,,,,,,,,,,,,,,,,,,,,,,,,,,,,,,,,,,
,,,,,,543650048,Building Materials,Decking & Railing,Railing Kits,,543650048,8' Black Alum ADA Rail Trex,TREX,,,Boise Cascade Building Materials (BOICA),"Trex Company, Inc.",Trex®,Trex®,543650048,,Building Materials>Decking & Railing>Railing Kits,"Trex Company, Inc., Trex®, Railing Kits, 543650048, Length 8 ft",RAILING KITS 8 FT,Trex® 543650048 Railing Kits With 8 ft,"Trex® Railing Kits, 8 ft",,,Length: 8 ft,,,,,,,,,,,,,,,,,,,,,,,,,Railing Kits,Length,8,ft,,,,,,,,,,,,,,,,,,,,,,,,,,,,,,,,,,,,,,,,,,,,,,,,,,,,,,,,,,,,,,,,,,,,,,,,,,,,,,,,,,,,,,,,,,,,,,,,,,,,,,,,,,,,,,,,,,,,,,,,,,,,,,,,,,,,,,,,,,,,,,,,,,,,,,,,,,,,,,,,,,,,,,,,,,,,,,,,,,,,,,,,,,,,,,,,,,
,,,,,,1506969,Building Materials,Building Materials,Structural & Wall Materials,,1506969,"1-1/2"" 4x8 Huber Zip R6.6 - Insulated R-Sheathing",,,,-,,,,1506969,,Building Materials>Building Materials>Structural & Wall Materials,"Structural & Wall Materials, 1506969, Unmapped Dimension 1 4 in",STRUCTURAL & WALL MATERIALS,"1506969 Structural & Wall Materials With 4 in, 8 in","Structural & Wall Materials, 4 in, 8 in",,,Unmapped Dimension 1: 4 in,Unmapped Dimension 2: 8 in,,,,,,,,,,,,,,,,,,,,,,,,Structural & Wall Materials,Unmapped Dimension 1,4,in,Unmapped Dimension 2,8,in,,,,,,,,,,,,,,,,,,,,,,,,,,,,,,,,,,,,,,,,,,,,,,,,,,,,,,,,,,,,,,,,,,,,,,,,,,,,,,,,,,,,,,,,,,,,,,,,,,,,,,,,,,,,,,,,,,,,,,,,,,,,,,,,,,,,,,,,,,,,,,,,,,,,,,,,,,,,,,,,,,,,,,,,,,,,,,,,,,,,,,,,,,,,,,,
,,,,,,1514681,Building Materials,Building Materials,Structural & Wall Materials,,1514681,"1"" 4x8 Huber Zip R3.6 - Insulated R-Sheathing",,,,-,,,,1514681,,Building Materials>Building Materials>Structural & Wall Materials,"Structural & Wall Materials, 1514681, Unmapped Dimension 1 4 in",STRUCTURAL & WALL MATERIALS,"1514681 Structural & Wall Materials With 4 in, 8 in","Structural & Wall Materials, 4 in, 8 in",,,Unmapped Dimension 1: 4 in,Unmapped Dimension 2: 8 in,,,,,,,,,,,,,,,,,,,,,,,,Structural & Wall Materials,Unmapped Dimension 1,4,in,Unmapped Dimension 2,8,in,,,,,,,,,,,,,,,,,,,,,,,,,,,,,,,,,,,,,,,,,,,,,,,,,,,,,,,,,,,,,,,,,,,,,,,,,,,,,,,,,,,,,,,,,,,,,,,,,,,,,,,,,,,,,,,,,,,,,,,,,,,,,,,,,,,,,,,,,,,,,,,,,,,,,,,,,,,,,,,,,,,,,,,,,,,,,,,,,,,,,,,,,,,,,,,
,,,,,,1514726,Building Materials,Building Materials,Structural & Wall Materials,,1514726,"2"" 4x8 Huber Zip R9.6 - Insulated R-Sheathing",,,,-,,,,1514726,,Building Materials>Building Materials>Structural & Wall Materials,"Structural & Wall Materials, 1514726, Unmapped Dimension 1 4 in",STRUCTURAL & WALL MATERIALS,"1514726 Structural & Wall Materials With 4 in, 8 in","Structural & Wall Materials, 4 in, 8 in",,,Unmapped Dimension 1: 4 in,Unmapped Dimension 2: 8 in,,,,,,,,,,,,,,,,,,,,,,,,Structural & Wall Materials,Unmapped Dimension 1,4,in,Unmapped Dimension 2,8,in,,,,,,,,,,,,,,,,,,,,,,,,,,,,,,,,,,,,,,,,,,,,,,,,,,,,,,,,,,,,,,,,,,,,,,,,,,,,,,,,,,,,,,,,,,,,,,,,,,,,,,,,,,,,,,,,,,,,,,,,,,,,,,,,,,,,,,,,,,,,,,,,,,,,,,,,,,,,,,,,,,,,,,,,,,,,,,,,,,,,,,,,,,,,,,,
,,,,,,1728ABL,Building Materials,Building Materials,Structural & Wall Materials,,1728ABL,2x2 Black Fine Fissured 1728BL,,,,Palmer Donavin Mfg Company (PALDO),Palmer Donavin Mfg Company,,,1728ABL,,Building Materials>Building Materials>Structural & Wall Materials,"Palmer Donavin Mfg Company, Structural & Wall Materials, 1728ABL",STRUCTURAL & WALL MATERIALS,"1728ABL Structural & Wall Materials With 2 in, 2 in","Structural & Wall Materials, 2 in, 2 in",,,Unmapped Dimension 1: 2 in,Unmapped Dimension 2: 2 in,,,,,,,,,,,,,,,,,,,,,,,,Structural & Wall Materials,Unmapped Dimension 1,2,in,Unmapped Dimension 2,2,in,,,,,,,,,,,,,,,,,,,,,,,,,,,,,,,,,,,,,,,,,,,,,,,,,,,,,,,,,,,,,,,,,,,,,,,,,,,,,,,,,,,,,,,,,,,,,,,,,,,,,,,,,,,,,,,,,,,,,,,,,,,,,,,,,,,,,,,,,,,,,,,,,,,,,,,,,,,,,,,,,,,,,,,,,,,,,,,,,,,,,,,,,,,,,,,
,,,,,,402-R,Tools & Equipment,Power Tools,Batteries & Chargers,,402-R,402R 12V12AH 8D Battery,,,,MillerTech Energy Solutions (MILTE),MillerTech Energy Solutions,,,402-R,,Tools & Equipment>Power Tools>Batteries & Chargers,"MillerTech Energy Solutions, Batteries & Chargers, 402-R",BATTERIES & CHARGERS,402-R Batteries & Chargers,Batteries & Chargers,,,,,,,,,,,,,,,,,,,,,,,,,,,,Batteries & Chargers,,,,,,,,,,,,,,,,,,,,,,,,,,,,,,,,,,,,,,,,,,,,,,,,,,,,,,,,,,,,,,,,,,,,,,,,,,,,,,,,,,,,,,,,,,,,,,,,,,,,,,,,,,,,,,,,,,,,,,,,,,,,,,,,,,,,,,,,,,,,,,,,,,,,,,,,,,,,,,,,,,,,,,,,,,,,,,,,,,,,,,,,,,,,,,,,,,,,,
,,,,,,SL1672,Tools & Equipment,Power Tools,Batteries & Chargers,,SL1672,SL1672 Jumpstart & Pwr Supply,,,Schumacher,-,Schumacher Electric Corporation,Schumacher®,Schumacher®,SL1672,,Tools & Equipment>Power Tools>Batteries & Chargers,"Schumacher Electric Corporation, Schumacher®, Batteries & Chargers, SL1672",BATTERIES & CHARGERS,Schumacher® SL1672 Batteries & Chargers,Schumacher® Batteries & Chargers,,,,,,,,,,,,,,,,,,,,,,,,,,,,Batteries & Chargers,,,,,,,,,,,,,,,,,,,,,,,,,,,,,,,,,,,,,,,,,,,,,,,,,,,,,,,,,,,,,,,,,,,,,,,,,,,,,,,,,,,,,,,,,,,,,,,,,,,,,,,,,,,,,,,,,,,,,,,,,,,,,,,,,,,,,,,,,,,,,,,,,,,,,,,,,,,,,,,,,,,,,,,,,,,,,,,,,,,,,,,,,,,,,,,,,,,,,
,,,,,,BM-DW20-YLW-6,Tools & Equipment,Power Tools,Batteries & Chargers,,BM-DW20-YLW-6,BM-DW20-YLW-6 Dewalt - Battery Mounts 6pk,,,StealthMounts,Metalmark Industrial Inc (METIN),"Stanley Black & Decker, Inc.",DEWALT®,DEWALT®,BM-DW20-YLW-6,,Tools & Equipment>Power Tools>Batteries & Chargers,"Stanley Black & Decker, Inc., DEWALT®, Batteries & Chargers, BM-DW20-YLW-6",BATTERIES & CHARGERS,DEWALT® BM-DW20-YLW-6 Batteries & Chargers,DEWALT® Batteries & Chargers,,,,,,,,,,,,,,,,,,,,,,,,,,,,Batteries & Chargers,,,,,,,,,,,,,,,,,,,,,,,,,,,,,,,,,,,,,,,,,,,,,,,,,,,,,,,,,,,,,,,,,,,,,,,,,,,,,,,,,,,,,,,,,,,,,,,,,,,,,,,,,,,,,,,,,,,,,,,,,,,,,,,,,,,,,,,,,,,,,,,,,,,,,,,,,,,,,,,,,,,,,,,,,,,,,,,,,,,,,,,,,,,,,,,,,,,,,
,,,,,,BHA1-UPC,Electrical,Wiring & Boxes,Electrical Wiring & Boxes,,BHA1-UPC,16-24 Adjust Hanger,,,Southwire,Southwire/g Turner (6603),Southwire/g Turner,Southwire,Southwire,BHA1-UPC,,Electrical>Wiring & Boxes>Electrical Wiring & Boxes,"Southwire/g Turner, Southwire, Electrical Wiring & Boxes, BHA1-UPC",ELECTRICAL WIRING & BOXES,Southwire BHA1-UPC Electrical Wiring & Boxes,Southwire Electrical Wiring & Boxes,,,,,,,,,,,,,,,,,,,,,,,,,,,,Electrical Wiring & Boxes,,,,,,,,,,,,,,,,,,,,,,,,,,,,,,,,,,,,,,,,,,,,,,,,,,,,,,,,,,,,,,,,,,,,,,,,,,,,,,,,,,,,,,,,,,,,,,,,,,,,,,,,,,,,,,,,,,,,,,,,,,,,,,,,,,,,,,,,,,,,,,,,,,,,,,,,,,,,,,,,,,,,,,,,,,,,,,,,,,,,,,,,,,,,,,,,,,,,,
,,,,,,G1941-UPC,Electrical,Wiring & Boxes,Electrical Wiring & Boxes,,G1941-UPC,"G1941UPC 4"" Sq Cover Sw/Outlet",,,Southwire,Southwire/g Turner (6603),Southwire/g Turner,Southwire,Southwire,G1941-UPC,,Electrical>Wiring & Boxes>Electrical Wiring & Boxes,"Southwire/g Turner, Southwire, Electrical Wiring & Boxes, G1941-UPC",ELECTRICAL WIRING & BOXES,Southwire G1941-UPC Electrical Wiring & Boxes With 4 in,"Southwire Electrical Wiring & Boxes, 4 in",,,Unmapped Dimension 1: 4 in,,,,,,,,,,,,,,,,,,,,,,,,,Electrical Wiring & Boxes,Unmapped Dimension 1,4,in,,,,,,,,,,,,,,,,,,,,,,,,,,,,,,,,,,,,,,,,,,,,,,,,,,,,,,,,,,,,,,,,,,,,,,,,,,,,,,,,,,,,,,,,,,,,,,,,,,,,,,,,,,,,,,,,,,,,,,,,,,,,,,,,,,,,,,,,,,,,,,,,,,,,,,,,,,,,,,,,,,,,,,,,,,,,,,,,,,,,,,,,,,,,,,,,,,
,,,,,,G1950-UPC,Electrical,Wiring & Boxes,Electrical Wiring & Boxes,,G1950-UPC,4x4 2G GFI Box Cover,,,Southwire,Southwire/g Turner (6603),Southwire/g Turner,Southwire,Southwire,G1950-UPC,,Electrical>Wiring & Boxes>Electrical Wiring & Boxes,"Southwire/g Turner, Southwire, Electrical Wiring & Boxes, G1950-UPC",ELECTRICAL WIRING & BOXES,"Southwire G1950-UPC Electrical Wiring & Boxes With 4 in, 4 in","Southwire Electrical Wiring & Boxes, 4 in, 4 in",,,Unmapped Dimension 1: 4 in,Unmapped Dimension 2: 4 in,,,,,,,,,,,,,,,,,,,,,,,,Electrical Wiring & Boxes,Unmapped Dimension 1,4,in,Unmapped Dimension 2,4,in,,,,,,,,,,,,,,,,,,,,,,,,,,,,,,,,,,,,,,,,,,,,,,,,,,,,,,,,,,,,,,,,,,,,,,,,,,,,,,,,,,,,,,,,,,,,,,,,,,,,,,,,,,,,,,,,,,,,,,,,,,,,,,,,,,,,,,,,,,,,,,,,,,,,,,,,,,,,,,,,,,,,,,,,,,,,,,,,,,,,,,,,,,,,,,,
,,,,,,A410RCAR,Electrical,Wiring & Boxes,Electrical Wiring & Boxes,,A410RCAR,4x4 1G PVC Box Cover,,,Carlon,Thomas & Betts (7405),Thomas & Betts,Carlon,Carlon,A410RCAR,,Electrical>Wiring & Boxes>Electrical Wiring & Boxes,"Thomas & Betts, Carlon, Electrical Wiring & Boxes, A410RCAR",ELECTRICAL WIRING & BOXES,"Carlon A410RCAR Electrical Wiring & Boxes With 4 in, 4 in","Carlon Electrical Wiring & Boxes, 4 in, 4 in",,,Unmapped Dimension 1: 4 in,Unmapped Dimension 2: 4 in,,,,,,,,,,,,,,,,,,,,,,,,Electrical Wiring & Boxes,Unmapped Dimension 1,4,in,Unmapped Dimension 2,4,in,,,,,,,,,,,,,,,,,,,,,,,,,,,,,,,,,,,,,,,,,,,,,,,,,,,,,,,,,,,,,,,,,,,,,,,,,,,,,,,,,,,,,,,,,,,,,,,,,,,,,,,,,,,,,,,,,,,,,,,,,,,,,,,,,,,,,,,,,,,,,,,,,,,,,,,,,,,,,,,,,,,,,,,,,,,,,,,,,,,,,,,,,,,,,,,
,,,,,,G1951-UPC,Electrical,Wiring & Boxes,Electrical Wiring & Boxes,,G1951-UPC,4x4 2G GFCI Duplex Box Cover,,,Southwire,Southwire/g Turner (6603),Southwire/g Turner,Southwire,Southwire,G1951-UPC,,Electrical>Wiring & Boxes>Electrical Wiring & Boxes,"Southwire/g Turner, Southwire, Electrical Wiring & Boxes, G1951-UPC",ELECTRICAL WIRING & BOXES,"Southwire G1951-UPC Electrical Wiring & Boxes With 4 in, 4 in","Southwire Electrical Wiring & Boxes, 4 in, 4 in",,,Unmapped Dimension 1: 4 in,Unmapped Dimension 2: 4 in,,,,,,,,,,,,,,,,,,,,,,,,Electrical Wiring & Boxes,Unmapped Dimension 1,4,in,Unmapped Dimension 2,4,in,,,,,,,,,,,,,,,,,,,,,,,,,,,,,,,,,,,,,,,,,,,,,,,,,,,,,,,,,,,,,,,,,,,,,,,,,,,,,,,,,,,,,,,,,,,,,,,,,,,,,,,,,,,,,,,,,,,,,,,,,,,,,,,,,,,,,,,,,,,,,,,,,,,,,,,,,,,,,,,,,,,,,,,,,,,,,,,,,,,,,,,,,,,,,,,
,,,,,,52C3-5/8-UPC,Electrical,Wiring & Boxes,Electrical Wiring & Boxes,,52C3-5/8-UPC,4x4 1G Box Cover,,,Southwire,Southwire/g Turner (6603),Southwire/g Turner,Southwire,Southwire,52C3-5/8-UPC,,Electrical>Wiring & Boxes>Electrical Wiring & Boxes,"Southwire/g Turner, Southwire, Electrical Wiring & Boxes, 52C3-5/8-UPC",ELECTRICAL WIRING & BOXES,"Southwire 52C3-5/8-UPC Electrical Wiring & Boxes With 4 in, 4 in","Southwire Electrical Wiring & Boxes, 4 in, 4 in",,,Unmapped Dimension 1: 4 in,Unmapped Dimension 2: 4 in,,,,,,,,,,,,,,,,,,,,,,,,Electrical Wiring & Boxes,Unmapped Dimension 1,4,in,Unmapped Dimension 2,4,in,,,,,,,,,,,,,,,,,,,,,,,,,,,,,,,,,,,,,,,,,,,,,,,,,,,,,,,,,,,,,,,,,,,,,,,,,,,,,,,,,,,,,,,,,,,,,,,,,,,,,,,,,,,,,,,,,,,,,,,,,,,,,,,,,,,,,,,,,,,,,,,,,,,,,,,,,,,,,,,,,,,,,,,,,,,,,,,,,,,,,,,,,,,,,,,
,,,,,,52C14-5/8-UPC,Electrical,Wiring & Boxes,Electrical Wiring & Boxes,,52C14-5/8-UPC,4x4 1G Box Cover,,,Southwire,Southwire/g Turner (6603),Southwire/g Turner,Southwire,Southwire,52C14-5/8-UPC,,Electrical>Wiring & Boxes>Electrical Wiring & Boxes,"Southwire/g Turner, Southwire, Electrical Wiring & Boxes, 52C14-5/8-UPC",ELECTRICAL WIRING & BOXES,"Southwire 52C14-5/8-UPC Electrical Wiring & Boxes With 4 in, 4 in","Southwire Electrical Wiring & Boxes, 4 in, 4 in",,,Unmapped Dimension 1: 4 in,Unmapped Dimension 2: 4 in,,,,,,,,,,,,,,,,,,,,,,,,Electrical Wiring & Boxes,Unmapped Dimension 1,4,in,Unmapped Dimension 2,4,in,,,,,,,,,,,,,,,,,,,,,,,,,,,,,,,,,,,,,,,,,,,,,,,,,,,,,,,,,,,,,,,,,,,,,,,,,,,,,,,,,,,,,,,,,,,,,,,,,,,,,,,,,,,,,,,,,,,,,,,,,,,,,,,,,,,,,,,,,,,,,,,,,,,,,,,,,,,,,,,,,,,,,,,,,,,,,,,,,,,,,,,,,,,,,,,
,,,,,,52C3-UPC,Electrical,Wiring & Boxes,Electrical Wiring & Boxes,,52C3-UPC,4x4 1G Box Cover,,,Southwire,Southwire/g Turner (6603),Southwire/g Turner,Southwire,Southwire,52C3-UPC,,Electrical>Wiring & Boxes>Electrical Wiring & Boxes,"Southwire/g Turner, Southwire, Electrical Wiring & Boxes, 52C3-UPC",ELECTRICAL WIRING & BOXES,"Southwire 52C3-UPC Electrical Wiring & Boxes With 4 in, 4 in","Southwire Electrical Wiring & Boxes, 4 in, 4 in",,,Unmapped Dimension 1: 4 in,Unmapped Dimension 2: 4 in,,,,,,,,,,,,,,,,,,,,,,,,Electrical Wiring & Boxes,Unmapped Dimension 1,4,in,Unmapped Dimension 2,4,in,,,,,,,,,,,,,,,,,,,,,,,,,,,,,,,,,,,,,,,,,,,,,,,,,,,,,,,,,,,,,,,,,,,,,,,,,,,,,,,,,,,,,,,,,,,,,,,,,,,,,,,,,,,,,,,,,,,,,,,,,,,,,,,,,,,,,,,,,,,,,,,,,,,,,,,,,,,,,,,,,,,,,,,,,,,,,,,,,,,,,,,,,,,,,,,
,,,,,,54151-F-UPC,Electrical,Wiring & Boxes,Electrical Wiring & Boxes,,54151-F-UPC,4x4x1-1/2 Oct Box w/Bracket,,,Southwire,Southwire/g Turner (6603),Southwire/g Turner,Southwire,Southwire,54151-F-UPC,,Electrical>Wiring & Boxes>Electrical Wiring & Boxes,"Southwire/g Turner, Southwire, Electrical Wiring & Boxes, 54151-F-UPC",ELECTRICAL WIRING & BOXES,"Southwire 54151-F-UPC Electrical Wiring & Boxes With 4 in, 4 in, 1-1/2 in","Southwire Electrical Wiring & Boxes, 4 in, 4 in, 1-1/2 in",,,Unmapped Dimension 1: 4 in,Unmapped Dimension 2: 4 in,Unmapped Dimension 3: 1-1/2 in,,,,,,,,,,,,,,,,,,,,,,,Electrical Wiring & Boxes,Unmapped Dimension 1,4,in,Unmapped Dimension 2,4,in,Unmapped Dimension 3,1-1/2,in,,,,,,,,,,,,,,,,,,,,,,,,,,,,,,,,,,,,,,,,,,,,,,,,,,,,,,,,,,,,,,,,,,,,,,,,,,,,,,,,,,,,,,,,,,,,,,,,,,,,,,,,,,,,,,,,,,,,,,,,,,,,,,,,,,,,,,,,,,,,,,,,,,,,,,,,,,,,,,,,,,,,,,,,,,,,,,,,,,,,,,,,,,,,
,,,,,,54151-HUR-UPC,Electrical,Wiring & Boxes,Electrical Wiring & Boxes,,54151-HUR-UPC,4x4x1-1/2 Oct Box w/Hanger,,,Southwire,Southwire/g Turner (6603),Southwire/g Turner,Southwire,Southwire,54151-HUR-UPC,,Electrical>Wiring & Boxes>Electrical Wiring & Boxes,"Southwire/g Turner, Southwire, Electrical Wiring & Boxes, 54151-HUR-UPC",ELECTRICAL WIRING & BOXES,"Southwire 54151-HUR-UPC Electrical Wiring & Boxes With 4 in, 4 in, 1-1/2 in","Southwire Electrical Wiring & Boxes, 4 in, 4 in, 1-1/2 in",,,Unmapped Dimension 1: 4 in,Unmapped Dimension 2: 4 in,Unmapped Dimension 3: 1-1/2 in,,,,,,,,,,,,,,,,,,,,,,,Electrical Wiring & Boxes,Unmapped Dimension 1,4,in,Unmapped Dimension 2,4,in,Unmapped Dimension 3,1-1/2,in,,,,,,,,,,,,,,,,,,,,,,,,,,,,,,,,,,,,,,,,,,,,,,,,,,,,,,,,,,,,,,,,,,,,,,,,,,,,,,,,,,,,,,,,,,,,,,,,,,,,,,,,,,,,,,,,,,,,,,,,,,,,,,,,,,,,,,,,,,,,,,,,,,,,,,,,,,,,,,,,,,,,,,,,,,,,,,,,,,,,,,,,,,,,
,,,,,,54151-JR-UPC,Electrical,Wiring & Boxes,Electrical Wiring & Boxes,,54151-JR-UPC,4x4x1-1/2 Oct Box w/Brakcet,,,Southwire,Southwire/g Turner (6603),Southwire/g Turner,Southwire,Southwire,54151-JR-UPC,,Electrical>Wiring & Boxes>Electrical Wiring & Boxes,"Southwire/g Turner, Southwire, Electrical Wiring & Boxes, 54151-JR-UPC",ELECTRICAL WIRING & BOXES,"Southwire 54151-JR-UPC Electrical Wiring & Boxes With 4 in, 4 in, 1-1/2 in","Southwire Electrical Wiring & Boxes, 4 in, 4 in, 1-1/2 in",,,Unmapped Dimension 1: 4 in,Unmapped Dimension 2: 4 in,Unmapped Dimension 3: 1-1/2 in,,,,,,,,,,,,,,,,,,,,,,,Electrical Wiring & Boxes,Unmapped Dimension 1,4,in,Unmapped Dimension 2,4,in,Unmapped Dimension 3,1-1/2,in,,,,,,,,,,,,,,,,,,,,,,,,,,,,,,,,,,,,,,,,,,,,,,,,,,,,,,,,,,,,,,,,,,,,,,,,,,,,,,,,,,,,,,,,,,,,,,,,,,,,,,,,,,,,,,,,,,,,,,,,,,,,,,,,,,,,,,,,,,,,,,,,,,,,,,,,,,,,,,,,,,,,,,,,,,,,,,,,,,,,,,,,,,,,
,,,,,,54171-R-UPC,Electrical,Wiring & Boxes,Electrical Wiring & Boxes,,54171-R-UPC,4x4x2 Oct Box,,,Southwire,Southwire/g Turner (6603),Southwire/g Turner,Southwire,Southwire,54171-R-UPC,,Electrical>Wiring & Boxes>Electrical Wiring & Boxes,"Southwire/g Turner, Southwire, Electrical Wiring & Boxes, 54171-R-UPC",ELECTRICAL WIRING & BOXES,Southwire 54171-R-UPC Electrical Wiring & Boxes,Southwire Electrical Wiring & Boxes,,,,,,,,,,,,,,,,,,,,,,,,,,,,Electrical Wiring & Boxes,,,,,,,,,,,,,,,,,,,,,,,,,,,,,,,,,,,,,,,,,,,,,,,,,,,,,,,,,,,,,,,,,,,,,,,,,,,,,,,,,,,,,,,,,,,,,,,,,,,,,,,,,,,,,,,,,,,,,,,,,,,,,,,,,,,,,,,,,,,,,,,,,,,,,,,,,,,,,,,,,,,,,,,,,,,,,,,,,,,,,,,,,,,,,,,,,,,,,
,,,,,,52151-S-UPC,Electrical,Wiring & Boxes,Electrical Wiring & Boxes,,52151-S-UPC,4x4x1-1/2 Square Box,,,Southwire,Southwire/g Turner (6603),Southwire/g Turner,Southwire,Southwire,52151-S-UPC,,Electrical>Wiring & Boxes>Electrical Wiring & Boxes,"Southwire/g Turner, Southwire, Electrical Wiring & Boxes, 52151-S-UPC",ELECTRICAL WIRING & BOXES,"Southwire 52151-S-UPC Electrical Wiring & Boxes With 4 in, 4 in, 1-1/2 in","Southwire Electrical Wiring & Boxes, 4 in, 4 in, 1-1/2 in",,,Unmapped Dimension 1: 4 in,Unmapped Dimension 2: 4 in,Unmapped Dimension 3: 1-1/2 in,,,,,,,,,,,,,,,,,,,,,,,Electrical Wiring & Boxes,Unmapped Dimension 1,4,in,Unmapped Dimension 2,4,in,Unmapped Dimension 3,1-1/2,in,,,,,,,,,,,,,,,,,,,,,,,,,,,,,,,,,,,,,,,,,,,,,,,,,,,,,,,,,,,,,,,,,,,,,,,,,,,,,,,,,,,,,,,,,,,,,,,,,,,,,,,,,,,,,,,,,,,,,,,,,,,,,,,,,,,,,,,,,,,,,,,,,,,,,,,,,,,,,,,,,,,,,,,,,,,,,,,,,,,,,,,,,,,,
,,,,,,72171-3/4-1W-UPC,Electrical,Wiring & Boxes,Electrical Wiring & Boxes,,72171-3/4-1W-UPC,4-1/2x4-1/2x2 2G Box,,,Southwire,Southwire/g Turner (6603),Southwire/g Turner,Southwire,Southwire,72171-3/4-1W-UPC,,Electrical>Wiring & Boxes>Electrical Wiring & Boxes,"Southwire/g Turner, Southwire, Electrical Wiring & Boxes, 72171-3/4-1W-UPC",ELECTRICAL WIRING & BOXES,"Southwire 72171-3/4-1W-UPC Electrical Wiring & Boxes With 4-1/2 in, 4-1/2 in, 2 in","Southwire Electrical Wiring & Boxes, 4-1/2 in, 4-1/2 in, 2 in",,,Unmapped Dimension 1: 4-1/2 in,Unmapped Dimension 2: 4-1/2 in,Unmapped Dimension 3: 2 in,,,,,,,,,,,,,,,,,,,,,,,Electrical Wiring & Boxes,Unmapped Dimension 1,4-1/2,in,Unmapped Dimension 2,4-1/2,in,Unmapped Dimension 3,2,in,,,,,,,,,,,,,,,,,,,,,,,,,,,,,,,,,,,,,,,,,,,,,,,,,,,,,,,,,,,,,,,,,,,,,,,,,,,,,,,,,,,,,,,,,,,,,,,,,,,,,,,,,,,,,,,,,,,,,,,,,,,,,,,,,,,,,,,,,,,,,,,,,,,,,,,,,,,,,,,,,,,,,,,,,,,,,,,,,,,,,,,,,,,,
,,,,,,5522-5EV,Electrical,Wiring & Boxes,Electrical Wiring & Boxes,,5522-5EV,5522-5EV 2 Port Decor Plate,,,,Cooper Wiring Devices (3560),Cooper Wiring Devices,,,5522-5EV,,Electrical>Wiring & Boxes>Electrical Wiring & Boxes,"Cooper Wiring Devices, Electrical Wiring & Boxes, 5522-5EV",ELECTRICAL WIRING & BOXES,5522-5EV Electrical Wiring & Boxes,Electrical Wiring & Boxes,,,,,,,,,,,,,,,,,,,,,,,,,,,,Electrical Wiring & Boxes,,,,,,,,,,,,,,,,,,,,,,,,,,,,,,,,,,,,,,,,,,,,,,,,,,,,,,,,,,,,,,,,,,,,,,,,,,,,,,,,,,,,,,,,,,,,,,,,,,,,,,,,,,,,,,,,,,,,,,,,,,,,,,,,,,,,,,,,,,,,,,,,,,,,,,,,,,,,,,,,,,,,,,,,,,,,,,,,,,,,,,,,,,,,,,,,,,,,,
,,,,,,AYCL-153PH-LA,Electrical,Wiring & Boxes,Electrical Wiring & Boxes,,AYCL-153PH-LA,AYCL-153PH-LA Lutron Dimmer LA,,,,Fenton Bros Electric Inc (FENBR),Fenton Bros Electric Inc,,,AYCL-153PH-LA,,Electrical>Wiring & Boxes>Electrical Wiring & Boxes,"Fenton Bros Electric Inc, Electrical Wiring & Boxes, AYCL-153PH-LA",ELECTRICAL WIRING & BOXES,AYCL-153PH-LA Electrical Wiring & Boxes,Electrical Wiring & Boxes,,,,,,,,,,,,,,,,,,,,,,,,,,,,Electrical Wiring & Boxes,,,,,,,,,,,,,,,,,,,,,,,,,,,,,,,,,,,,,,,,,,,,,,,,,,,,,,,,,,,,,,,,,,,,,,,,,,,,,,,,,,,,,,,,,,,,,,,,,,,,,,,,,,,,,,,,,,,,,,,,,,,,,,,,,,,,,,,,,,,,,,,,,,,,,,,,,,,,,,,,,,,,,,,,,,,,,,,,,,,,,,,,,,,,,,,,,,,,,
,,,,,,AYCL-153PH-WH,Electrical,Wiring & Boxes,Electrical Wiring & Boxes,,AYCL-153PH-WH,AYCL-153PH-WH Lutron Dimmer Wh,,,,Fenton Bros Electric Inc (FENBR),Fenton Bros Electric Inc,,,AYCL-153PH-WH,,Electrical>Wiring & Boxes>Electrical Wiring & Boxes,"Fenton Bros Electric Inc, Electrical Wiring & Boxes, AYCL-153PH-WH",ELECTRICAL WIRING & BOXES,AYCL-153PH-WH Electrical Wiring & Boxes,Electrical Wiring & Boxes,,,,,,,,,,,,,,,,,,,,,,,,,,,,Electrical Wiring & Boxes,,,,,,,,,,,,,,,,,,,,,,,,,,,,,,,,,,,,,,,,,,,,,,,,,,,,,,,,,,,,,,,,,,,,,,,,,,,,,,,,,,,,,,,,,,,,,,,,,,,,,,,,,,,,,,,,,,,,,,,,,,,,,,,,,,,,,,,,,,,,,,,,,,,,,,,,,,,,,,,,,,,,,,,,,,,,,,,,,,,,,,,,,,,,,,,,,,,,,
,,,,,,D23LP-R02-1RW,Electrical,Wiring & Boxes,Electrical Wiring & Boxes,,D23LP-R02-1RW,D23LPR021RW Plug In Dimmer Wh,,,Leviton,Leviton Mfg Co (4927),Leviton Mfg Co,Leviton,Leviton,D23LP-R02-1RW,,Electrical>Wiring & Boxes>Electrical Wiring & Boxes,"Leviton Mfg Co, Leviton, Electrical Wiring & Boxes, D23LP-R02-1RW",ELECTRICAL WIRING & BOXES,Leviton D23LP-R02-1RW Electrical Wiring & Boxes,Leviton Electrical Wiring & Boxes,,,,,,,,,,,,,,,,,,,,,,,,,,,,Electrical Wiring & Boxes,,,,,,,,,,,,,,,,,,,,,,,,,,,,,,,,,,,,,,,,,,,,,,,,,,,,,,,,,,,,,,,,,,,,,,,,,,,,,,,,,,,,,,,,,,,,,,,,,,,,,,,,,,,,,,,,,,,,,,,,,,,,,,,,,,,,,,,,,,,,,,,,,,,,,,,,,,,,,,,,,,,,,,,,,,,,,,,,,,,,,,,,,,,,,,,,,,,,,
,,,,,,TNOCD002,,,,,TNOCD002,TNOCD002 125V Outdooor Timer,,,Prime,Prime Wire & Cable (3562),Prime Wire & Cable,Prime,Prime,TNOCD002,,,"Prime Wire & Cable, Prime, Product, TNOCD002, Voltage Rating 125 V",PRODUCT,Prime TNOCD002 Product With 125 V,"Prime Product, 125 V",,,Voltage Rating: 125 V,,,,,,,,,,,,,,,,,,,,,,,,,Product,Voltage Rating,125,V,,,,,,,,,,,,,,,,,,,,,,,,,,,,,,,,,,,,,,,,,,,,,,,,,,,,,,,,,,,,,,,,,,,,,,,,,,,,,,,,,,,,,,,,,,,,,,,,,,,,,,,,,,,,,,,,,,,,,,,,,,,,,,,,,,,,,,,,,,,,,,,,,,,,,,,,,,,,,,,,,,,,,,,,,,,,,,,,,,,,,,,,,,,,,,,,,,
,,,,,,TNDHD002,,,,,TNDHD002,TNDHD002 125V 7Day Timer,,,Prime,Prime Wire & Cable (3562),Prime Wire & Cable,Prime,Prime,TNDHD002,,,"Prime Wire & Cable, Prime, Product, TNDHD002, Voltage Rating 125 V",PRODUCT,Prime TNDHD002 Product With 125 V,"Prime Product, 125 V",,,Voltage Rating: 125 V,,,,,,,,,,,,,,,,,,,,,,,,,Product,Voltage Rating,125,V,,,,,,,,,,,,,,,,,,,,,,,,,,,,,,,,,,,,,,,,,,,,,,,,,,,,,,,,,,,,,,,,,,,,,,,,,,,,,,,,,,,,,,,,,,,,,,,,,,,,,,,,,,,,,,,,,,,,,,,,,,,,,,,,,,,,,,,,,,,,,,,,,,,,,,,,,,,,,,,,,,,,,,,,,,,,,,,,,,,,,,,,,,,,,,,,,,
,,,,,,TNIDP12,,,,,TNIDP12,TNIDP12 125V Dig Indoor Timer,,,Prime,Prime Wire & Cable (3562),Prime Wire & Cable,Prime,Prime,TNIDP12,,,"Prime Wire & Cable, Prime, Product, TNIDP12, Voltage Rating 125 V",PRODUCT,Prime TNIDP12 Product With 125 V,"Prime Product, 125 V",,,Voltage Rating: 125 V,,,,,,,,,,,,,,,,,,,,,,,,,Product,Voltage Rating,125,V,,,,,,,,,,,,,,,,,,,,,,,,,,,,,,,,,,,,,,,,,,,,,,,,,,,,,,,,,,,,,,,,,,,,,,,,,,,,,,,,,,,,,,,,,,,,,,,,,,,,,,,,,,,,,,,,,,,,,,,,,,,,,,,,,,,,,,,,,,,,,,,,,,,,,,,,,,,,,,,,,,,,,,,,,,,,,,,,,,,,,,,,,,,,,,,,,,
,,,,,,TNIW24,,,,,TNIW24,TNIW24 125V 24hr Mech Timer,,,Prime,Prime Wire & Cable (3562),Prime Wire & Cable,Prime,Prime,TNIW24,,,"Prime Wire & Cable, Prime, Product, TNIW24, Voltage Rating 125 V",PRODUCT,Prime TNIW24 Product With 125 V,"Prime Product, 125 V",,,Voltage Rating: 125 V,,,,,,,,,,,,,,,,,,,,,,,,,Product,Voltage Rating,125,V,,,,,,,,,,,,,,,,,,,,,,,,,,,,,,,,,,,,,,,,,,,,,,,,,,,,,,,,,,,,,,,,,,,,,,,,,,,,,,,,,,,,,,,,,,,,,,,,,,,,,,,,,,,,,,,,,,,,,,,,,,,,,,,,,,,,,,,,,,,,,,,,,,,,,,,,,,,,,,,,,,,,,,,,,,,,,,,,,,,,,,,,,,,,,,,,,,
,,,,,,65-1222,,,,,65-1222,65-1222 1' Led Lt Multi CCT,,,,Satco Prod Inc (5573),Satco Prod Inc,,,65-1222,,,"Satco Prod Inc, Product, 65-1222, Unmapped Dimension 1 1 ft",PRODUCT,65-1222 Product With 1 ft,"Product, 1 ft",,,Unmapped Dimension 1: 1 ft,,,,,,,,,,,,,,,,,,,,,,,,,Product,Unmapped Dimension 1,1,ft,,,,,,,,,,,,,,,,,,,,,,,,,,,,,,,,,,,,,,,,,,,,,,,,,,,,,,,,,,,,,,,,,,,,,,,,,,,,,,,,,,,,,,,,,,,,,,,,,,,,,,,,,,,,,,,,,,,,,,,,,,,,,,,,,,,,,,,,,,,,,,,,,,,,,,,,,,,,,,,,,,,,,,,,,,,,,,,,,,,,,,,,,,,,,,,,,,
,,,,,,65-1224,,,,,65-1224,65-1224 4' Led Strip Light,,,Satco,Satco Prod Inc (5573),Satco Prod Inc,Satco,Satco,65-1224,,,"Satco Prod Inc, Satco, Product, 65-1224, Unmapped Dimension 1 4 ft",PRODUCT,Satco 65-1224 Product With 4 ft,"Satco Product, 4 ft",,,Unmapped Dimension 1: 4 ft,,,,,,,,,,,,,,,,,,,,,,,,,Product,Unmapped Dimension 1,4,ft,,,,,,,,,,,,,,,,,,,,,,,,,,,,,,,,,,,,,,,,,,,,,,,,,,,,,,,,,,,,,,,,,,,,,,,,,,,,,,,,,,,,,,,,,,,,,,,,,,,,,,,,,,,,,,,,,,,,,,,,,,,,,,,,,,,,,,,,,,,,,,,,,,,,,,,,,,,,,,,,,,,,,,,,,,,,,,,,,,,,,,,,,,,,,,,,,,
,,,,,,45297BK,Lighting & Ceiling Fans,Light Fixtures,Lighting Fixtures,,45297BK,45297BK Kichler Wall Lt,,,,Kichler Lighting (KICLI),Kichler Lighting,,,45297BK,,Lighting & Ceiling Fans>Light Fixtures>Lighting Fixtures,"Kichler Lighting, Lighting Fixtures, 45297BK, Lighting & Ceiling Fans>Light Fixt",LIGHTING FIXTURES,45297BK Lighting Fixtures,Lighting Fixtures,,,,,,,,,,,,,,,,,,,,,,,,,,,,Lighting Fixtures,,,,,,,,,,,,,,,,,,,,,,,,,,,,,,,,,,,,,,,,,,,,,,,,,,,,,,,,,,,,,,,,,,,,,,,,,,,,,,,,,,,,,,,,,,,,,,,,,,,,,,,,,,,,,,,,,,,,,,,,,,,,,,,,,,,,,,,,,,,,,,,,,,,,,,,,,,,,,,,,,,,,,,,,,,,,,,,,,,,,,,,,,,,,,,,,,,,,,
,,,,,,45573BK,Lighting & Ceiling Fans,Wall Lights,Wall Sconces & Lanterns,,45573BK,45573BK Kichler Wall Light,,,,Kichler Lighting (KICLI),Kichler Lighting,,,45573BK,,Lighting & Ceiling Fans>Wall Lights>Wall Sconces & Lanterns,"Kichler Lighting, Wall Sconces & Lanterns, 45573BK",WALL SCONCES & LANTERNS,45573BK Wall Sconces & Lanterns,Wall Sconces & Lanterns,,,,,,,,,,,,,,,,,,,,,,,,,,,,Wall Sconces & Lanterns,,,,,,,,,,,,,,,,,,,,,,,,,,,,,,,,,,,,,,,,,,,,,,,,,,,,,,,,,,,,,,,,,,,,,,,,,,,,,,,,,,,,,,,,,,,,,,,,,,,,,,,,,,,,,,,,,,,,,,,,,,,,,,,,,,,,,,,,,,,,,,,,,,,,,,,,,,,,,,,,,,,,,,,,,,,,,,,,,,,,,,,,,,,,,,,,,,,,,
,,,,,,37418A,Lighting & Ceiling Fans,Light Fixtures,Lighting Fixtures,,37418A,37418A Kichler Bath Light,,,,Kichler Lighting (KICLI),Kichler Lighting,,,37418A,,Lighting & Ceiling Fans>Light Fixtures>Lighting Fixtures,"Kichler Lighting, Lighting Fixtures, 37418A, Lighting & Ceiling Fans>Light Fixtu",LIGHTING FIXTURES,37418A Lighting Fixtures,Lighting Fixtures,,,,,,,,,,,,,,,,,,,,,,,,,,,,Lighting Fixtures,,,,,,,,,,,,,,,,,,,,,,,,,,,,,,,,,,,,,,,,,,,,,,,,,,,,,,,,,,,,,,,,,,,,,,,,,,,,,,,,,,,,,,,,,,,,,,,,,,,,,,,,,,,,,,,,,,,,,,,,,,,,,,,,,,,,,,,,,,,,,,,,,,,,,,,,,,,,,,,,,,,,,,,,,,,,,,,,,,,,,,,,,,,,,,,,,,,,,
,,,,,,37423A,Lighting & Ceiling Fans,Light Fixtures,Lighting Fixtures,,37423A,37423A Kichler Bath Light,,,,Kichler Lighting (KICLI),Kichler Lighting,,,37423A,,Lighting & Ceiling Fans>Light Fixtures>Lighting Fixtures,"Kichler Lighting, Lighting Fixtures, 37423A, Lighting & Ceiling Fans>Light Fixtu",LIGHTING FIXTURES,37423A Lighting Fixtures,Lighting Fixtures,,,,,,,,,,,,,,,,,,,,,,,,,,,,Lighting Fixtures,,,,,,,,,,,,,,,,,,,,,,,,,,,,,,,,,,,,,,,,,,,,,,,,,,,,,,,,,,,,,,,,,,,,,,,,,,,,,,,,,,,,,,,,,,,,,,,,,,,,,,,,,,,,,,,,,,,,,,,,,,,,,,,,,,,,,,,,,,,,,,,,,,,,,,,,,,,,,,,,,,,,,,,,,,,,,,,,,,,,,,,,,,,,,,,,,,,,,
,,,,,,45496BKCLR,Lighting & Ceiling Fans,Light Fixtures,Lighting Fixtures,,45496BKCLR,45496BKCLR Kichler Bath Light,,,,Kichler Lighting (KICLI),Kichler Lighting,,,45496BKCLR,,Lighting & Ceiling Fans>Light Fixtures>Lighting Fixtures,"Kichler Lighting, Lighting Fixtures, 45496BKCLR",LIGHTING FIXTURES,45496BKCLR Lighting Fixtures,Lighting Fixtures,,,,,,,,,,,,,,,,,,,,,,,,,,,,Lighting Fixtures,,,,,,,,,,,,,,,,,,,,,,,,,,,,,,,,,,,,,,,,,,,,,,,,,,,,,,,,,,,,,,,,,,,,,,,,,,,,,,,,,,,,,,,,,,,,,,,,,,,,,,,,,,,,,,,,,,,,,,,,,,,,,,,,,,,,,,,,,,,,,,,,,,,,,,,,,,,,,,,,,,,,,,,,,,,,,,,,,,,,,,,,,,,,,,,,,,,,,
,,,,,,45973BK,Lighting & Ceiling Fans,Wall Lights,Wall Sconces & Lanterns,,45973BK,45973BK Kichler Wall Light,,,,Kichler Lighting (KICLI),Kichler Lighting,,,45973BK,,Lighting & Ceiling Fans>Wall Lights>Wall Sconces & Lanterns,"Kichler Lighting, Wall Sconces & Lanterns, 45973BK",WALL SCONCES & LANTERNS,45973BK Wall Sconces & Lanterns,Wall Sconces & Lanterns,,,,,,,,,,,,,,,,,,,,,,,,,,,,Wall Sconces & Lanterns,,,,,,,,,,,,,,,,,,,,,,,,,,,,,,,,,,,,,,,,,,,,,,,,,,,,,,,,,,,,,,,,,,,,,,,,,,,,,,,,,,,,,,,,,,,,,,,,,,,,,,,,,,,,,,,,,,,,,,,,,,,,,,,,,,,,,,,,,,,,,,,,,,,,,,,,,,,,,,,,,,,,,,,,,,,,,,,,,,,,,,,,,,,,,,,,,,,,,
,,,,,,55155BK,Lighting & Ceiling Fans,Light Fixtures,Lighting Fixtures,,55155BK,55155BK Kichler Wall Lt,,,,Kichler Lighting (KICLI),Kichler Lighting,,,55155BK,,Lighting & Ceiling Fans>Light Fixtures>Lighting Fixtures,"Kichler Lighting, Lighting Fixtures, 55155BK, Lighting & Ceiling Fans>Light Fixt",LIGHTING FIXTURES,55155BK Lighting Fixtures,Lighting Fixtures,,,,,,,,,,,,,,,,,,,,,,,,,,,,Lighting Fixtures,,,,,,,,,,,,,,,,,,,,,,,,,,,,,,,,,,,,,,,,,,,,,,,,,,,,,,,,,,,,,,,,,,,,,,,,,,,,,,,,,,,,,,,,,,,,,,,,,,,,,,,,,,,,,,,,,,,,,,,,,,,,,,,,,,,,,,,,,,,,,,,,,,,,,,,,,,,,,,,,,,,,,,,,,,,,,,,,,,,,,,,,,,,,,,,,,,,,,
,,,,,,55157CPZ,Lighting & Ceiling Fans,Wall Lights,Wall Sconces & Lanterns,,55157CPZ,55157CPZ Kichler Wall Light,,,,Kichler Lighting (KICLI),Kichler Lighting,,,55157CPZ,,Lighting & Ceiling Fans>Wall Lights>Wall Sconces & Lanterns,"Kichler Lighting, Wall Sconces & Lanterns, 55157CPZ",WALL SCONCES & LANTERNS,55157CPZ Wall Sconces & Lanterns,Wall Sconces & Lanterns,,,,,,,,,,,,,,,,,,,,,,,,,,,,Wall Sconces & Lanterns,,,,,,,,,,,,,,,,,,,,,,,,,,,,,,,,,,,,,,,,,,,,,,,,,,,,,,,,,,,,,,,,,,,,,,,,,,,,,,,,,,,,,,,,,,,,,,,,,,,,,,,,,,,,,,,,,,,,,,,,,,,,,,,,,,,,,,,,,,,,,,,,,,,,,,,,,,,,,,,,,,,,,,,,,,,,,,,,,,,,,,,,,,,,,,,,,,,,,
,,,,,,55184BK,Lighting & Ceiling Fans,Light Fixtures,Lighting Fixtures,,55184BK,55184BK Kichler Wall Lt,,,,Kichler Lighting (KICLI),Kichler Lighting,,,55184BK,,Lighting & Ceiling Fans>Light Fixtures>Lighting Fixtures,"Kichler Lighting, Lighting Fixtures, 55184BK, Lighting & Ceiling Fans>Light Fixt",LIGHTING FIXTURES,55184BK Lighting Fixtures,Lighting Fixtures,,,,,,,,,,,,,,,,,,,,,,,,,,,,Lighting Fixtures,,,,,,,,,,,,,,,,,,,,,,,,,,,,,,,,,,,,,,,,,,,,,,,,,,,,,,,,,,,,,,,,,,,,,,,,,,,,,,,,,,,,,,,,,,,,,,,,,,,,,,,,,,,,,,,,,,,,,,,,,,,,,,,,,,,,,,,,,,,,,,,,,,,,,,,,,,,,,,,,,,,,,,,,,,,,,,,,,,,,,,,,,,,,,,,,,,,,,
,,,,,,55185BK,Lighting & Ceiling Fans,Light Fixtures,Lighting Fixtures,,55185BK,55185BK Kichler Wall Lt,,,,Kichler Lighting (KICLI),Kichler Lighting,,,55185BK,,Lighting & Ceiling Fans>Light Fixtures>Lighting Fixtures,"Kichler Lighting, Lighting Fixtures, 55185BK, Lighting & Ceiling Fans>Light Fixt",LIGHTING FIXTURES,55185BK Lighting Fixtures,Lighting Fixtures,,,,,,,,,,,,,,,,,,,,,,,,,,,,Lighting Fixtures,,,,,,,,,,,,,,,,,,,,,,,,,,,,,,,,,,,,,,,,,,,,,,,,,,,,,,,,,,,,,,,,,,,,,,,,,,,,,,,,,,,,,,,,,,,,,,,,,,,,,,,,,,,,,,,,,,,,,,,,,,,,,,,,,,,,,,,,,,,,,,,,,,,,,,,,,,,,,,,,,,,,,,,,,,,,,,,,,,,,,,,,,,,,,,,,,,,,,
,,,,,,55186CH,Lighting & Ceiling Fans,Light Fixtures,Lighting Fixtures,,55186CH,55186CH Kichler Wall Lt,,,,Kichler Lighting (KICLI),Kichler Lighting,,,55186CH,,Lighting & Ceiling Fans>Light Fixtures>Lighting Fixtures,"Kichler Lighting, Lighting Fixtures, 55186CH, Lighting & Ceiling Fans>Light Fixt",LIGHTING FIXTURES,55186CH Lighting Fixtures,Lighting Fixtures,,,,,,,,,,,,,,,,,,,,,,,,,,,,Lighting Fixtures,,,,,,,,,,,,,,,,,,,,,,,,,,,,,,,,,,,,,,,,,,,,,,,,,,,,,,,,,,,,,,,,,,,,,,,,,,,,,,,,,,,,,,,,,,,,,,,,,,,,,,,,,,,,,,,,,,,,,,,,,,,,,,,,,,,,,,,,,,,,,,,,,,,,,,,,,,,,,,,,,,,,,,,,,,,,,,,,,,,,,,,,,,,,,,,,,,,,,
,,,,,,55210NI,Lighting & Ceiling Fans,Wall Lights,Wall Sconces & Lanterns,,55210NI,55210NI Kichler Wall Light,,,,Kichler Lighting (KICLI),Kichler Lighting,,,55210NI,,Lighting & Ceiling Fans>Wall Lights>Wall Sconces & Lanterns,"Kichler Lighting, Wall Sconces & Lanterns, 55210NI",WALL SCONCES & LANTERNS,55210NI Wall Sconces & Lanterns,Wall Sconces & Lanterns,,,,,,,,,,,,,,,,,,,,,,,,,,,,Wall Sconces & Lanterns,,,,,,,,,,,,,,,,,,,,,,,,,,,,,,,,,,,,,,,,,,,,,,,,,,,,,,,,,,,,,,,,,,,,,,,,,,,,,,,,,,,,,,,,,,,,,,,,,,,,,,,,,,,,,,,,,,,,,,,,,,,,,,,,,,,,,,,,,,,,,,,,,,,,,,,,,,,,,,,,,,,,,,,,,,,,,,,,,,,,,,,,,,,,,,,,,,,,,
,,,,,,55211BK,Lighting & Ceiling Fans,Wall Lights,Wall Sconces & Lanterns,,55211BK,55211BK Kichler Wall Light,,,,Kichler Lighting (KICLI),Kichler Lighting,,,55211BK,,Lighting & Ceiling Fans>Wall Lights>Wall Sconces & Lanterns,"Kichler Lighting, Wall Sconces & Lanterns, 55211BK",WALL SCONCES & LANTERNS,55211BK Wall Sconces & Lanterns,Wall Sconces & Lanterns,,,,,,,,,,,,,,,,,,,,,,,,,,,,Wall Sconces & Lanterns,,,,,,,,,,,,,,,,,,,,,,,,,,,,,,,,,,,,,,,,,,,,,,,,,,,,,,,,,,,,,,,,,,,,,,,,,,,,,,,,,,,,,,,,,,,,,,,,,,,,,,,,,,,,,,,,,,,,,,,,,,,,,,,,,,,,,,,,,,,,,,,,,,,,,,,,,,,,,,,,,,,,,,,,,,,,,,,,,,,,,,,,,,,,,,,,,,,,,
,,,,,,55211NI,Lighting & Ceiling Fans,Wall Lights,Wall Sconces & Lanterns,,55211NI,55211NI Kichler Wall Light,,,,Kichler Lighting (KICLI),Kichler Lighting,,,55211NI,,Lighting & Ceiling Fans>Wall Lights>Wall Sconces & Lanterns,"Kichler Lighting, Wall Sconces & Lanterns, 55211NI",WALL SCONCES & LANTERNS,55211NI Wall Sconces & Lanterns,Wall Sconces & Lanterns,,,,,,,,,,,,,,,,,,,,,,,,,,,,Wall Sconces & Lanterns,,,,,,,,,,,,,,,,,,,,,,,,,,,,,,,,,,,,,,,,,,,,,,,,,,,,,,,,,,,,,,,,,,,,,,,,,,,,,,,,,,,,,,,,,,,,,,,,,,,,,,,,,,,,,,,,,,,,,,,,,,,,,,,,,,,,,,,,,,,,,,,,,,,,,,,,,,,,,,,,,,,,,,,,,,,,,,,,,,,,,,,,,,,,,,,,,,,,,
,,,,,,55212NI,Lighting & Ceiling Fans,Wall Lights,Wall Sconces & Lanterns,,55212NI,55212NI Kichler Wall Light,,,,Kichler Lighting (KICLI),Kichler Lighting,,,55212NI,,Lighting & Ceiling Fans>Wall Lights>Wall Sconces & Lanterns,"Kichler Lighting, Wall Sconces & Lanterns, 55212NI",WALL SCONCES & LANTERNS,55212NI Wall Sconces & Lanterns,Wall Sconces & Lanterns,,,,,,,,,,,,,,,,,,,,,,,,,,,,Wall Sconces & Lanterns,,,,,,,,,,,,,,,,,,,,,,,,,,,,,,,,,,,,,,,,,,,,,,,,,,,,,,,,,,,,,,,,,,,,,,,,,,,,,,,,,,,,,,,,,,,,,,,,,,,,,,,,,,,,,,,,,,,,,,,,,,,,,,,,,,,,,,,,,,,,,,,,,,,,,,,,,,,,,,,,,,,,,,,,,,,,,,,,,,,,,,,,,,,,,,,,,,,,,
,,,,,,55226BKLFU,Lighting & Ceiling Fans,Light Fixtures,Lighting Fixtures,,55226BKLFU,55226BKFLU Kichler Wall Lt,,,,Kichler Lighting (KICLI),Kichler Lighting,,,55226BKLFU,,Lighting & Ceiling Fans>Light Fixtures>Lighting Fixtures,"Kichler Lighting, Lighting Fixtures, 55226BKLFU",LIGHTING FIXTURES,55226BKLFU Lighting Fixtures,Lighting Fixtures,,,,,,,,,,,,,,,,,,,,,,,,,,,,Lighting Fixtures,,,,,,,,,,,,,,,,,,,,,,,,,,,,,,,,,,,,,,,,,,,,,,,,,,,,,,,,,,,,,,,,,,,,,,,,,,,,,,,,,,,,,,,,,,,,,,,,,,,,,,,,,,,,,,,,,,,,,,,,,,,,,,,,,,,,,,,,,,,,,,,,,,,,,,,,,,,,,,,,,,,,,,,,,,,,,,,,,,,,,,,,,,,,,,,,,,,,,
,,,,,,55239CPZLED,Lighting & Ceiling Fans,Light Fixtures,Lighting Fixtures,,55239CPZLED,55239CPZLED Kichler Wall Lt,,,,Kichler Lighting (KICLI),Kichler Lighting,,,55239CPZLED,,Lighting & Ceiling Fans>Light Fixtures>Lighting Fixtures,"Kichler Lighting, Lighting Fixtures, 55239CPZLED",LIGHTING FIXTURES,55239CPZLED Lighting Fixtures,Lighting Fixtures,,,,,,,,,,,,,,,,,,,,,,,,,,,,Lighting Fixtures,,,,,,,,,,,,,,,,,,,,,,,,,,,,,,,,,,,,,,,,,,,,,,,,,,,,,,,,,,,,,,,,,,,,,,,,,,,,,,,,,,,,,,,,,,,,,,,,,,,,,,,,,,,,,,,,,,,,,,,,,,,,,,,,,,,,,,,,,,,,,,,,,,,,,,,,,,,,,,,,,,,,,,,,,,,,,,,,,,,,,,,,,,,,,,,,,,,,,
,,,,,,44072DBK,Lighting & Ceiling Fans,Ceiling Lights,Chandeliers,,44072DBK,44072DBK Kichler Chandelier Lt,,,,Kichler Lighting (KICLI),Kichler Lighting,,,44072DBK,,Lighting & Ceiling Fans>Ceiling Lights>Chandeliers,"Kichler Lighting, Chandeliers, 44072DBK, Lighting & Ceiling Fans>Ceiling Lights>",CHANDELIERS,44072DBK Chandeliers,Chandeliers,,,,,,,,,,,,,,,,,,,,,,,,,,,,Chandeliers,,,,,,,,,,,,,,,,,,,,,,,,,,,,,,,,,,,,,,,,,,,,,,,,,,,,,,,,,,,,,,,,,,,,,,,,,,,,,,,,,,,,,,,,,,,,,,,,,,,,,,,,,,,,,,,,,,,,,,,,,,,,,,,,,,,,,,,,,,,,,,,,,,,,,,,,,,,,,,,,,,,,,,,,,,,,,,,,,,,,,,,,,,,,,,,,,,,,,
,,,,,,44073NI,Lighting & Ceiling Fans,Ceiling Lights,Chandeliers,,44073NI,44073NI Kichler Chandelier Lt,,,,Kichler Lighting (KICLI),Kichler Lighting,,,44073NI,,Lighting & Ceiling Fans>Ceiling Lights>Chandeliers,"Kichler Lighting, Chandeliers, 44073NI, Lighting & Ceiling Fans>Ceiling Lights>C",CHANDELIERS,44073NI Chandeliers,Chandeliers,,,,,,,,,,,,,,,,,,,,,,,,,,,,Chandeliers,,,,,,,,,,,,,,,,,,,,,,,,,,,,,,,,,,,,,,,,,,,,,,,,,,,,,,,,,,,,,,,,,,,,,,,,,,,,,,,,,,,,,,,,,,,,,,,,,,,,,,,,,,,,,,,,,,,,,,,,,,,,,,,,,,,,,,,,,,,,,,,,,,,,,,,,,,,,,,,,,,,,,,,,,,,,,,,,,,,,,,,,,,,,,,,,,,,,,
,,,,,,52033BK,Lighting & Ceiling Fans,Ceiling Lights,Chandeliers,,52033BK,52033BK Kichler Chandelier Lt,,,,Kichler Lighting (KICLI),Kichler Lighting,,,52033BK,,Lighting & Ceiling Fans>Ceiling Lights>Chandeliers,"Kichler Lighting, Chandeliers, 52033BK, Lighting & Ceiling Fans>Ceiling Lights>C",CHANDELIERS,52033BK Chandeliers,Chandeliers,,,,,,,,,,,,,,,,,,,,,,,,,,,,Chandeliers,,,,,,,,,,,,,,,,,,,,,,,,,,,,,,,,,,,,,,,,,,,,,,,,,,,,,,,,,,,,,,,,,,,,,,,,,,,,,,,,,,,,,,,,,,,,,,,,,,,,,,,,,,,,,,,,,,,,,,,,,,,,,,,,,,,,,,,,,,,,,,,,,,,,,,,,,,,,,,,,,,,,,,,,,,,,,,,,,,,,,,,,,,,,,,,,,,,,,
,,,,,,84322WH,Lighting & Ceiling Fans,Ceiling Lights,Chandeliers,,84322WH,84322WH Kichler Chandelier Lt,,,,Kichler Lighting (KICLI),Kichler Lighting,,,84322WH,,Lighting & Ceiling Fans>Ceiling Lights>Chandeliers,"Kichler Lighting, Chandeliers, 84322WH, Lighting & Ceiling Fans>Ceiling Lights>C",CHANDELIERS,84322WH Chandeliers,Chandeliers,,,,,,,,,,,,,,,,,,,,,,,,,,,,Chandeliers,,,,,,,,,,,,,,,,,,,,,,,,,,,,,,,,,,,,,,,,,,,,,,,,,,,,,,,,,,,,,,,,,,,,,,,,,,,,,,,,,,,,,,,,,,,,,,,,,,,,,,,,,,,,,,,,,,,,,,,,,,,,,,,,,,,,,,,,,,,,,,,,,,,,,,,,,,,,,,,,,,,,,,,,,,,,,,,,,,,,,,,,,,,,,,,,,,,,,
,,,,,,52404BK,Lighting & Ceiling Fans,Ceiling Lights,Chandeliers,,52404BK,52404BK Kichler Chandelier Lt,,,,Kichler Lighting (KICLI),Kichler Lighting,,,52404BK,,Lighting & Ceiling Fans>Ceiling Lights>Chandeliers,"Kichler Lighting, Chandeliers, 52404BK, Lighting & Ceiling Fans>Ceiling Lights>C",CHANDELIERS,52404BK Chandeliers,Chandeliers,,,,,,,,,,,,,,,,,,,,,,,,,,,,Chandeliers,,,,,,,,,,,,,,,,,,,,,,,,,,,,,,,,,,,,,,,,,,,,,,,,,,,,,,,,,,,,,,,,,,,,,,,,,,,,,,,,,,,,,,,,,,,,,,,,,,,,,,,,,,,,,,,,,,,,,,,,,,,,,,,,,,,,,,,,,,,,,,,,,,,,,,,,,,,,,,,,,,,,,,,,,,,,,,,,,,,,,,,,,,,,,,,,,,,,,
,,,,,,34686A,Lighting & Ceiling Fans,Ceiling Lights,Chandeliers,,34686A,34686A Kichler Chandelier Lt,,,,Kichler Lighting (KICLI),Kichler Lighting,,,34686A,,Lighting & Ceiling Fans>Ceiling Lights>Chandeliers,"Kichler Lighting, Chandeliers, 34686A, Lighting & Ceiling Fans>Ceiling Lights>Ch",CHANDELIERS,34686A Chandeliers,Chandeliers,,,,,,,,,,,,,,,,,,,,,,,,,,,,Chandeliers,,,,,,,,,,,,,,,,,,,,,,,,,,,,,,,,,,,,,,,,,,,,,,,,,,,,,,,,,,,,,,,,,,,,,,,,,,,,,,,,,,,,,,,,,,,,,,,,,,,,,,,,,,,,,,,,,,,,,,,,,,,,,,,,,,,,,,,,,,,,,,,,,,,,,,,,,,,,,,,,,,,,,,,,,,,,,,,,,,,,,,,,,,,,,,,,,,,,,
,,,,,,34687A,Lighting & Ceiling Fans,Ceiling Lights,Chandeliers,,34687A,34687A Kichler Chandelier Lt,,,,Kichler Lighting (KICLI),Kichler Lighting,,,34687A,,Lighting & Ceiling Fans>Ceiling Lights>Chandeliers,"Kichler Lighting, Chandeliers, 34687A, Lighting & Ceiling Fans>Ceiling Lights>Ch",CHANDELIERS,34687A Chandeliers,Chandeliers,,,,,,,,,,,,,,,,,,,,,,,,,,,,Chandeliers,,,,,,,,,,,,,,,,,,,,,,,,,,,,,,,,,,,,,,,,,,,,,,,,,,,,,,,,,,,,,,,,,,,,,,,,,,,,,,,,,,,,,,,,,,,,,,,,,,,,,,,,,,,,,,,,,,,,,,,,,,,,,,,,,,,,,,,,,,,,,,,,,,,,,,,,,,,,,,,,,,,,,,,,,,,,,,,,,,,,,,,,,,,,,,,,,,,,,
,,,,,,34688A,Lighting & Ceiling Fans,Ceiling Lights,Chandeliers,,34688A,34688A Kichler Chandelier Lt,,,,-,,,,34688A,,Lighting & Ceiling Fans>Ceiling Lights>Chandeliers,"Chandeliers, 34688A, Lighting & Ceiling Fans>Ceiling Lights>Chandeliers",CHANDELIERS,34688A Chandeliers,Chandeliers,,,,,,,,,,,,,,,,,,,,,,,,,,,,Chandeliers,,,,,,,,,,,,,,,,,,,,,,,,,,,,,,,,,,,,,,,,,,,,,,,,,,,,,,,,,,,,,,,,,,,,,,,,,,,,,,,,,,,,,,,,,,,,,,,,,,,,,,,,,,,,,,,,,,,,,,,,,,,,,,,,,,,,,,,,,,,,,,,,,,,,,,,,,,,,,,,,,,,,,,,,,,,,,,,,,,,,,,,,,,,,,,,,,,,,,
,,,,,,43671BKCLR,Lighting & Ceiling Fans,Light Fixtures,Lighting Fixtures,,43671BKCLR,43671BKCLR Kichler Chand Lt,,,,Kichler Lighting (KICLI),Kichler Lighting,,,43671BKCLR,,Lighting & Ceiling Fans>Light Fixtures>Lighting Fixtures,"Kichler Lighting, Lighting Fixtures, 43671BKCLR",LIGHTING FIXTURES,43671BKCLR Lighting Fixtures,Lighting Fixtures,,,,,,,,,,,,,,,,,,,,,,,,,,,,Lighting Fixtures,,,,,,,,,,,,,,,,,,,,,,,,,,,,,,,,,,,,,,,,,,,,,,,,,,,,,,,,,,,,,,,,,,,,,,,,,,,,,,,,,,,,,,,,,,,,,,,,,,,,,,,,,,,,,,,,,,,,,,,,,,,,,,,,,,,,,,,,,,,,,,,,,,,,,,,,,,,,,,,,,,,,,,,,,,,,,,,,,,,,,,,,,,,,,,,,,,,,,
,,,,,,52616BK,Lighting & Ceiling Fans,Ceiling Lights,Chandeliers,,52616BK,52616BK Kichler Chandelier Lt,,,,Kichler Lighting (KICLI),Kichler Lighting,,,52616BK,,Lighting & Ceiling Fans>Ceiling Lights>Chandeliers,"Kichler Lighting, Chandeliers, 52616BK, Lighting & Ceiling Fans>Ceiling Lights>C",CHANDELIERS,52616BK Chandeliers,Chandeliers,,,,,,,,,,,,,,,,,,,,,,,,,,,,Chandeliers,,,,,,,,,,,,,,,,,,,,,,,,,,,,,,,,,,,,,,,,,,,,,,,,,,,,,,,,,,,,,,,,,,,,,,,,,,,,,,,,,,,,,,,,,,,,,,,,,,,,,,,,,,,,,,,,,,,,,,,,,,,,,,,,,,,,,,,,,,,,,,,,,,,,,,,,,,,,,,,,,,,,,,,,,,,,,,,,,,,,,,,,,,,,,,,,,,,,,
,,,,,,52616NI,Lighting & Ceiling Fans,Ceiling Lights,Chandeliers,,52616NI,52616NI Kichler Chandelier Lt,,,,Kichler Lighting (KICLI),Kichler Lighting,,,52616NI,,Lighting & Ceiling Fans>Ceiling Lights>Chandeliers,"Kichler Lighting, Chandeliers, 52616NI, Lighting & Ceiling Fans>Ceiling Lights>C",CHANDELIERS,52616NI Chandeliers,Chandeliers,,,,,,,,,,,,,,,,,,,,,,,,,,,,Chandeliers,,,,,,,,,,,,,,,,,,,,,,,,,,,,,,,,,,,,,,,,,,,,,,,,,,,,,,,,,,,,,,,,,,,,,,,,,,,,,,,,,,,,,,,,,,,,,,,,,,,,,,,,,,,,,,,,,,,,,,,,,,,,,,,,,,,,,,,,,,,,,,,,,,,,,,,,,,,,,,,,,,,,,,,,,,,,,,,,,,,,,,,,,,,,,,,,,,,,,
,,,,,,52678BK,Lighting & Ceiling Fans,Ceiling Lights,Chandeliers,,52678BK,52678BK Kichler Chandelier Lt,,,,Kichler Lighting (KICLI),Kichler Lighting,,,52678BK,,Lighting & Ceiling Fans>Ceiling Lights>Chandeliers,"Kichler Lighting, Chandeliers, 52678BK, Lighting & Ceiling Fans>Ceiling Lights>C",CHANDELIERS,52678BK Chandeliers,Chandeliers,,,,,,,,,,,,,,,,,,,,,,,,,,,,Chandeliers,,,,,,,,,,,,,,,,,,,,,,,,,,,,,,,,,,,,,,,,,,,,,,,,,,,,,,,,,,,,,,,,,,,,,,,,,,,,,,,,,,,,,,,,,,,,,,,,,,,,,,,,,,,,,,,,,,,,,,,,,,,,,,,,,,,,,,,,,,,,,,,,,,,,,,,,,,,,,,,,,,,,,,,,,,,,,,,,,,,,,,,,,,,,,,,,,,,,,
,,,,,,52680CPZ,Lighting & Ceiling Fans,Ceiling Lights,Chandeliers,,52680CPZ,52680CPZ Kichler Chandelier Lt,,,,Kichler Lighting (KICLI),Kichler Lighting,,,52680CPZ,,Lighting & Ceiling Fans>Ceiling Lights>Chandeliers,"Kichler Lighting, Chandeliers, 52680CPZ, Lighting & Ceiling Fans>Ceiling Lights>",CHANDELIERS,52680CPZ Chandeliers,Chandeliers,,,,,,,,,,,,,,,,,,,,,,,,,,,,Chandeliers,,,,,,,,,,,,,,,,,,,,,,,,,,,,,,,,,,,,,,,,,,,,,,,,,,,,,,,,,,,,,,,,,,,,,,,,,,,,,,,,,,,,,,,,,,,,,,,,,,,,,,,,,,,,,,,,,,,,,,,,,,,,,,,,,,,,,,,,,,,,,,,,,,,,,,,,,,,,,,,,,,,,,,,,,,,,,,,,,,,,,,,,,,,,,,,,,,,,,
,,,,,,52772BK,Lighting & Ceiling Fans,Ceiling Lights,Chandeliers,,52772BK,52772BK Kichler Chandelier Lt,,,,Kichler Lighting (KICLI),Kichler Lighting,,,52772BK,,Lighting & Ceiling Fans>Ceiling Lights>Chandeliers,"Kichler Lighting, Chandeliers, 52772BK, Lighting & Ceiling Fans>Ceiling Lights>C",CHANDELIERS,52772BK Chandeliers,Chandeliers,,,,,,,,,,,,,,,,,,,,,,,,,,,,Chandeliers,,,,,,,,,,,,,,,,,,,,,,,,,,,,,,,,,,,,,,,,,,,,,,,,,,,,,,,,,,,,,,,,,,,,,,,,,,,,,,,,,,,,,,,,,,,,,,,,,,,,,,,,,,,,,,,,,,,,,,,,,,,,,,,,,,,,,,,,,,,,,,,,,,,,,,,,,,,,,,,,,,,,,,,,,,,,,,,,,,,,,,,,,,,,,,,,,,,,,
,,,,,,82399,Lighting & Ceiling Fans,Ceiling Lights,Chandeliers,,82399,82399 Kichler Chandelier Lt,,,,Kichler Lighting (KICLI),Kichler Lighting,,,82399,,Lighting & Ceiling Fans>Ceiling Lights>Chandeliers,"Kichler Lighting, Chandeliers, 82399, Lighting & Ceiling Fans>Ceiling Lights>Cha",CHANDELIERS,82399 Chandeliers,Chandeliers,,,,,,,,,,,,,,,,,,,,,,,,,,,,Chandeliers,,,,,,,,,,,,,,,,,,,,,,,,,,,,,,,,,,,,,,,,,,,,,,,,,,,,,,,,,,,,,,,,,,,,,,,,,,,,,,,,,,,,,,,,,,,,,,,,,,,,,,,,,,,,,,,,,,,,,,,,,,,,,,,,,,,,,,,,,,,,,,,,,,,,,,,,,,,,,,,,,,,,,,,,,,,,,,,,,,,,,,,,,,,,,,,,,,,,,
,,,,,,65-771R3,,,,,65-771R3,65-771R3 Nuvo Highbay Light,,,,Satco Prod Inc (5573),Satco Prod Inc,,,65-771R3,,,"Satco Prod Inc, Product, 65-771R3",PRODUCT,65-771R3 Product,Product,,,,,,,,,,,,,,,,,,,,,,,,,,,,Product,,,,,,,,,,,,,,,,,,,,,,,,,,,,,,,,,,,,,,,,,,,,,,,,,,,,,,,,,,,,,,,,,,,,,,,,,,,,,,,,,,,,,,,,,,,,,,,,,,,,,,,,,,,,,,,,,,,,,,,,,,,,,,,,,,,,,,,,,,,,,,,,,,,,,,,,,,,,,,,,,,,,,,,,,,,,,,,,,,,,,,,,,,,,,,,,,,,,,
,,,,,,42955BK,Lighting & Ceiling Fans,Light Fixtures,Lighting Fixtures,,42955BK,42955BK Kichler Ceiling Lt,,,,Kichler Lighting (KICLI),Kichler Lighting,,,42955BK,,Lighting & Ceiling Fans>Light Fixtures>Lighting Fixtures,"Kichler Lighting, Lighting Fixtures, 42955BK, Lighting & Ceiling Fans>Light Fixt",LIGHTING FIXTURES,42955BK Lighting Fixtures,Lighting Fixtures,,,,,,,,,,,,,,,,,,,,,,,,,,,,Lighting Fixtures,,,,,,,,,,,,,,,,,,,,,,,,,,,,,,,,,,,,,,,,,,,,,,,,,,,,,,,,,,,,,,,,,,,,,,,,,,,,,,,,,,,,,,,,,,,,,,,,,,,,,,,,,,,,,,,,,,,,,,,,,,,,,,,,,,,,,,,,,,,,,,,,,,,,,,,,,,,,,,,,,,,,,,,,,,,,,,,,,,,,,,,,,,,,,,,,,,,,,
,,,,,,42275BK,Lighting & Ceiling Fans,Light Fixtures,Lighting Fixtures,,42275BK,42275BK Kichler Ceiling Lt,,,,Kichler Lighting (KICLI),Kichler Lighting,,,42275BK,,Lighting & Ceiling Fans>Light Fixtures>Lighting Fixtures,"Kichler Lighting, Lighting Fixtures, 42275BK, Lighting & Ceiling Fans>Light Fixt",LIGHTING FIXTURES,42275BK Lighting Fixtures,Lighting Fixtures,,,,,,,,,,,,,,,,,,,,,,,,,,,,Lighting Fixtures,,,,,,,,,,,,,,,,,,,,,,,,,,,,,,,,,,,,,,,,,,,,,,,,,,,,,,,,,,,,,,,,,,,,,,,,,,,,,,,,,,,,,,,,,,,,,,,,,,,,,,,,,,,,,,,,,,,,,,,,,,,,,,,,,,,,,,,,,,,,,,,,,,,,,,,,,,,,,,,,,,,,,,,,,,,,,,,,,,,,,,,,,,,,,,,,,,,,,
,,,,,,62-1850,,,,,62-1850,"62-1850 11"" Led Ceiling Light",,,,Satco Prod Inc (5573),Satco Prod Inc,,,62-1850,,,"Satco Prod Inc, Product, 62-1850, Unmapped Dimension 1 11 in",PRODUCT,62-1850 Product With 11 in,"Product, 11 in",,,Unmapped Dimension 1: 11 in,,,,,,,,,,,,,,,,,,,,,,,,,Product,Unmapped Dimension 1,11,in,,,,,,,,,,,,,,,,,,,,,,,,,,,,,,,,,,,,,,,,,,,,,,,,,,,,,,,,,,,,,,,,,,,,,,,,,,,,,,,,,,,,,,,,,,,,,,,,,,,,,,,,,,,,,,,,,,,,,,,,,,,,,,,,,,,,,,,,,,,,,,,,,,,,,,,,,,,,,,,,,,,,,,,,,,,,,,,,,,,,,,,,,,,,,,,,,,
,,,,,,62-1852,,,,,62-1852,"62-1852 14"" Satco Led Ceiling Lt",,,,Satco Prod Inc (5573),Satco Prod Inc,,,62-1852,,,"Satco Prod Inc, Product, 62-1852, Unmapped Dimension 1 14 in",PRODUCT,62-1852 Product With 14 in,"Product, 14 in",,,Unmapped Dimension 1: 14 in,,,,,,,,,,,,,,,,,,,,,,,,,Product,Unmapped Dimension 1,14,in,,,,,,,,,,,,,,,,,,,,,,,,,,,,,,,,,,,,,,,,,,,,,,,,,,,,,,,,,,,,,,,,,,,,,,,,,,,,,,,,,,,,,,,,,,,,,,,,,,,,,,,,,,,,,,,,,,,,,,,,,,,,,,,,,,,,,,,,,,,,,,,,,,,,,,,,,,,,,,,,,,,,,,,,,,,,,,,,,,,,,,,,,,,,,,,,,,
,,,,,,62-1875,,,,,62-1875,"62-1875 10"" Led Ceiling Lt Bn",,,,Satco Prod Inc (5573),Satco Prod Inc,,,62-1875,,,"Satco Prod Inc, Product, 62-1875, Unmapped Dimension 1 10 in",PRODUCT,62-1875 Product With 10 in,"Product, 10 in",,,Unmapped Dimension 1: 10 in,,,,,,,,,,,,,,,,,,,,,,,,,Product,Unmapped Dimension 1,10,in,,,,,,,,,,,,,,,,,,,,,,,,,,,,,,,,,,,,,,,,,,,,,,,,,,,,,,,,,,,,,,,,,,,,,,,,,,,,,,,,,,,,,,,,,,,,,,,,,,,,,,,,,,,,,,,,,,,,,,,,,,,,,,,,,,,,,,,,,,,,,,,,,,,,,,,,,,,,,,,,,,,,,,,,,,,,,,,,,,,,,,,,,,,,,,,,,,
,,,,,,62-1876,,,,,62-1876,"62-1876 13"" Satco Ceiling Light BN",,,,Satco Prod Inc (5573),Satco Prod Inc,,,62-1876,,,"Satco Prod Inc, Product, 62-1876, Unmapped Dimension 1 13 in",PRODUCT,62-1876 Product With 13 in,"Product, 13 in",,,Unmapped Dimension 1: 13 in,,,,,,,,,,,,,,,,,,,,,,,,,Product,Unmapped Dimension 1,13,in,,,,,,,,,,,,,,,,,,,,,,,,,,,,,,,,,,,,,,,,,,,,,,,,,,,,,,,,,,,,,,,,,,,,,,,,,,,,,,,,,,,,,,,,,,,,,,,,,,,,,,,,,,,,,,,,,,,,,,,,,,,,,,,,,,,,,,,,,,,,,,,,,,,,,,,,,,,,,,,,,,,,,,,,,,,,,,,,,,,,,,,,,,,,,,,,,,
,,,,,,42296BK,Lighting & Ceiling Fans,Light Fixtures,Lighting Fixtures,,42296BK,42296BK Kichler Ceiling Lt,,,,Kichler Lighting (KICLI),Kichler Lighting,,,42296BK,,Lighting & Ceiling Fans>Light Fixtures>Lighting Fixtures,"Kichler Lighting, Lighting Fixtures, 42296BK, Lighting & Ceiling Fans>Light Fixt",LIGHTING FIXTURES,42296BK Lighting Fixtures,Lighting Fixtures,,,,,,,,,,,,,,,,,,,,,,,,,,,,Lighting Fixtures,,,,,,,,,,,,,,,,,,,,,,,,,,,,,,,,,,,,,,,,,,,,,,,,,,,,,,,,,,,,,,,,,,,,,,,,,,,,,,,,,,,,,,,,,,,,,,,,,,,,,,,,,,,,,,,,,,,,,,,,,,,,,,,,,,,,,,,,,,,,,,,,,,,,,,,,,,,,,,,,,,,,,,,,,,,,,,,,,,,,,,,,,,,,,,,,,,,,,
,,,,,,43913BK,Lighting & Ceiling Fans,Ceiling Lights,Pendant Lights,,43913BK,43913BK Kichler Pendant Lt,,,,Kichler Lighting (KICLI),Kichler Lighting,,,43913BK,,Lighting & Ceiling Fans>Ceiling Lights>Pendant Lights,"Kichler Lighting, Pendant Lights, 43913BK, Lighting & Ceiling Fans>Ceiling Light",PENDANT LIGHTS,43913BK Pendant Lights,Pendant Lights,,,,,,,,,,,,,,,,,,,,,,,,,,,,Pendant Lights,,,,,,,,,,,,,,,,,,,,,,,,,,,,,,,,,,,,,,,,,,,,,,,,,,,,,,,,,,,,,,,,,,,,,,,,,,,,,,,,,,,,,,,,,,,,,,,,,,,,,,,,,,,,,,,,,,,,,,,,,,,,,,,,,,,,,,,,,,,,,,,,,,,,,,,,,,,,,,,,,,,,,,,,,,,,,,,,,,,,,,,,,,,,,,,,,,,,,
,,,,,,HLSMS9129FS1E,,,,,HLSMS9129FS1E,"HLSMS9129FS1E 9"" Motion Lt",,,,Cooper Lighting (7638),Cooper Lighting,,,HLSMS9129FS1E,,,"Cooper Lighting, Product, HLSMS9129FS1E, Unmapped Dimension 1 9 in",PRODUCT,HLSMS9129FS1E Product With 9 in,"Product, 9 in",,,Unmapped Dimension 1: 9 in,,,,,,,,,,,,,,,,,,,,,,,,,Product,Unmapped Dimension 1,9,in,,,,,,,,,,,,,,,,,,,,,,,,,,,,,,,,,,,,,,,,,,,,,,,,,,,,,,,,,,,,,,,,,,,,,,,,,,,,,,,,,,,,,,,,,,,,,,,,,,,,,,,,,,,,,,,,,,,,,,,,,,,,,,,,,,,,,,,,,,,,,,,,,,,,,,,,,,,,,,,,,,,,,,,,,,,,,,,,,,,,,,,,,,,,,,,,,,
,,,,,,64-110,Electrical,Electrical Accessories,Tapes & Adhesives,,64-110,64-110 Satco Tape Light 16',,,,Satco Prod Inc (5573),Satco Prod Inc,,,64-110,,Electrical>Electrical Accessories>Tapes & Adhesives,"Satco Prod Inc, Tapes & Adhesives, 64-110, Unmapped Dimension 1 16 ft",TAPES & ADHESIVES,64-110 Tapes & Adhesives With 16 ft,"Tapes & Adhesives, 16 ft",,,Unmapped Dimension 1: 16 ft,,,,,,,,,,,,,,,,,,,,,,,,,Tapes & Adhesives,Unmapped Dimension 1,16,ft,,,,,,,,,,,,,,,,,,,,,,,,,,,,,,,,,,,,,,,,,,,,,,,,,,,,,,,,,,,,,,,,,,,,,,,,,,,,,,,,,,,,,,,,,,,,,,,,,,,,,,,,,,,,,,,,,,,,,,,,,,,,,,,,,,,,,,,,,,,,,,,,,,,,,,,,,,,,,,,,,,,,,,,,,,,,,,,,,,,,,,,,,,,,,,,,,,
,,,,,,603571,Tools & Equipment,Power Tool Accessories,Bits,,603571,603571 3' Strip Light Ext,,,Wiz,Phillips Lighting (5831),Phillips Lighting,Wiz,Wiz,603571,,Tools & Equipment>Power Tool Accessories>Cutting Tools>Bits,"Phillips Lighting, Wiz, Bits, 603571, Diameter 3 ft",BITS 3 FT,Wiz 603571 Bits With 3 ft,"Wiz Bits, 3 ft",,,Diameter: 3 ft,,,,,,,,,,,,,,,,,,,,,,,,,Bits,Diameter,3,ft,,,,,,,,,,,,,,,,,,,,,,,,,,,,,,,,,,,,,,,,,,,,,,,,,,,,,,,,,,,,,,,,,,,,,,,,,,,,,,,,,,,,,,,,,,,,,,,,,,,,,,,,,,,,,,,,,,,,,,,,,,,,,,,,,,,,,,,,,,,,,,,,,,,,,,,,,,,,,,,,,,,,,,,,,,,,,,,,,,,,,,,,,,,,,,,,,,
,,,,,,65-572R1,,,,,65-572R1,65572 Satco 2x4 Led Flat Panel,,,,Satco Prod Inc (5573),Satco Prod Inc,,,65-572R1,,,"Satco Prod Inc, Product, 65-572R1, Unmapped Dimension 1 2 in",PRODUCT,"65-572R1 Product With 2 in, 4 in","Product, 2 in, 4 in",,,Unmapped Dimension 1: 2 in,Unmapped Dimension 2: 4 in,,,,,,,,,,,,,,,,,,,,,,,,Product,Unmapped Dimension 1,2,in,Unmapped Dimension 2,4,in,,,,,,,,,,,,,,,,,,,,,,,,,,,,,,,,,,,,,,,,,,,,,,,,,,,,,,,,,,,,,,,,,,,,,,,,,,,,,,,,,,,,,,,,,,,,,,,,,,,,,,,,,,,,,,,,,,,,,,,,,,,,,,,,,,,,,,,,,,,,,,,,,,,,,,,,,,,,,,,,,,,,,,,,,,,,,,,,,,,,,,,,,,,,,,,
,,,,,,52476AVI,Lighting & Ceiling Fans,Ceiling Lights,Pendant Lights,,52476AVI,52476AVI Kichler Pendant Lt,,,,Kichler Lighting (KICLI),Kichler Lighting,,,52476AVI,,Lighting & Ceiling Fans>Ceiling Lights>Pendant Lights,"Kichler Lighting, Pendant Lights, 52476AVI, Lighting & Ceiling Fans>Ceiling Ligh",PENDANT LIGHTS,52476AVI Pendant Lights,Pendant Lights,,,,,,,,,,,,,,,,,,,,,,,,,,,,Pendant Lights,,,,,,,,,,,,,,,,,,,,,,,,,,,,,,,,,,,,,,,,,,,,,,,,,,,,,,,,,,,,,,,,,,,,,,,,,,,,,,,,,,,,,,,,,,,,,,,,,,,,,,,,,,,,,,,,,,,,,,,,,,,,,,,,,,,,,,,,,,,,,,,,,,,,,,,,,,,,,,,,,,,,,,,,,,,,,,,,,,,,,,,,,,,,,,,,,,,,,
,,,,,,42199BK,Lighting & Ceiling Fans,Ceiling Lights,Pendant Lights,,42199BK,42199BK Kichler Pendant Lt,,,,Kichler Lighting (KICLI),Kichler Lighting,,,42199BK,,Lighting & Ceiling Fans>Ceiling Lights>Pendant Lights,"Kichler Lighting, Pendant Lights, 42199BK, Lighting & Ceiling Fans>Ceiling Light",PENDANT LIGHTS,42199BK Pendant Lights,Pendant Lights,,,,,,,,,,,,,,,,,,,,,,,,,,,,Pendant Lights,,,,,,,,,,,,,,,,,,,,,,,,,,,,,,,,,,,,,,,,,,,,,,,,,,,,,,,,,,,,,,,,,,,,,,,,,,,,,,,,,,,,,,,,,,,,,,,,,,,,,,,,,,,,,,,,,,,,,,,,,,,,,,,,,,,,,,,,,,,,,,,,,,,,,,,,,,,,,,,,,,,,,,,,,,,,,,,,,,,,,,,,,,,,,,,,,,,,,
,,,,,,42199BKCS,Lighting & Ceiling Fans,Ceiling Lights,Pendant Lights,,42199BKCS,42199BKCS Kichler Pendant Lt,,,,Kichler Lighting (KICLI),Kichler Lighting,,,42199BKCS,,Lighting & Ceiling Fans>Ceiling Lights>Pendant Lights,"Kichler Lighting, Pendant Lights, 42199BKCS, Lighting & Ceiling Fans>Ceiling Lig",PENDANT LIGHTS,42199BKCS Pendant Lights,Pendant Lights,,,,,,,,,,,,,,,,,,,,,,,,,,,,Pendant Lights,,,,,,,,,,,,,,,,,,,,,,,,,,,,,,,,,,,,,,,,,,,,,,,,,,,,,,,,,,,,,,,,,,,,,,,,,,,,,,,,,,,,,,,,,,,,,,,,,,,,,,,,,,,,,,,,,,,,,,,,,,,,,,,,,,,,,,,,,,,,,,,,,,,,,,,,,,,,,,,,,,,,,,,,,,,,,,,,,,,,,,,,,,,,,,,,,,,,,
,,,,,,42200BK,Lighting & Ceiling Fans,Ceiling Lights,Pendant Lights,,42200BK,42200BK Kichler Pendant Lt,,,,Kichler Lighting (KICLI),Kichler Lighting,,,42200BK,,Lighting & Ceiling Fans>Ceiling Lights>Pendant Lights,"Kichler Lighting, Pendant Lights, 42200BK, Lighting & Ceiling Fans>Ceiling Light",PENDANT LIGHTS,42200BK Pendant Lights,Pendant Lights,,,,,,,,,,,,,,,,,,,,,,,,,,,,Pendant Lights,,,,,,,,,,,,,,,,,,,,,,,,,,,,,,,,,,,,,,,,,,,,,,,,,,,,,,,,,,,,,,,,,,,,,,,,,,,,,,,,,,,,,,,,,,,,,,,,,,,,,,,,,,,,,,,,,,,,,,,,,,,,,,,,,,,,,,,,,,,,,,,,,,,,,,,,,,,,,,,,,,,,,,,,,,,,,,,,,,,,,,,,,,,,,,,,,,,,,
,,,,,,42200BKCS,Lighting & Ceiling Fans,Ceiling Lights,Pendant Lights,,42200BKCS,42200BKCS Kichler Pendant Lt,,,,Kichler Lighting (KICLI),Kichler Lighting,,,42200BKCS,,Lighting & Ceiling Fans>Ceiling Lights>Pendant Lights,"Kichler Lighting, Pendant Lights, 42200BKCS, Lighting & Ceiling Fans>Ceiling Lig",PENDANT LIGHTS,42200BKCS Pendant Lights,Pendant Lights,,,,,,,,,,,,,,,,,,,,,,,,,,,,Pendant Lights,,,,,,,,,,,,,,,,,,,,,,,,,,,,,,,,,,,,,,,,,,,,,,,,,,,,,,,,,,,,,,,,,,,,,,,,,,,,,,,,,,,,,,,,,,,,,,,,,,,,,,,,,,,,,,,,,,,,,,,,,,,,,,,,,,,,,,,,,,,,,,,,,,,,,,,,,,,,,,,,,,,,,,,,,,,,,,,,,,,,,,,,,,,,,,,,,,,,,
,,,,,,43851BK,Lighting & Ceiling Fans,Ceiling Lights,Pendant Lights,,43851BK,43851BK Kichler Pendant Lt,,,,Kichler Lighting (KICLI),Kichler Lighting,,,43851BK,,Lighting & Ceiling Fans>Ceiling Lights>Pendant Lights,"Kichler Lighting, Pendant Lights, 43851BK, Lighting & Ceiling Fans>Ceiling Light",PENDANT LIGHTS,43851BK Pendant Lights,Pendant Lights,,,,,,,,,,,,,,,,,,,,,,,,,,,,Pendant Lights,,,,,,,,,,,,,,,,,,,,,,,,,,,,,,,,,,,,,,,,,,,,,,,,,,,,,,,,,,,,,,,,,,,,,,,,,,,,,,,,,,,,,,,,,,,,,,,,,,,,,,,,,,,,,,,,,,,,,,,,,,,,,,,,,,,,,,,,,,,,,,,,,,,,,,,,,,,,,,,,,,,,,,,,,,,,,,,,,,,,,,,,,,,,,,,,,,,,,
,,,,,,43852BK,Lighting & Ceiling Fans,Ceiling Lights,Pendant Lights,,43852BK,43852BK Kichler Pendant Lt,,,,Kichler Lighting (KICLI),Kichler Lighting,,,43852BK,,Lighting & Ceiling Fans>Ceiling Lights>Pendant Lights,"Kichler Lighting, Pendant Lights, 43852BK, Lighting & Ceiling Fans>Ceiling Light",PENDANT LIGHTS,43852BK Pendant Lights,Pendant Lights,,,,,,,,,,,,,,,,,,,,,,,,,,,,Pendant Lights,,,,,,,,,,,,,,,,,,,,,,,,,,,,,,,,,,,,,,,,,,,,,,,,,,,,,,,,,,,,,,,,,,,,,,,,,,,,,,,,,,,,,,,,,,,,,,,,,,,,,,,,,,,,,,,,,,,,,,,,,,,,,,,,,,,,,,,,,,,,,,,,,,,,,,,,,,,,,,,,,,,,,,,,,,,,,,,,,,,,,,,,,,,,,,,,,,,,,
,,,,,,43853BK,Lighting & Ceiling Fans,Ceiling Lights,Pendant Lights,,43853BK,43853BK Kichler Pendant Lt,,,,Kichler Lighting (KICLI),Kichler Lighting,,,43853BK,,Lighting & Ceiling Fans>Ceiling Lights>Pendant Lights,"Kichler Lighting, Pendant Lights, 43853BK, Lighting & Ceiling Fans>Ceiling Light",PENDANT LIGHTS,43853BK Pendant Lights,Pendant Lights,,,,,,,,,,,,,,,,,,,,,,,,,,,,Pendant Lights,,,,,,,,,,,,,,,,,,,,,,,,,,,,,,,,,,,,,,,,,,,,,,,,,,,,,,,,,,,,,,,,,,,,,,,,,,,,,,,,,,,,,,,,,,,,,,,,,,,,,,,,,,,,,,,,,,,,,,,,,,,,,,,,,,,,,,,,,,,,,,,,,,,,,,,,,,,,,,,,,,,,,,,,,,,,,,,,,,,,,,,,,,,,,,,,,,,,,
,,,,,,43905BK,Lighting & Ceiling Fans,Ceiling Lights,Pendant Lights,,43905BK,43905BK Kichler Pendant Lt,,,,Kichler Lighting (KICLI),Kichler Lighting,,,43905BK,,Lighting & Ceiling Fans>Ceiling Lights>Pendant Lights,"Kichler Lighting, Pendant Lights, 43905BK, Lighting & Ceiling Fans>Ceiling Light",PENDANT LIGHTS,43905BK Pendant Lights,Pendant Lights,,,,,,,,,,,,,,,,,,,,,,,,,,,,Pendant Lights,,,,,,,,,,,,,,,,,,,,,,,,,,,,,,,,,,,,,,,,,,,,,,,,,,,,,,,,,,,,,,,,,,,,,,,,,,,,,,,,,,,,,,,,,,,,,,,,,,,,,,,,,,,,,,,,,,,,,,,,,,,,,,,,,,,,,,,,,,,,,,,,,,,,,,,,,,,,,,,,,,,,,,,,,,,,,,,,,,,,,,,,,,,,,,,,,,,,,
,,,,,,43911BK,Lighting & Ceiling Fans,Ceiling Lights,Pendant Lights,,43911BK,43911BK Kichler Pendant Lt,,,,Kichler Lighting (KICLI),Kichler Lighting,,,43911BK,,Lighting & Ceiling Fans>Ceiling Lights>Pendant Lights,"Kichler Lighting, Pendant Lights, 43911BK, Lighting & Ceiling Fans>Ceiling Light",PENDANT LIGHTS,43911BK Pendant Lights,Pendant Lights,,,,,,,,,,,,,,,,,,,,,,,,,,,,Pendant Lights,,,,,,,,,,,,,,,,,,,,,,,,,,,,,,,,,,,,,,,,,,,,,,,,,,,,,,,,,,,,,,,,,,,,,,,,,,,,,,,,,,,,,,,,,,,,,,,,,,,,,,,,,,,,,,,,,,,,,,,,,,,,,,,,,,,,,,,,,,,,,,,,,,,,,,,,,,,,,,,,,,,,,,,,,,,,,,,,,,,,,,,,,,,,,,,,,,,,,
,,,,,,52529BK,Lighting & Ceiling Fans,Ceiling Lights,Pendant Lights,,52529BK,52529BK Kichler Pendant Light,,,,Kichler Lighting (KICLI),Kichler Lighting,,,52529BK,,Lighting & Ceiling Fans>Ceiling Lights>Pendant Lights,"Kichler Lighting, Pendant Lights, 52529BK, Lighting & Ceiling Fans>Ceiling Light",PENDANT LIGHTS,52529BK Pendant Lights,Pendant Lights,,,,,,,,,,,,,,,,,,,,,,,,,,,,Pendant Lights,,,,,,,,,,,,,,,,,,,,,,,,,,,,,,,,,,,,,,,,,,,,,,,,,,,,,,,,,,,,,,,,,,,,,,,,,,,,,,,,,,,,,,,,,,,,,,,,,,,,,,,,,,,,,,,,,,,,,,,,,,,,,,,,,,,,,,,,,,,,,,,,,,,,,,,,,,,,,,,,,,,,,,,,,,,,,,,,,,,,,,,,,,,,,,,,,,,,,
,,,,,,52662BKCLR,Lighting & Ceiling Fans,Ceiling Lights,Pendant Lights,,52662BKCLR,52662BKCLR Kichler Pendant Lt,,,,Kichler Lighting (KICLI),Kichler Lighting,,,52662BKCLR,,Lighting & Ceiling Fans>Ceiling Lights>Pendant Lights,"Kichler Lighting, Pendant Lights, 52662BKCLR, Lighting & Ceiling Fans>Ceiling Li",PENDANT LIGHTS,52662BKCLR Pendant Lights,Pendant Lights,,,,,,,,,,,,,,,,,,,,,,,,,,,,Pendant Lights,,,,,,,,,,,,,,,,,,,,,,,,,,,,,,,,,,,,,,,,,,,,,,,,,,,,,,,,,,,,,,,,,,,,,,,,,,,,,,,,,,,,,,,,,,,,,,,,,,,,,,,,,,,,,,,,,,,,,,,,,,,,,,,,,,,,,,,,,,,,,,,,,,,,,,,,,,,,,,,,,,,,,,,,,,,,,,,,,,,,,,,,,,,,,,,,,,,,,
,,,,,,52734CPZ,Lighting & Ceiling Fans,Ceiling Lights,Pendant Lights,,52734CPZ,52734CPZ Kichler Pendant Light,,,,Kichler Lighting (KICLI),Kichler Lighting,,,52734CPZ,,Lighting & Ceiling Fans>Ceiling Lights>Pendant Lights,"Kichler Lighting, Pendant Lights, 52734CPZ, Lighting & Ceiling Fans>Ceiling Ligh",PENDANT LIGHTS,52734CPZ Pendant Lights,Pendant Lights,,,,,,,,,,,,,,,,,,,,,,,,,,,,Pendant Lights,,,,,,,,,,,,,,,,,,,,,,,,,,,,,,,,,,,,,,,,,,,,,,,,,,,,,,,,,,,,,,,,,,,,,,,,,,,,,,,,,,,,,,,,,,,,,,,,,,,,,,,,,,,,,,,,,,,,,,,,,,,,,,,,,,,,,,,,,,,,,,,,,,,,,,,,,,,,,,,,,,,,,,,,,,,,,,,,,,,,,,,,,,,,,,,,,,,,,
,,,,,,82400,Lighting & Ceiling Fans,Ceiling Lights,Pendant Lights,,82400,82400 Kichler Pendant Lt,,,,Kichler Lighting (KICLI),Kichler Lighting,,,82400,,Lighting & Ceiling Fans>Ceiling Lights>Pendant Lights,"Kichler Lighting, Pendant Lights, 82400, Lighting & Ceiling Fans>Ceiling Lights>",PENDANT LIGHTS,82400 Pendant Lights,Pendant Lights,,,,,,,,,,,,,,,,,,,,,,,,,,,,Pendant Lights,,,,,,,,,,,,,,,,,,,,,,,,,,,,,,,,,,,,,,,,,,,,,,,,,,,,,,,,,,,,,,,,,,,,,,,,,,,,,,,,,,,,,,,,,,,,,,,,,,,,,,,,,,,,,,,,,,,,,,,,,,,,,,,,,,,,,,,,,,,,,,,,,,,,,,,,,,,,,,,,,,,,,,,,,,,,,,,,,,,,,,,,,,,,,,,,,,,,,
,,,,,,S11606,,,,,S11606,"S11606 8"" Round Down Lt 30K",,,,Satco Prod Inc (5573),Satco Prod Inc,,,S11606,,,"Satco Prod Inc, Product, S11606, Unmapped Dimension 1 8 in",PRODUCT,S11606 Product With 8 in,"Product, 8 in",,,Unmapped Dimension 1: 8 in,,,,,,,,,,,,,,,,,,,,,,,,,Product,Unmapped Dimension 1,8,in,,,,,,,,,,,,,,,,,,,,,,,,,,,,,,,,,,,,,,,,,,,,,,,,,,,,,,,,,,,,,,,,,,,,,,,,,,,,,,,,,,,,,,,,,,,,,,,,,,,,,,,,,,,,,,,,,,,,,,,,,,,,,,,,,,,,,,,,,,,,,,,,,,,,,,,,,,,,,,,,,,,,,,,,,,,,,,,,,,,,,,,,,,,,,,,,,,
,,,,,,S11828,,,,,S11828,"S11828 8"" Led Down Light",,,,Satco Prod Inc (5573),Satco Prod Inc,,,S11828,,,"Satco Prod Inc, Product, S11828, Unmapped Dimension 1 8 in",PRODUCT,S11828 Product With 8 in,"Product, 8 in",,,Unmapped Dimension 1: 8 in,,,,,,,,,,,,,,,,,,,,,,,,,Product,Unmapped Dimension 1,8,in,,,,,,,,,,,,,,,,,,,,,,,,,,,,,,,,,,,,,,,,,,,,,,,,,,,,,,,,,,,,,,,,,,,,,,,,,,,,,,,,,,,,,,,,,,,,,,,,,,,,,,,,,,,,,,,,,,,,,,,,,,,,,,,,,,,,,,,,,,,,,,,,,,,,,,,,,,,,,,,,,,,,,,,,,,,,,,,,,,,,,,,,,,,,,,,,,,
,,,,,,801274,Tools & Equipment,Power Tool Accessories,Bits,,801274,"801274 10w LED 6"" Retro 50k",,,Philips,Phillips Lighting (5831),Phillips Lighting,Philips,Philips,801274,,Tools & Equipment>Power Tool Accessories>Cutting Tools>Bits,"Phillips Lighting, Philips, Bits, 801274, Diameter 6 in",BITS 6 IN,Philips 801274 Bits With 6 in,"Philips Bits, 6 in",,,Diameter: 6 in,,,,,,,,,,,,,,,,,,,,,,,,,Bits,Diameter,6,in,,,,,,,,,,,,,,,,,,,,,,,,,,,,,,,,,,,,,,,,,,,,,,,,,,,,,,,,,,,,,,,,,,,,,,,,,,,,,,,,,,,,,,,,,,,,,,,,,,,,,,,,,,,,,,,,,,,,,,,,,,,,,,,,,,,,,,,,,,,,,,,,,,,,,,,,,,,,,,,,,,,,,,,,,,,,,,,,,,,,,,,,,,,,,,,,,,
,,,,,,S11860,,,,,S11860,"S11860 6"" Downlight White 5 CCT",,,,Satco Prod Inc (5573),Satco Prod Inc,,,S11860,,,"Satco Prod Inc, Product, S11860, Unmapped Dimension 1 6 in",PRODUCT,S11860 Product With 6 in,"Product, 6 in",,,Unmapped Dimension 1: 6 in,,,,,,,,,,,,,,,,,,,,,,,,,Product,Unmapped Dimension 1,6,in,,,,,,,,,,,,,,,,,,,,,,,,,,,,,,,,,,,,,,,,,,,,,,,,,,,,,,,,,,,,,,,,,,,,,,,,,,,,,,,,,,,,,,,,,,,,,,,,,,,,,,,,,,,,,,,,,,,,,,,,,,,,,,,,,,,,,,,,,,,,,,,,,,,,,,,,,,,,,,,,,,,,,,,,,,,,,,,,,,,,,,,,,,,,,,,,,,
,,,,,,S11562,,,,,S11562,"S11562 Starfish 6"" D/W Downlight",,,,Satco Prod Inc (5573),Satco Prod Inc,,,S11562,,,"Satco Prod Inc, Product, S11562, Unmapped Dimension 1 6 in",PRODUCT,S11562 Product With 6 in,"Product, 6 in",,,Unmapped Dimension 1: 6 in,,,,,,,,,,,,,,,,,,,,,,,,,Product,Unmapped Dimension 1,6,in,,,,,,,,,,,,,,,,,,,,,,,,,,,,,,,,,,,,,,,,,,,,,,,,,,,,,,,,,,,,,,,,,,,,,,,,,,,,,,,,,,,,,,,,,,,,,,,,,,,,,,,,,,,,,,,,,,,,,,,,,,,,,,,,,,,,,,,,,,,,,,,,,,,,,,,,,,,,,,,,,,,,,,,,,,,,,,,,,,,,,,,,,,,,,,,,,,
,,,,,,S11646,,,,,S11646,"S11646 6"" Downlight Wh",,,,Satco Prod Inc (5573),Satco Prod Inc,,,S11646,,,"Satco Prod Inc, Product, S11646, Unmapped Dimension 1 6 in",PRODUCT,S11646 Product With 6 in,"Product, 6 in",,,Unmapped Dimension 1: 6 in,,,,,,,,,,,,,,,,,,,,,,,,,Product,Unmapped Dimension 1,6,in,,,,,,,,,,,,,,,,,,,,,,,,,,,,,,,,,,,,,,,,,,,,,,,,,,,,,,,,,,,,,,,,,,,,,,,,,,,,,,,,,,,,,,,,,,,,,,,,,,,,,,,,,,,,,,,,,,,,,,,,,,,,,,,,,,,,,,,,,,,,,,,,,,,,,,,,,,,,,,,,,,,,,,,,,,,,,,,,,,,,,,,,,,,,,,,,,,
,,,,,,S11801R1,,,,,S11801R1,"S11801R1 6"" Led Downlight Wh",,,,Satco Prod Inc (5573),Satco Prod Inc,,,S11801R1,,,"Satco Prod Inc, Product, S11801R1, Unmapped Dimension 1 6 in",PRODUCT,S11801R1 Product With 6 in,"Product, 6 in",,,Unmapped Dimension 1: 6 in,,,,,,,,,,,,,,,,,,,,,,,,,Product,Unmapped Dimension 1,6,in,,,,,,,,,,,,,,,,,,,,,,,,,,,,,,,,,,,,,,,,,,,,,,,,,,,,,,,,,,,,,,,,,,,,,,,,,,,,,,,,,,,,,,,,,,,,,,,,,,,,,,,,,,,,,,,,,,,,,,,,,,,,,,,,,,,,,,,,,,,,,,,,,,,,,,,,,,,,,,,,,,,,,,,,,,,,,,,,,,,,,,,,,,,,,,,,,,
,,,,,,S11848,,,,,S11848,"S11848 10"" Down Light Wh",,,,Satco Prod Inc (5573),Satco Prod Inc,,,S11848,,,"Satco Prod Inc, Product, S11848, Unmapped Dimension 1 10 in",PRODUCT,S11848 Product With 10 in,"Product, 10 in",,,Unmapped Dimension 1: 10 in,,,,,,,,,,,,,,,,,,,,,,,,,Product,Unmapped Dimension 1,10,in,,,,,,,,,,,,,,,,,,,,,,,,,,,,,,,,,,,,,,,,,,,,,,,,,,,,,,,,,,,,,,,,,,,,,,,,,,,,,,,,,,,,,,,,,,,,,,,,,,,,,,,,,,,,,,,,,,,,,,,,,,,,,,,,,,,,,,,,,,,,,,,,,,,,,,,,,,,,,,,,,,,,,,,,,,,,,,,,,,,,,,,,,,,,,,,,,,
,,,,,,S11849,,,,,S11849,"S11849 12"" Down Light Wh",,,,Satco Prod Inc (5573),Satco Prod Inc,,,S11849,,,"Satco Prod Inc, Product, S11849, Unmapped Dimension 1 12 in",PRODUCT,S11849 Product With 12 in,"Product, 12 in",,,Unmapped Dimension 1: 12 in,,,,,,,,,,,,,,,,,,,,,,,,,Product,Unmapped Dimension 1,12,in,,,,,,,,,,,,,,,,,,,,,,,,,,,,,,,,,,,,,,,,,,,,,,,,,,,,,,,,,,,,,,,,,,,,,,,,,,,,,,,,,,,,,,,,,,,,,,,,,,,,,,,,,,,,,,,,,,,,,,,,,,,,,,,,,,,,,,,,,,,,,,,,,,,,,,,,,,,,,,,,,,,,,,,,,,,,,,,,,,,,,,,,,,,,,,,,,,
,,,,,,HLBSL609FS5,,,,,HLBSL609FS5,"HLBSL609FS5 6"" Down Light",,,,Cooper Lighting (7638),Cooper Lighting,,,HLBSL609FS5,,,"Cooper Lighting, Product, HLBSL609FS5, Unmapped Dimension 1 6 in",PRODUCT,HLBSL609FS5 Product With 6 in,"Product, 6 in",,,Unmapped Dimension 1: 6 in,,,,,,,,,,,,,,,,,,,,,,,,,Product,Unmapped Dimension 1,6,in,,,,,,,,,,,,,,,,,,,,,,,,,,,,,,,,,,,,,,,,,,,,,,,,,,,,,,,,,,,,,,,,,,,,,,,,,,,,,,,,,,,,,,,,,,,,,,,,,,,,,,,,,,,,,,,,,,,,,,,,,,,,,,,,,,,,,,,,,,,,,,,,,,,,,,,,,,,,,,,,,,,,,,,,,,,,,,,,,,,,,,,,,,,,,,,,,,
,,,,,,WF4REGSWW590CRIMW,,,,,WF4REGSWW590CRIMW,"WF4REGSWW590CRIMW 4"" Down Light",,,,Lithonia Lighting (2776),Lithonia Lighting,,,WF4REGSWW590CRIMW,,,"Lithonia Lighting, Product, WF4REGSWW590CRIMW, Unmapped Dimension 1 4 in",PRODUCT,WF4REGSWW590CRIMW Product With 4 in,"Product, 4 in",,,Unmapped Dimension 1: 4 in,,,,,,,,,,,,,,,,,,,,,,,,,Product,Unmapped Dimension 1,4,in,,,,,,,,,,,,,,,,,,,,,,,,,,,,,,,,,,,,,,,,,,,,,,,,,,,,,,,,,,,,,,,,,,,,,,,,,,,,,,,,,,,,,,,,,,,,,,,,,,,,,,,,,,,,,,,,,,,,,,,,,,,,,,,,,,,,,,,,,,,,,,,,,,,,,,,,,,,,,,,,,,,,,,,,,,,,,,,,,,,,,,,,,,,,,,,,,,
,,,,,,43849WH5CCT,Lighting & Ceiling Fans,Light Fixtures,Lighting Fixtures,,43849WH5CCT,43849WH5CCT Kichler Ceiling Lt,,,,Kichler Lighting (KICLI),Kichler Lighting,,,43849WH5CCT,,Lighting & Ceiling Fans>Light Fixtures>Lighting Fixtures,"Kichler Lighting, Lighting Fixtures, 43849WH5CCT",LIGHTING FIXTURES,43849WH5CCT Lighting Fixtures,Lighting Fixtures,,,,,,,,,,,,,,,,,,,,,,,,,,,,Lighting Fixtures,,,,,,,,,,,,,,,,,,,,,,,,,,,,,,,,,,,,,,,,,,,,,,,,,,,,,,,,,,,,,,,,,,,,,,,,,,,,,,,,,,,,,,,,,,,,,,,,,,,,,,,,,,,,,,,,,,,,,,,,,,,,,,,,,,,,,,,,,,,,,,,,,,,,,,,,,,,,,,,,,,,,,,,,,,,,,,,,,,,,,,,,,,,,,,,,,,,,,
,,,,,,62-1777,,,,,62-1777,"62-1777 15"" Ceiling Lt Wh",,,,Satco Prod Inc (5573),Satco Prod Inc,,,62-1777,,,"Satco Prod Inc, Product, 62-1777, Unmapped Dimension 1 15 in",PRODUCT,62-1777 Product With 15 in,"Product, 15 in",,,Unmapped Dimension 1: 15 in,,,,,,,,,,,,,,,,,,,,,,,,,Product,Unmapped Dimension 1,15,in,,,,,,,,,,,,,,,,,,,,,,,,,,,,,,,,,,,,,,,,,,,,,,,,,,,,,,,,,,,,,,,,,,,,,,,,,,,,,,,,,,,,,,,,,,,,,,,,,,,,,,,,,,,,,,,,,,,,,,,,,,,,,,,,,,,,,,,,,,,,,,,,,,,,,,,,,,,,,,,,,,,,,,,,,,,,,,,,,,,,,,,,,,,,,,,,,,
,,,,,,62-1778,,,,,62-1778,"62-1778 19"" Ceiling Lt Wh",,,,Satco Prod Inc (5573),Satco Prod Inc,,,62-1778,,,"Satco Prod Inc, Product, 62-1778, Unmapped Dimension 1 19 in",PRODUCT,62-1778 Product With 19 in,"Product, 19 in",,,Unmapped Dimension 1: 19 in,,,,,,,,,,,,,,,,,,,,,,,,,Product,Unmapped Dimension 1,19,in,,,,,,,,,,,,,,,,,,,,,,,,,,,,,,,,,,,,,,,,,,,,,,,,,,,,,,,,,,,,,,,,,,,,,,,,,,,,,,,,,,,,,,,,,,,,,,,,,,,,,,,,,,,,,,,,,,,,,,,,,,,,,,,,,,,,,,,,,,,,,,,,,,,,,,,,,,,,,,,,,,,,,,,,,,,,,,,,,,,,,,,,,,,,,,,,,,
,,,,,,62-1784,,,,,62-1784,62-1784 24x24 Led Ceiling Lt,,,,Satco Prod Inc (5573),Satco Prod Inc,,,62-1784,,,"Satco Prod Inc, Product, 62-1784, Unmapped Dimension 1 24 in",PRODUCT,"62-1784 Product With 24 in, 24 in","Product, 24 in, 24 in",,,Unmapped Dimension 1: 24 in,Unmapped Dimension 2: 24 in,,,,,,,,,,,,,,,,,,,,,,,,Product,Unmapped Dimension 1,24,in,Unmapped Dimension 2,24,in,,,,,,,,,,,,,,,,,,,,,,,,,,,,,,,,,,,,,,,,,,,,,,,,,,,,,,,,,,,,,,,,,,,,,,,,,,,,,,,,,,,,,,,,,,,,,,,,,,,,,,,,,,,,,,,,,,,,,,,,,,,,,,,,,,,,,,,,,,,,,,,,,,,,,,,,,,,,,,,,,,,,,,,,,,,,,,,,,,,,,,,,,,,,,,,
,,,,,,62-1787,,,,,62-1787,"62-1787 15"" Ceiling Lt Bk",,,,Satco Prod Inc (5573),Satco Prod Inc,,,62-1787,,,"Satco Prod Inc, Product, 62-1787, Unmapped Dimension 1 15 in",PRODUCT,62-1787 Product With 15 in,"Product, 15 in",,,Unmapped Dimension 1: 15 in,,,,,,,,,,,,,,,,,,,,,,,,,Product,Unmapped Dimension 1,15,in,,,,,,,,,,,,,,,,,,,,,,,,,,,,,,,,,,,,,,,,,,,,,,,,,,,,,,,,,,,,,,,,,,,,,,,,,,,,,,,,,,,,,,,,,,,,,,,,,,,,,,,,,,,,,,,,,,,,,,,,,,,,,,,,,,,,,,,,,,,,,,,,,,,,,,,,,,,,,,,,,,,,,,,,,,,,,,,,,,,,,,,,,,,,,,,,,,
,,,,,,62-1788,,,,,62-1788,"62-1788 19"" Ceiling Lt Bk",,,,Satco Prod Inc (5573),Satco Prod Inc,,,62-1788,,,"Satco Prod Inc, Product, 62-1788, Unmapped Dimension 1 19 in",PRODUCT,62-1788 Product With 19 in,"Product, 19 in",,,Unmapped Dimension 1: 19 in,,,,,,,,,,,,,,,,,,,,,,,,,Product,Unmapped Dimension 1,19,in,,,,,,,,,,,,,,,,,,,,,,,,,,,,,,,,,,,,,,,,,,,,,,,,,,,,,,,,,,,,,,,,,,,,,,,,,,,,,,,,,,,,,,,,,,,,,,,,,,,,,,,,,,,,,,,,,,,,,,,,,,,,,,,,,,,,,,,,,,,,,,,,,,,,,,,,,,,,,,,,,,,,,,,,,,,,,,,,,,,,,,,,,,,,,,,,,,
,,,,,,SHOP/4X2/840/V1,,,,,SHOP/4X2/840/V1,4' Feit Shop Light 4500L 40k,,,Feit Electric,Feit Electric (3468),Feit Electric,Feit Electric,Feit Electric,SHOP/4X2/840/V1,,,"Feit Electric, Feit Electric, Product, SHOP/4X2/840/V1",PRODUCT,Feit Electric SHOP/4X2/840/V1 Product With 4 ft,"Feit Electric Product, 4 ft",,,Unmapped Dimension 1: 4 ft,,,,,,,,,,,,,,,,,,,,,,,,,Product,Unmapped Dimension 1,4,ft,,,,,,,,,,,,,,,,,,,,,,,,,,,,,,,,,,,,,,,,,,,,,,,,,,,,,,,,,,,,,,,,,,,,,,,,,,,,,,,,,,,,,,,,,,,,,,,,,,,,,,,,,,,,,,,,,,,,,,,,,,,,,,,,,,,,,,,,,,,,,,,,,,,,,,,,,,,,,,,,,,,,,,,,,,,,,,,,,,,,,,,,,,,,,,,,,,
,,,,,,45495BKCLR,Lighting & Ceiling Fans,Light Fixtures,Lighting Fixtures,,45495BKCLR,45495BKCLR Kichler Wall Lt,,,,Kichler Lighting (KICLI),Kichler Lighting,,,45495BKCLR,,Lighting & Ceiling Fans>Light Fixtures>Lighting Fixtures,"Kichler Lighting, Lighting Fixtures, 45495BKCLR",LIGHTING FIXTURES,45495BKCLR Lighting Fixtures,Lighting Fixtures,,,,,,,,,,,,,,,,,,,,,,,,,,,,Lighting Fixtures,,,,,,,,,,,,,,,,,,,,,,,,,,,,,,,,,,,,,,,,,,,,,,,,,,,,,,,,,,,,,,,,,,,,,,,,,,,,,,,,,,,,,,,,,,,,,,,,,,,,,,,,,,,,,,,,,,,,,,,,,,,,,,,,,,,,,,,,,,,,,,,,,,,,,,,,,,,,,,,,,,,,,,,,,,,,,,,,,,,,,,,,,,,,,,,,,,,,,
,,,,,,55209NI,Lighting & Ceiling Fans,Wall Lights,Wall Sconces & Lanterns,,55209NI,55209NI Kichler Wall Sconce,,,,Kichler Lighting (KICLI),Kichler Lighting,,,55209NI,,Lighting & Ceiling Fans>Wall Lights>Wall Sconces & Lanterns,"Kichler Lighting, Wall Sconces & Lanterns, 55209NI",WALL SCONCES & LANTERNS,55209NI Wall Sconces & Lanterns,Wall Sconces & Lanterns,,,,,,,,,,,,,,,,,,,,,,,,,,,,Wall Sconces & Lanterns,,,,,,,,,,,,,,,,,,,,,,,,,,,,,,,,,,,,,,,,,,,,,,,,,,,,,,,,,,,,,,,,,,,,,,,,,,,,,,,,,,,,,,,,,,,,,,,,,,,,,,,,,,,,,,,,,,,,,,,,,,,,,,,,,,,,,,,,,,,,,,,,,,,,,,,,,,,,,,,,,,,,,,,,,,,,,,,,,,,,,,,,,,,,,,,,,,,,,
,,,,,,65-1210,,,,,65-1210,65-1210 2' LED Wrap Lt,,,,Satco Prod Inc (5573),Satco Prod Inc,,,65-1210,,,"Satco Prod Inc, Product, 65-1210, Unmapped Dimension 1 2 ft",PRODUCT,65-1210 Product With 2 ft,"Product, 2 ft",,,Unmapped Dimension 1: 2 ft,,,,,,,,,,,,,,,,,,,,,,,,,Product,Unmapped Dimension 1,2,ft,,,,,,,,,,,,,,,,,,,,,,,,,,,,,,,,,,,,,,,,,,,,,,,,,,,,,,,,,,,,,,,,,,,,,,,,,,,,,,,,,,,,,,,,,,,,,,,,,,,,,,,,,,,,,,,,,,,,,,,,,,,,,,,,,,,,,,,,,,,,,,,,,,,,,,,,,,,,,,,,,,,,,,,,,,,,,,,,,,,,,,,,,,,,,,,,,,
,,,,,,65-1211,,,,,65-1211,65-1211 4' Led Wrap Light,,,,Satco Prod Inc (5573),Satco Prod Inc,,,65-1211,,,"Satco Prod Inc, Product, 65-1211, Unmapped Dimension 1 4 ft",PRODUCT,65-1211 Product With 4 ft,"Product, 4 ft",,,Unmapped Dimension 1: 4 ft,,,,,,,,,,,,,,,,,,,,,,,,,Product,Unmapped Dimension 1,4,ft,,,,,,,,,,,,,,,,,,,,,,,,,,,,,,,,,,,,,,,,,,,,,,,,,,,,,,,,,,,,,,,,,,,,,,,,,,,,,,,,,,,,,,,,,,,,,,,,,,,,,,,,,,,,,,,,,,,,,,,,,,,,,,,,,,,,,,,,,,,,,,,,,,,,,,,,,,,,,,,,,,,,,,,,,,,,,,,,,,,,,,,,,,,,,,,,,,
,,,,,,141465,Tools & Equipment,Power Tool Accessories,Bits,,141465,"141465 15W Flor 18"" T12 27k",,,Philips,Phillips Lighting (5831),Phillips Lighting,Philips,Philips,141465,,Tools & Equipment>Power Tool Accessories>Cutting Tools>Bits,"Phillips Lighting, Philips, Bits, 141465, Diameter 18 in",BITS 18 IN,Philips 141465 Bits With 18 in,"Philips Bits, 18 in",,,Diameter: 18 in,,,,,,,,,,,,,,,,,,,,,,,,,Bits,Diameter,18,in,,,,,,,,,,,,,,,,,,,,,,,,,,,,,,,,,,,,,,,,,,,,,,,,,,,,,,,,,,,,,,,,,,,,,,,,,,,,,,,,,,,,,,,,,,,,,,,,,,,,,,,,,,,,,,,,,,,,,,,,,,,,,,,,,,,,,,,,,,,,,,,,,,,,,,,,,,,,,,,,,,,,,,,,,,,,,,,,,,,,,,,,,,,,,,,,,,
,,,,,,391227,Tools & Equipment,Power Tool Accessories,Bits,,391227,"391227 32W Led 12"" T9 30K",,,Philips,Phillips Lighting (5831),Phillips Lighting,Philips,Philips,391227,,Tools & Equipment>Power Tool Accessories>Cutting Tools>Bits,"Phillips Lighting, Philips, Bits, 391227, Diameter 12 in",BITS 12 IN,Philips 391227 Bits With 12 in,"Philips Bits, 12 in",,,Diameter: 12 in,,,,,,,,,,,,,,,,,,,,,,,,,Bits,Diameter,12,in,,,,,,,,,,,,,,,,,,,,,,,,,,,,,,,,,,,,,,,,,,,,,,,,,,,,,,,,,,,,,,,,,,,,,,,,,,,,,,,,,,,,,,,,,,,,,,,,,,,,,,,,,,,,,,,,,,,,,,,,,,,,,,,,,,,,,,,,,,,,,,,,,,,,,,,,,,,,,,,,,,,,,,,,,,,,,,,,,,,,,,,,,,,,,,,,,,
,,,,,,392225,Tools & Equipment,Power Tool Accessories,Bits,,392225,"392225 22W Flor 8"" T9 30k",,,Philips,Phillips Lighting (5831),Phillips Lighting,Philips,Philips,392225,,Tools & Equipment>Power Tool Accessories>Cutting Tools>Bits,"Phillips Lighting, Philips, Bits, 392225, Diameter 8 in",BITS 8 IN,Philips 392225 Bits With 8 in,"Philips Bits, 8 in",,,Diameter: 8 in,,,,,,,,,,,,,,,,,,,,,,,,,Bits,Diameter,8,in,,,,,,,,,,,,,,,,,,,,,,,,,,,,,,,,,,,,,,,,,,,,,,,,,,,,,,,,,,,,,,,,,,,,,,,,,,,,,,,,,,,,,,,,,,,,,,,,,,,,,,,,,,,,,,,,,,,,,,,,,,,,,,,,,,,,,,,,,,,,,,,,,,,,,,,,,,,,,,,,,,,,,,,,,,,,,,,,,,,,,,,,,,,,,,,,,,
,,,,,,S3539,Lighting & Ceiling Fans,Light Bulbs,Light Bulbs,,S3539,S3539 20W Halogen Pin T4,,,Satco,Satco Prod Inc (5573),Satco Prod Inc,Satco,Satco,S3539,,Lighting & Ceiling Fans>Light Bulbs>Light Bulbs,"Satco Prod Inc, Satco, Light Bulbs, S3539, Lighting & Ceiling Fans>Light Bulbs>L",LIGHT BULBS,Satco S3539 Light Bulbs,Satco Light Bulbs,,,,,,,,,,,,,,,,,,,,,,,,,,,,Light Bulbs,,,,,,,,,,,,,,,,,,,,,,,,,,,,,,,,,,,,,,,,,,,,,,,,,,,,,,,,,,,,,,,,,,,,,,,,,,,,,,,,,,,,,,,,,,,,,,,,,,,,,,,,,,,,,,,,,,,,,,,,,,,,,,,,,,,,,,,,,,,,,,,,,,,,,,,,,,,,,,,,,,,,,,,,,,,,,,,,,,,,,,,,,,,,,,,,,,,,,
,,,,,,S3496,Lighting & Ceiling Fans,Light Bulbs,Light Bulbs,,S3496,S3496 300W Halogen T3 Bulb,,,Satco,Satco Prod Inc (5573),Satco Prod Inc,Satco,Satco,S3496,,Lighting & Ceiling Fans>Light Bulbs>Light Bulbs,"Satco Prod Inc, Satco, Light Bulbs, S3496, Lighting & Ceiling Fans>Light Bulbs>L",LIGHT BULBS,Satco S3496 Light Bulbs,Satco Light Bulbs,,,,,,,,,,,,,,,,,,,,,,,,,,,,Light Bulbs,,,,,,,,,,,,,,,,,,,,,,,,,,,,,,,,,,,,,,,,,,,,,,,,,,,,,,,,,,,,,,,,,,,,,,,,,,,,,,,,,,,,,,,,,,,,,,,,,,,,,,,,,,,,,,,,,,,,,,,,,,,,,,,,,,,,,,,,,,,,,,,,,,,,,,,,,,,,,,,,,,,,,,,,,,,,,,,,,,,,,,,,,,,,,,,,,,,,,
,,,,,,467316,Tools & Equipment,Power Tool Accessories,Bits,,467316,467316 150W Sodium Med 21k,,,Philips,Phillips Lighting (5831),Phillips Lighting,Philips,Philips,467316,,Tools & Equipment>Power Tool Accessories>Cutting Tools>Bits,"Phillips Lighting, Philips, Bits, 467316, Tools & Equipment>Power Tool Accessori",BITS,Philips 467316 Bits,Philips Bits,,,,,,,,,,,,,,,,,,,,,,,,,,,,Bits,,,,,,,,,,,,,,,,,,,,,,,,,,,,,,,,,,,,,,,,,,,,,,,,,,,,,,,,,,,,,,,,,,,,,,,,,,,,,,,,,,,,,,,,,,,,,,,,,,,,,,,,,,,,,,,,,,,,,,,,,,,,,,,,,,,,,,,,,,,,,,,,,,,,,,,,,,,,,,,,,,,,,,,,,,,,,,,,,,,,,,,,,,,,,,,,,,,,,
,,,,,,S3709,,,,,S3709,S3709 25W Incan 27K,,,Satco,Satco Prod Inc (5573),Satco Prod Inc,Satco,Satco,S3709,,,"Satco Prod Inc, Satco, Product, S3709",PRODUCT,Satco S3709 Product,Satco Product,,,,,,,,,,,,,,,,,,,,,,,,,,,,Product,,,,,,,,,,,,,,,,,,,,,,,,,,,,,,,,,,,,,,,,,,,,,,,,,,,,,,,,,,,,,,,,,,,,,,,,,,,,,,,,,,,,,,,,,,,,,,,,,,,,,,,,,,,,,,,,,,,,,,,,,,,,,,,,,,,,,,,,,,,,,,,,,,,,,,,,,,,,,,,,,,,,,,,,,,,,,,,,,,,,,,,,,,,,,,,,,,,,,
,,,,,,S4720,,,,,S4720,S4720 25W Incan 27K,,,Satco,Satco Prod Inc (5573),Satco Prod Inc,Satco,Satco,S4720,,,"Satco Prod Inc, Satco, Product, S4720",PRODUCT,Satco S4720 Product,Satco Product,,,,,,,,,,,,,,,,,,,,,,,,,,,,Product,,,,,,,,,,,,,,,,,,,,,,,,,,,,,,,,,,,,,,,,,,,,,,,,,,,,,,,,,,,,,,,,,,,,,,,,,,,,,,,,,,,,,,,,,,,,,,,,,,,,,,,,,,,,,,,,,,,,,,,,,,,,,,,,,,,,,,,,,,,,,,,,,,,,,,,,,,,,,,,,,,,,,,,,,,,,,,,,,,,,,,,,,,,,,,,,,,,,,
,,,,,,S3720,,,,,S3720,S3720 40w Inc A15 Med 26k,,,Satco,Satco Prod Inc (5573),Satco Prod Inc,Satco,Satco,S3720,,,"Satco Prod Inc, Satco, Product, S3720",PRODUCT,Satco S3720 Product,Satco Product,,,,,,,,,,,,,,,,,,,,,,,,,,,,Product,,,,,,,,,,,,,,,,,,,,,,,,,,,,,,,,,,,,,,,,,,,,,,,,,,,,,,,,,,,,,,,,,,,,,,,,,,,,,,,,,,,,,,,,,,,,,,,,,,,,,,,,,,,,,,,,,,,,,,,,,,,,,,,,,,,,,,,,,,,,,,,,,,,,,,,,,,,,,,,,,,,,,,,,,,,,,,,,,,,,,,,,,,,,,,,,,,,,,
,,,,,,S3702,,,,,S3702,S3702 40W Incan Med 27K,,,Satco,Satco Prod Inc (5573),Satco Prod Inc,Satco,Satco,S3702,,,"Satco Prod Inc, Satco, Product, S3702",PRODUCT,Satco S3702 Product,Satco Product,,,,,,,,,,,,,,,,,,,,,,,,,,,,Product,,,,,,,,,,,,,,,,,,,,,,,,,,,,,,,,,,,,,,,,,,,,,,,,,,,,,,,,,,,,,,,,,,,,,,,,,,,,,,,,,,,,,,,,,,,,,,,,,,,,,,,,,,,,,,,,,,,,,,,,,,,,,,,,,,,,,,,,,,,,,,,,,,,,,,,,,,,,,,,,,,,,,,,,,,,,,,,,,,,,,,,,,,,,,,,,,,,,,
,,,,,,S3703,,,,,S3703,S3703 40W Incan Med 27K,,,Satco,Satco Prod Inc (5573),Satco Prod Inc,Satco,Satco,S3703,,,"Satco Prod Inc, Satco, Product, S3703",PRODUCT,Satco S3703 Product,Satco Product,,,,,,,,,,,,,,,,,,,,,,,,,,,,Product,,,,,,,,,,,,,,,,,,,,,,,,,,,,,,,,,,,,,,,,,,,,,,,,,,,,,,,,,,,,,,,,,,,,,,,,,,,,,,,,,,,,,,,,,,,,,,,,,,,,,,,,,,,,,,,,,,,,,,,,,,,,,,,,,,,,,,,,,,,,,,,,,,,,,,,,,,,,,,,,,,,,,,,,,,,,,,,,,,,,,,,,,,,,,,,,,,,,,
,,,,,,S3797,,,,,S3797,S3797 4W Incan Cand 27K 2pk,,,Satco,Satco Prod Inc (5573),Satco Prod Inc,Satco,Satco,S3797,,,"Satco Prod Inc, Satco, Product, S3797",PRODUCT,Satco S3797 Product,Satco Product,,,,,,,,,,,,,,,,,,,,,,,,,,,,Product,,,,,,,,,,,,,,,,,,,,,,,,,,,,,,,,,,,,,,,,,,,,,,,,,,,,,,,,,,,,,,,,,,,,,,,,,,,,,,,,,,,,,,,,,,,,,,,,,,,,,,,,,,,,,,,,,,,,,,,,,,,,,,,,,,,,,,,,,,,,,,,,,,,,,,,,,,,,,,,,,,,,,,,,,,,,,,,,,,,,,,,,,,,,,,,,,,,,,
,,,,,,S4724,,,,,S4724,S4724 4W Incan Cand 27K 4pk,,,Satco,Satco Prod Inc (5573),Satco Prod Inc,Satco,Satco,S4724,,,"Satco Prod Inc, Satco, Product, S4724",PRODUCT,Satco S4724 Product,Satco Product,,,,,,,,,,,,,,,,,,,,,,,,,,,,Product,,,,,,,,,,,,,,,,,,,,,,,,,,,,,,,,,,,,,,,,,,,,,,,,,,,,,,,,,,,,,,,,,,,,,,,,,,,,,,,,,,,,,,,,,,,,,,,,,,,,,,,,,,,,,,,,,,,,,,,,,,,,,,,,,,,,,,,,,,,,,,,,,,,,,,,,,,,,,,,,,,,,,,,,,,,,,,,,,,,,,,,,,,,,,,,,,,,,,
,,,,,,S4717,,,,,S4717,S4717 6W Incan Cand 27k 2pk,,,Satco,Satco Prod Inc (5573),Satco Prod Inc,Satco,Satco,S4717,,,"Satco Prod Inc, Satco, Product, S4717",PRODUCT,Satco S4717 Product,Satco Product,,,,,,,,,,,,,,,,,,,,,,,,,,,,Product,,,,,,,,,,,,,,,,,,,,,,,,,,,,,,,,,,,,,,,,,,,,,,,,,,,,,,,,,,,,,,,,,,,,,,,,,,,,,,,,,,,,,,,,,,,,,,,,,,,,,,,,,,,,,,,,,,,,,,,,,,,,,,,,,,,,,,,,,,,,,,,,,,,,,,,,,,,,,,,,,,,,,,,,,,,,,,,,,,,,,,,,,,,,,,,,,,,,,
,,,,,,S3794,,,,,S3794,S3794 7W Incan Med 27K,,,Satco,Satco Prod Inc (5573),Satco Prod Inc,Satco,Satco,S3794,,,"Satco Prod Inc, Satco, Product, S3794",PRODUCT,Satco S3794 Product,Satco Product,,,,,,,,,,,,,,,,,,,,,,,,,,,,Product,,,,,,,,,,,,,,,,,,,,,,,,,,,,,,,,,,,,,,,,,,,,,,,,,,,,,,,,,,,,,,,,,,,,,,,,,,,,,,,,,,,,,,,,,,,,,,,,,,,,,,,,,,,,,,,,,,,,,,,,,,,,,,,,,,,,,,,,,,,,,,,,,,,,,,,,,,,,,,,,,,,,,,,,,,,,,,,,,,,,,,,,,,,,,,,,,,,,,
,,,,,,S3795,,,,,S3795,S3795 7W Incan Med 27K,,,Satco,Satco Prod Inc (5573),Satco Prod Inc,Satco,Satco,S3795,,,"Satco Prod Inc, Satco, Product, S3795",PRODUCT,Satco S3795 Product,Satco Product,,,,,,,,,,,,,,,,,,,,,,,,,,,,Product,,,,,,,,,,,,,,,,,,,,,,,,,,,,,,,,,,,,,,,,,,,,,,,,,,,,,,,,,,,,,,,,,,,,,,,,,,,,,,,,,,,,,,,,,,,,,,,,,,,,,,,,,,,,,,,,,,,,,,,,,,,,,,,,,,,,,,,,,,,,,,,,,,,,,,,,,,,,,,,,,,,,,,,,,,,,,,,,,,,,,,,,,,,,,,,,,,,,,
,,,,,,S4726,,,,,S4726,S4726 7W Incan Cand 27K 4pk,,,Satco,Satco Prod Inc (5573),Satco Prod Inc,Satco,Satco,S4726,,,"Satco Prod Inc, Satco, Product, S4726",PRODUCT,Satco S4726 Product,Satco Product,,,,,,,,,,,,,,,,,,,,,,,,,,,,Product,,,,,,,,,,,,,,,,,,,,,,,,,,,,,,,,,,,,,,,,,,,,,,,,,,,,,,,,,,,,,,,,,,,,,,,,,,,,,,,,,,,,,,,,,,,,,,,,,,,,,,,,,,,,,,,,,,,,,,,,,,,,,,,,,,,,,,,,,,,,,,,,,,,,,,,,,,,,,,,,,,,,,,,,,,,,,,,,,,,,,,,,,,,,,,,,,,,,,
,,,,,,S11429,Lighting & Ceiling Fans,Light Bulbs,Light Bulbs,,S11429,S11429 60W Led Bulb 27K,,,Satco,Satco Prod Inc (5573),Satco Prod Inc,Satco,Satco,S11429,,Lighting & Ceiling Fans>Light Bulbs>Light Bulbs,"Satco Prod Inc, Satco, Light Bulbs, S11429, Lighting & Ceiling Fans>Light Bulbs>",LIGHT BULBS,Satco S11429 Light Bulbs,Satco Light Bulbs,,,,,,,,,,,,,,,,,,,,,,,,,,,,Light Bulbs,,,,,,,,,,,,,,,,,,,,,,,,,,,,,,,,,,,,,,,,,,,,,,,,,,,,,,,,,,,,,,,,,,,,,,,,,,,,,,,,,,,,,,,,,,,,,,,,,,,,,,,,,,,,,,,,,,,,,,,,,,,,,,,,,,,,,,,,,,,,,,,,,,,,,,,,,,,,,,,,,,,,,,,,,,,,,,,,,,,,,,,,,,,,,,,,,,,,,
,,,,,,S21354,,,,,S21354,S21354 8W Led T9 Med 27k,,,,Satco Prod Inc (5573),Satco Prod Inc,,,S21354,,,"Satco Prod Inc, Product, S21354",PRODUCT,S21354 Product,Product,,,,,,,,,,,,,,,,,,,,,,,,,,,,Product,,,,,,,,,,,,,,,,,,,,,,,,,,,,,,,,,,,,,,,,,,,,,,,,,,,,,,,,,,,,,,,,,,,,,,,,,,,,,,,,,,,,,,,,,,,,,,,,,,,,,,,,,,,,,,,,,,,,,,,,,,,,,,,,,,,,,,,,,,,,,,,,,,,,,,,,,,,,,,,,,,,,,,,,,,,,,,,,,,,,,,,,,,,,,,,,,,,,,
,,,,,,S21363,,,,,S21363,S21363 8W Led Edison ST19 27K,,,,Satco Prod Inc (5573),Satco Prod Inc,,,S21363,,,"Satco Prod Inc, Product, S21363",PRODUCT,S21363 Product,Product,,,,,,,,,,,,,,,,,,,,,,,,,,,,Product,,,,,,,,,,,,,,,,,,,,,,,,,,,,,,,,,,,,,,,,,,,,,,,,,,,,,,,,,,,,,,,,,,,,,,,,,,,,,,,,,,,,,,,,,,,,,,,,,,,,,,,,,,,,,,,,,,,,,,,,,,,,,,,,,,,,,,,,,,,,,,,,,,,,,,,,,,,,,,,,,,,,,,,,,,,,,,,,,,,,,,,,,,,,,,,,,,,,,
,,,,,,S11445,,,,,S11445,S11445 12W Led Med 30k Motion,,,,Satco Prod Inc (5573),Satco Prod Inc,,,S11445,,,"Satco Prod Inc, Product, S11445",PRODUCT,S11445 Product,Product,,,,,,,,,,,,,,,,,,,,,,,,,,,,Product,,,,,,,,,,,,,,,,,,,,,,,,,,,,,,,,,,,,,,,,,,,,,,,,,,,,,,,,,,,,,,,,,,,,,,,,,,,,,,,,,,,,,,,,,,,,,,,,,,,,,,,,,,,,,,,,,,,,,,,,,,,,,,,,,,,,,,,,,,,,,,,,,,,,,,,,,,,,,,,,,,,,,,,,,,,,,,,,,,,,,,,,,,,,,,,,,,,,,
,,,,,,567313,Tools & Equipment,Power Tool Accessories,Bits,,567313,567313 50W Led MR16 30K 3pk,,,Philips,Phillips Lighting (5831),Phillips Lighting,Philips,Philips,567313,,Tools & Equipment>Power Tool Accessories>Cutting Tools>Bits,"Phillips Lighting, Philips, Bits, 567313, Tools & Equipment>Power Tool Accessori",BITS,Philips 567313 Bits,Philips Bits,,,,,,,,,,,,,,,,,,,,,,,,,,,,Bits,,,,,,,,,,,,,,,,,,,,,,,,,,,,,,,,,,,,,,,,,,,,,,,,,,,,,,,,,,,,,,,,,,,,,,,,,,,,,,,,,,,,,,,,,,,,,,,,,,,,,,,,,,,,,,,,,,,,,,,,,,,,,,,,,,,,,,,,,,,,,,,,,,,,,,,,,,,,,,,,,,,,,,,,,,,,,,,,,,,,,,,,,,,,,,,,,,,,,
,,,,,,586875,Tools & Equipment,Power Tool Accessories,Bits,,586875,586875 60W Led Multi CCT 4pk,,,Philips,Phillips Lighting (5831),Phillips Lighting,Philips,Philips,586875,,Tools & Equipment>Power Tool Accessories>Cutting Tools>Bits,"Phillips Lighting, Philips, Bits, 586875, Tools & Equipment>Power Tool Accessori",BITS,Philips 586875 Bits,Philips Bits,,,,,,,,,,,,,,,,,,,,,,,,,,,,Bits,,,,,,,,,,,,,,,,,,,,,,,,,,,,,,,,,,,,,,,,,,,,,,,,,,,,,,,,,,,,,,,,,,,,,,,,,,,,,,,,,,,,,,,,,,,,,,,,,,,,,,,,,,,,,,,,,,,,,,,,,,,,,,,,,,,,,,,,,,,,,,,,,,,,,,,,,,,,,,,,,,,,,,,,,,,,,,,,,,,,,,,,,,,,,,,,,,,,,
,,,,,,576355,Tools & Equipment,Power Tool Accessories,Bits,,576355,576355 60/100/150 Led Med 50k,,,Philips,Phillips Lighting (5831),Phillips Lighting,Philips,Philips,576355,,Tools & Equipment>Power Tool Accessories>Cutting Tools>Bits,"Phillips Lighting, Philips, Bits, 576355, Tools & Equipment>Power Tool Accessori",BITS,Philips 576355 Bits,Philips Bits,,,,,,,,,,,,,,,,,,,,,,,,,,,,Bits,,,,,,,,,,,,,,,,,,,,,,,,,,,,,,,,,,,,,,,,,,,,,,,,,,,,,,,,,,,,,,,,,,,,,,,,,,,,,,,,,,,,,,,,,,,,,,,,,,,,,,,,,,,,,,,,,,,,,,,,,,,,,,,,,,,,,,,,,,,,,,,,,,,,,,,,,,,,,,,,,,,,,,,,,,,,,,,,,,,,,,,,,,,,,,,,,,,,,
,,,,,,576363,Tools & Equipment,Power Tool Accessories,Bits,,576363,576363 100/150/200 Led Med 27k,,,Philips,Phillips Lighting (5831),Phillips Lighting,Philips,Philips,576363,,Tools & Equipment>Power Tool Accessories>Cutting Tools>Bits,"Phillips Lighting, Philips, Bits, 576363, Tools & Equipment>Power Tool Accessori",BITS,Philips 576363 Bits,Philips Bits,,,,,,,,,,,,,,,,,,,,,,,,,,,,Bits,,,,,,,,,,,,,,,,,,,,,,,,,,,,,,,,,,,,,,,,,,,,,,,,,,,,,,,,,,,,,,,,,,,,,,,,,,,,,,,,,,,,,,,,,,,,,,,,,,,,,,,,,,,,,,,,,,,,,,,,,,,,,,,,,,,,,,,,,,,,,,,,,,,,,,,,,,,,,,,,,,,,,,,,,,,,,,,,,,,,,,,,,,,,,,,,,,,,,
,,,,,,565374,Tools & Equipment,Power Tool Accessories,Bits,,565374,565374 75W Led A19 Med 27k 4pk,,,Philips,Phillips Lighting (5831),Phillips Lighting,Philips,Philips,565374,,Tools & Equipment>Power Tool Accessories>Cutting Tools>Bits,"Phillips Lighting, Philips, Bits, 565374, Tools & Equipment>Power Tool Accessori",BITS,Philips 565374 Bits,Philips Bits,,,,,,,,,,,,,,,,,,,,,,,,,,,,Bits,,,,,,,,,,,,,,,,,,,,,,,,,,,,,,,,,,,,,,,,,,,,,,,,,,,,,,,,,,,,,,,,,,,,,,,,,,,,,,,,,,,,,,,,,,,,,,,,,,,,,,,,,,,,,,,,,,,,,,,,,,,,,,,,,,,,,,,,,,,,,,,,,,,,,,,,,,,,,,,,,,,,,,,,,,,,,,,,,,,,,,,,,,,,,,,,,,,,,
,,,,,,565390,Tools & Equipment,Power Tool Accessories,Bits,,565390,565390 75W Led A19 Med 50k 4pk,,,Philips,Phillips Lighting (5831),Phillips Lighting,Philips,Philips,565390,,Tools & Equipment>Power Tool Accessories>Cutting Tools>Bits,"Phillips Lighting, Philips, Bits, 565390, Tools & Equipment>Power Tool Accessori",BITS,Philips 565390 Bits,Philips Bits,,,,,,,,,,,,,,,,,,,,,,,,,,,,Bits,,,,,,,,,,,,,,,,,,,,,,,,,,,,,,,,,,,,,,,,,,,,,,,,,,,,,,,,,,,,,,,,,,,,,,,,,,,,,,,,,,,,,,,,,,,,,,,,,,,,,,,,,,,,,,,,,,,,,,,,,,,,,,,,,,,,,,,,,,,,,,,,,,,,,,,,,,,,,,,,,,,,,,,,,,,,,,,,,,,,,,,,,,,,,,,,,,,,,
,,,,,,576371,Tools & Equipment,Power Tool Accessories,Bits,,576371,576371 100/150/200 Led Med 50k,,,Philips,Phillips Lighting (5831),Phillips Lighting,Philips,Philips,576371,,Tools & Equipment>Power Tool Accessories>Cutting Tools>Bits,"Phillips Lighting, Philips, Bits, 576371, Tools & Equipment>Power Tool Accessori",BITS,Philips 576371 Bits,Philips Bits,,,,,,,,,,,,,,,,,,,,,,,,,,,,Bits,,,,,,,,,,,,,,,,,,,,,,,,,,,,,,,,,,,,,,,,,,,,,,,,,,,,,,,,,,,,,,,,,,,,,,,,,,,,,,,,,,,,,,,,,,,,,,,,,,,,,,,,,,,,,,,,,,,,,,,,,,,,,,,,,,,,,,,,,,,,,,,,,,,,,,,,,,,,,,,,,,,,,,,,,,,,,,,,,,,,,,,,,,,,,,,,,,,,,
,,,,,,576496,Tools & Equipment,Power Tool Accessories,Bits,,576496,576496 45W Led R20 Med 27k,,,Philips,Phillips Lighting (5831),Phillips Lighting,Philips,Philips,576496,,Tools & Equipment>Power Tool Accessories>Cutting Tools>Bits,"Phillips Lighting, Philips, Bits, 576496, Tools & Equipment>Power Tool Accessori",BITS,Philips 576496 Bits,Philips Bits,,,,,,,,,,,,,,,,,,,,,,,,,,,,Bits,,,,,,,,,,,,,,,,,,,,,,,,,,,,,,,,,,,,,,,,,,,,,,,,,,,,,,,,,,,,,,,,,,,,,,,,,,,,,,,,,,,,,,,,,,,,,,,,,,,,,,,,,,,,,,,,,,,,,,,,,,,,,,,,,,,,,,,,,,,,,,,,,,,,,,,,,,,,,,,,,,,,,,,,,,,,,,,,,,,,,,,,,,,,,,,,,,,,,
,,,,,,564856,Tools & Equipment,Power Tool Accessories,Bits,,564856,564856 40W Led ST19 27k 2pk,,,Philips,Phillips Lighting (5831),Phillips Lighting,Philips,Philips,564856,,Tools & Equipment>Power Tool Accessories>Cutting Tools>Bits,"Phillips Lighting, Philips, Bits, 564856, Tools & Equipment>Power Tool Accessori",BITS,Philips 564856 Bits,Philips Bits,,,,,,,,,,,,,,,,,,,,,,,,,,,,Bits,,,,,,,,,,,,,,,,,,,,,,,,,,,,,,,,,,,,,,,,,,,,,,,,,,,,,,,,,,,,,,,,,,,,,,,,,,,,,,,,,,,,,,,,,,,,,,,,,,,,,,,,,,,,,,,,,,,,,,,,,,,,,,,,,,,,,,,,,,,,,,,,,,,,,,,,,,,,,,,,,,,,,,,,,,,,,,,,,,,,,,,,,,,,,,,,,,,,,
,,,,,,565796,Tools & Equipment,Power Tool Accessories,Bits,,565796,565796 60W Led A19 Med 20k,,,Philips,Phillips Lighting (5831),Phillips Lighting,Philips,Philips,565796,,Tools & Equipment>Power Tool Accessories>Cutting Tools>Bits,"Phillips Lighting, Philips, Bits, 565796, Tools & Equipment>Power Tool Accessori",BITS,Philips 565796 Bits,Philips Bits,,,,,,,,,,,,,,,,,,,,,,,,,,,,Bits,,,,,,,,,,,,,,,,,,,,,,,,,,,,,,,,,,,,,,,,,,,,,,,,,,,,,,,,,,,,,,,,,,,,,,,,,,,,,,,,,,,,,,,,,,,,,,,,,,,,,,,,,,,,,,,,,,,,,,,,,,,,,,,,,,,,,,,,,,,,,,,,,,,,,,,,,,,,,,,,,,,,,,,,,,,,,,,,,,,,,,,,,,,,,,,,,,,,,
,,,,,,576389,Tools & Equipment,Power Tool Accessories,Bits,,576389,576389 100/200/300 Led Med 27k,,,Philips,Phillips Lighting (5831),Phillips Lighting,Philips,Philips,576389,,Tools & Equipment>Power Tool Accessories>Cutting Tools>Bits,"Phillips Lighting, Philips, Bits, 576389, Tools & Equipment>Power Tool Accessori",BITS,Philips 576389 Bits,Philips Bits,,,,,,,,,,,,,,,,,,,,,,,,,,,,Bits,,,,,,,,,,,,,,,,,,,,,,,,,,,,,,,,,,,,,,,,,,,,,,,,,,,,,,,,,,,,,,,,,,,,,,,,,,,,,,,,,,,,,,,,,,,,,,,,,,,,,,,,,,,,,,,,,,,,,,,,,,,,,,,,,,,,,,,,,,,,,,,,,,,,,,,,,,,,,,,,,,,,,,,,,,,,,,,,,,,,,,,,,,,,,,,,,,,,,
,,,,,,564492,Tools & Equipment,Power Tool Accessories,Bits,,564492,564492 75W Adj Base 27k 3pk,,,Philips,Phillips Lighting (5831),Phillips Lighting,Philips,Philips,564492,,Tools & Equipment>Power Tool Accessories>Cutting Tools>Bits,"Phillips Lighting, Philips, Bits, 564492, Tools & Equipment>Power Tool Accessori",BITS,Philips 564492 Bits,Philips Bits,,,,,,,,,,,,,,,,,,,,,,,,,,,,Bits,,,,,,,,,,,,,,,,,,,,,,,,,,,,,,,,,,,,,,,,,,,,,,,,,,,,,,,,,,,,,,,,,,,,,,,,,,,,,,,,,,,,,,,,,,,,,,,,,,,,,,,,,,,,,,,,,,,,,,,,,,,,,,,,,,,,,,,,,,,,,,,,,,,,,,,,,,,,,,,,,,,,,,,,,,,,,,,,,,,,,,,,,,,,,,,,,,,,,
,,,,,,603449,Tools & Equipment,Power Tool Accessories,Bits,,603449,603449 Wiz 60W Led Med Clr Ch,,,Wiz,Phillips Lighting (5831),Phillips Lighting,Wiz,Wiz,603449,,Tools & Equipment>Power Tool Accessories>Cutting Tools>Bits,"Phillips Lighting, Wiz, Bits, 603449, Tools & Equipment>Power Tool Accessories>C",BITS,Wiz 603449 Bits,Wiz Bits,,,,,,,,,,,,,,,,,,,,,,,,,,,,Bits,,,,,,,,,,,,,,,,,,,,,,,,,,,,,,,,,,,,,,,,,,,,,,,,,,,,,,,,,,,,,,,,,,,,,,,,,,,,,,,,,,,,,,,,,,,,,,,,,,,,,,,,,,,,,,,,,,,,,,,,,,,,,,,,,,,,,,,,,,,,,,,,,,,,,,,,,,,,,,,,,,,,,,,,,,,,,,,,,,,,,,,,,,,,,,,,,,,,,
,,,,,,586909,Tools & Equipment,Power Tool Accessories,Bits,,586909,586909 Led 60W Med A19 27K,,,Philips,Phillips Lighting (5831),Phillips Lighting,Philips,Philips,586909,,Tools & Equipment>Power Tool Accessories>Cutting Tools>Bits,"Phillips Lighting, Philips, Bits, 586909, Tools & Equipment>Power Tool Accessori",BITS,Philips 586909 Bits,Philips Bits,,,,,,,,,,,,,,,,,,,,,,,,,,,,Bits,,,,,,,,,,,,,,,,,,,,,,,,,,,,,,,,,,,,,,,,,,,,,,,,,,,,,,,,,,,,,,,,,,,,,,,,,,,,,,,,,,,,,,,,,,,,,,,,,,,,,,,,,,,,,,,,,,,,,,,,,,,,,,,,,,,,,,,,,,,,,,,,,,,,,,,,,,,,,,,,,,,,,,,,,,,,,,,,,,,,,,,,,,,,,,,,,,,,,
,,,,,,566364,Tools & Equipment,Power Tool Accessories,Bits,,566364,566364 75W Led ST19 27k 4pk,,,Philips,Phillips Lighting (5831),Phillips Lighting,Philips,Philips,566364,,Tools & Equipment>Power Tool Accessories>Cutting Tools>Bits,"Phillips Lighting, Philips, Bits, 566364, Tools & Equipment>Power Tool Accessori",BITS,Philips 566364 Bits,Philips Bits,,,,,,,,,,,,,,,,,,,,,,,,,,,,Bits,,,,,,,,,,,,,,,,,,,,,,,,,,,,,,,,,,,,,,,,,,,,,,,,,,,,,,,,,,,,,,,,,,,,,,,,,,,,,,,,,,,,,,,,,,,,,,,,,,,,,,,,,,,,,,,,,,,,,,,,,,,,,,,,,,,,,,,,,,,,,,,,,,,,,,,,,,,,,,,,,,,,,,,,,,,,,,,,,,,,,,,,,,,,,,,,,,,,,
,,,,,,576397,Tools & Equipment,Power Tool Accessories,Bits,,576397,576394 100/200/300 Led A23 50k,,,Philips,Phillips Lighting (5831),Phillips Lighting,Philips,Philips,576397,,Tools & Equipment>Power Tool Accessories>Cutting Tools>Bits,"Phillips Lighting, Philips, Bits, 576397, Tools & Equipment>Power Tool Accessori",BITS,Philips 576397 Bits,Philips Bits,,,,,,,,,,,,,,,,,,,,,,,,,,,,Bits,,,,,,,,,,,,,,,,,,,,,,,,,,,,,,,,,,,,,,,,,,,,,,,,,,,,,,,,,,,,,,,,,,,,,,,,,,,,,,,,,,,,,,,,,,,,,,,,,,,,,,,,,,,,,,,,,,,,,,,,,,,,,,,,,,,,,,,,,,,,,,,,,,,,,,,,,,,,,,,,,,,,,,,,,,,,,,,,,,,,,,,,,,,,,,,,,,,,,
,,,,,,571497,Tools & Equipment,Power Tool Accessories,Bits,,571497,571497 150W Led Med 27k,,,Philips,Phillips Lighting (5831),Phillips Lighting,Philips,Philips,571497,,Tools & Equipment>Power Tool Accessories>Cutting Tools>Bits,"Phillips Lighting, Philips, Bits, 571497, Tools & Equipment>Power Tool Accessori",BITS,Philips 571497 Bits,Philips Bits,,,,,,,,,,,,,,,,,,,,,,,,,,,,Bits,,,,,,,,,,,,,,,,,,,,,,,,,,,,,,,,,,,,,,,,,,,,,,,,,,,,,,,,,,,,,,,,,,,,,,,,,,,,,,,,,,,,,,,,,,,,,,,,,,,,,,,,,,,,,,,,,,,,,,,,,,,,,,,,,,,,,,,,,,,,,,,,,,,,,,,,,,,,,,,,,,,,,,,,,,,,,,,,,,,,,,,,,,,,,,,,,,,,,
,,,,,,576306,Tools & Equipment,Power Tool Accessories,Bits,,576306,576306 40W Led A19 5CCT 4pk,,,Philips,Phillips Lighting (5831),Phillips Lighting,Philips,Philips,576306,,Tools & Equipment>Power Tool Accessories>Cutting Tools>Bits,"Phillips Lighting, Philips, Bits, 576306, Tools & Equipment>Power Tool Accessori",BITS,Philips 576306 Bits,Philips Bits,,,,,,,,,,,,,,,,,,,,,,,,,,,,Bits,,,,,,,,,,,,,,,,,,,,,,,,,,,,,,,,,,,,,,,,,,,,,,,,,,,,,,,,,,,,,,,,,,,,,,,,,,,,,,,,,,,,,,,,,,,,,,,,,,,,,,,,,,,,,,,,,,,,,,,,,,,,,,,,,,,,,,,,,,,,,,,,,,,,,,,,,,,,,,,,,,,,,,,,,,,,,,,,,,,,,,,,,,,,,,,,,,,,,
,,,,,,588533,Tools & Equipment,Power Tool Accessories,Bits,,588533,588533 40W Led Cand 3pk,,,Philips,Phillips Lighting (5831),Phillips Lighting,Philips,Philips,588533,,Tools & Equipment>Power Tool Accessories>Cutting Tools>Bits,"Phillips Lighting, Philips, Bits, 588533, Tools & Equipment>Power Tool Accessori",BITS,Philips 588533 Bits,Philips Bits,,,,,,,,,,,,,,,,,,,,,,,,,,,,Bits,,,,,,,,,,,,,,,,,,,,,,,,,,,,,,,,,,,,,,,,,,,,,,,,,,,,,,,,,,,,,,,,,,,,,,,,,,,,,,,,,,,,,,,,,,,,,,,,,,,,,,,,,,,,,,,,,,,,,,,,,,,,,,,,,,,,,,,,,,,,,,,,,,,,,,,,,,,,,,,,,,,,,,,,,,,,,,,,,,,,,,,,,,,,,,,,,,,,,
,,,,,,576520,Tools & Equipment,Power Tool Accessories,Bits,,576520,576520 65W Led Med 27k,,,Philips,Phillips Lighting (5831),Phillips Lighting,Philips,Philips,576520,,Tools & Equipment>Power Tool Accessories>Cutting Tools>Bits,"Phillips Lighting, Philips, Bits, 576520, Tools & Equipment>Power Tool Accessori",BITS,Philips 576520 Bits,Philips Bits,,,,,,,,,,,,,,,,,,,,,,,,,,,,Bits,,,,,,,,,,,,,,,,,,,,,,,,,,,,,,,,,,,,,,,,,,,,,,,,,,,,,,,,,,,,,,,,,,,,,,,,,,,,,,,,,,,,,,,,,,,,,,,,,,,,,,,,,,,,,,,,,,,,,,,,,,,,,,,,,,,,,,,,,,,,,,,,,,,,,,,,,,,,,,,,,,,,,,,,,,,,,,,,,,,,,,,,,,,,,,,,,,,,,
,,,,,,574004,Tools & Equipment,Power Tool Accessories,Bits,,574004,574004 75W Led ST19 27k 2pk,,,Philips,Phillips Lighting (5831),Phillips Lighting,Philips,Philips,574004,,Tools & Equipment>Power Tool Accessories>Cutting Tools>Bits,"Phillips Lighting, Philips, Bits, 574004, Tools & Equipment>Power Tool Accessori",BITS,Philips 574004 Bits,Philips Bits,,,,,,,,,,,,,,,,,,,,,,,,,,,,Bits,,,,,,,,,,,,,,,,,,,,,,,,,,,,,,,,,,,,,,,,,,,,,,,,,,,,,,,,,,,,,,,,,,,,,,,,,,,,,,,,,,,,,,,,,,,,,,,,,,,,,,,,,,,,,,,,,,,,,,,,,,,,,,,,,,,,,,,,,,,,,,,,,,,,,,,,,,,,,,,,,,,,,,,,,,,,,,,,,,,,,,,,,,,,,,,,,,,,,
,,,,,,574012,Tools & Equipment,Power Tool Accessories,Bits,,574012,574012 75W Led ST19 50k 2pk,,,Philips,Phillips Lighting (5831),Phillips Lighting,Philips,Philips,574012,,Tools & Equipment>Power Tool Accessories>Cutting Tools>Bits,"Phillips Lighting, Philips, Bits, 574012, Tools & Equipment>Power Tool Accessori",BITS,Philips 574012 Bits,Philips Bits,,,,,,,,,,,,,,,,,,,,,,,,,,,,Bits,,,,,,,,,,,,,,,,,,,,,,,,,,,,,,,,,,,,,,,,,,,,,,,,,,,,,,,,,,,,,,,,,,,,,,,,,,,,,,,,,,,,,,,,,,,,,,,,,,,,,,,,,,,,,,,,,,,,,,,,,,,,,,,,,,,,,,,,,,,,,,,,,,,,,,,,,,,,,,,,,,,,,,,,,,,,,,,,,,,,,,,,,,,,,,,,,,,,,
,,,,,,573971,Tools & Equipment,Power Tool Accessories,Bits,,573971,573971 75W Led ST19 20k 4pk,,,Philips,Phillips Lighting (5831),Phillips Lighting,Philips,Philips,573971,,Tools & Equipment>Power Tool Accessories>Cutting Tools>Bits,"Phillips Lighting, Philips, Bits, 573971, Tools & Equipment>Power Tool Accessori",BITS,Philips 573971 Bits,Philips Bits,,,,,,,,,,,,,,,,,,,,,,,,,,,,Bits,,,,,,,,,,,,,,,,,,,,,,,,,,,,,,,,,,,,,,,,,,,,,,,,,,,,,,,,,,,,,,,,,,,,,,,,,,,,,,,,,,,,,,,,,,,,,,,,,,,,,,,,,,,,,,,,,,,,,,,,,,,,,,,,,,,,,,,,,,,,,,,,,,,,,,,,,,,,,,,,,,,,,,,,,,,,,,,,,,,,,,,,,,,,,,,,,,,,,
,,,,,,573989,Tools & Equipment,Power Tool Accessories,Bits,,573989,573989 40W Led Med 27K 4pk,,,Philips,Phillips Lighting (5831),Phillips Lighting,Philips,Philips,573989,,Tools & Equipment>Power Tool Accessories>Cutting Tools>Bits,"Phillips Lighting, Philips, Bits, 573989, Tools & Equipment>Power Tool Accessori",BITS,Philips 573989 Bits,Philips Bits,,,,,,,,,,,,,,,,,,,,,,,,,,,,Bits,,,,,,,,,,,,,,,,,,,,,,,,,,,,,,,,,,,,,,,,,,,,,,,,,,,,,,,,,,,,,,,,,,,,,,,,,,,,,,,,,,,,,,,,,,,,,,,,,,,,,,,,,,,,,,,,,,,,,,,,,,,,,,,,,,,,,,,,,,,,,,,,,,,,,,,,,,,,,,,,,,,,,,,,,,,,,,,,,,,,,,,,,,,,,,,,,,,,,
,,,,,,576769,Tools & Equipment,Power Tool Accessories,Bits,,576769,576769 65W Led BR30 Med 27k,,,Philips,Phillips Lighting (5831),Phillips Lighting,Philips,Philips,576769,,Tools & Equipment>Power Tool Accessories>Cutting Tools>Bits,"Phillips Lighting, Philips, Bits, 576769, Tools & Equipment>Power Tool Accessori",BITS,Philips 576769 Bits,Philips Bits,,,,,,,,,,,,,,,,,,,,,,,,,,,,Bits,,,,,,,,,,,,,,,,,,,,,,,,,,,,,,,,,,,,,,,,,,,,,,,,,,,,,,,,,,,,,,,,,,,,,,,,,,,,,,,,,,,,,,,,,,,,,,,,,,,,,,,,,,,,,,,,,,,,,,,,,,,,,,,,,,,,,,,,,,,,,,,,,,,,,,,,,,,,,,,,,,,,,,,,,,,,,,,,,,,,,,,,,,,,,,,,,,,,,
,,,,,,567446,Tools & Equipment,Power Tool Accessories,Bits,,567446,567446 60W Led Med 50K 3pk,,,Philips,Phillips Lighting (5831),Phillips Lighting,Philips,Philips,567446,,Tools & Equipment>Power Tool Accessories>Cutting Tools>Bits,"Phillips Lighting, Philips, Bits, 567446, Tools & Equipment>Power Tool Accessori",BITS,Philips 567446 Bits,Philips Bits,,,,,,,,,,,,,,,,,,,,,,,,,,,,Bits,,,,,,,,,,,,,,,,,,,,,,,,,,,,,,,,,,,,,,,,,,,,,,,,,,,,,,,,,,,,,,,,,,,,,,,,,,,,,,,,,,,,,,,,,,,,,,,,,,,,,,,,,,,,,,,,,,,,,,,,,,,,,,,,,,,,,,,,,,,,,,,,,,,,,,,,,,,,,,,,,,,,,,,,,,,,,,,,,,,,,,,,,,,,,,,,,,,,,
,,,,,,573997,Tools & Equipment,Power Tool Accessories,Bits,,573997,573997 40W Led Med 50k 4pk,,,Philips,Phillips Lighting (5831),Phillips Lighting,Philips,Philips,573997,,Tools & Equipment>Power Tool Accessories>Cutting Tools>Bits,"Phillips Lighting, Philips, Bits, 573997, Tools & Equipment>Power Tool Accessori",BITS,Philips 573997 Bits,Philips Bits,,,,,,,,,,,,,,,,,,,,,,,,,,,,Bits,,,,,,,,,,,,,,,,,,,,,,,,,,,,,,,,,,,,,,,,,,,,,,,,,,,,,,,,,,,,,,,,,,,,,,,,,,,,,,,,,,,,,,,,,,,,,,,,,,,,,,,,,,,,,,,,,,,,,,,,,,,,,,,,,,,,,,,,,,,,,,,,,,,,,,,,,,,,,,,,,,,,,,,,,,,,,,,,,,,,,,,,,,,,,,,,,,,,,
,,,,,,571463,Tools & Equipment,Power Tool Accessories,Bits,,571463,571463 100W Led BR30 Med 50k,,,Philips,Phillips Lighting (5831),Phillips Lighting,Philips,Philips,571463,,Tools & Equipment>Power Tool Accessories>Cutting Tools>Bits,"Phillips Lighting, Philips, Bits, 571463, Tools & Equipment>Power Tool Accessori",BITS,Philips 571463 Bits,Philips Bits,,,,,,,,,,,,,,,,,,,,,,,,,,,,Bits,,,,,,,,,,,,,,,,,,,,,,,,,,,,,,,,,,,,,,,,,,,,,,,,,,,,,,,,,,,,,,,,,,,,,,,,,,,,,,,,,,,,,,,,,,,,,,,,,,,,,,,,,,,,,,,,,,,,,,,,,,,,,,,,,,,,,,,,,,,,,,,,,,,,,,,,,,,,,,,,,,,,,,,,,,,,,,,,,,,,,,,,,,,,,,,,,,,,,
,,,,,,576512,Tools & Equipment,Power Tool Accessories,Bits,,576512,576512 65W Led BR40 Med 27k,,,Philips,Phillips Lighting (5831),Phillips Lighting,Philips,Philips,576512,,Tools & Equipment>Power Tool Accessories>Cutting Tools>Bits,"Phillips Lighting, Philips, Bits, 576512, Tools & Equipment>Power Tool Accessori",BITS,Philips 576512 Bits,Philips Bits,,,,,,,,,,,,,,,,,,,,,,,,,,,,Bits,,,,,,,,,,,,,,,,,,,,,,,,,,,,,,,,,,,,,,,,,,,,,,,,,,,,,,,,,,,,,,,,,,,,,,,,,,,,,,,,,,,,,,,,,,,,,,,,,,,,,,,,,,,,,,,,,,,,,,,,,,,,,,,,,,,,,,,,,,,,,,,,,,,,,,,,,,,,,,,,,,,,,,,,,,,,,,,,,,,,,,,,,,,,,,,,,,,,,
,,,,,,581181,Tools & Equipment,Power Tool Accessories,Bits,,581181,581181 40W Led Med 2pk,,,Philips,Phillips Lighting (5831),Phillips Lighting,Philips,Philips,581181,,Tools & Equipment>Power Tool Accessories>Cutting Tools>Bits,"Phillips Lighting, Philips, Bits, 581181, Tools & Equipment>Power Tool Accessori",BITS,Philips 581181 Bits,Philips Bits,,,,,,,,,,,,,,,,,,,,,,,,,,,,Bits,,,,,,,,,,,,,,,,,,,,,,,,,,,,,,,,,,,,,,,,,,,,,,,,,,,,,,,,,,,,,,,,,,,,,,,,,,,,,,,,,,,,,,,,,,,,,,,,,,,,,,,,,,,,,,,,,,,,,,,,,,,,,,,,,,,,,,,,,,,,,,,,,,,,,,,,,,,,,,,,,,,,,,,,,,,,,,,,,,,,,,,,,,,,,,,,,,,,,
,,,,,,GT-CB-100C,Lighting & Ceiling Fans,Light Bulbs,Light Bulbs,,GT-CB-100C,GTCB100C Led 100W Cob Bulb,,,GT-Lite,Keystone (5702),Keystone,GT-Lite,GT-Lite,GT-CB-100C,,Lighting & Ceiling Fans>Light Bulbs>Light Bulbs,"Keystone, GT-Lite, Light Bulbs, GT-CB-100C, Lighting & Ceiling Fans>Light Bulbs>",LIGHT BULBS,GT-Lite GT-CB-100C Light Bulbs,GT-Lite Light Bulbs,,,,,,,,,,,,,,,,,,,,,,,,,,,,Light Bulbs,,,,,,,,,,,,,,,,,,,,,,,,,,,,,,,,,,,,,,,,,,,,,,,,,,,,,,,,,,,,,,,,,,,,,,,,,,,,,,,,,,,,,,,,,,,,,,,,,,,,,,,,,,,,,,,,,,,,,,,,,,,,,,,,,,,,,,,,,,,,,,,,,,,,,,,,,,,,,,,,,,,,,,,,,,,,,,,,,,,,,,,,,,,,,,,,,,,,,
,,,,,,566430,Tools & Equipment,Power Tool Accessories,Bits,,566430,566430 75W Led Med 50k 4pk,,,Philips,Phillips Lighting (5831),Phillips Lighting,Philips,Philips,566430,,Tools & Equipment>Power Tool Accessories>Cutting Tools>Bits,"Phillips Lighting, Philips, Bits, 566430, Tools & Equipment>Power Tool Accessori",BITS,Philips 566430 Bits,Philips Bits,,,,,,,,,,,,,,,,,,,,,,,,,,,,Bits,,,,,,,,,,,,,,,,,,,,,,,,,,,,,,,,,,,,,,,,,,,,,,,,,,,,,,,,,,,,,,,,,,,,,,,,,,,,,,,,,,,,,,,,,,,,,,,,,,,,,,,,,,,,,,,,,,,,,,,,,,,,,,,,,,,,,,,,,,,,,,,,,,,,,,,,,,,,,,,,,,,,,,,,,,,,,,,,,,,,,,,,,,,,,,,,,,,,,
,,,,,,568337,Tools & Equipment,Power Tool Accessories,Bits,,568337,568337 120W Led Par38 Med 50k,,,Philips,Phillips Lighting (5831),Phillips Lighting,Philips,Philips,568337,,Tools & Equipment>Power Tool Accessories>Cutting Tools>Bits,"Phillips Lighting, Philips, Bits, 568337, Tools & Equipment>Power Tool Accessori",BITS,Philips 568337 Bits,Philips Bits,,,,,,,,,,,,,,,,,,,,,,,,,,,,Bits,,,,,,,,,,,,,,,,,,,,,,,,,,,,,,,,,,,,,,,,,,,,,,,,,,,,,,,,,,,,,,,,,,,,,,,,,,,,,,,,,,,,,,,,,,,,,,,,,,,,,,,,,,,,,,,,,,,,,,,,,,,,,,,,,,,,,,,,,,,,,,,,,,,,,,,,,,,,,,,,,,,,,,,,,,,,,,,,,,,,,,,,,,,,,,,,,,,,,
,,,,,,565788,Tools & Equipment,Power Tool Accessories,Bits,,565788,565788 40W Led A19 Med 27k,,,Philips,Phillips Lighting (5831),Phillips Lighting,Philips,Philips,565788,,Tools & Equipment>Power Tool Accessories>Cutting Tools>Bits,"Phillips Lighting, Philips, Bits, 565788, Tools & Equipment>Power Tool Accessori",BITS,Philips 565788 Bits,Philips Bits,,,,,,,,,,,,,,,,,,,,,,,,,,,,Bits,,,,,,,,,,,,,,,,,,,,,,,,,,,,,,,,,,,,,,,,,,,,,,,,,,,,,,,,,,,,,,,,,,,,,,,,,,,,,,,,,,,,,,,,,,,,,,,,,,,,,,,,,,,,,,,,,,,,,,,,,,,,,,,,,,,,,,,,,,,,,,,,,,,,,,,,,,,,,,,,,,,,,,,,,,,,,,,,,,,,,,,,,,,,,,,,,,,,,
,,,,,,565770,Tools & Equipment,Power Tool Accessories,Bits,,565770,565770 40W Led A19 Med 50k,,,Philips,Phillips Lighting (5831),Phillips Lighting,Philips,Philips,565770,,Tools & Equipment>Power Tool Accessories>Cutting Tools>Bits,"Phillips Lighting, Philips, Bits, 565770, Tools & Equipment>Power Tool Accessori",BITS,Philips 565770 Bits,Philips Bits,,,,,,,,,,,,,,,,,,,,,,,,,,,,Bits,,,,,,,,,,,,,,,,,,,,,,,,,,,,,,,,,,,,,,,,,,,,,,,,,,,,,,,,,,,,,,,,,,,,,,,,,,,,,,,,,,,,,,,,,,,,,,,,,,,,,,,,,,,,,,,,,,,,,,,,,,,,,,,,,,,,,,,,,,,,,,,,,,,,,,,,,,,,,,,,,,,,,,,,,,,,,,,,,,,,,,,,,,,,,,,,,,,,,
,,,,,,573436,Tools & Equipment,Power Tool Accessories,Bits,,573436,573436 60W Led A19 Med 27k 2pk,,,Philips,Phillips Lighting (5831),Phillips Lighting,Philips,Philips,573436,,Tools & Equipment>Power Tool Accessories>Cutting Tools>Bits,"Phillips Lighting, Philips, Bits, 573436, Tools & Equipment>Power Tool Accessori",BITS,Philips 573436 Bits,Philips Bits,,,,,,,,,,,,,,,,,,,,,,,,,,,,Bits,,,,,,,,,,,,,,,,,,,,,,,,,,,,,,,,,,,,,,,,,,,,,,,,,,,,,,,,,,,,,,,,,,,,,,,,,,,,,,,,,,,,,,,,,,,,,,,,,,,,,,,,,,,,,,,,,,,,,,,,,,,,,,,,,,,,,,,,,,,,,,,,,,,,,,,,,,,,,,,,,,,,,,,,,,,,,,,,,,,,,,,,,,,,,,,,,,,,,
,,,,,,576538,Tools & Equipment,Power Tool Accessories,Bits,,576538,576538 65W Led BR30 Med 50k,,,Philips,Phillips Lighting (5831),Phillips Lighting,Philips,Philips,576538,,Tools & Equipment>Power Tool Accessories>Cutting Tools>Bits,"Phillips Lighting, Philips, Bits, 576538, Tools & Equipment>Power Tool Accessori",BITS,Philips 576538 Bits,Philips Bits,,,,,,,,,,,,,,,,,,,,,,,,,,,,Bits,,,,,,,,,,,,,,,,,,,,,,,,,,,,,,,,,,,,,,,,,,,,,,,,,,,,,,,,,,,,,,,,,,,,,,,,,,,,,,,,,,,,,,,,,,,,,,,,,,,,,,,,,,,,,,,,,,,,,,,,,,,,,,,,,,,,,,,,,,,,,,,,,,,,,,,,,,,,,,,,,,,,,,,,,,,,,,,,,,,,,,,,,,,,,,,,,,,,,
,,,,,,573451,Tools & Equipment,Power Tool Accessories,Bits,,573451,573451 40W Led Med 27k 2pk,,,Philips,Phillips Lighting (5831),Phillips Lighting,Philips,Philips,573451,,Tools & Equipment>Power Tool Accessories>Cutting Tools>Bits,"Phillips Lighting, Philips, Bits, 573451, Tools & Equipment>Power Tool Accessori",BITS,Philips 573451 Bits,Philips Bits,,,,,,,,,,,,,,,,,,,,,,,,,,,,Bits,,,,,,,,,,,,,,,,,,,,,,,,,,,,,,,,,,,,,,,,,,,,,,,,,,,,,,,,,,,,,,,,,,,,,,,,,,,,,,,,,,,,,,,,,,,,,,,,,,,,,,,,,,,,,,,,,,,,,,,,,,,,,,,,,,,,,,,,,,,,,,,,,,,,,,,,,,,,,,,,,,,,,,,,,,,,,,,,,,,,,,,,,,,,,,,,,,,,,
,,,,,,586883,Tools & Equipment,Power Tool Accessories,Bits,,586883,586883 100W Led Multi CCT 2pk,,,Philips,Phillips Lighting (5831),Phillips Lighting,Philips,Philips,586883,,Tools & Equipment>Power Tool Accessories>Cutting Tools>Bits,"Phillips Lighting, Philips, Bits, 586883, Tools & Equipment>Power Tool Accessori",BITS,Philips 586883 Bits,Philips Bits,,,,,,,,,,,,,,,,,,,,,,,,,,,,Bits,,,,,,,,,,,,,,,,,,,,,,,,,,,,,,,,,,,,,,,,,,,,,,,,,,,,,,,,,,,,,,,,,,,,,,,,,,,,,,,,,,,,,,,,,,,,,,,,,,,,,,,,,,,,,,,,,,,,,,,,,,,,,,,,,,,,,,,,,,,,,,,,,,,,,,,,,,,,,,,,,,,,,,,,,,,,,,,,,,,,,,,,,,,,,,,,,,,,,
,,,,,,586859,Tools & Equipment,Power Tool Accessories,Bits,,586859,586859 40W Led Med 27K Back Up,,,Philips,Phillips Lighting (5831),Phillips Lighting,Philips,Philips,586859,,Tools & Equipment>Power Tool Accessories>Cutting Tools>Bits,"Phillips Lighting, Philips, Bits, 586859, Tools & Equipment>Power Tool Accessori",BITS,Philips 586859 Bits,Philips Bits,,,,,,,,,,,,,,,,,,,,,,,,,,,,Bits,,,,,,,,,,,,,,,,,,,,,,,,,,,,,,,,,,,,,,,,,,,,,,,,,,,,,,,,,,,,,,,,,,,,,,,,,,,,,,,,,,,,,,,,,,,,,,,,,,,,,,,,,,,,,,,,,,,,,,,,,,,,,,,,,,,,,,,,,,,,,,,,,,,,,,,,,,,,,,,,,,,,,,,,,,,,,,,,,,,,,,,,,,,,,,,,,,,,,
,,,,,,576488,Tools & Equipment,Power Tool Accessories,Bits,,576488,576488 45W Led R20 Med 50k,,,Philips,Phillips Lighting (5831),Phillips Lighting,Philips,Philips,576488,,Tools & Equipment>Power Tool Accessories>Cutting Tools>Bits,"Phillips Lighting, Philips, Bits, 576488, Tools & Equipment>Power Tool Accessori",BITS,Philips 576488 Bits,Philips Bits,,,,,,,,,,,,,,,,,,,,,,,,,,,,Bits,,,,,,,,,,,,,,,,,,,,,,,,,,,,,,,,,,,,,,,,,,,,,,,,,,,,,,,,,,,,,,,,,,,,,,,,,,,,,,,,,,,,,,,,,,,,,,,,,,,,,,,,,,,,,,,,,,,,,,,,,,,,,,,,,,,,,,,,,,,,,,,,,,,,,,,,,,,,,,,,,,,,,,,,,,,,,,,,,,,,,,,,,,,,,,,,,,,,,
,,,,,,575217,Tools & Equipment,Power Tool Accessories,Bits,,575217,575217 60W Led Med 50k 2pk,,,Philips,Phillips Lighting (5831),Phillips Lighting,Philips,Philips,575217,,Tools & Equipment>Power Tool Accessories>Cutting Tools>Bits,"Phillips Lighting, Philips, Bits, 575217, Tools & Equipment>Power Tool Accessori",BITS,Philips 575217 Bits,Philips Bits,,,,,,,,,,,,,,,,,,,,,,,,,,,,Bits,,,,,,,,,,,,,,,,,,,,,,,,,,,,,,,,,,,,,,,,,,,,,,,,,,,,,,,,,,,,,,,,,,,,,,,,,,,,,,,,,,,,,,,,,,,,,,,,,,,,,,,,,,,,,,,,,,,,,,,,,,,,,,,,,,,,,,,,,,,,,,,,,,,,,,,,,,,,,,,,,,,,,,,,,,,,,,,,,,,,,,,,,,,,,,,,,,,,,
,,,,,,586479,Tools & Equipment,Power Tool Accessories,Bits,,586479,586479 90W Led Med Multi CCT,,,Philips,Phillips Lighting (5831),Phillips Lighting,Philips,Philips,586479,,Tools & Equipment>Power Tool Accessories>Cutting Tools>Bits,"Phillips Lighting, Philips, Bits, 586479, Tools & Equipment>Power Tool Accessori",BITS,Philips 586479 Bits,Philips Bits,,,,,,,,,,,,,,,,,,,,,,,,,,,,Bits,,,,,,,,,,,,,,,,,,,,,,,,,,,,,,,,,,,,,,,,,,,,,,,,,,,,,,,,,,,,,,,,,,,,,,,,,,,,,,,,,,,,,,,,,,,,,,,,,,,,,,,,,,,,,,,,,,,,,,,,,,,,,,,,,,,,,,,,,,,,,,,,,,,,,,,,,,,,,,,,,,,,,,,,,,,,,,,,,,,,,,,,,,,,,,,,,,,,,
,,,,,,571471,Tools & Equipment,Power Tool Accessories,Bits,,571471,571471 100W Led BR30 Med 27k,,,Philips,Phillips Lighting (5831),Phillips Lighting,Philips,Philips,571471,,Tools & Equipment>Power Tool Accessories>Cutting Tools>Bits,"Phillips Lighting, Philips, Bits, 571471, Tools & Equipment>Power Tool Accessori",BITS,Philips 571471 Bits,Philips Bits,,,,,,,,,,,,,,,,,,,,,,,,,,,,Bits,,,,,,,,,,,,,,,,,,,,,,,,,,,,,,,,,,,,,,,,,,,,,,,,,,,,,,,,,,,,,,,,,,,,,,,,,,,,,,,,,,,,,,,,,,,,,,,,,,,,,,,,,,,,,,,,,,,,,,,,,,,,,,,,,,,,,,,,,,,,,,,,,,,,,,,,,,,,,,,,,,,,,,,,,,,,,,,,,,,,,,,,,,,,,,,,,,,,,
,,,,,,570762,Tools & Equipment,Power Tool Accessories,Bits,,570762,570762 50W Led Par16 30k 3pk,,,Philips,Phillips Lighting (5831),Phillips Lighting,Philips,Philips,570762,,Tools & Equipment>Power Tool Accessories>Cutting Tools>Bits,"Phillips Lighting, Philips, Bits, 570762, Tools & Equipment>Power Tool Accessori",BITS,Philips 570762 Bits,Philips Bits,,,,,,,,,,,,,,,,,,,,,,,,,,,,Bits,,,,,,,,,,,,,,,,,,,,,,,,,,,,,,,,,,,,,,,,,,,,,,,,,,,,,,,,,,,,,,,,,,,,,,,,,,,,,,,,,,,,,,,,,,,,,,,,,,,,,,,,,,,,,,,,,,,,,,,,,,,,,,,,,,,,,,,,,,,,,,,,,,,,,,,,,,,,,,,,,,,,,,,,,,,,,,,,,,,,,,,,,,,,,,,,,,,,,
,,,,,,533352,Tools & Equipment,Power Tool Accessories,Bits,,533352,571505 150W Led Med 50k,,,Philips,Phillips Lighting (5831),Phillips Lighting,Philips,Philips,533352,,Tools & Equipment>Power Tool Accessories>Cutting Tools>Bits,"Phillips Lighting, Philips, Bits, 533352, Tools & Equipment>Power Tool Accessori",BITS,Philips 533352 Bits,Philips Bits,,,,,,,,,,,,,,,,,,,,,,,,,,,,Bits,,,,,,,,,,,,,,,,,,,,,,,,,,,,,,,,,,,,,,,,,,,,,,,,,,,,,,,,,,,,,,,,,,,,,,,,,,,,,,,,,,,,,,,,,,,,,,,,,,,,,,,,,,,,,,,,,,,,,,,,,,,,,,,,,,,,,,,,,,,,,,,,,,,,,,,,,,,,,,,,,,,,,,,,,,,,,,,,,,,,,,,,,,,,,,,,,,,,,
,,,,,,573519,Tools & Equipment,Power Tool Accessories,Bits,,573519,573519 100W Led A21 27k 2pk,,,Philips,Phillips Lighting (5831),Phillips Lighting,Philips,Philips,573519,,Tools & Equipment>Power Tool Accessories>Cutting Tools>Bits,"Phillips Lighting, Philips, Bits, 573519, Tools & Equipment>Power Tool Accessori",BITS,Philips 573519 Bits,Philips Bits,,,,,,,,,,,,,,,,,,,,,,,,,,,,Bits,,,,,,,,,,,,,,,,,,,,,,,,,,,,,,,,,,,,,,,,,,,,,,,,,,,,,,,,,,,,,,,,,,,,,,,,,,,,,,,,,,,,,,,,,,,,,,,,,,,,,,,,,,,,,,,,,,,,,,,,,,,,,,,,,,,,,,,,,,,,,,,,,,,,,,,,,,,,,,,,,,,,,,,,,,,,,,,,,,,,,,,,,,,,,,,,,,,,,
,,,,,,573378,Tools & Equipment,Power Tool Accessories,Bits,,573378,573378 60W Led Med 27k 3pk,,,Philips,Phillips Lighting (5831),Phillips Lighting,Philips,Philips,573378,,Tools & Equipment>Power Tool Accessories>Cutting Tools>Bits,"Phillips Lighting, Philips, Bits, 573378, Tools & Equipment>Power Tool Accessori",BITS,Philips 573378 Bits,Philips Bits,,,,,,,,,,,,,,,,,,,,,,,,,,,,Bits,,,,,,,,,,,,,,,,,,,,,,,,,,,,,,,,,,,,,,,,,,,,,,,,,,,,,,,,,,,,,,,,,,,,,,,,,,,,,,,,,,,,,,,,,,,,,,,,,,,,,,,,,,,,,,,,,,,,,,,,,,,,,,,,,,,,,,,,,,,,,,,,,,,,,,,,,,,,,,,,,,,,,,,,,,,,,,,,,,,,,,,,,,,,,,,,,,,,,
,,,,,,565622,Tools & Equipment,Power Tool Accessories,Bits,,565622,565622 60W Led Med 20k,,,Philips,Phillips Lighting (5831),Phillips Lighting,Philips,Philips,565622,,Tools & Equipment>Power Tool Accessories>Cutting Tools>Bits,"Phillips Lighting, Philips, Bits, 565622, Tools & Equipment>Power Tool Accessori",BITS,Philips 565622 Bits,Philips Bits,,,,,,,,,,,,,,,,,,,,,,,,,,,,Bits,,,,,,,,,,,,,,,,,,,,,,,,,,,,,,,,,,,,,,,,,,,,,,,,,,,,,,,,,,,,,,,,,,,,,,,,,,,,,,,,,,,,,,,,,,,,,,,,,,,,,,,,,,,,,,,,,,,,,,,,,,,,,,,,,,,,,,,,,,,,,,,,,,,,,,,,,,,,,,,,,,,,,,,,,,,,,,,,,,,,,,,,,,,,,,,,,,,,,
,,,,,,586891,Tools & Equipment,Power Tool Accessories,Bits,,586891,586891 Led 60W Med A19 27k,,,Philips,Phillips Lighting (5831),Phillips Lighting,Philips,Philips,586891,,Tools & Equipment>Power Tool Accessories>Cutting Tools>Bits,"Phillips Lighting, Philips, Bits, 586891, Tools & Equipment>Power Tool Accessori",BITS,Philips 586891 Bits,Philips Bits,,,,,,,,,,,,,,,,,,,,,,,,,,,,Bits,,,,,,,,,,,,,,,,,,,,,,,,,,,,,,,,,,,,,,,,,,,,,,,,,,,,,,,,,,,,,,,,,,,,,,,,,,,,,,,,,,,,,,,,,,,,,,,,,,,,,,,,,,,,,,,,,,,,,,,,,,,,,,,,,,,,,,,,,,,,,,,,,,,,,,,,,,,,,,,,,,,,,,,,,,,,,,,,,,,,,,,,,,,,,,,,,,,,,
,,,,,,585448,Tools & Equipment,Power Tool Accessories,Bits,,585448,585448 120W Led Motion Bulb,,,Philips,Phillips Lighting (5831),Phillips Lighting,Philips,Philips,585448,,Tools & Equipment>Power Tool Accessories>Cutting Tools>Bits,"Phillips Lighting, Philips, Bits, 585448, Tools & Equipment>Power Tool Accessori",BITS,Philips 585448 Bits,Philips Bits,,,,,,,,,,,,,,,,,,,,,,,,,,,,Bits,,,,,,,,,,,,,,,,,,,,,,,,,,,,,,,,,,,,,,,,,,,,,,,,,,,,,,,,,,,,,,,,,,,,,,,,,,,,,,,,,,,,,,,,,,,,,,,,,,,,,,,,,,,,,,,,,,,,,,,,,,,,,,,,,,,,,,,,,,,,,,,,,,,,,,,,,,,,,,,,,,,,,,,,,,,,,,,,,,,,,,,,,,,,,,,,,,,,,
,,,,,,573444,Tools & Equipment,Power Tool Accessories,Bits,,573444,573444 60W Led A19 Med 50k 2pk,,,Philips,Phillips Lighting (5831),Phillips Lighting,Philips,Philips,573444,,Tools & Equipment>Power Tool Accessories>Cutting Tools>Bits,"Phillips Lighting, Philips, Bits, 573444, Tools & Equipment>Power Tool Accessori",BITS,Philips 573444 Bits,Philips Bits,,,,,,,,,,,,,,,,,,,,,,,,,,,,Bits,,,,,,,,,,,,,,,,,,,,,,,,,,,,,,,,,,,,,,,,,,,,,,,,,,,,,,,,,,,,,,,,,,,,,,,,,,,,,,,,,,,,,,,,,,,,,,,,,,,,,,,,,,,,,,,,,,,,,,,,,,,,,,,,,,,,,,,,,,,,,,,,,,,,,,,,,,,,,,,,,,,,,,,,,,,,,,,,,,,,,,,,,,,,,,,,,,,,,
,,,,,,566687,Tools & Equipment,Power Tool Accessories,Bits,,566687,566687 60W Cand Led 27k 3pk,,,Philips,Phillips Lighting (5831),Phillips Lighting,Philips,Philips,566687,,Tools & Equipment>Power Tool Accessories>Cutting Tools>Bits,"Phillips Lighting, Philips, Bits, 566687, Tools & Equipment>Power Tool Accessori",BITS,Philips 566687 Bits,Philips Bits,,,,,,,,,,,,,,,,,,,,,,,,,,,,Bits,,,,,,,,,,,,,,,,,,,,,,,,,,,,,,,,,,,,,,,,,,,,,,,,,,,,,,,,,,,,,,,,,,,,,,,,,,,,,,,,,,,,,,,,,,,,,,,,,,,,,,,,,,,,,,,,,,,,,,,,,,,,,,,,,,,,,,,,,,,,,,,,,,,,,,,,,,,,,,,,,,,,,,,,,,,,,,,,,,,,,,,,,,,,,,,,,,,,,
,,,,,,564385,Tools & Equipment,Power Tool Accessories,Bits,,564385,564385 40w Led Med 27k 2pk,,,Philips,Phillips Lighting (5831),Phillips Lighting,Philips,Philips,564385,,Tools & Equipment>Power Tool Accessories>Cutting Tools>Bits,"Phillips Lighting, Philips, Bits, 564385, Tools & Equipment>Power Tool Accessori",BITS,Philips 564385 Bits,Philips Bits,,,,,,,,,,,,,,,,,,,,,,,,,,,,Bits,,,,,,,,,,,,,,,,,,,,,,,,,,,,,,,,,,,,,,,,,,,,,,,,,,,,,,,,,,,,,,,,,,,,,,,,,,,,,,,,,,,,,,,,,,,,,,,,,,,,,,,,,,,,,,,,,,,,,,,,,,,,,,,,,,,,,,,,,,,,,,,,,,,,,,,,,,,,,,,,,,,,,,,,,,,,,,,,,,,,,,,,,,,,,,,,,,,,,
,,,,,,566661,Tools & Equipment,Power Tool Accessories,Bits,,566661,566661 40W LED Cand 27k 3pk,,,Philips,Phillips Lighting (5831),Phillips Lighting,Philips,Philips,566661,,Tools & Equipment>Power Tool Accessories>Cutting Tools>Bits,"Phillips Lighting, Philips, Bits, 566661, Tools & Equipment>Power Tool Accessori",BITS,Philips 566661 Bits,Philips Bits,,,,,,,,,,,,,,,,,,,,,,,,,,,,Bits,,,,,,,,,,,,,,,,,,,,,,,,,,,,,,,,,,,,,,,,,,,,,,,,,,,,,,,,,,,,,,,,,,,,,,,,,,,,,,,,,,,,,,,,,,,,,,,,,,,,,,,,,,,,,,,,,,,,,,,,,,,,,,,,,,,,,,,,,,,,,,,,,,,,,,,,,,,,,,,,,,,,,,,,,,,,,,,,,,,,,,,,,,,,,,,,,,,,,
,,,,,,564898,Tools & Equipment,Power Tool Accessories,Bits,,564898,564898 60W Cand Led 50k 3pk,,,Philips,Phillips Lighting (5831),Phillips Lighting,Philips,Philips,564898,,Tools & Equipment>Power Tool Accessories>Cutting Tools>Bits,"Phillips Lighting, Philips, Bits, 564898, Tools & Equipment>Power Tool Accessori",BITS,Philips 564898 Bits,Philips Bits,,,,,,,,,,,,,,,,,,,,,,,,,,,,Bits,,,,,,,,,,,,,,,,,,,,,,,,,,,,,,,,,,,,,,,,,,,,,,,,,,,,,,,,,,,,,,,,,,,,,,,,,,,,,,,,,,,,,,,,,,,,,,,,,,,,,,,,,,,,,,,,,,,,,,,,,,,,,,,,,,,,,,,,,,,,,,,,,,,,,,,,,,,,,,,,,,,,,,,,,,,,,,,,,,,,,,,,,,,,,,,,,,,,,
,,,,,,538319,Tools & Equipment,Power Tool Accessories,Bits,,538319,588525 40W Led Cand 3pk,,,Philips,Phillips Lighting (5831),Phillips Lighting,Philips,Philips,538319,,Tools & Equipment>Power Tool Accessories>Cutting Tools>Bits,"Phillips Lighting, Philips, Bits, 538319, Tools & Equipment>Power Tool Accessori",BITS,Philips 538319 Bits,Philips Bits,,,,,,,,,,,,,,,,,,,,,,,,,,,,Bits,,,,,,,,,,,,,,,,,,,,,,,,,,,,,,,,,,,,,,,,,,,,,,,,,,,,,,,,,,,,,,,,,,,,,,,,,,,,,,,,,,,,,,,,,,,,,,,,,,,,,,,,,,,,,,,,,,,,,,,,,,,,,,,,,,,,,,,,,,,,,,,,,,,,,,,,,,,,,,,,,,,,,,,,,,,,,,,,,,,,,,,,,,,,,,,,,,,,,
,,,,,,576009,Tools & Equipment,Power Tool Accessories,Bits,,576009,576009 100W Led Par30L Med 50k,,,Philips,Phillips Lighting (5831),Phillips Lighting,Philips,Philips,576009,,Tools & Equipment>Power Tool Accessories>Cutting Tools>Bits,"Phillips Lighting, Philips, Bits, 576009, Tools & Equipment>Power Tool Accessori",BITS,Philips 576009 Bits,Philips Bits,,,,,,,,,,,,,,,,,,,,,,,,,,,,Bits,,,,,,,,,,,,,,,,,,,,,,,,,,,,,,,,,,,,,,,,,,,,,,,,,,,,,,,,,,,,,,,,,,,,,,,,,,,,,,,,,,,,,,,,,,,,,,,,,,,,,,,,,,,,,,,,,,,,,,,,,,,,,,,,,,,,,,,,,,,,,,,,,,,,,,,,,,,,,,,,,,,,,,,,,,,,,,,,,,,,,,,,,,,,,,,,,,,,,
,,,,,,564450,Tools & Equipment,Power Tool Accessories,Bits,,564450,564450 40W Led Cand 27k 2pk,,,Philips,Phillips Lighting (5831),Phillips Lighting,Philips,Philips,564450,,Tools & Equipment>Power Tool Accessories>Cutting Tools>Bits,"Phillips Lighting, Philips, Bits, 564450, Tools & Equipment>Power Tool Accessori",BITS,Philips 564450 Bits,Philips Bits,,,,,,,,,,,,,,,,,,,,,,,,,,,,Bits,,,,,,,,,,,,,,,,,,,,,,,,,,,,,,,,,,,,,,,,,,,,,,,,,,,,,,,,,,,,,,,,,,,,,,,,,,,,,,,,,,,,,,,,,,,,,,,,,,,,,,,,,,,,,,,,,,,,,,,,,,,,,,,,,,,,,,,,,,,,,,,,,,,,,,,,,,,,,,,,,,,,,,,,,,,,,,,,,,,,,,,,,,,,,,,,,,,,,
,,,,,,572669,Tools & Equipment,Power Tool Accessories,Bits,,572669,572669 60W Led F15 Med 27k,,,Philips,Phillips Lighting (5831),Phillips Lighting,Philips,Philips,572669,,Tools & Equipment>Power Tool Accessories>Cutting Tools>Bits,"Phillips Lighting, Philips, Bits, 572669, Tools & Equipment>Power Tool Accessori",BITS,Philips 572669 Bits,Philips Bits,,,,,,,,,,,,,,,,,,,,,,,,,,,,Bits,,,,,,,,,,,,,,,,,,,,,,,,,,,,,,,,,,,,,,,,,,,,,,,,,,,,,,,,,,,,,,,,,,,,,,,,,,,,,,,,,,,,,,,,,,,,,,,,,,,,,,,,,,,,,,,,,,,,,,,,,,,,,,,,,,,,,,,,,,,,,,,,,,,,,,,,,,,,,,,,,,,,,,,,,,,,,,,,,,,,,,,,,,,,,,,,,,,,,
,,,,,,564906,Tools & Equipment,Power Tool Accessories,Bits,,564906,564906 60W Led Med 27k 2pk,,,Philips,Phillips Lighting (5831),Phillips Lighting,Philips,Philips,564906,,Tools & Equipment>Power Tool Accessories>Cutting Tools>Bits,"Phillips Lighting, Philips, Bits, 564906, Tools & Equipment>Power Tool Accessori",BITS,Philips 564906 Bits,Philips Bits,,,,,,,,,,,,,,,,,,,,,,,,,,,,Bits,,,,,,,,,,,,,,,,,,,,,,,,,,,,,,,,,,,,,,,,,,,,,,,,,,,,,,,,,,,,,,,,,,,,,,,,,,,,,,,,,,,,,,,,,,,,,,,,,,,,,,,,,,,,,,,,,,,,,,,,,,,,,,,,,,,,,,,,,,,,,,,,,,,,,,,,,,,,,,,,,,,,,,,,,,,,,,,,,,,,,,,,,,,,,,,,,,,,,
,,,,,,573410,Tools & Equipment,Power Tool Accessories,Bits,,573410,573410 40W Led A19 Med 27k 2pk,,,Philips,Phillips Lighting (5831),Phillips Lighting,Philips,Philips,573410,,Tools & Equipment>Power Tool Accessories>Cutting Tools>Bits,"Phillips Lighting, Philips, Bits, 573410, Tools & Equipment>Power Tool Accessori",BITS,Philips 573410 Bits,Philips Bits,,,,,,,,,,,,,,,,,,,,,,,,,,,,Bits,,,,,,,,,,,,,,,,,,,,,,,,,,,,,,,,,,,,,,,,,,,,,,,,,,,,,,,,,,,,,,,,,,,,,,,,,,,,,,,,,,,,,,,,,,,,,,,,,,,,,,,,,,,,,,,,,,,,,,,,,,,,,,,,,,,,,,,,,,,,,,,,,,,,,,,,,,,,,,,,,,,,,,,,,,,,,,,,,,,,,,,,,,,,,,,,,,,,,
,,,,,,576504,Tools & Equipment,Power Tool Accessories,Bits,,576504,576504 65W Led BR40 Med 50k,,,Philips,Phillips Lighting (5831),Phillips Lighting,Philips,Philips,576504,,Tools & Equipment>Power Tool Accessories>Cutting Tools>Bits,"Phillips Lighting, Philips, Bits, 576504, Tools & Equipment>Power Tool Accessori",BITS,Philips 576504 Bits,Philips Bits,,,,,,,,,,,,,,,,,,,,,,,,,,,,Bits,,,,,,,,,,,,,,,,,,,,,,,,,,,,,,,,,,,,,,,,,,,,,,,,,,,,,,,,,,,,,,,,,,,,,,,,,,,,,,,,,,,,,,,,,,,,,,,,,,,,,,,,,,,,,,,,,,,,,,,,,,,,,,,,,,,,,,,,,,,,,,,,,,,,,,,,,,,,,,,,,,,,,,,,,,,,,,,,,,,,,,,,,,,,,,,,,,,,,
,,,,,,576017,Tools & Equipment,Power Tool Accessories,Bits,,576017,576017 100W Led Par30L Med 30k,,,Philips,Phillips Lighting (5831),Phillips Lighting,Philips,Philips,576017,,Tools & Equipment>Power Tool Accessories>Cutting Tools>Bits,"Phillips Lighting, Philips, Bits, 576017, Tools & Equipment>Power Tool Accessori",BITS,Philips 576017 Bits,Philips Bits,,,,,,,,,,,,,,,,,,,,,,,,,,,,Bits,,,,,,,,,,,,,,,,,,,,,,,,,,,,,,,,,,,,,,,,,,,,,,,,,,,,,,,,,,,,,,,,,,,,,,,,,,,,,,,,,,,,,,,,,,,,,,,,,,,,,,,,,,,,,,,,,,,,,,,,,,,,,,,,,,,,,,,,,,,,,,,,,,,,,,,,,,,,,,,,,,,,,,,,,,,,,,,,,,,,,,,,,,,,,,,,,,,,,
,,,,,,574392,Tools & Equipment,Power Tool Accessories,Bits,,574392,574392 40W Led B11 Med 27k 3pk,,,Philips,Phillips Lighting (5831),Phillips Lighting,Philips,Philips,574392,,Tools & Equipment>Power Tool Accessories>Cutting Tools>Bits,"Phillips Lighting, Philips, Bits, 574392, Tools & Equipment>Power Tool Accessori",BITS,Philips 574392 Bits,Philips Bits,,,,,,,,,,,,,,,,,,,,,,,,,,,,Bits,,,,,,,,,,,,,,,,,,,,,,,,,,,,,,,,,,,,,,,,,,,,,,,,,,,,,,,,,,,,,,,,,,,,,,,,,,,,,,,,,,,,,,,,,,,,,,,,,,,,,,,,,,,,,,,,,,,,,,,,,,,,,,,,,,,,,,,,,,,,,,,,,,,,,,,,,,,,,,,,,,,,,,,,,,,,,,,,,,,,,,,,,,,,,,,,,,,,,
,,,,,,576751,Tools & Equipment,Power Tool Accessories,Bits,,576751,576751 65W Led BR30 Med 3pk,,,Philips,Phillips Lighting (5831),Phillips Lighting,Philips,Philips,576751,,Tools & Equipment>Power Tool Accessories>Cutting Tools>Bits,"Phillips Lighting, Philips, Bits, 576751, Tools & Equipment>Power Tool Accessori",BITS,Philips 576751 Bits,Philips Bits,,,,,,,,,,,,,,,,,,,,,,,,,,,,Bits,,,,,,,,,,,,,,,,,,,,,,,,,,,,,,,,,,,,,,,,,,,,,,,,,,,,,,,,,,,,,,,,,,,,,,,,,,,,,,,,,,,,,,,,,,,,,,,,,,,,,,,,,,,,,,,,,,,,,,,,,,,,,,,,,,,,,,,,,,,,,,,,,,,,,,,,,,,,,,,,,,,,,,,,,,,,,,,,,,,,,,,,,,,,,,,,,,,,,
,,,,,,583161,Tools & Equipment,Power Tool Accessories,Bits,,583161,583161 Led 65W Med BR30 3pk,,,Philips,Phillips Lighting (5831),Phillips Lighting,Philips,Philips,583161,,Tools & Equipment>Power Tool Accessories>Cutting Tools>Bits,"Phillips Lighting, Philips, Bits, 583161, Tools & Equipment>Power Tool Accessori",BITS,Philips 583161 Bits,Philips Bits,,,,,,,,,,,,,,,,,,,,,,,,,,,,Bits,,,,,,,,,,,,,,,,,,,,,,,,,,,,,,,,,,,,,,,,,,,,,,,,,,,,,,,,,,,,,,,,,,,,,,,,,,,,,,,,,,,,,,,,,,,,,,,,,,,,,,,,,,,,,,,,,,,,,,,,,,,,,,,,,,,,,,,,,,,,,,,,,,,,,,,,,,,,,,,,,,,,,,,,,,,,,,,,,,,,,,,,,,,,,,,,,,,,,
,,,,,,566695,Tools & Equipment,Power Tool Accessories,Bits,,566695,566695 60W Led Med 27k 3pk,,,Philips,Phillips Lighting (5831),Phillips Lighting,Philips,Philips,566695,,Tools & Equipment>Power Tool Accessories>Cutting Tools>Bits,"Phillips Lighting, Philips, Bits, 566695, Tools & Equipment>Power Tool Accessori",BITS,Philips 566695 Bits,Philips Bits,,,,,,,,,,,,,,,,,,,,,,,,,,,,Bits,,,,,,,,,,,,,,,,,,,,,,,,,,,,,,,,,,,,,,,,,,,,,,,,,,,,,,,,,,,,,,,,,,,,,,,,,,,,,,,,,,,,,,,,,,,,,,,,,,,,,,,,,,,,,,,,,,,,,,,,,,,,,,,,,,,,,,,,,,,,,,,,,,,,,,,,,,,,,,,,,,,,,,,,,,,,,,,,,,,,,,,,,,,,,,,,,,,,,
,,,,,,577007,Tools & Equipment,Power Tool Accessories,Bits,,577007,577007 125W Led Med 30k Flood,,,Philips,Phillips Lighting (5831),Phillips Lighting,Philips,Philips,577007,,Tools & Equipment>Power Tool Accessories>Cutting Tools>Bits,"Phillips Lighting, Philips, Bits, 577007, Tools & Equipment>Power Tool Accessori",BITS,Philips 577007 Bits,Philips Bits,,,,,,,,,,,,,,,,,,,,,,,,,,,,Bits,,,,,,,,,,,,,,,,,,,,,,,,,,,,,,,,,,,,,,,,,,,,,,,,,,,,,,,,,,,,,,,,,,,,,,,,,,,,,,,,,,,,,,,,,,,,,,,,,,,,,,,,,,,,,,,,,,,,,,,,,,,,,,,,,,,,,,,,,,,,,,,,,,,,,,,,,,,,,,,,,,,,,,,,,,,,,,,,,,,,,,,,,,,,,,,,,,,,,
,,,,,,566653,Tools & Equipment,Power Tool Accessories,Bits,,566653,566653 25W Led Cand 27k 3pk,,,Philips,Phillips Lighting (5831),Phillips Lighting,Philips,Philips,566653,,Tools & Equipment>Power Tool Accessories>Cutting Tools>Bits,"Phillips Lighting, Philips, Bits, 566653, Tools & Equipment>Power Tool Accessori",BITS,Philips 566653 Bits,Philips Bits,,,,,,,,,,,,,,,,,,,,,,,,,,,,Bits,,,,,,,,,,,,,,,,,,,,,,,,,,,,,,,,,,,,,,,,,,,,,,,,,,,,,,,,,,,,,,,,,,,,,,,,,,,,,,,,,,,,,,,,,,,,,,,,,,,,,,,,,,,,,,,,,,,,,,,,,,,,,,,,,,,,,,,,,,,,,,,,,,,,,,,,,,,,,,,,,,,,,,,,,,,,,,,,,,,,,,,,,,,,,,,,,,,,,
,,,,,,566679,Tools & Equipment,Power Tool Accessories,Bits,,566679,566679 40W Led Med 27k 3pk,,,Philips,Phillips Lighting (5831),Phillips Lighting,Philips,Philips,566679,,Tools & Equipment>Power Tool Accessories>Cutting Tools>Bits,"Phillips Lighting, Philips, Bits, 566679, Tools & Equipment>Power Tool Accessori",BITS,Philips 566679 Bits,Philips Bits,,,,,,,,,,,,,,,,,,,,,,,,,,,,Bits,,,,,,,,,,,,,,,,,,,,,,,,,,,,,,,,,,,,,,,,,,,,,,,,,,,,,,,,,,,,,,,,,,,,,,,,,,,,,,,,,,,,,,,,,,,,,,,,,,,,,,,,,,,,,,,,,,,,,,,,,,,,,,,,,,,,,,,,,,,,,,,,,,,,,,,,,,,,,,,,,,,,,,,,,,,,,,,,,,,,,,,,,,,,,,,,,,,,,
,,,,,,573311,Tools & Equipment,Power Tool Accessories,Bits,,573311,573311 60W Led Med 27k 2pk,,,Philips,Phillips Lighting (5831),Phillips Lighting,Philips,Philips,573311,,Tools & Equipment>Power Tool Accessories>Cutting Tools>Bits,"Phillips Lighting, Philips, Bits, 573311, Tools & Equipment>Power Tool Accessori",BITS,Philips 573311 Bits,Philips Bits,,,,,,,,,,,,,,,,,,,,,,,,,,,,Bits,,,,,,,,,,,,,,,,,,,,,,,,,,,,,,,,,,,,,,,,,,,,,,,,,,,,,,,,,,,,,,,,,,,,,,,,,,,,,,,,,,,,,,,,,,,,,,,,,,,,,,,,,,,,,,,,,,,,,,,,,,,,,,,,,,,,,,,,,,,,,,,,,,,,,,,,,,,,,,,,,,,,,,,,,,,,,,,,,,,,,,,,,,,,,,,,,,,,,
,,,,,,573394,Tools & Equipment,Power Tool Accessories,Bits,,573394,573394 60W Led Cand 27k 2pk,,,Philips,Phillips Lighting (5831),Phillips Lighting,Philips,Philips,573394,,Tools & Equipment>Power Tool Accessories>Cutting Tools>Bits,"Phillips Lighting, Philips, Bits, 573394, Tools & Equipment>Power Tool Accessori",BITS,Philips 573394 Bits,Philips Bits,,,,,,,,,,,,,,,,,,,,,,,,,,,,Bits,,,,,,,,,,,,,,,,,,,,,,,,,,,,,,,,,,,,,,,,,,,,,,,,,,,,,,,,,,,,,,,,,,,,,,,,,,,,,,,,,,,,,,,,,,,,,,,,,,,,,,,,,,,,,,,,,,,,,,,,,,,,,,,,,,,,,,,,,,,,,,,,,,,,,,,,,,,,,,,,,,,,,,,,,,,,,,,,,,,,,,,,,,,,,,,,,,,,,
,,,,,,573329,Tools & Equipment,Power Tool Accessories,Bits,,573329,573329 60W Cand Led 27k 2pk,,,Philips,Phillips Lighting (5831),Phillips Lighting,Philips,Philips,573329,,Tools & Equipment>Power Tool Accessories>Cutting Tools>Bits,"Phillips Lighting, Philips, Bits, 573329, Tools & Equipment>Power Tool Accessori",BITS,Philips 573329 Bits,Philips Bits,,,,,,,,,,,,,,,,,,,,,,,,,,,,Bits,,,,,,,,,,,,,,,,,,,,,,,,,,,,,,,,,,,,,,,,,,,,,,,,,,,,,,,,,,,,,,,,,,,,,,,,,,,,,,,,,,,,,,,,,,,,,,,,,,,,,,,,,,,,,,,,,,,,,,,,,,,,,,,,,,,,,,,,,,,,,,,,,,,,,,,,,,,,,,,,,,,,,,,,,,,,,,,,,,,,,,,,,,,,,,,,,,,,,
,,,,,,564930,Tools & Equipment,Power Tool Accessories,Bits,,564930,564930 40W Cand Led 50k 3pk,,,Philips,Phillips Lighting (5831),Phillips Lighting,Philips,Philips,564930,,Tools & Equipment>Power Tool Accessories>Cutting Tools>Bits,"Phillips Lighting, Philips, Bits, 564930, Tools & Equipment>Power Tool Accessori",BITS,Philips 564930 Bits,Philips Bits,,,,,,,,,,,,,,,,,,,,,,,,,,,,Bits,,,,,,,,,,,,,,,,,,,,,,,,,,,,,,,,,,,,,,,,,,,,,,,,,,,,,,,,,,,,,,,,,,,,,,,,,,,,,,,,,,,,,,,,,,,,,,,,,,,,,,,,,,,,,,,,,,,,,,,,,,,,,,,,,,,,,,,,,,,,,,,,,,,,,,,,,,,,,,,,,,,,,,,,,,,,,,,,,,,,,,,,,,,,,,,,,,,,,
,,,,,,565000,Tools & Equipment,Power Tool Accessories,Bits,,565000,565000 60W Led Med 27k 2pk,,,Philips,Phillips Lighting (5831),Phillips Lighting,Philips,Philips,565000,,Tools & Equipment>Power Tool Accessories>Cutting Tools>Bits,"Phillips Lighting, Philips, Bits, 565000, Tools & Equipment>Power Tool Accessori",BITS,Philips 565000 Bits,Philips Bits,,,,,,,,,,,,,,,,,,,,,,,,,,,,Bits,,,,,,,,,,,,,,,,,,,,,,,,,,,,,,,,,,,,,,,,,,,,,,,,,,,,,,,,,,,,,,,,,,,,,,,,,,,,,,,,,,,,,,,,,,,,,,,,,,,,,,,,,,,,,,,,,,,,,,,,,,,,,,,,,,,,,,,,,,,,,,,,,,,,,,,,,,,,,,,,,,,,,,,,,,,,,,,,,,,,,,,,,,,,,,,,,,,,,
,,,,,,564922,Tools & Equipment,Power Tool Accessories,Bits,,564922,564922 60W Led BA11 50k 3pk,,,Philips,Phillips Lighting (5831),Phillips Lighting,Philips,Philips,564922,,Tools & Equipment>Power Tool Accessories>Cutting Tools>Bits,"Phillips Lighting, Philips, Bits, 564922, Tools & Equipment>Power Tool Accessori",BITS,Philips 564922 Bits,Philips Bits,,,,,,,,,,,,,,,,,,,,,,,,,,,,Bits,,,,,,,,,,,,,,,,,,,,,,,,,,,,,,,,,,,,,,,,,,,,,,,,,,,,,,,,,,,,,,,,,,,,,,,,,,,,,,,,,,,,,,,,,,,,,,,,,,,,,,,,,,,,,,,,,,,,,,,,,,,,,,,,,,,,,,,,,,,,,,,,,,,,,,,,,,,,,,,,,,,,,,,,,,,,,,,,,,,,,,,,,,,,,,,,,,,,,
,,,,,,573295,Tools & Equipment,Power Tool Accessories,Bits,,573295,573295 40W Led Med 27k 2pk,,,Philips,Phillips Lighting (5831),Phillips Lighting,Philips,Philips,573295,,Tools & Equipment>Power Tool Accessories>Cutting Tools>Bits,"Phillips Lighting, Philips, Bits, 573295, Tools & Equipment>Power Tool Accessori",BITS,Philips 573295 Bits,Philips Bits,,,,,,,,,,,,,,,,,,,,,,,,,,,,Bits,,,,,,,,,,,,,,,,,,,,,,,,,,,,,,,,,,,,,,,,,,,,,,,,,,,,,,,,,,,,,,,,,,,,,,,,,,,,,,,,,,,,,,,,,,,,,,,,,,,,,,,,,,,,,,,,,,,,,,,,,,,,,,,,,,,,,,,,,,,,,,,,,,,,,,,,,,,,,,,,,,,,,,,,,,,,,,,,,,,,,,,,,,,,,,,,,,,,,
,,,,,,564914,Tools & Equipment,Power Tool Accessories,Bits,,564914,564914 60W Med Led 50k 2pk,,,Philips,Phillips Lighting (5831),Phillips Lighting,Philips,Philips,564914,,Tools & Equipment>Power Tool Accessories>Cutting Tools>Bits,"Phillips Lighting, Philips, Bits, 564914, Tools & Equipment>Power Tool Accessori",BITS,Philips 564914 Bits,Philips Bits,,,,,,,,,,,,,,,,,,,,,,,,,,,,Bits,,,,,,,,,,,,,,,,,,,,,,,,,,,,,,,,,,,,,,,,,,,,,,,,,,,,,,,,,,,,,,,,,,,,,,,,,,,,,,,,,,,,,,,,,,,,,,,,,,,,,,,,,,,,,,,,,,,,,,,,,,,,,,,,,,,,,,,,,,,,,,,,,,,,,,,,,,,,,,,,,,,,,,,,,,,,,,,,,,,,,,,,,,,,,,,,,,,,,
,,,,,,573485,Tools & Equipment,Power Tool Accessories,Bits,,573485,573485 60W Led A19 Med 50k 2pk,,,Philips,Phillips Lighting (5831),Phillips Lighting,Philips,Philips,573485,,Tools & Equipment>Power Tool Accessories>Cutting Tools>Bits,"Phillips Lighting, Philips, Bits, 573485, Tools & Equipment>Power Tool Accessori",BITS,Philips 573485 Bits,Philips Bits,,,,,,,,,,,,,,,,,,,,,,,,,,,,Bits,,,,,,,,,,,,,,,,,,,,,,,,,,,,,,,,,,,,,,,,,,,,,,,,,,,,,,,,,,,,,,,,,,,,,,,,,,,,,,,,,,,,,,,,,,,,,,,,,,,,,,,,,,,,,,,,,,,,,,,,,,,,,,,,,,,,,,,,,,,,,,,,,,,,,,,,,,,,,,,,,,,,,,,,,,,,,,,,,,,,,,,,,,,,,,,,,,,,,
,,,,,,573337,Tools & Equipment,Power Tool Accessories,Bits,,573337,573337 40W Led G25 Med 50k 2pk,,,Philips,Phillips Lighting (5831),Phillips Lighting,Philips,Philips,573337,,Tools & Equipment>Power Tool Accessories>Cutting Tools>Bits,"Phillips Lighting, Philips, Bits, 573337, Tools & Equipment>Power Tool Accessori",BITS,Philips 573337 Bits,Philips Bits,,,,,,,,,,,,,,,,,,,,,,,,,,,,Bits,,,,,,,,,,,,,,,,,,,,,,,,,,,,,,,,,,,,,,,,,,,,,,,,,,,,,,,,,,,,,,,,,,,,,,,,,,,,,,,,,,,,,,,,,,,,,,,,,,,,,,,,,,,,,,,,,,,,,,,,,,,,,,,,,,,,,,,,,,,,,,,,,,,,,,,,,,,,,,,,,,,,,,,,,,,,,,,,,,,,,,,,,,,,,,,,,,,,,
,,,,,,544874,Tools & Equipment,Power Tool Accessories,Bits,,544874,544874 32W Led T8 UBulb 40k,,,Philips,Phillips Lighting (5831),Phillips Lighting,Philips,Philips,544874,,Tools & Equipment>Power Tool Accessories>Cutting Tools>Bits,"Phillips Lighting, Philips, Bits, 544874, Tools & Equipment>Power Tool Accessori",BITS,Philips 544874 Bits,Philips Bits,,,,,,,,,,,,,,,,,,,,,,,,,,,,Bits,,,,,,,,,,,,,,,,,,,,,,,,,,,,,,,,,,,,,,,,,,,,,,,,,,,,,,,,,,,,,,,,,,,,,,,,,,,,,,,,,,,,,,,,,,,,,,,,,,,,,,,,,,,,,,,,,,,,,,,,,,,,,,,,,,,,,,,,,,,,,,,,,,,,,,,,,,,,,,,,,,,,,,,,,,,,,,,,,,,,,,,,,,,,,,,,,,,,,
,,,,,,570846,Tools & Equipment,Power Tool Accessories,Bits,,570846,570846 50W Led Med 22K 2pk,,,Philips,Phillips Lighting (5831),Phillips Lighting,Philips,Philips,570846,,Tools & Equipment>Power Tool Accessories>Cutting Tools>Bits,"Phillips Lighting, Philips, Bits, 570846, Tools & Equipment>Power Tool Accessori",BITS,Philips 570846 Bits,Philips Bits,,,,,,,,,,,,,,,,,,,,,,,,,,,,Bits,,,,,,,,,,,,,,,,,,,,,,,,,,,,,,,,,,,,,,,,,,,,,,,,,,,,,,,,,,,,,,,,,,,,,,,,,,,,,,,,,,,,,,,,,,,,,,,,,,,,,,,,,,,,,,,,,,,,,,,,,,,,,,,,,,,,,,,,,,,,,,,,,,,,,,,,,,,,,,,,,,,,,,,,,,,,,,,,,,,,,,,,,,,,,,,,,,,,,
,,,,,,565473,Tools & Equipment,Power Tool Accessories,Bits,,565473,565473 60W Led A19 Bulb 2pk,,,Philips,Phillips Lighting (5831),Phillips Lighting,Philips,Philips,565473,,Tools & Equipment>Power Tool Accessories>Cutting Tools>Bits,"Phillips Lighting, Philips, Bits, 565473, Tools & Equipment>Power Tool Accessori",BITS,Philips 565473 Bits,Philips Bits,,,,,,,,,,,,,,,,,,,,,,,,,,,,Bits,,,,,,,,,,,,,,,,,,,,,,,,,,,,,,,,,,,,,,,,,,,,,,,,,,,,,,,,,,,,,,,,,,,,,,,,,,,,,,,,,,,,,,,,,,,,,,,,,,,,,,,,,,,,,,,,,,,,,,,,,,,,,,,,,,,,,,,,,,,,,,,,,,,,,,,,,,,,,,,,,,,,,,,,,,,,,,,,,,,,,,,,,,,,,,,,,,,,,
,,,,,,573402,Tools & Equipment,Power Tool Accessories,Bits,,573402,573402 60W Led Med 50k 2pk,,,Philips,Phillips Lighting (5831),Phillips Lighting,Philips,Philips,573402,,Tools & Equipment>Power Tool Accessories>Cutting Tools>Bits,"Phillips Lighting, Philips, Bits, 573402, Tools & Equipment>Power Tool Accessori",BITS,Philips 573402 Bits,Philips Bits,,,,,,,,,,,,,,,,,,,,,,,,,,,,Bits,,,,,,,,,,,,,,,,,,,,,,,,,,,,,,,,,,,,,,,,,,,,,,,,,,,,,,,,,,,,,,,,,,,,,,,,,,,,,,,,,,,,,,,,,,,,,,,,,,,,,,,,,,,,,,,,,,,,,,,,,,,,,,,,,,,,,,,,,,,,,,,,,,,,,,,,,,,,,,,,,,,,,,,,,,,,,,,,,,,,,,,,,,,,,,,,,,,,,
,,,,,,573352,Tools & Equipment,Power Tool Accessories,Bits,,573352,573352 40W Led Med 27k 2pk,,,Philips,Phillips Lighting (5831),Phillips Lighting,Philips,Philips,573352,,Tools & Equipment>Power Tool Accessories>Cutting Tools>Bits,"Phillips Lighting, Philips, Bits, 573352, Tools & Equipment>Power Tool Accessori",BITS,Philips 573352 Bits,Philips Bits,,,,,,,,,,,,,,,,,,,,,,,,,,,,Bits,,,,,,,,,,,,,,,,,,,,,,,,,,,,,,,,,,,,,,,,,,,,,,,,,,,,,,,,,,,,,,,,,,,,,,,,,,,,,,,,,,,,,,,,,,,,,,,,,,,,,,,,,,,,,,,,,,,,,,,,,,,,,,,,,,,,,,,,,,,,,,,,,,,,,,,,,,,,,,,,,,,,,,,,,,,,,,,,,,,,,,,,,,,,,,,,,,,,,
,,,,,,573428,Tools & Equipment,Power Tool Accessories,Bits,,573428,573428 40W Med Led 50k 2pk,,,Philips,Phillips Lighting (5831),Phillips Lighting,Philips,Philips,573428,,Tools & Equipment>Power Tool Accessories>Cutting Tools>Bits,"Phillips Lighting, Philips, Bits, 573428, Tools & Equipment>Power Tool Accessori",BITS,Philips 573428 Bits,Philips Bits,,,,,,,,,,,,,,,,,,,,,,,,,,,,Bits,,,,,,,,,,,,,,,,,,,,,,,,,,,,,,,,,,,,,,,,,,,,,,,,,,,,,,,,,,,,,,,,,,,,,,,,,,,,,,,,,,,,,,,,,,,,,,,,,,,,,,,,,,,,,,,,,,,,,,,,,,,,,,,,,,,,,,,,,,,,,,,,,,,,,,,,,,,,,,,,,,,,,,,,,,,,,,,,,,,,,,,,,,,,,,,,,,,,,
,,,,,,573386,Tools & Equipment,Power Tool Accessories,Bits,,573386,573386 60W Led Med 27k 2pk,,,Philips,Phillips Lighting (5831),Phillips Lighting,Philips,Philips,573386,,Tools & Equipment>Power Tool Accessories>Cutting Tools>Bits,"Phillips Lighting, Philips, Bits, 573386, Tools & Equipment>Power Tool Accessori",BITS,Philips 573386 Bits,Philips Bits,,,,,,,,,,,,,,,,,,,,,,,,,,,,Bits,,,,,,,,,,,,,,,,,,,,,,,,,,,,,,,,,,,,,,,,,,,,,,,,,,,,,,,,,,,,,,,,,,,,,,,,,,,,,,,,,,,,,,,,,,,,,,,,,,,,,,,,,,,,,,,,,,,,,,,,,,,,,,,,,,,,,,,,,,,,,,,,,,,,,,,,,,,,,,,,,,,,,,,,,,,,,,,,,,,,,,,,,,,,,,,,,,,,,
,,,,,,564948,Tools & Equipment,Power Tool Accessories,Bits,,564948,564948 40W Led Med 50k 3pk,,,Philips,Phillips Lighting (5831),Phillips Lighting,Philips,Philips,564948,,Tools & Equipment>Power Tool Accessories>Cutting Tools>Bits,"Phillips Lighting, Philips, Bits, 564948, Tools & Equipment>Power Tool Accessori",BITS,Philips 564948 Bits,Philips Bits,,,,,,,,,,,,,,,,,,,,,,,,,,,,Bits,,,,,,,,,,,,,,,,,,,,,,,,,,,,,,,,,,,,,,,,,,,,,,,,,,,,,,,,,,,,,,,,,,,,,,,,,,,,,,,,,,,,,,,,,,,,,,,,,,,,,,,,,,,,,,,,,,,,,,,,,,,,,,,,,,,,,,,,,,,,,,,,,,,,,,,,,,,,,,,,,,,,,,,,,,,,,,,,,,,,,,,,,,,,,,,,,,,,,
,,,,,,573303,Tools & Equipment,Power Tool Accessories,Bits,,573303,573303 40W Led Cand 27k 2pk,,,Philips,Phillips Lighting (5831),Phillips Lighting,Philips,Philips,573303,,Tools & Equipment>Power Tool Accessories>Cutting Tools>Bits,"Phillips Lighting, Philips, Bits, 573303, Tools & Equipment>Power Tool Accessori",BITS,Philips 573303 Bits,Philips Bits,,,,,,,,,,,,,,,,,,,,,,,,,,,,Bits,,,,,,,,,,,,,,,,,,,,,,,,,,,,,,,,,,,,,,,,,,,,,,,,,,,,,,,,,,,,,,,,,,,,,,,,,,,,,,,,,,,,,,,,,,,,,,,,,,,,,,,,,,,,,,,,,,,,,,,,,,,,,,,,,,,,,,,,,,,,,,,,,,,,,,,,,,,,,,,,,,,,,,,,,,,,,,,,,,,,,,,,,,,,,,,,,,,,,
,,,,,,573188,Tools & Equipment,Power Tool Accessories,Bits,,573188,573188 250W Led Par38 Med 50k,,,Philips,Phillips Lighting (5831),Phillips Lighting,Philips,Philips,573188,,Tools & Equipment>Power Tool Accessories>Cutting Tools>Bits,"Phillips Lighting, Philips, Bits, 573188, Tools & Equipment>Power Tool Accessori",BITS,Philips 573188 Bits,Philips Bits,,,,,,,,,,,,,,,,,,,,,,,,,,,,Bits,,,,,,,,,,,,,,,,,,,,,,,,,,,,,,,,,,,,,,,,,,,,,,,,,,,,,,,,,,,,,,,,,,,,,,,,,,,,,,,,,,,,,,,,,,,,,,,,,,,,,,,,,,,,,,,,,,,,,,,,,,,,,,,,,,,,,,,,,,,,,,,,,,,,,,,,,,,,,,,,,,,,,,,,,,,,,,,,,,,,,,,,,,,,,,,,,,,,,
,,,,,,573469,Tools & Equipment,Power Tool Accessories,Bits,,573469,573469 40W Led A19 Med 50k 2pk,,,Philips,Phillips Lighting (5831),Phillips Lighting,Philips,Philips,573469,,Tools & Equipment>Power Tool Accessories>Cutting Tools>Bits,"Phillips Lighting, Philips, Bits, 573469, Tools & Equipment>Power Tool Accessori",BITS,Philips 573469 Bits,Philips Bits,,,,,,,,,,,,,,,,,,,,,,,,,,,,Bits,,,,,,,,,,,,,,,,,,,,,,,,,,,,,,,,,,,,,,,,,,,,,,,,,,,,,,,,,,,,,,,,,,,,,,,,,,,,,,,,,,,,,,,,,,,,,,,,,,,,,,,,,,,,,,,,,,,,,,,,,,,,,,,,,,,,,,,,,,,,,,,,,,,,,,,,,,,,,,,,,,,,,,,,,,,,,,,,,,,,,,,,,,,,,,,,,,,,,
,,,,,,565671,Tools & Equipment,Power Tool Accessories,Bits,,565671,565671 25W Led Med 20K,,,Philips,Phillips Lighting (5831),Phillips Lighting,Philips,Philips,565671,,Tools & Equipment>Power Tool Accessories>Cutting Tools>Bits,"Phillips Lighting, Philips, Bits, 565671, Tools & Equipment>Power Tool Accessori",BITS,Philips 565671 Bits,Philips Bits,,,,,,,,,,,,,,,,,,,,,,,,,,,,Bits,,,,,,,,,,,,,,,,,,,,,,,,,,,,,,,,,,,,,,,,,,,,,,,,,,,,,,,,,,,,,,,,,,,,,,,,,,,,,,,,,,,,,,,,,,,,,,,,,,,,,,,,,,,,,,,,,,,,,,,,,,,,,,,,,,,,,,,,,,,,,,,,,,,,,,,,,,,,,,,,,,,,,,,,,,,,,,,,,,,,,,,,,,,,,,,,,,,,,
,,,,,,573204,Tools & Equipment,Power Tool Accessories,Bits,,573204,573204 75W Led Par20 Med 50k,,,Philips,Phillips Lighting (5831),Phillips Lighting,Philips,Philips,573204,,Tools & Equipment>Power Tool Accessories>Cutting Tools>Bits,"Phillips Lighting, Philips, Bits, 573204, Tools & Equipment>Power Tool Accessori",BITS,Philips 573204 Bits,Philips Bits,,,,,,,,,,,,,,,,,,,,,,,,,,,,Bits,,,,,,,,,,,,,,,,,,,,,,,,,,,,,,,,,,,,,,,,,,,,,,,,,,,,,,,,,,,,,,,,,,,,,,,,,,,,,,,,,,,,,,,,,,,,,,,,,,,,,,,,,,,,,,,,,,,,,,,,,,,,,,,,,,,,,,,,,,,,,,,,,,,,,,,,,,,,,,,,,,,,,,,,,,,,,,,,,,,,,,,,,,,,,,,,,,,,,
,,,,,,581199,Tools & Equipment,Power Tool Accessories,Bits,,581199,581199 60W Led Med 2pk,,,Philips,Phillips Lighting (5831),Phillips Lighting,Philips,Philips,581199,,Tools & Equipment>Power Tool Accessories>Cutting Tools>Bits,"Phillips Lighting, Philips, Bits, 581199, Tools & Equipment>Power Tool Accessori",BITS,Philips 581199 Bits,Philips Bits,,,,,,,,,,,,,,,,,,,,,,,,,,,,Bits,,,,,,,,,,,,,,,,,,,,,,,,,,,,,,,,,,,,,,,,,,,,,,,,,,,,,,,,,,,,,,,,,,,,,,,,,,,,,,,,,,,,,,,,,,,,,,,,,,,,,,,,,,,,,,,,,,,,,,,,,,,,,,,,,,,,,,,,,,,,,,,,,,,,,,,,,,,,,,,,,,,,,,,,,,,,,,,,,,,,,,,,,,,,,,,,,,,,,
,,,,,,565887,Tools & Equipment,Power Tool Accessories,Bits,,565887,565887 60W Led Med 20k,,,Philips,Phillips Lighting (5831),Phillips Lighting,Philips,Philips,565887,,Tools & Equipment>Power Tool Accessories>Cutting Tools>Bits,"Phillips Lighting, Philips, Bits, 565887, Tools & Equipment>Power Tool Accessori",BITS,Philips 565887 Bits,Philips Bits,,,,,,,,,,,,,,,,,,,,,,,,,,,,Bits,,,,,,,,,,,,,,,,,,,,,,,,,,,,,,,,,,,,,,,,,,,,,,,,,,,,,,,,,,,,,,,,,,,,,,,,,,,,,,,,,,,,,,,,,,,,,,,,,,,,,,,,,,,,,,,,,,,,,,,,,,,,,,,,,,,,,,,,,,,,,,,,,,,,,,,,,,,,,,,,,,,,,,,,,,,,,,,,,,,,,,,,,,,,,,,,,,,,,
,,,,,,586867,Tools & Equipment,Power Tool Accessories,Bits,,586867,586867 60W Led Med 27K,,,Philips,Phillips Lighting (5831),Phillips Lighting,Philips,Philips,586867,,Tools & Equipment>Power Tool Accessories>Cutting Tools>Bits,"Phillips Lighting, Philips, Bits, 586867, Tools & Equipment>Power Tool Accessori",BITS,Philips 586867 Bits,Philips Bits,,,,,,,,,,,,,,,,,,,,,,,,,,,,Bits,,,,,,,,,,,,,,,,,,,,,,,,,,,,,,,,,,,,,,,,,,,,,,,,,,,,,,,,,,,,,,,,,,,,,,,,,,,,,,,,,,,,,,,,,,,,,,,,,,,,,,,,,,,,,,,,,,,,,,,,,,,,,,,,,,,,,,,,,,,,,,,,,,,,,,,,,,,,,,,,,,,,,,,,,,,,,,,,,,,,,,,,,,,,,,,,,,,,,
,,,,,,568451,Tools & Equipment,Power Tool Accessories,Bits,,568451,5686451 50W Led Med 50k 2pk,,,Philips,Phillips Lighting (5831),Phillips Lighting,Philips,Philips,568451,,Tools & Equipment>Power Tool Accessories>Cutting Tools>Bits,"Phillips Lighting, Philips, Bits, 568451, Tools & Equipment>Power Tool Accessori",BITS,Philips 568451 Bits,Philips Bits,,,,,,,,,,,,,,,,,,,,,,,,,,,,Bits,,,,,,,,,,,,,,,,,,,,,,,,,,,,,,,,,,,,,,,,,,,,,,,,,,,,,,,,,,,,,,,,,,,,,,,,,,,,,,,,,,,,,,,,,,,,,,,,,,,,,,,,,,,,,,,,,,,,,,,,,,,,,,,,,,,,,,,,,,,,,,,,,,,,,,,,,,,,,,,,,,,,,,,,,,,,,,,,,,,,,,,,,,,,,,,,,,,,,
,,,,,,568444,Tools & Equipment,Power Tool Accessories,Bits,,568444,568444 90W Led Par38 50k 2pk,,,Philips,Phillips Lighting (5831),Phillips Lighting,Philips,Philips,568444,,Tools & Equipment>Power Tool Accessories>Cutting Tools>Bits,"Phillips Lighting, Philips, Bits, 568444, Tools & Equipment>Power Tool Accessori",BITS,Philips 568444 Bits,Philips Bits,,,,,,,,,,,,,,,,,,,,,,,,,,,,Bits,,,,,,,,,,,,,,,,,,,,,,,,,,,,,,,,,,,,,,,,,,,,,,,,,,,,,,,,,,,,,,,,,,,,,,,,,,,,,,,,,,,,,,,,,,,,,,,,,,,,,,,,,,,,,,,,,,,,,,,,,,,,,,,,,,,,,,,,,,,,,,,,,,,,,,,,,,,,,,,,,,,,,,,,,,,,,,,,,,,,,,,,,,,,,,,,,,,,,
,,,,,,573196,Tools & Equipment,Power Tool Accessories,Bits,,573196,573196 75W Led Med 30K,,,Philips,Phillips Lighting (5831),Phillips Lighting,Philips,Philips,573196,,Tools & Equipment>Power Tool Accessories>Cutting Tools>Bits,"Phillips Lighting, Philips, Bits, 573196, Tools & Equipment>Power Tool Accessori",BITS,Philips 573196 Bits,Philips Bits,,,,,,,,,,,,,,,,,,,,,,,,,,,,Bits,,,,,,,,,,,,,,,,,,,,,,,,,,,,,,,,,,,,,,,,,,,,,,,,,,,,,,,,,,,,,,,,,,,,,,,,,,,,,,,,,,,,,,,,,,,,,,,,,,,,,,,,,,,,,,,,,,,,,,,,,,,,,,,,,,,,,,,,,,,,,,,,,,,,,,,,,,,,,,,,,,,,,,,,,,,,,,,,,,,,,,,,,,,,,,,,,,,,,
,,,,,,564500,Tools & Equipment,Power Tool Accessories,Bits,,564500,564500 75W Adj Base 50k 3pk,,,Philips,Phillips Lighting (5831),Phillips Lighting,Philips,Philips,564500,,Tools & Equipment>Power Tool Accessories>Cutting Tools>Bits,"Phillips Lighting, Philips, Bits, 564500, Tools & Equipment>Power Tool Accessori",BITS,Philips 564500 Bits,Philips Bits,,,,,,,,,,,,,,,,,,,,,,,,,,,,Bits,,,,,,,,,,,,,,,,,,,,,,,,,,,,,,,,,,,,,,,,,,,,,,,,,,,,,,,,,,,,,,,,,,,,,,,,,,,,,,,,,,,,,,,,,,,,,,,,,,,,,,,,,,,,,,,,,,,,,,,,,,,,,,,,,,,,,,,,,,,,,,,,,,,,,,,,,,,,,,,,,,,,,,,,,,,,,,,,,,,,,,,,,,,,,,,,,,,,,
,,,,,,571513,Tools & Equipment,Power Tool Accessories,Bits,,571513,571513 40/60/100 Led Med 27k,,,Philips,Phillips Lighting (5831),Phillips Lighting,Philips,Philips,571513,,Tools & Equipment>Power Tool Accessories>Cutting Tools>Bits,"Phillips Lighting, Philips, Bits, 571513, Tools & Equipment>Power Tool Accessori",BITS,Philips 571513 Bits,Philips Bits,,,,,,,,,,,,,,,,,,,,,,,,,,,,Bits,,,,,,,,,,,,,,,,,,,,,,,,,,,,,,,,,,,,,,,,,,,,,,,,,,,,,,,,,,,,,,,,,,,,,,,,,,,,,,,,,,,,,,,,,,,,,,,,,,,,,,,,,,,,,,,,,,,,,,,,,,,,,,,,,,,,,,,,,,,,,,,,,,,,,,,,,,,,,,,,,,,,,,,,,,,,,,,,,,,,,,,,,,,,,,,,,,,,,
,,,,,,588566,Tools & Equipment,Power Tool Accessories,Bits,,588566,588566 40W Led Med 55k 3pk,,,Philips,Phillips Lighting (5831),Phillips Lighting,Philips,Philips,588566,,Tools & Equipment>Power Tool Accessories>Cutting Tools>Bits,"Phillips Lighting, Philips, Bits, 588566, Tools & Equipment>Power Tool Accessori",BITS,Philips 588566 Bits,Philips Bits,,,,,,,,,,,,,,,,,,,,,,,,,,,,Bits,,,,,,,,,,,,,,,,,,,,,,,,,,,,,,,,,,,,,,,,,,,,,,,,,,,,,,,,,,,,,,,,,,,,,,,,,,,,,,,,,,,,,,,,,,,,,,,,,,,,,,,,,,,,,,,,,,,,,,,,,,,,,,,,,,,,,,,,,,,,,,,,,,,,,,,,,,,,,,,,,,,,,,,,,,,,,,,,,,,,,,,,,,,,,,,,,,,,,
,,,,,,565655,Tools & Equipment,Power Tool Accessories,Bits,,565655,565655 25W Led A15 Med 20k,,,Philips,Phillips Lighting (5831),Phillips Lighting,Philips,Philips,565655,,Tools & Equipment>Power Tool Accessories>Cutting Tools>Bits,"Phillips Lighting, Philips, Bits, 565655, Tools & Equipment>Power Tool Accessori",BITS,Philips 565655 Bits,Philips Bits,,,,,,,,,,,,,,,,,,,,,,,,,,,,Bits,,,,,,,,,,,,,,,,,,,,,,,,,,,,,,,,,,,,,,,,,,,,,,,,,,,,,,,,,,,,,,,,,,,,,,,,,,,,,,,,,,,,,,,,,,,,,,,,,,,,,,,,,,,,,,,,,,,,,,,,,,,,,,,,,,,,,,,,,,,,,,,,,,,,,,,,,,,,,,,,,,,,,,,,,,,,,,,,,,,,,,,,,,,,,,,,,,,,,
,,,,,,565812,Tools & Equipment,Power Tool Accessories,Bits,,565812,565812 60W Med Led 50k,,,Philips,Phillips Lighting (5831),Phillips Lighting,Philips,Philips,565812,,Tools & Equipment>Power Tool Accessories>Cutting Tools>Bits,"Phillips Lighting, Philips, Bits, 565812, Tools & Equipment>Power Tool Accessori",BITS,Philips 565812 Bits,Philips Bits,,,,,,,,,,,,,,,,,,,,,,,,,,,,Bits,,,,,,,,,,,,,,,,,,,,,,,,,,,,,,,,,,,,,,,,,,,,,,,,,,,,,,,,,,,,,,,,,,,,,,,,,,,,,,,,,,,,,,,,,,,,,,,,,,,,,,,,,,,,,,,,,,,,,,,,,,,,,,,,,,,,,,,,,,,,,,,,,,,,,,,,,,,,,,,,,,,,,,,,,,,,,,,,,,,,,,,,,,,,,,,,,,,,,
,,,,,,586917,Tools & Equipment,Power Tool Accessories,Bits,,586917,586917 40W Led Cand 27K 2pk,,,Philips,Phillips Lighting (5831),Phillips Lighting,Philips,Philips,586917,,Tools & Equipment>Power Tool Accessories>Cutting Tools>Bits,"Phillips Lighting, Philips, Bits, 586917, Tools & Equipment>Power Tool Accessori",BITS,Philips 586917 Bits,Philips Bits,,,,,,,,,,,,,,,,,,,,,,,,,,,,Bits,,,,,,,,,,,,,,,,,,,,,,,,,,,,,,,,,,,,,,,,,,,,,,,,,,,,,,,,,,,,,,,,,,,,,,,,,,,,,,,,,,,,,,,,,,,,,,,,,,,,,,,,,,,,,,,,,,,,,,,,,,,,,,,,,,,,,,,,,,,,,,,,,,,,,,,,,,,,,,,,,,,,,,,,,,,,,,,,,,,,,,,,,,,,,,,,,,,,,
,,,,,,46719,Lighting & Ceiling Fans,Wall Lights,Wall Sconces & Lanterns,,46719,49719 Wall Light Motion Wh,,,,Maxsa Innovations (MAXIN),Maxsa Innovations,,,46719,,Lighting & Ceiling Fans>Wall Lights>Wall Sconces & Lanterns,"Maxsa Innovations, Wall Sconces & Lanterns, 46719",WALL SCONCES & LANTERNS,46719 Wall Sconces & Lanterns,Wall Sconces & Lanterns,,,,,,,,,,,,,,,,,,,,,,,,,,,,Wall Sconces & Lanterns,,,,,,,,,,,,,,,,,,,,,,,,,,,,,,,,,,,,,,,,,,,,,,,,,,,,,,,,,,,,,,,,,,,,,,,,,,,,,,,,,,,,,,,,,,,,,,,,,,,,,,,,,,,,,,,,,,,,,,,,,,,,,,,,,,,,,,,,,,,,,,,,,,,,,,,,,,,,,,,,,,,,,,,,,,,,,,,,,,,,,,,,,,,,,,,,,,,,,
,,,,,,59061BSL,Lighting & Ceiling Fans,Light Fixtures,Lighting Fixtures,,59061BSL,59061BSL Kichler Ext Wall Lt,,,,Kichler Lighting (KICLI),Kichler Lighting,,,59061BSL,,Lighting & Ceiling Fans>Light Fixtures>Lighting Fixtures,"Kichler Lighting, Lighting Fixtures, 59061BSL",LIGHTING FIXTURES,59061BSL Lighting Fixtures,Lighting Fixtures,,,,,,,,,,,,,,,,,,,,,,,,,,,,Lighting Fixtures,,,,,,,,,,,,,,,,,,,,,,,,,,,,,,,,,,,,,,,,,,,,,,,,,,,,,,,,,,,,,,,,,,,,,,,,,,,,,,,,,,,,,,,,,,,,,,,,,,,,,,,,,,,,,,,,,,,,,,,,,,,,,,,,,,,,,,,,,,,,,,,,,,,,,,,,,,,,,,,,,,,,,,,,,,,,,,,,,,,,,,,,,,,,,,,,,,,,,
,,,,,,59062BSL,Lighting & Ceiling Fans,Light Fixtures,Lighting Fixtures,,59062BSL,59062BSL Kichler Ext Wall Lt,,,,Kichler Lighting (KICLI),Kichler Lighting,,,59062BSL,,Lighting & Ceiling Fans>Light Fixtures>Lighting Fixtures,"Kichler Lighting, Lighting Fixtures, 59062BSL",LIGHTING FIXTURES,59062BSL Lighting Fixtures,Lighting Fixtures,,,,,,,,,,,,,,,,,,,,,,,,,,,,Lighting Fixtures,,,,,,,,,,,,,,,,,,,,,,,,,,,,,,,,,,,,,,,,,,,,,,,,,,,,,,,,,,,,,,,,,,,,,,,,,,,,,,,,,,,,,,,,,,,,,,,,,,,,,,,,,,,,,,,,,,,,,,,,,,,,,,,,,,,,,,,,,,,,,,,,,,,,,,,,,,,,,,,,,,,,,,,,,,,,,,,,,,,,,,,,,,,,,,,,,,,,,
,,,,,,59124BKT,Lighting & Ceiling Fans,Light Fixtures,Lighting Fixtures,,59124BKT,59124BKT Kichler Ext Wall Lt,,,,Kichler Lighting (KICLI),Kichler Lighting,,,59124BKT,,Lighting & Ceiling Fans>Light Fixtures>Lighting Fixtures,"Kichler Lighting, Lighting Fixtures, 59124BKT",LIGHTING FIXTURES,59124BKT Lighting Fixtures,Lighting Fixtures,,,,,,,,,,,,,,,,,,,,,,,,,,,,Lighting Fixtures,,,,,,,,,,,,,,,,,,,,,,,,,,,,,,,,,,,,,,,,,,,,,,,,,,,,,,,,,,,,,,,,,,,,,,,,,,,,,,,,,,,,,,,,,,,,,,,,,,,,,,,,,,,,,,,,,,,,,,,,,,,,,,,,,,,,,,,,,,,,,,,,,,,,,,,,,,,,,,,,,,,,,,,,,,,,,,,,,,,,,,,,,,,,,,,,,,,,,
,,,,,,59025BK,Lighting & Ceiling Fans,Light Fixtures,Lighting Fixtures,,59025BK,59025BK Kichler Post Lt,,,,Kichler Lighting (KICLI),Kichler Lighting,,,59025BK,,Lighting & Ceiling Fans>Light Fixtures>Lighting Fixtures,"Kichler Lighting, Lighting Fixtures, 59025BK, Lighting & Ceiling Fans>Light Fixt",LIGHTING FIXTURES,59025BK Lighting Fixtures,Lighting Fixtures,,,,,,,,,,,,,,,,,,,,,,,,,,,,Lighting Fixtures,,,,,,,,,,,,,,,,,,,,,,,,,,,,,,,,,,,,,,,,,,,,,,,,,,,,,,,,,,,,,,,,,,,,,,,,,,,,,,,,,,,,,,,,,,,,,,,,,,,,,,,,,,,,,,,,,,,,,,,,,,,,,,,,,,,,,,,,,,,,,,,,,,,,,,,,,,,,,,,,,,,,,,,,,,,,,,,,,,,,,,,,,,,,,,,,,,,,,
,,,,,,DCL183,,,,,DCL183,Dewalt DCL183 Light - Rechargeable,,,DEWALT,Black & Decker/dewlt (2585),"Stanley Black & Decker, Inc.",DEWALT®,DEWALT®,DCL183,,,"Stanley Black & Decker, Inc., DEWALT®, Product, DCL183",PRODUCT,DEWALT® DCL183 Product,DEWALT® Product,,,,,,,,,,,,,,,,,,,,,,,,,,,,Product,,,,,,,,,,,,,,,,,,,,,,,,,,,,,,,,,,,,,,,,,,,,,,,,,,,,,,,,,,,,,,,,,,,,,,,,,,,,,,,,,,,,,,,,,,,,,,,,,,,,,,,,,,,,,,,,,,,,,,,,,,,,,,,,,,,,,,,,,,,,,,,,,,,,,,,,,,,,,,,,,,,,,,,,,,,,,,,,,,,,,,,,,,,,,,,,,,,,,
,,,,,,73020,,,,,73020,73020 Nano Clip Light Bk,,,,Streamlight (7277),Streamlight,,,73020,,,"Streamlight, Product, 73020",PRODUCT,73020 Product,Product,,,,,,,,,,,,,,,,,,,,,,,,,,,,Product,,,,,,,,,,,,,,,,,,,,,,,,,,,,,,,,,,,,,,,,,,,,,,,,,,,,,,,,,,,,,,,,,,,,,,,,,,,,,,,,,,,,,,,,,,,,,,,,,,,,,,,,,,,,,,,,,,,,,,,,,,,,,,,,,,,,,,,,,,,,,,,,,,,,,,,,,,,,,,,,,,,,,,,,,,,,,,,,,,,,,,,,,,,,,,,,,,,,,
,,,,,,NEB-FLT-1021,,,,,NEB-FLT-1021,NEBFLT1021 Slyde King FlashLt,,,,ACG Brands (1154),ACG Brands,,,NEB-FLT-1021,,,"ACG Brands, Product, NEB-FLT-1021",PRODUCT,NEB-FLT-1021 Product,Product,,,,,,,,,,,,,,,,,,,,,,,,,,,,Product,,,,,,,,,,,,,,,,,,,,,,,,,,,,,,,,,,,,,,,,,,,,,,,,,,,,,,,,,,,,,,,,,,,,,,,,,,,,,,,,,,,,,,,,,,,,,,,,,,,,,,,,,,,,,,,,,,,,,,,,,,,,,,,,,,,,,,,,,,,,,,,,,,,,,,,,,,,,,,,,,,,,,,,,,,,,,,,,,,,,,,,,,,,,,,,,,,,,,
,,,,,,NEB-FLT-0053,,,,,NEB-FLT-0053,NEBFLT0053 2600L Flash Light,,,,ACG Brands (1154),ACG Brands,,,NEB-FLT-0053,,,"ACG Brands, Product, NEB-FLT-0053",PRODUCT,NEB-FLT-0053 Product,Product,,,,,,,,,,,,,,,,,,,,,,,,,,,,Product,,,,,,,,,,,,,,,,,,,,,,,,,,,,,,,,,,,,,,,,,,,,,,,,,,,,,,,,,,,,,,,,,,,,,,,,,,,,,,,,,,,,,,,,,,,,,,,,,,,,,,,,,,,,,,,,,,,,,,,,,,,,,,,,,,,,,,,,,,,,,,,,,,,,,,,,,,,,,,,,,,,,,,,,,,,,,,,,,,,,,,,,,,,,,,,,,,,,,
,,,,,,97708,,,,,97708,97708 Police 800L Headlight,,,Police Security,Police Security (9470),Police Security,Police Security,Police Security,97708,,,"Police Security, Police Security, Product, 97708",PRODUCT,Police Security 97708 Product,Police Security Product,,,,,,,,,,,,,,,,,,,,,,,,,,,,Product,,,,,,,,,,,,,,,,,,,,,,,,,,,,,,,,,,,,,,,,,,,,,,,,,,,,,,,,,,,,,,,,,,,,,,,,,,,,,,,,,,,,,,,,,,,,,,,,,,,,,,,,,,,,,,,,,,,,,,,,,,,,,,,,,,,,,,,,,,,,,,,,,,,,,,,,,,,,,,,,,,,,,,,,,,,,,,,,,,,,,,,,,,,,,,,,,,,,,
,,,,,,WORK6000XLTPPLUG,,,,,WORK6000XLTPPLUG,6000L Twin Head Work Light,,,Feit Electric,Feit Electric (3468),Feit Electric,Feit Electric,Feit Electric,WORK6000XLTPPLUG,,,"Feit Electric, Feit Electric, Product, WORK6000XLTPPLUG",PRODUCT,Feit Electric WORK6000XLTPPLUG Product,Feit Electric Product,,,,,,,,,,,,,,,,,,,,,,,,,,,,Product,,,,,,,,,,,,,,,,,,,,,,,,,,,,,,,,,,,,,,,,,,,,,,,,,,,,,,,,,,,,,,,,,,,,,,,,,,,,,,,,,,,,,,,,,,,,,,,,,,,,,,,,,,,,,,,,,,,,,,,,,,,,,,,,,,,,,,,,,,,,,,,,,,,,,,,,,,,,,,,,,,,,,,,,,,,,,,,,,,,,,,,,,,,,,,,,,,,,,
,,,,,,HOM2040M200PRB,,,,,HOM2040M200PRB,HOM2040M200PRB 200A Load Cntr,,,,Square D Con Prod Dv (6825),Square D Con Prod Dv,,,HOM2040M200PRB,,,"Square D Con Prod Dv, Product, HOM2040M200PRB",PRODUCT,HOM2040M200PRB Product,Product,,,,,,,,,,,,,,,,,,,,,,,,,,,,Product,,,,,,,,,,,,,,,,,,,,,,,,,,,,,,,,,,,,,,,,,,,,,,,,,,,,,,,,,,,,,,,,,,,,,,,,,,,,,,,,,,,,,,,,,,,,,,,,,,,,,,,,,,,,,,,,,,,,,,,,,,,,,,,,,,,,,,,,,,,,,,,,,,,,,,,,,,,,,,,,,,,,,,,,,,,,,,,,,,,,,,,,,,,,,,,,,,,,,
,,,,,,HOM3060L225PGC,,,,,HOM3060L225PGC,HOM3060L225PGC 225 Load Center,,,Square D,Square D Con Prod Dv (6825),Square D Con Prod Dv,Square D,Square D,HOM3060L225PGC,,,"Square D Con Prod Dv, Square D, Product, HOM3060L225PGC",PRODUCT,Square D HOM3060L225PGC Product,Square D Product,,,,,,,,,,,,,,,,,,,,,,,,,,,,Product,,,,,,,,,,,,,,,,,,,,,,,,,,,,,,,,,,,,,,,,,,,,,,,,,,,,,,,,,,,,,,,,,,,,,,,,,,,,,,,,,,,,,,,,,,,,,,,,,,,,,,,,,,,,,,,,,,,,,,,,,,,,,,,,,,,,,,,,,,,,,,,,,,,,,,,,,,,,,,,,,,,,,,,,,,,,,,,,,,,,,,,,,,,,,,,,,,,,,
,,,,,,QO612L100RBCP,,,,,QO612L100RBCP,QO612L100RBCP 100A Load Center,,,Square D,Square D Con Prod Dv (6825),Square D Con Prod Dv,Square D,Square D,QO612L100RBCP,,,"Square D Con Prod Dv, Square D, Product, QO612L100RBCP",PRODUCT,Square D QO612L100RBCP Product,Square D Product,,,,,,,,,,,,,,,,,,,,,,,,,,,,Product,,,,,,,,,,,,,,,,,,,,,,,,,,,,,,,,,,,,,,,,,,,,,,,,,,,,,,,,,,,,,,,,,,,,,,,,,,,,,,,,,,,,,,,,,,,,,,,,,,,,,,,,,,,,,,,,,,,,,,,,,,,,,,,,,,,,,,,,,,,,,,,,,,,,,,,,,,,,,,,,,,,,,,,,,,,,,,,,,,,,,,,,,,,,,,,,,,,,,
,,,,,,13093005,,,,,13093005,4/0 Aluminum Entrance Cable (Linear Foot),,,,Southwire/g Turner (6603),Southwire/g Turner,,,13093005,,,"Southwire/g Turner, Product, 13093005, Material Aluminum",PRODUCT,13093005 Product With Aluminum,"Product, Aluminum, Aluminum",,,Material: Aluminum,,,,,,,,,,,,,,,,,,,,,,,,,Product,Material,Aluminum,,,,,,,,,,,,,,,,,,,,,,,,,,,,,,,,,,,,,,,,,,,,,,,,,,,,,,,,,,,,,,,,,,,,,,,,,,,,,,,,,,,,,,,,,,,,,,,,,,,,,,,,,,,,,,,,,,,,,,,,,,,,,,,,,,,,,,,,,,,,,,,,,,,,,,,,,,,,,,,,,,,,,,,,,,,,,,,,,,,,,,,,,,,,,,,,,,,
,,,,,,12-4 SO,,,,,12-4 SO,12-4 SO Cord (Linear Foot),,,,-,,,,12-4 SO,,,"Product, 12-4 SO",PRODUCT,12-4 SO Product,Product,,,,,,,,,,,,,,,,,,,,,,,,,,,,Product,,,,,,,,,,,,,,,,,,,,,,,,,,,,,,,,,,,,,,,,,,,,,,,,,,,,,,,,,,,,,,,,,,,,,,,,,,,,,,,,,,,,,,,,,,,,,,,,,,,,,,,,,,,,,,,,,,,,,,,,,,,,,,,,,,,,,,,,,,,,,,,,,,,,,,,,,,,,,,,,,,,,,,,,,,,,,,,,,,,,,,,,,,,,,,,,,,,,,
,,,,,,96263-46-06,,,,,96263-46-06,96263-46-06 CAT5E Wire (Linear Foot),,,,Woods Wire Southwire (7579),Woods Wire Southwire,,,96263-46-06,,,"Woods Wire Southwire, Product, 96263-46-06",PRODUCT,96263-46-06 Product,Product,,,,,,,,,,,,,,,,,,,,,,,,,,,,Product,,,,,,,,,,,,,,,,,,,,,,,,,,,,,,,,,,,,,,,,,,,,,,,,,,,,,,,,,,,,,,,,,,,,,,,,,,,,,,,,,,,,,,,,,,,,,,,,,,,,,,,,,,,,,,,,,,,,,,,,,,,,,,,,,,,,,,,,,,,,,,,,,,,,,,,,,,,,,,,,,,,,,,,,,,,,,,,,,,,,,,,,,,,,,,,,,,,,,
,,,,,,R50003-ID,,,,,R50003-ID,16-2 Stranded Wire CL3 500' (Linear Foot),,,,Southwire/g Turner (6603),Southwire/g Turner,,,R50003-ID,,,"Southwire/g Turner, Product, R50003-ID, Unmapped Dimension 1 500 ft",PRODUCT,R50003-ID Product With 500 ft,"Product, 500 ft",,,Unmapped Dimension 1: 500 ft,,,,,,,,,,,,,,,,,,,,,,,,,Product,Unmapped Dimension 1,500,ft,,,,,,,,,,,,,,,,,,,,,,,,,,,,,,,,,,,,,,,,,,,,,,,,,,,,,,,,,,,,,,,,,,,,,,,,,,,,,,,,,,,,,,,,,,,,,,,,,,,,,,,,,,,,,,,,,,,,,,,,,,,,,,,,,,,,,,,,,,,,,,,,,,,,,,,,,,,,,,,,,,,,,,,,,,,,,,,,,,,,,,,,,,,,,,,,,,
,,,,,,10-4 SO,,,,,10-4 SO,10-4 SO Cord (Linear Foot),,,,Southwire/g Turner (6603),Southwire/g Turner,,,10-4 SO,,,"Southwire/g Turner, Product, 10-4 SO",PRODUCT,10-4 SO Product,Product,,,,,,,,,,,,,,,,,,,,,,,,,,,,Product,,,,,,,,,,,,,,,,,,,,,,,,,,,,,,,,,,,,,,,,,,,,,,,,,,,,,,,,,,,,,,,,,,,,,,,,,,,,,,,,,,,,,,,,,,,,,,,,,,,,,,,,,,,,,,,,,,,,,,,,,,,,,,,,,,,,,,,,,,,,,,,,,,,,,,,,,,,,,,,,,,,,,,,,,,,,,,,,,,,,,,,,,,,,,,,,,,,,,
,,,,,,23346-0408,,,,,23346-0408,23346-0408 Wire 16/3 SJEWA 250 (Linear Foot),,,,-,,,,23346-0408,,,"Product, 23346-0408",PRODUCT,23346-0408 Product,Product,,,,,,,,,,,,,,,,,,,,,,,,,,,,Product,,,,,,,,,,,,,,,,,,,,,,,,,,,,,,,,,,,,,,,,,,,,,,,,,,,,,,,,,,,,,,,,,,,,,,,,,,,,,,,,,,,,,,,,,,,,,,,,,,,,,,,,,,,,,,,,,,,,,,,,,,,,,,,,,,,,,,,,,,,,,,,,,,,,,,,,,,,,,,,,,,,,,,,,,,,,,,,,,,,,,,,,,,,,,,,,,,,,,
,,,,,,2/2/4 UD ALUM,,,,,2/2/4 UD ALUM,2/2/4 UD Aluminum Triplex Wire (Linear Foot),,,,Southwire/g Turner (6603),Southwire/g Turner,,,2/2/4 UD ALUM,,,"Southwire/g Turner, Product, 2/2/4 UD ALUM, Material Aluminum",PRODUCT,2/2/4 UD ALUM Product With Aluminum,"Product, Aluminum, Aluminum",,,Material: Aluminum,,,,,,,,,,,,,,,,,,,,,,,,,Product,Material,Aluminum,,,,,,,,,,,,,,,,,,,,,,,,,,,,,,,,,,,,,,,,,,,,,,,,,,,,,,,,,,,,,,,,,,,,,,,,,,,,,,,,,,,,,,,,,,,,,,,,,,,,,,,,,,,,,,,,,,,,,,,,,,,,,,,,,,,,,,,,,,,,,,,,,,,,,,,,,,,,,,,,,,,,,,,,,,,,,,,,,,,,,,,,,,,,,,,,,,,
,,,,,,55418901,,,,,55418901,6/6/6 UD Triplex Aluminum Wire,,,,Southwire/g Turner (6603),Southwire/g Turner,,,55418901,,,"Southwire/g Turner, Product, 55418901, Material Aluminum",PRODUCT,55418901 Product With Aluminum,"Product, Aluminum, Aluminum",,,Material: Aluminum,,,,,,,,,,,,,,,,,,,,,,,,,Product,Material,Aluminum,,,,,,,,,,,,,,,,,,,,,,,,,,,,,,,,,,,,,,,,,,,,,,,,,,,,,,,,,,,,,,,,,,,,,,,,,,,,,,,,,,,,,,,,,,,,,,,,,,,,,,,,,,,,,,,,,,,,,,,,,,,,,,,,,,,,,,,,,,,,,,,,,,,,,,,,,,,,,,,,,,,,,,,,,,,,,,,,,,,,,,,,,,,,,,,,,,,
,,,,,,CG50K,,,,,CG50K,"CG50K 1/2"" Cord Grip Kit",,,,Fenton Bros Electric Inc (FENBR),Fenton Bros Electric Inc,,,CG50K,,,"Fenton Bros Electric Inc, Product, CG50K, Unmapped Dimension 1 1/2 in",PRODUCT,"CG50K Product With 1/2 in, Kit","Product, 1/2 in, Kit",,,Unmapped Dimension 1: 1/2 in,Tool Form: Kit,,,,,,,,,,,,,,,,,,,,,,,,Product,Unmapped Dimension 1,1/2,in,Tool Form,Kit,,,,,,,,,,,,,,,,,,,,,,,,,,,,,,,,,,,,,,,,,,,,,,,,,,,,,,,,,,,,,,,,,,,,,,,,,,,,,,,,,,,,,,,,,,,,,,,,,,,,,,,,,,,,,,,,,,,,,,,,,,,,,,,,,,,,,,,,,,,,,,,,,,,,,,,,,,,,,,,,,,,,,,,,,,,,,,,,,,,,,,,,,,,,,,,,
,,,,,,R02-D215P-1RW,Electrical,Wiring & Boxes,Electrical Wiring & Boxes,,R02-D215P-1RW,R02D215P1RW 15A Mini Outlet Wh,,,Leviton,Leviton Mfg Co (4927),Leviton Mfg Co,Leviton,Leviton,R02-D215P-1RW,,Electrical>Wiring & Boxes>Electrical Wiring & Boxes,"Leviton Mfg Co, Leviton, Electrical Wiring & Boxes, R02-D215P-1RW",ELECTRICAL WIRING & BOXES,Leviton R02-D215P-1RW Electrical Wiring & Boxes,Leviton Electrical Wiring & Boxes,,,,,,,,,,,,,,,,,,,,,,,,,,,,Electrical Wiring & Boxes,,,,,,,,,,,,,,,,,,,,,,,,,,,,,,,,,,,,,,,,,,,,,,,,,,,,,,,,,,,,,,,,,,,,,,,,,,,,,,,,,,,,,,,,,,,,,,,,,,,,,,,,,,,,,,,,,,,,,,,,,,,,,,,,,,,,,,,,,,,,,,,,,,,,,,,,,,,,,,,,,,,,,,,,,,,,,,,,,,,,,,,,,,,,,,,,,,,,,
,,,,,,PBUC013,,,,,PBUC013,PBUC013 15A Wall Tap w/USB,,,Prime,Prime Wire & Cable (3562),Prime Wire & Cable,Prime,Prime,PBUC013,,,"Prime Wire & Cable, Prime, Product, PBUC013",PRODUCT,Prime PBUC013 Product,Prime Product,,,,,,,,,,,,,,,,,,,,,,,,,,,,Product,,,,,,,,,,,,,,,,,,,,,,,,,,,,,,,,,,,,,,,,,,,,,,,,,,,,,,,,,,,,,,,,,,,,,,,,,,,,,,,,,,,,,,,,,,,,,,,,,,,,,,,,,,,,,,,,,,,,,,,,,,,,,,,,,,,,,,,,,,,,,,,,,,,,,,,,,,,,,,,,,,,,,,,,,,,,,,,,,,,,,,,,,,,,,,,,,,,,,
,,,,,,R00-GFNT1-00K,Electrical,Wiring & Boxes,Electrical Wiring & Boxes,,R00-GFNT1-00K,R00GFNT100K 15A Outlet Br,,,Leviton,Leviton Mfg Co (4927),Leviton Mfg Co,Leviton,Leviton,R00-GFNT1-00K,,Electrical>Wiring & Boxes>Electrical Wiring & Boxes,"Leviton Mfg Co, Leviton, Electrical Wiring & Boxes, R00-GFNT1-00K",ELECTRICAL WIRING & BOXES,Leviton R00-GFNT1-00K Electrical Wiring & Boxes,Leviton Electrical Wiring & Boxes,,,,,,,,,,,,,,,,,,,,,,,,,,,,Electrical Wiring & Boxes,,,,,,,,,,,,,,,,,,,,,,,,,,,,,,,,,,,,,,,,,,,,,,,,,,,,,,,,,,,,,,,,,,,,,,,,,,,,,,,,,,,,,,,,,,,,,,,,,,,,,,,,,,,,,,,,,,,,,,,,,,,,,,,,,,,,,,,,,,,,,,,,,,,,,,,,,,,,,,,,,,,,,,,,,,,,,,,,,,,,,,,,,,,,,,,,,,,,,
,,,,,,R92-GFWT1-0KW,Electrical,Wiring & Boxes,Electrical Wiring & Boxes,,R92-GFWT1-0KW,R92GFWT10KW 15A GFCI Outlet Wh,,,Leviton,Leviton Mfg Co (4927),Leviton Mfg Co,Leviton,Leviton,R92-GFWT1-0KW,,Electrical>Wiring & Boxes>Electrical Wiring & Boxes,"Leviton Mfg Co, Leviton, Electrical Wiring & Boxes, R92-GFWT1-0KW",ELECTRICAL WIRING & BOXES,Leviton R92-GFWT1-0KW Electrical Wiring & Boxes,Leviton Electrical Wiring & Boxes,,,,,,,,,,,,,,,,,,,,,,,,,,,,Electrical Wiring & Boxes,,,,,,,,,,,,,,,,,,,,,,,,,,,,,,,,,,,,,,,,,,,,,,,,,,,,,,,,,,,,,,,,,,,,,,,,,,,,,,,,,,,,,,,,,,,,,,,,,,,,,,,,,,,,,,,,,,,,,,,,,,,,,,,,,,,,,,,,,,,,,,,,,,,,,,,,,,,,,,,,,,,,,,,,,,,,,,,,,,,,,,,,,,,,,,,,,,,,,
,,,,,,R12-AGTR1-0KW,,,,,R12-AGTR1-0KW,R12AGTR10KW 15A GFCI Outler Wh,,,Leviton,Leviton Mfg Co (4927),Leviton Mfg Co,Leviton,Leviton,R12-AGTR1-0KW,,,"Leviton Mfg Co, Leviton, Product, R12-AGTR1-0KW",PRODUCT,Leviton R12-AGTR1-0KW Product,Leviton Product,,,,,,,,,,,,,,,,,,,,,,,,,,,,Product,,,,,,,,,,,,,,,,,,,,,,,,,,,,,,,,,,,,,,,,,,,,,,,,,,,,,,,,,,,,,,,,,,,,,,,,,,,,,,,,,,,,,,,,,,,,,,,,,,,,,,,,,,,,,,,,,,,,,,,,,,,,,,,,,,,,,,,,,,,,,,,,,,,,,,,,,,,,,,,,,,,,,,,,,,,,,,,,,,,,,,,,,,,,,,,,,,,,,
,,,,,,R62-GFTA1-0KW,Electrical,Wiring & Boxes,Electrical Wiring & Boxes,,R62-GFTA1-0KW,R92GFTA10KW 15A GFCI Outlet Wh,,,Leviton,Leviton Mfg Co (4927),Leviton Mfg Co,Leviton,Leviton,R62-GFTA1-0KW,,Electrical>Wiring & Boxes>Electrical Wiring & Boxes,"Leviton Mfg Co, Leviton, Electrical Wiring & Boxes, R62-GFTA1-0KW",ELECTRICAL WIRING & BOXES,Leviton R62-GFTA1-0KW Electrical Wiring & Boxes,Leviton Electrical Wiring & Boxes,,,,,,,,,,,,,,,,,,,,,,,,,,,,Electrical Wiring & Boxes,,,,,,,,,,,,,,,,,,,,,,,,,,,,,,,,,,,,,,,,,,,,,,,,,,,,,,,,,,,,,,,,,,,,,,,,,,,,,,,,,,,,,,,,,,,,,,,,,,,,,,,,,,,,,,,,,,,,,,,,,,,,,,,,,,,,,,,,,,,,,,,,,,,,,,,,,,,,,,,,,,,,,,,,,,,,,,,,,,,,,,,,,,,,,,,,,,,,,
,,,,,,165-04729-00C,,,,,165-04729-00C,1650472900C 15A 125V Cord Conn,,,Leviton,Leviton Mfg Co (4927),Leviton Mfg Co,Leviton,Leviton,165-04729-00C,,,"Leviton Mfg Co, Leviton, Product, 165-04729-00C, Voltage Rating 125 V",PRODUCT,Leviton 165-04729-00C Product With 125 V,"Leviton Product, 125 V",,,Voltage Rating: 125 V,,,,,,,,,,,,,,,,,,,,,,,,,Product,Voltage Rating,125,V,,,,,,,,,,,,,,,,,,,,,,,,,,,,,,,,,,,,,,,,,,,,,,,,,,,,,,,,,,,,,,,,,,,,,,,,,,,,,,,,,,,,,,,,,,,,,,,,,,,,,,,,,,,,,,,,,,,,,,,,,,,,,,,,,,,,,,,,,,,,,,,,,,,,,,,,,,,,,,,,,,,,,,,,,,,,,,,,,,,,,,,,,,,,,,,,,,
,,,,,,161-04720-00C,,,,,161-04720-00C,1610472000C 15A 125V Cord Conn,,,Leviton,Leviton Mfg Co (4927),Leviton Mfg Co,Leviton,Leviton,161-04720-00C,,,"Leviton Mfg Co, Leviton, Product, 161-04720-00C, Voltage Rating 125 V",PRODUCT,Leviton 161-04720-00C Product With 125 V,"Leviton Product, 125 V",,,Voltage Rating: 125 V,,,,,,,,,,,,,,,,,,,,,,,,,Product,Voltage Rating,125,V,,,,,,,,,,,,,,,,,,,,,,,,,,,,,,,,,,,,,,,,,,,,,,,,,,,,,,,,,,,,,,,,,,,,,,,,,,,,,,,,,,,,,,,,,,,,,,,,,,,,,,,,,,,,,,,,,,,,,,,,,,,,,,,,,,,,,,,,,,,,,,,,,,,,,,,,,,,,,,,,,,,,,,,,,,,,,,,,,,,,,,,,,,,,,,,,,,
,,,,,,R02-GUAC1-0BW,Electrical,Wiring & Boxes,Electrical Wiring & Boxes,,R02-GUAC1-0BW,R02GUAC10BW 15A/USB Outlet Wh,,,Leviton,Leviton Mfg Co (4927),Leviton Mfg Co,Leviton,Leviton,R02-GUAC1-0BW,,Electrical>Wiring & Boxes>Electrical Wiring & Boxes,"Leviton Mfg Co, Leviton, Electrical Wiring & Boxes, R02-GUAC1-0BW",ELECTRICAL WIRING & BOXES,Leviton R02-GUAC1-0BW Electrical Wiring & Boxes,Leviton Electrical Wiring & Boxes,,,,,,,,,,,,,,,,,,,,,,,,,,,,Electrical Wiring & Boxes,,,,,,,,,,,,,,,,,,,,,,,,,,,,,,,,,,,,,,,,,,,,,,,,,,,,,,,,,,,,,,,,,,,,,,,,,,,,,,,,,,,,,,,,,,,,,,,,,,,,,,,,,,,,,,,,,,,,,,,,,,,,,,,,,,,,,,,,,,,,,,,,,,,,,,,,,,,,,,,,,,,,,,,,,,,,,,,,,,,,,,,,,,,,,,,,,,,,,
,,,,,,R56-CBR15-00T,Electrical,Wiring & Boxes,Electrical Wiring & Boxes,,R56-CBR15-00T,R56CBR1500T 15A Outlet LA,,,Leviton,Leviton Mfg Co (4927),Leviton Mfg Co,Leviton,Leviton,R56-CBR15-00T,,Electrical>Wiring & Boxes>Electrical Wiring & Boxes,"Leviton Mfg Co, Leviton, Electrical Wiring & Boxes, R56-CBR15-00T",ELECTRICAL WIRING & BOXES,Leviton R56-CBR15-00T Electrical Wiring & Boxes,Leviton Electrical Wiring & Boxes,,,,,,,,,,,,,,,,,,,,,,,,,,,,Electrical Wiring & Boxes,,,,,,,,,,,,,,,,,,,,,,,,,,,,,,,,,,,,,,,,,,,,,,,,,,,,,,,,,,,,,,,,,,,,,,,,,,,,,,,,,,,,,,,,,,,,,,,,,,,,,,,,,,,,,,,,,,,,,,,,,,,,,,,,,,,,,,,,,,,,,,,,,,,,,,,,,,,,,,,,,,,,,,,,,,,,,,,,,,,,,,,,,,,,,,,,,,,,,
,,,,,,R20-05378-P00,,,,,R20-05378-P00,R2005378P00 6-50R Welder Outet,,,Leviton,Leviton Mfg Co (4927),Leviton Mfg Co,Leviton,Leviton,R20-05378-P00,,,"Leviton Mfg Co, Leviton, Product, R20-05378-P00",PRODUCT,Leviton R20-05378-P00 Product,Leviton Product,,,,,,,,,,,,,,,,,,,,,,,,,,,,Product,,,,,,,,,,,,,,,,,,,,,,,,,,,,,,,,,,,,,,,,,,,,,,,,,,,,,,,,,,,,,,,,,,,,,,,,,,,,,,,,,,,,,,,,,,,,,,,,,,,,,,,,,,,,,,,,,,,,,,,,,,,,,,,,,,,,,,,,,,,,,,,,,,,,,,,,,,,,,,,,,,,,,,,,,,,,,,,,,,,,,,,,,,,,,,,,,,,,,
,,,,,,WC1V12W-SG-UPC,,,,,WC1V12W-SG-UPC,WC1V12WSGUPC 1G Cover Wh,,,Southwire,Southwire/g Turner (6603),Southwire/g Turner,Southwire,Southwire,WC1V12W-SG-UPC,,,"Southwire/g Turner, Southwire, Product, WC1V12W-SG-UPC",PRODUCT,Southwire WC1V12W-SG-UPC Product,Southwire Product,,,,,,,,,,,,,,,,,,,,,,,,,,,,Product,,,,,,,,,,,,,,,,,,,,,,,,,,,,,,,,,,,,,,,,,,,,,,,,,,,,,,,,,,,,,,,,,,,,,,,,,,,,,,,,,,,,,,,,,,,,,,,,,,,,,,,,,,,,,,,,,,,,,,,,,,,,,,,,,,,,,,,,,,,,,,,,,,,,,,,,,,,,,,,,,,,,,,,,,,,,,,,,,,,,,,,,,,,,,,,,,,,,,
,,,,,,R51-GSRA1-THD,,,,,R51-GSRA1-THD,R5GSRA1THD 15A GFCI Plug,,,Leviton,Leviton Mfg Co (4927),Leviton Mfg Co,Leviton,Leviton,R51-GSRA1-THD,,,"Leviton Mfg Co, Leviton, Product, R51-GSRA1-THD",PRODUCT,Leviton R51-GSRA1-THD Product,Leviton Product,,,,,,,,,,,,,,,,,,,,,,,,,,,,Product,,,,,,,,,,,,,,,,,,,,,,,,,,,,,,,,,,,,,,,,,,,,,,,,,,,,,,,,,,,,,,,,,,,,,,,,,,,,,,,,,,,,,,,,,,,,,,,,,,,,,,,,,,,,,,,,,,,,,,,,,,,,,,,,,,,,,,,,,,,,,,,,,,,,,,,,,,,,,,,,,,,,,,,,,,,,,,,,,,,,,,,,,,,,,,,,,,,,,
,,,,,,R62-CBR15-00W,Electrical,Wiring & Boxes,Electrical Wiring & Boxes,,R62-CBR15-00W,R62CBR1500W 15A Outlet Wh,,,Leviton,Leviton Mfg Co (4927),Leviton Mfg Co,Leviton,Leviton,R62-CBR15-00W,,Electrical>Wiring & Boxes>Electrical Wiring & Boxes,"Leviton Mfg Co, Leviton, Electrical Wiring & Boxes, R62-CBR15-00W",ELECTRICAL WIRING & BOXES,Leviton R62-CBR15-00W Electrical Wiring & Boxes,Leviton Electrical Wiring & Boxes,,,,,,,,,,,,,,,,,,,,,,,,,,,,Electrical Wiring & Boxes,,,,,,,,,,,,,,,,,,,,,,,,,,,,,,,,,,,,,,,,,,,,,,,,,,,,,,,,,,,,,,,,,,,,,,,,,,,,,,,,,,,,,,,,,,,,,,,,,,,,,,,,,,,,,,,,,,,,,,,,,,,,,,,,,,,,,,,,,,,,,,,,,,,,,,,,,,,,,,,,,,,,,,,,,,,,,,,,,,,,,,,,,,,,,,,,,,,,,
,,,,,,S03-05226-IS,Electrical,Wiring & Boxes,Electrical Wiring & Boxes,,S03-05226-IS,S0305226IS IV Switch / Pilot,,,Leviton,Leviton Mfg Co (4927),Leviton Mfg Co,Leviton,Leviton,S03-05226-IS,,Electrical>Wiring & Boxes>Electrical Wiring & Boxes,"Leviton Mfg Co, Leviton, Electrical Wiring & Boxes, S03-05226-IS",ELECTRICAL WIRING & BOXES,Leviton S03-05226-IS Electrical Wiring & Boxes,Leviton Electrical Wiring & Boxes,,,,,,,,,,,,,,,,,,,,,,,,,,,,Electrical Wiring & Boxes,,,,,,,,,,,,,,,,,,,,,,,,,,,,,,,,,,,,,,,,,,,,,,,,,,,,,,,,,,,,,,,,,,,,,,,,,,,,,,,,,,,,,,,,,,,,,,,,,,,,,,,,,,,,,,,,,,,,,,,,,,,,,,,,,,,,,,,,,,,,,,,,,,,,,,,,,,,,,,,,,,,,,,,,,,,,,,,,,,,,,,,,,,,,,,,,,,,,,
,,,,,,174-0CSB3-15W,Electrical,Wiring & Boxes,Electrical Wiring & Boxes,,174-0CSB3-15W,174-OCSB3-15A Toggle 3-Way Switch Wh,,,,Leviton Mfg Co (4927),Leviton Mfg Co,,,174-0CSB3-15W,,Electrical>Wiring & Boxes>Electrical Wiring & Boxes,"Leviton Mfg Co, Electrical Wiring & Boxes, 174-0CSB3-15W",ELECTRICAL WIRING & BOXES,174-0CSB3-15W Electrical Wiring & Boxes,Electrical Wiring & Boxes,,,,,,,,,,,,,,,,,,,,,,,,,,,,Electrical Wiring & Boxes,,,,,,,,,,,,,,,,,,,,,,,,,,,,,,,,,,,,,,,,,,,,,,,,,,,,,,,,,,,,,,,,,,,,,,,,,,,,,,,,,,,,,,,,,,,,,,,,,,,,,,,,,,,,,,,,,,,,,,,,,,,,,,,,,,,,,,,,,,,,,,,,,,,,,,,,,,,,,,,,,,,,,,,,,,,,,,,,,,,,,,,,,,,,,,,,,,,,,
,,,,,,R50-0SL13-000,,,,,R50-0SL13-000,T50-0SL13000 1G Wallplate SS - Blank,,,Leviton,Leviton Mfg Co (4927),Leviton Mfg Co,Leviton,Leviton,R50-0SL13-000,,,"Leviton Mfg Co, Leviton, Product, R50-0SL13-000",PRODUCT,Leviton R50-0SL13-000 Product,Leviton Product,,,,,,,,,,,,,,,,,,,,,,,,,,,,Product,,,,,,,,,,,,,,,,,,,,,,,,,,,,,,,,,,,,,,,,,,,,,,,,,,,,,,,,,,,,,,,,,,,,,,,,,,,,,,,,,,,,,,,,,,,,,,,,,,,,,,,,,,,,,,,,,,,,,,,,,,,,,,,,,,,,,,,,,,,,,,,,,,,,,,,,,,,,,,,,,,,,,,,,,,,,,,,,,,,,,,,,,,,,,,,,,,,,,
,,,,,,R52-0PJ13-00W,,,,,R52-0PJ13-00W,R520PJ1300W 1G Wallplate Wh - Blank,,,Leviton,Leviton Mfg Co (4927),Leviton Mfg Co,Leviton,Leviton,R52-0PJ13-00W,,,"Leviton Mfg Co, Leviton, Product, R52-0PJ13-00W",PRODUCT,Leviton R52-0PJ13-00W Product,Leviton Product,,,,,,,,,,,,,,,,,,,,,,,,,,,,Product,,,,,,,,,,,,,,,,,,,,,,,,,,,,,,,,,,,,,,,,,,,,,,,,,,,,,,,,,,,,,,,,,,,,,,,,,,,,,,,,,,,,,,,,,,,,,,,,,,,,,,,,,,,,,,,,,,,,,,,,,,,,,,,,,,,,,,,,,,,,,,,,,,,,,,,,,,,,,,,,,,,,,,,,,,,,,,,,,,,,,,,,,,,,,,,,,,,,,
,,,,,,XOU2470BCGS,Appliances,Major Appliances,Refrigerators,,XOU2470BCGS,XOU2470BCGS Tall Beverage Center SS,,,,Appliance Dealers Cooperative (APPDE),Appliance Dealers Cooperative,,,XOU2470BCGS,,Appliances>Major Appliances>Refrigerators,"Appliance Dealers Cooperative, Refrigerators, XOU2470BCGS",REFRIGERATORS,XOU2470BCGS Refrigerators,Refrigerators,,,,,,,,,,,,,,,,,,,,,,,,,,,,Refrigerators,,,,,,,,,,,,,,,,,,,,,,,,,,,,,,,,,,,,,,,,,,,,,,,,,,,,,,,,,,,,,,,,,,,,,,,,,,,,,,,,,,,,,,,,,,,,,,,,,,,,,,,,,,,,,,,,,,,,,,,,,,,,,,,,,,,,,,,,,,,,,,,,,,,,,,,,,,,,,,,,,,,,,,,,,,,,,,,,,,,,,,,,,,,,,,,,,,,,,
,,,,,,XOU24BCGSR,Appliances,Major Appliances,Refrigerators,,XOU24BCGSR,XOU24BCGSR Beverage Center SS,,,,Appliance Dealers Cooperative (APPDE),Appliance Dealers Cooperative,,,XOU24BCGSR,,Appliances>Major Appliances>Refrigerators,"Appliance Dealers Cooperative, Refrigerators, XOU24BCGSR",REFRIGERATORS,XOU24BCGSR Refrigerators,Refrigerators,,,,,,,,,,,,,,,,,,,,,,,,,,,,Refrigerators,,,,,,,,,,,,,,,,,,,,,,,,,,,,,,,,,,,,,,,,,,,,,,,,,,,,,,,,,,,,,,,,,,,,,,,,,,,,,,,,,,,,,,,,,,,,,,,,,,,,,,,,,,,,,,,,,,,,,,,,,,,,,,,,,,,,,,,,,,,,,,,,,,,,,,,,,,,,,,,,,,,,,,,,,,,,,,,,,,,,,,,,,,,,,,,,,,,,,
,,,,,,XOU24WDZGBR,Appliances,Major Appliances,Refrigerators,,XOU24WDZGBR,XOU24WDZGBR Beverage Center Bk,,,,Appliance Dealers Cooperative (APPDE),Appliance Dealers Cooperative,,,XOU24WDZGBR,,Appliances>Major Appliances>Refrigerators,"Appliance Dealers Cooperative, Refrigerators, XOU24WDZGBR",REFRIGERATORS,XOU24WDZGBR Refrigerators,Refrigerators,,,,,,,,,,,,,,,,,,,,,,,,,,,,Refrigerators,,,,,,,,,,,,,,,,,,,,,,,,,,,,,,,,,,,,,,,,,,,,,,,,,,,,,,,,,,,,,,,,,,,,,,,,,,,,,,,,,,,,,,,,,,,,,,,,,,,,,,,,,,,,,,,,,,,,,,,,,,,,,,,,,,,,,,,,,,,,,,,,,,,,,,,,,,,,,,,,,,,,,,,,,,,,,,,,,,,,,,,,,,,,,,,,,,,,,
,,,,,,C7CDAAS3PD3,,,,,C7CDAAS3PD3,C7CDAAS3PD3 Café Drip Coffee Maker MB,,,,Appliance Dealers Cooperative (APPDE),Appliance Dealers Cooperative,,,C7CDAAS3PD3,,,"Appliance Dealers Cooperative, Product, C7CDAAS3PD3",PRODUCT,C7CDAAS3PD3 Product,Product,,,,,,,,,,,,,,,,,,,,,,,,,,,,Product,,,,,,,,,,,,,,,,,,,,,,,,,,,,,,,,,,,,,,,,,,,,,,,,,,,,,,,,,,,,,,,,,,,,,,,,,,,,,,,,,,,,,,,,,,,,,,,,,,,,,,,,,,,,,,,,,,,,,,,,,,,,,,,,,,,,,,,,,,,,,,,,,,,,,,,,,,,,,,,,,,,,,,,,,,,,,,,,,,,,,,,,,,,,,,,,,,,,,
,,,,,,C7CDAAS4PW3,,,,,C7CDAAS4PW3,C7CDAAS4PW3 Café Drip Coffee Maker MW,,,,Appliance Dealers Cooperative (APPDE),Appliance Dealers Cooperative,,,C7CDAAS4PW3,,,"Appliance Dealers Cooperative, Product, C7CDAAS4PW3",PRODUCT,C7CDAAS4PW3 Product,Product,,,,,,,,,,,,,,,,,,,,,,,,,,,,Product,,,,,,,,,,,,,,,,,,,,,,,,,,,,,,,,,,,,,,,,,,,,,,,,,,,,,,,,,,,,,,,,,,,,,,,,,,,,,,,,,,,,,,,,,,,,,,,,,,,,,,,,,,,,,,,,,,,,,,,,,,,,,,,,,,,,,,,,,,,,,,,,,,,,,,,,,,,,,,,,,,,,,,,,,,,,,,,,,,,,,,,,,,,,,,,,,,,,,
,,,,,,C7CDABS2RS3,,,,,C7CDABS2RS3,C7CDABS2RS3 Cafe Coffee Maker,,,,Appliance Dealers Cooperative (APPDE),Appliance Dealers Cooperative,,,C7CDABS2RS3,,,"Appliance Dealers Cooperative, Product, C7CDABS2RS3",PRODUCT,C7CDABS2RS3 Product,Product,,,,,,,,,,,,,,,,,,,,,,,,,,,,Product,,,,,,,,,,,,,,,,,,,,,,,,,,,,,,,,,,,,,,,,,,,,,,,,,,,,,,,,,,,,,,,,,,,,,,,,,,,,,,,,,,,,,,,,,,,,,,,,,,,,,,,,,,,,,,,,,,,,,,,,,,,,,,,,,,,,,,,,,,,,,,,,,,,,,,,,,,,,,,,,,,,,,,,,,,,,,,,,,,,,,,,,,,,,,,,,,,,,,
,,,,,,C7CDABS3RD3,,,,,C7CDABS3RD3,C7CDABS3RD3 Café Coffee Maker MB,,,,Appliance Dealers Cooperative (APPDE),Appliance Dealers Cooperative,,,C7CDABS3RD3,,,"Appliance Dealers Cooperative, Product, C7CDABS3RD3",PRODUCT,C7CDABS3RD3 Product,Product,,,,,,,,,,,,,,,,,,,,,,,,,,,,Product,,,,,,,,,,,,,,,,,,,,,,,,,,,,,,,,,,,,,,,,,,,,,,,,,,,,,,,,,,,,,,,,,,,,,,,,,,,,,,,,,,,,,,,,,,,,,,,,,,,,,,,,,,,,,,,,,,,,,,,,,,,,,,,,,,,,,,,,,,,,,,,,,,,,,,,,,,,,,,,,,,,,,,,,,,,,,,,,,,,,,,,,,,,,,,,,,,,,,
,,,,,,C7CDABS4RW3,,,,,C7CDABS4RW3,C7CDABS4RW3 Café Coffee Maker MW,,,,Appliance Dealers Cooperative (APPDE),Appliance Dealers Cooperative,,,C7CDABS4RW3,,,"Appliance Dealers Cooperative, Product, C7CDABS4RW3",PRODUCT,C7CDABS4RW3 Product,Product,,,,,,,,,,,,,,,,,,,,,,,,,,,,Product,,,,,,,,,,,,,,,,,,,,,,,,,,,,,,,,,,,,,,,,,,,,,,,,,,,,,,,,,,,,,,,,,,,,,,,,,,,,,,,,,,,,,,,,,,,,,,,,,,,,,,,,,,,,,,,,,,,,,,,,,,,,,,,,,,,,,,,,,,,,,,,,,,,,,,,,,,,,,,,,,,,,,,,,,,,,,,,,,,,,,,,,,,,,,,,,,,,,,
,,,,,,C7CEBBS2RS3,,,,,C7CEBBS2RS3,C7CEBBS2RS3 Cafe Auto Espresso Machine SS,,,,Appliance Dealers Cooperative (APPDE),Appliance Dealers Cooperative,,,C7CEBBS2RS3,,,"Appliance Dealers Cooperative, Product, C7CEBBS2RS3",PRODUCT,C7CEBBS2RS3 Product,Product,,,,,,,,,,,,,,,,,,,,,,,,,,,,Product,,,,,,,,,,,,,,,,,,,,,,,,,,,,,,,,,,,,,,,,,,,,,,,,,,,,,,,,,,,,,,,,,,,,,,,,,,,,,,,,,,,,,,,,,,,,,,,,,,,,,,,,,,,,,,,,,,,,,,,,,,,,,,,,,,,,,,,,,,,,,,,,,,,,,,,,,,,,,,,,,,,,,,,,,,,,,,,,,,,,,,,,,,,,,,,,,,,,,
,,,,,,C7CEBBS4RW3,,,,,C7CEBBS4RW3,C7CEBBS4RW3 Café Auto Espresso Machine Wh,,,,Appliance Dealers Cooperative (APPDE),Appliance Dealers Cooperative,,,C7CEBBS4RW3,,,"Appliance Dealers Cooperative, Product, C7CEBBS4RW3",PRODUCT,C7CEBBS4RW3 Product,Product,,,,,,,,,,,,,,,,,,,,,,,,,,,,Product,,,,,,,,,,,,,,,,,,,,,,,,,,,,,,,,,,,,,,,,,,,,,,,,,,,,,,,,,,,,,,,,,,,,,,,,,,,,,,,,,,,,,,,,,,,,,,,,,,,,,,,,,,,,,,,,,,,,,,,,,,,,,,,,,,,,,,,,,,,,,,,,,,,,,,,,,,,,,,,,,,,,,,,,,,,,,,,,,,,,,,,,,,,,,,,,,,,,,
,,,,,,C7CESAS2RS3,,,,,C7CESAS2RS3,C7CESAS2RS3 Café Espresso SS,,,,Appliance Dealers Cooperative (APPDE),Appliance Dealers Cooperative,,,C7CESAS2RS3,,,"Appliance Dealers Cooperative, Product, C7CESAS2RS3",PRODUCT,C7CESAS2RS3 Product,Product,,,,,,,,,,,,,,,,,,,,,,,,,,,,Product,,,,,,,,,,,,,,,,,,,,,,,,,,,,,,,,,,,,,,,,,,,,,,,,,,,,,,,,,,,,,,,,,,,,,,,,,,,,,,,,,,,,,,,,,,,,,,,,,,,,,,,,,,,,,,,,,,,,,,,,,,,,,,,,,,,,,,,,,,,,,,,,,,,,,,,,,,,,,,,,,,,,,,,,,,,,,,,,,,,,,,,,,,,,,,,,,,,,,
,,,,,,C7CESAS3RD3,,,,,C7CESAS3RD3,C7CESAS3RD3 Café Espresso Machine MB,,,,Appliance Dealers Cooperative (APPDE),Appliance Dealers Cooperative,,,C7CESAS3RD3,,,"Appliance Dealers Cooperative, Product, C7CESAS3RD3",PRODUCT,C7CESAS3RD3 Product,Product,,,,,,,,,,,,,,,,,,,,,,,,,,,,Product,,,,,,,,,,,,,,,,,,,,,,,,,,,,,,,,,,,,,,,,,,,,,,,,,,,,,,,,,,,,,,,,,,,,,,,,,,,,,,,,,,,,,,,,,,,,,,,,,,,,,,,,,,,,,,,,,,,,,,,,,,,,,,,,,,,,,,,,,,,,,,,,,,,,,,,,,,,,,,,,,,,,,,,,,,,,,,,,,,,,,,,,,,,,,,,,,,,,,
,,,,,,C7CESAS4RW3,,,,,C7CESAS4RW3,C7CESAS4RW3 Cafe Espresso Wh,,,,Appliance Dealers Cooperative (APPDE),Appliance Dealers Cooperative,,,C7CESAS4RW3,,,"Appliance Dealers Cooperative, Product, C7CESAS4RW3",PRODUCT,C7CESAS4RW3 Product,Product,,,,,,,,,,,,,,,,,,,,,,,,,,,,Product,,,,,,,,,,,,,,,,,,,,,,,,,,,,,,,,,,,,,,,,,,,,,,,,,,,,,,,,,,,,,,,,,,,,,,,,,,,,,,,,,,,,,,,,,,,,,,,,,,,,,,,,,,,,,,,,,,,,,,,,,,,,,,,,,,,,,,,,,,,,,,,,,,,,,,,,,,,,,,,,,,,,,,,,,,,,,,,,,,,,,,,,,,,,,,,,,,,,,
,,,,,,WOSP30100SS,Appliances,Major Appliances,Cooking Appliances,,WOSP30100SS,WOSP30100SS Beko Wall Oven SS,,,,Appliance Dealers Cooperative (APPDE),Appliance Dealers Cooperative,,,WOSP30100SS,,Appliances>Major Appliances>Cooking Appliances,"Appliance Dealers Cooperative, Cooking Appliances, WOSP30100SS",COOKING APPLIANCES,WOSP30100SS Cooking Appliances,Cooking Appliances,,,,,,,,,,,,,,,,,,,,,,,,,,,,Cooking Appliances,,,,,,,,,,,,,,,,,,,,,,,,,,,,,,,,,,,,,,,,,,,,,,,,,,,,,,,,,,,,,,,,,,,,,,,,,,,,,,,,,,,,,,,,,,,,,,,,,,,,,,,,,,,,,,,,,,,,,,,,,,,,,,,,,,,,,,,,,,,,,,,,,,,,,,,,,,,,,,,,,,,,,,,,,,,,,,,,,,,,,,,,,,,,,,,,,,,,,
,,,,,,MSER2090S,Appliances,Major Appliances,Cooking Appliances,,MSER2090S,MSER2090S LG Microwave SS,,,,Appliance Dealers Cooperative (APPDE),Appliance Dealers Cooperative,,,MSER2090S,,Appliances>Major Appliances>Cooking Appliances,"Appliance Dealers Cooperative, Cooking Appliances, MSER2090S",COOKING APPLIANCES,MSER2090S Cooking Appliances,Cooking Appliances,,,,,,,,,,,,,,,,,,,,,,,,,,,,Cooking Appliances,,,,,,,,,,,,,,,,,,,,,,,,,,,,,,,,,,,,,,,,,,,,,,,,,,,,,,,,,,,,,,,,,,,,,,,,,,,,,,,,,,,,,,,,,,,,,,,,,,,,,,,,,,,,,,,,,,,,,,,,,,,,,,,,,,,,,,,,,,,,,,,,,,,,,,,,,,,,,,,,,,,,,,,,,,,,,,,,,,,,,,,,,,,,,,,,,,,,,
,,,,,,GCST16S1WSS,Appliances,Major Appliances,Cooking Appliances,,GCST16S1WSS,GCST16S1WSS GE Microwave SS,,,,Appliance Dealers Cooperative (APPDE),Appliance Dealers Cooperative,,,GCST16S1WSS,,Appliances>Major Appliances>Cooking Appliances,"Appliance Dealers Cooperative, Cooking Appliances, GCST16S1WSS",COOKING APPLIANCES,GCST16S1WSS Cooking Appliances,Cooking Appliances,,,,,,,,,,,,,,,,,,,,,,,,,,,,Cooking Appliances,,,,,,,,,,,,,,,,,,,,,,,,,,,,,,,,,,,,,,,,,,,,,,,,,,,,,,,,,,,,,,,,,,,,,,,,,,,,,,,,,,,,,,,,,,,,,,,,,,,,,,,,,,,,,,,,,,,,,,,,,,,,,,,,,,,,,,,,,,,,,,,,,,,,,,,,,,,,,,,,,,,,,,,,,,,,,,,,,,,,,,,,,,,,,,,,,,,,,
,,,,,,PCWK15C1WSS,Appliances,Major Appliances,Cooking Appliances,,PCWK15C1WSS,PCWK15C1WSS GE Microwave,,,,Appliance Dealers Cooperative (APPDE),Appliance Dealers Cooperative,,,PCWK15C1WSS,,Appliances>Major Appliances>Cooking Appliances,"Appliance Dealers Cooperative, Cooking Appliances, PCWK15C1WSS",COOKING APPLIANCES,PCWK15C1WSS Cooking Appliances,Cooking Appliances,,,,,,,,,,,,,,,,,,,,,,,,,,,,Cooking Appliances,,,,,,,,,,,,,,,,,,,,,,,,,,,,,,,,,,,,,,,,,,,,,,,,,,,,,,,,,,,,,,,,,,,,,,,,,,,,,,,,,,,,,,,,,,,,,,,,,,,,,,,,,,,,,,,,,,,,,,,,,,,,,,,,,,,,,,,,,,,,,,,,,,,,,,,,,,,,,,,,,,,,,,,,,,,,,,,,,,,,,,,,,,,,,,,,,,,,,
,,,,,,SMC2266KS,Appliances,Major Appliances,Cooking Appliances,,SMC2266KS,SMC2266KS Microwave SS Display Only,,,,Appliance Dealers Cooperative (APPDE),Appliance Dealers Cooperative,,,SMC2266KS,,Appliances>Major Appliances>Cooking Appliances,"Appliance Dealers Cooperative, Cooking Appliances, SMC2266KS",COOKING APPLIANCES,SMC2266KS Cooking Appliances,Cooking Appliances,,,,,,,,,,,,,,,,,,,,,,,,,,,,Cooking Appliances,,,,,,,,,,,,,,,,,,,,,,,,,,,,,,,,,,,,,,,,,,,,,,,,,,,,,,,,,,,,,,,,,,,,,,,,,,,,,,,,,,,,,,,,,,,,,,,,,,,,,,,,,,,,,,,,,,,,,,,,,,,,,,,,,,,,,,,,,,,,,,,,,,,,,,,,,,,,,,,,,,,,,,,,,,,,,,,,,,,,,,,,,,,,,,,,,,,,,
,,,,,,SMD2479JS,Appliances,Major Appliances,Cooking Appliances,,SMD2479JS,SMD2479JS Microwave Drawer SS Display Only,,,,Appliance Dealers Cooperative (APPDE),Appliance Dealers Cooperative,,,SMD2479JS,,Appliances>Major Appliances>Cooking Appliances,"Appliance Dealers Cooperative, Cooking Appliances, SMD2479JS",COOKING APPLIANCES,SMD2479JS Cooking Appliances,Cooking Appliances,,,,,,,,,,,,,,,,,,,,,,,,,,,,Cooking Appliances,,,,,,,,,,,,,,,,,,,,,,,,,,,,,,,,,,,,,,,,,,,,,,,,,,,,,,,,,,,,,,,,,,,,,,,,,,,,,,,,,,,,,,,,,,,,,,,,,,,,,,,,,,,,,,,,,,,,,,,,,,,,,,,,,,,,,,,,,,,,,,,,,,,,,,,,,,,,,,,,,,,,,,,,,,,,,,,,,,,,,,,,,,,,,,,,,,,,,
,,,,,,PEP9030DTBB,Appliances,Major Appliances,Cooking Appliances,,PEP9030DTBB,"PEP9030DTBB 30"" GE Cooktop Bk",,,,Appliance Dealers Cooperative (APPDE),Appliance Dealers Cooperative,,,PEP9030DTBB,,Appliances>Major Appliances>Cooking Appliances,"Appliance Dealers Cooperative, Cooking Appliances, PEP9030DTBB",COOKING APPLIANCES,PEP9030DTBB Cooking Appliances With 30 in,"Cooking Appliances, 30 in",,,Unmapped Dimension 1: 30 in,,,,,,,,,,,,,,,,,,,,,,,,,Cooking Appliances,Unmapped Dimension 1,30,in,,,,,,,,,,,,,,,,,,,,,,,,,,,,,,,,,,,,,,,,,,,,,,,,,,,,,,,,,,,,,,,,,,,,,,,,,,,,,,,,,,,,,,,,,,,,,,,,,,,,,,,,,,,,,,,,,,,,,,,,,,,,,,,,,,,,,,,,,,,,,,,,,,,,,,,,,,,,,,,,,,,,,,,,,,,,,,,,,,,,,,,,,,,,,,,,,,
,,,,,,CES700P3MD1,Appliances,Major Appliances,Cooking Appliances,,CES700P3MD1,"CES700P3MD1 Cafe 30"" Range Bk - Display",,,,Appliance Dealers Cooperative (APPDE),Appliance Dealers Cooperative,,,CES700P3MD1,,Appliances>Major Appliances>Cooking Appliances,"Appliance Dealers Cooperative, Cooking Appliances, CES700P3MD1",COOKING APPLIANCES,CES700P3MD1 Cooking Appliances With 30 in,"Cooking Appliances, 30 in",,,Unmapped Dimension 1: 30 in,,,,,,,,,,,,,,,,,,,,,,,,,Cooking Appliances,Unmapped Dimension 1,30,in,,,,,,,,,,,,,,,,,,,,,,,,,,,,,,,,,,,,,,,,,,,,,,,,,,,,,,,,,,,,,,,,,,,,,,,,,,,,,,,,,,,,,,,,,,,,,,,,,,,,,,,,,,,,,,,,,,,,,,,,,,,,,,,,,,,,,,,,,,,,,,,,,,,,,,,,,,,,,,,,,,,,,,,,,,,,,,,,,,,,,,,,,,,,,,,,,,
,,,,,,PS960YPFS,Appliances,Major Appliances,Cooking Appliances,,PS960YPFS,"PS960YPFS 30"" GE Electric Range SS - Display Only",,,,Appliance Dealers Cooperative (APPDE),Appliance Dealers Cooperative,,,PS960YPFS,,Appliances>Major Appliances>Cooking Appliances,"Appliance Dealers Cooperative, Cooking Appliances, PS960YPFS",COOKING APPLIANCES,PS960YPFS Cooking Appliances With 30 in,"Cooking Appliances, 30 in",,,Unmapped Dimension 1: 30 in,,,,,,,,,,,,,,,,,,,,,,,,,Cooking Appliances,Unmapped Dimension 1,30,in,,,,,,,,,,,,,,,,,,,,,,,,,,,,,,,,,,,,,,,,,,,,,,,,,,,,,,,,,,,,,,,,,,,,,,,,,,,,,,,,,,,,,,,,,,,,,,,,,,,,,,,,,,,,,,,,,,,,,,,,,,,,,,,,,,,,,,,,,,,,,,,,,,,,,,,,,,,,,,,,,,,,,,,,,,,,,,,,,,,,,,,,,,,,,,,,,,
,,,,,,PB900YVFS,Appliances,Major Appliances,Cooking Appliances,,PB900YVFS,"PB900YVFS Elect 30"" Range SS",,,,Appliance Dealers Cooperative (APPDE),Appliance Dealers Cooperative,,,PB900YVFS,,Appliances>Major Appliances>Cooking Appliances,"Appliance Dealers Cooperative, Cooking Appliances, PB900YVFS",COOKING APPLIANCES,PB900YVFS Cooking Appliances With 30 in,"Cooking Appliances, 30 in",,,Unmapped Dimension 1: 30 in,,,,,,,,,,,,,,,,,,,,,,,,,Cooking Appliances,Unmapped Dimension 1,30,in,,,,,,,,,,,,,,,,,,,,,,,,,,,,,,,,,,,,,,,,,,,,,,,,,,,,,,,,,,,,,,,,,,,,,,,,,,,,,,,,,,,,,,,,,,,,,,,,,,,,,,,,,,,,,,,,,,,,,,,,,,,,,,,,,,,,,,,,,,,,,,,,,,,,,,,,,,,,,,,,,,,,,,,,,,,,,,,,,,,,,,,,,,,,,,,,,,
,,,,,,PCFE3080AF,Appliances,Major Appliances,Cooking Appliances,,PCFE3080AF,"PCFE3080AF 30"" Elect Range SS - Display Only",,,,Appliance Dealers Cooperative (APPDE),Appliance Dealers Cooperative,,,PCFE3080AF,,Appliances>Major Appliances>Cooking Appliances,"Appliance Dealers Cooperative, Cooking Appliances, PCFE3080AF",COOKING APPLIANCES,PCFE3080AF Cooking Appliances With 30 in,"Cooking Appliances, 30 in",,,Unmapped Dimension 1: 30 in,,,,,,,,,,,,,,,,,,,,,,,,,Cooking Appliances,Unmapped Dimension 1,30,in,,,,,,,,,,,,,,,,,,,,,,,,,,,,,,,,,,,,,,,,,,,,,,,,,,,,,,,,,,,,,,,,,,,,,,,,,,,,,,,,,,,,,,,,,,,,,,,,,,,,,,,,,,,,,,,,,,,,,,,,,,,,,,,,,,,,,,,,,,,,,,,,,,,,,,,,,,,,,,,,,,,,,,,,,,,,,,,,,,,,,,,,,,,,,,,,,,
,,,,,,SLER30524SS,Appliances,Major Appliances,Cooking Appliances,,SLER30524SS,"SLER30524SS 30"" Elect Range SS",,,,Appliance Dealers Cooperative (APPDE),Appliance Dealers Cooperative,,,SLER30524SS,,Appliances>Major Appliances>Cooking Appliances,"Appliance Dealers Cooperative, Cooking Appliances, SLER30524SS",COOKING APPLIANCES,SLER30524SS Cooking Appliances With 30 in,"Cooking Appliances, 30 in",,,Unmapped Dimension 1: 30 in,,,,,,,,,,,,,,,,,,,,,,,,,Cooking Appliances,Unmapped Dimension 1,30,in,,,,,,,,,,,,,,,,,,,,,,,,,,,,,,,,,,,,,,,,,,,,,,,,,,,,,,,,,,,,,,,,,,,,,,,,,,,,,,,,,,,,,,,,,,,,,,,,,,,,,,,,,,,,,,,,,,,,,,,,,,,,,,,,,,,,,,,,,,,,,,,,,,,,,,,,,,,,,,,,,,,,,,,,,,,,,,,,,,,,,,,,,,,,,,,,,,
,,,,,,LSEL6333ZE,Appliances,Major Appliances,Cooking Appliances,,LSEL6333ZE,"LSEL6333ZE LG 30"" Elec Range BS-Display Only",,,,Appliance Dealers Cooperative (APPDE),Appliance Dealers Cooperative,,,LSEL6333ZE,,Appliances>Major Appliances>Cooking Appliances,"Appliance Dealers Cooperative, Cooking Appliances, LSEL6333ZE",COOKING APPLIANCES,LSEL6333ZE Cooking Appliances With 30 in,"Cooking Appliances, 30 in",,,Unmapped Dimension 1: 30 in,,,,,,,,,,,,,,,,,,,,,,,,,Cooking Appliances,Unmapped Dimension 1,30,in,,,,,,,,,,,,,,,,,,,,,,,,,,,,,,,,,,,,,,,,,,,,,,,,,,,,,,,,,,,,,,,,,,,,,,,,,,,,,,,,,,,,,,,,,,,,,,,,,,,,,,,,,,,,,,,,,,,,,,,,,,,,,,,,,,,,,,,,,,,,,,,,,,,,,,,,,,,,,,,,,,,,,,,,,,,,,,,,,,,,,,,,,,,,,,,,,,
,,,,,,KSES530SBE,Appliances,Major Appliances,Cooking Appliances,,KSES530SBE,"KSES530SBE 30"" Elect Range BO Display Only",,,,Appliance Dealers Cooperative (APPDE),Appliance Dealers Cooperative,,,KSES530SBE,,Appliances>Major Appliances>Cooking Appliances,"Appliance Dealers Cooperative, Cooking Appliances, KSES530SBE",COOKING APPLIANCES,KSES530SBE Cooking Appliances With 30 in,"Cooking Appliances, 30 in",,,Unmapped Dimension 1: 30 in,,,,,,,,,,,,,,,,,,,,,,,,,Cooking Appliances,Unmapped Dimension 1,30,in,,,,,,,,,,,,,,,,,,,,,,,,,,,,,,,,,,,,,,,,,,,,,,,,,,,,,,,,,,,,,,,,,,,,,,,,,,,,,,,,,,,,,,,,,,,,,,,,,,,,,,,,,,,,,,,,,,,,,,,,,,,,,,,,,,,,,,,,,,,,,,,,,,,,,,,,,,,,,,,,,,,,,,,,,,,,,,,,,,,,,,,,,,,,,,,,,,
,,,,,,GCFG3661AF,Appliances,Major Appliances,Cooking Appliances,,GCFG3661AF,"GCFG3661AF 36"" Frigidaire Gas Range SS",,,,Appliance Dealers Cooperative (APPDE),Appliance Dealers Cooperative,,,GCFG3661AF,,Appliances>Major Appliances>Cooking Appliances,"Appliance Dealers Cooperative, Cooking Appliances, GCFG3661AF",COOKING APPLIANCES,GCFG3661AF Cooking Appliances With 36 in,"Cooking Appliances, 36 in",,,Unmapped Dimension 1: 36 in,,,,,,,,,,,,,,,,,,,,,,,,,Cooking Appliances,Unmapped Dimension 1,36,in,,,,,,,,,,,,,,,,,,,,,,,,,,,,,,,,,,,,,,,,,,,,,,,,,,,,,,,,,,,,,,,,,,,,,,,,,,,,,,,,,,,,,,,,,,,,,,,,,,,,,,,,,,,,,,,,,,,,,,,,,,,,,,,,,,,,,,,,,,,,,,,,,,,,,,,,,,,,,,,,,,,,,,,,,,,,,,,,,,,,,,,,,,,,,,,,,,
,,,,,,WSGS7530RZ,Appliances,Major Appliances,Cooking Appliances,,WSGS7530RZ,"WSGS7530RZ 30"" Gas Range SS - Display Only",,,,Appliance Dealers Cooperative (APPDE),Appliance Dealers Cooperative,,,WSGS7530RZ,,Appliances>Major Appliances>Cooking Appliances,"Appliance Dealers Cooperative, Cooking Appliances, WSGS7530RZ",COOKING APPLIANCES,WSGS7530RZ Cooking Appliances With 30 in,"Cooking Appliances, 30 in",,,Unmapped Dimension 1: 30 in,,,,,,,,,,,,,,,,,,,,,,,,,Cooking Appliances,Unmapped Dimension 1,30,in,,,,,,,,,,,,,,,,,,,,,,,,,,,,,,,,,,,,,,,,,,,,,,,,,,,,,,,,,,,,,,,,,,,,,,,,,,,,,,,,,,,,,,,,,,,,,,,,,,,,,,,,,,,,,,,,,,,,,,,,,,,,,,,,,,,,,,,,,,,,,,,,,,,,,,,,,,,,,,,,,,,,,,,,,,,,,,,,,,,,,,,,,,,,,,,,,,
,,,,,,CHP90301TBB,Appliances,Major Appliances,Cooking Appliances,,CHP90301TBB,CHP90301TBB Café Cooktop Bk,,,,Appliance Dealers Cooperative (APPDE),Appliance Dealers Cooperative,,,CHP90301TBB,,Appliances>Major Appliances>Cooking Appliances,"Appliance Dealers Cooperative, Cooking Appliances, CHP90301TBB",COOKING APPLIANCES,CHP90301TBB Cooking Appliances,Cooking Appliances,,,,,,,,,,,,,,,,,,,,,,,,,,,,Cooking Appliances,,,,,,,,,,,,,,,,,,,,,,,,,,,,,,,,,,,,,,,,,,,,,,,,,,,,,,,,,,,,,,,,,,,,,,,,,,,,,,,,,,,,,,,,,,,,,,,,,,,,,,,,,,,,,,,,,,,,,,,,,,,,,,,,,,,,,,,,,,,,,,,,,,,,,,,,,,,,,,,,,,,,,,,,,,,,,,,,,,,,,,,,,,,,,,,,,,,,,
,,,,,,CVM517P3RD1,Appliances,Major Appliances,Cooking Appliances,,CVM517P3RD1,CVM517P3RD1 Cafe Microwave Bk - Display,,,,Appliance Dealers Cooperative (APPDE),Appliance Dealers Cooperative,,,CVM517P3RD1,,Appliances>Major Appliances>Cooking Appliances,"Appliance Dealers Cooperative, Cooking Appliances, CVM517P3RD1",COOKING APPLIANCES,CVM517P3RD1 Cooking Appliances,Cooking Appliances,,,,,,,,,,,,,,,,,,,,,,,,,,,,Cooking Appliances,,,,,,,,,,,,,,,,,,,,,,,,,,,,,,,,,,,,,,,,,,,,,,,,,,,,,,,,,,,,,,,,,,,,,,,,,,,,,,,,,,,,,,,,,,,,,,,,,,,,,,,,,,,,,,,,,,,,,,,,,,,,,,,,,,,,,,,,,,,,,,,,,,,,,,,,,,,,,,,,,,,,,,,,,,,,,,,,,,,,,,,,,,,,,,,,,,,,,
,,,,,,PMOS1980AF,Appliances,Major Appliances,Cooking Appliances,,PMOS1980AF,PMOS1980AF OTR Microwave SS - Display Only,,,,Appliance Dealers Cooperative (APPDE),Appliance Dealers Cooperative,,,PMOS1980AF,,Appliances>Major Appliances>Cooking Appliances,"Appliance Dealers Cooperative, Cooking Appliances, PMOS1980AF",COOKING APPLIANCES,PMOS1980AF Cooking Appliances,Cooking Appliances,,,,,,,,,,,,,,,,,,,,,,,,,,,,Cooking Appliances,,,,,,,,,,,,,,,,,,,,,,,,,,,,,,,,,,,,,,,,,,,,,,,,,,,,,,,,,,,,,,,,,,,,,,,,,,,,,,,,,,,,,,,,,,,,,,,,,,,,,,,,,,,,,,,,,,,,,,,,,,,,,,,,,,,,,,,,,,,,,,,,,,,,,,,,,,,,,,,,,,,,,,,,,,,,,,,,,,,,,,,,,,,,,,,,,,,,,
,,,,,,WMMS3330RZ,,,,,WMMS3330RZ,WMMS3330RZ OTR Mocrowave SS - Display Only,,,,Appliance Dealers Cooperative (APPDE),Appliance Dealers Cooperative,,,WMMS3330RZ,,,"Appliance Dealers Cooperative, Product, WMMS3330RZ",PRODUCT,WMMS3330RZ Product,Product,,,,,,,,,,,,,,,,,,,,,,,,,,,,Product,,,,,,,,,,,,,,,,,,,,,,,,,,,,,,,,,,,,,,,,,,,,,,,,,,,,,,,,,,,,,,,,,,,,,,,,,,,,,,,,,,,,,,,,,,,,,,,,,,,,,,,,,,,,,,,,,,,,,,,,,,,,,,,,,,,,,,,,,,,,,,,,,,,,,,,,,,,,,,,,,,,,,,,,,,,,,,,,,,,,,,,,,,,,,,,,,,,,,
,,,,,,KMMF530PBE,Appliances,Major Appliances,Cooking Appliances,,KMMF530PBE,KMMF530PBE OTR Microwave BO Display Only,,,,Appliance Dealers Cooperative (APPDE),Appliance Dealers Cooperative,,,KMMF530PBE,,Appliances>Major Appliances>Cooking Appliances,"Appliance Dealers Cooperative, Cooking Appliances, KMMF530PBE",COOKING APPLIANCES,KMMF530PBE Cooking Appliances,Cooking Appliances,,,,,,,,,,,,,,,,,,,,,,,,,,,,Cooking Appliances,,,,,,,,,,,,,,,,,,,,,,,,,,,,,,,,,,,,,,,,,,,,,,,,,,,,,,,,,,,,,,,,,,,,,,,,,,,,,,,,,,,,,,,,,,,,,,,,,,,,,,,,,,,,,,,,,,,,,,,,,,,,,,,,,,,,,,,,,,,,,,,,,,,,,,,,,,,,,,,,,,,,,,,,,,,,,,,,,,,,,,,,,,,,,,,,,,,,,
,,,,,,JXGRILL1,Appliances,Major Appliances,Cooking Appliances,,JXGRILL1,JXGRILL1 GE Range Grill,,,,Appliance Dealers Cooperative (APPDE),Appliance Dealers Cooperative,,,JXGRILL1,,Appliances>Major Appliances>Cooking Appliances,"Appliance Dealers Cooperative, Cooking Appliances, JXGRILL1",COOKING APPLIANCES,JXGRILL1 Cooking Appliances,Cooking Appliances,,,,,,,,,,,,,,,,,,,,,,,,,,,,Cooking Appliances,,,,,,,,,,,,,,,,,,,,,,,,,,,,,,,,,,,,,,,,,,,,,,,,,,,,,,,,,,,,,,,,,,,,,,,,,,,,,,,,,,,,,,,,,,,,,,,,,,,,,,,,,,,,,,,,,,,,,,,,,,,,,,,,,,,,,,,,,,,,,,,,,,,,,,,,,,,,,,,,,,,,,,,,,,,,,,,,,,,,,,,,,,,,,,,,,,,,,
,,,,,,C9TMA2S3PD3,,,,,C9TMA2S3PD3,C9TMA2S3PD3 Café Toaster MB,,,,Appliance Dealers Cooperative (APPDE),Appliance Dealers Cooperative,,,C9TMA2S3PD3,,,"Appliance Dealers Cooperative, Product, C9TMA2S3PD3",PRODUCT,C9TMA2S3PD3 Product,Product,,,,,,,,,,,,,,,,,,,,,,,,,,,,Product,,,,,,,,,,,,,,,,,,,,,,,,,,,,,,,,,,,,,,,,,,,,,,,,,,,,,,,,,,,,,,,,,,,,,,,,,,,,,,,,,,,,,,,,,,,,,,,,,,,,,,,,,,,,,,,,,,,,,,,,,,,,,,,,,,,,,,,,,,,,,,,,,,,,,,,,,,,,,,,,,,,,,,,,,,,,,,,,,,,,,,,,,,,,,,,,,,,,,
,,,,,,C9TMA2S4PW3,,,,,C9TMA2S4PW3,C9TMA2S4PW3 Café Toaster MW,,,,Appliance Dealers Cooperative (APPDE),Appliance Dealers Cooperative,,,C9TMA2S4PW3,,,"Appliance Dealers Cooperative, Product, C9TMA2S4PW3",PRODUCT,C9TMA2S4PW3 Product,Product,,,,,,,,,,,,,,,,,,,,,,,,,,,,Product,,,,,,,,,,,,,,,,,,,,,,,,,,,,,,,,,,,,,,,,,,,,,,,,,,,,,,,,,,,,,,,,,,,,,,,,,,,,,,,,,,,,,,,,,,,,,,,,,,,,,,,,,,,,,,,,,,,,,,,,,,,,,,,,,,,,,,,,,,,,,,,,,,,,,,,,,,,,,,,,,,,,,,,,,,,,,,,,,,,,,,,,,,,,,,,,,,,,,
,,,,,,C90AAAS2RS3,,,,,C90AAAS2RS3,C90AAAS2RS3 Cafe Toast Oven SS,,,,Appliance Dealers Cooperative (APPDE),Appliance Dealers Cooperative,,,C90AAAS2RS3,,,"Appliance Dealers Cooperative, Product, C90AAAS2RS3",PRODUCT,C90AAAS2RS3 Product,Product,,,,,,,,,,,,,,,,,,,,,,,,,,,,Product,,,,,,,,,,,,,,,,,,,,,,,,,,,,,,,,,,,,,,,,,,,,,,,,,,,,,,,,,,,,,,,,,,,,,,,,,,,,,,,,,,,,,,,,,,,,,,,,,,,,,,,,,,,,,,,,,,,,,,,,,,,,,,,,,,,,,,,,,,,,,,,,,,,,,,,,,,,,,,,,,,,,,,,,,,,,,,,,,,,,,,,,,,,,,,,,,,,,,
,,,,,,C9TMA2SP2PS3,,,,,C9TMA2SP2PS3,C9TMA2S2PS3 Cafe Toaster SS,,,,Appliance Dealers Cooperative (APPDE),Appliance Dealers Cooperative,,,C9TMA2SP2PS3,,,"Appliance Dealers Cooperative, Product, C9TMA2SP2PS3",PRODUCT,C9TMA2SP2PS3 Product,Product,,,,,,,,,,,,,,,,,,,,,,,,,,,,Product,,,,,,,,,,,,,,,,,,,,,,,,,,,,,,,,,,,,,,,,,,,,,,,,,,,,,,,,,,,,,,,,,,,,,,,,,,,,,,,,,,,,,,,,,,,,,,,,,,,,,,,,,,,,,,,,,,,,,,,,,,,,,,,,,,,,,,,,,,,,,,,,,,,,,,,,,,,,,,,,,,,,,,,,,,,,,,,,,,,,,,,,,,,,,,,,,,,,,
,,,,,,GDE21EMKES,Appliances,Major Appliances,Refrigerators,,GDE21EMKES,GDE21EMKES GE 21CF Fridge SL Display Only,,,,Appliance Dealers Cooperative (APPDE),Appliance Dealers Cooperative,,,GDE21EMKES,,Appliances>Major Appliances>Refrigerators,"Appliance Dealers Cooperative, Refrigerators, GDE21EMKES",REFRIGERATORS,GDE21EMKES Refrigerators,Refrigerators,,,,,,,,,,,,,,,,,,,,,,,,,,,,Refrigerators,,,,,,,,,,,,,,,,,,,,,,,,,,,,,,,,,,,,,,,,,,,,,,,,,,,,,,,,,,,,,,,,,,,,,,,,,,,,,,,,,,,,,,,,,,,,,,,,,,,,,,,,,,,,,,,,,,,,,,,,,,,,,,,,,,,,,,,,,,,,,,,,,,,,,,,,,,,,,,,,,,,,,,,,,,,,,,,,,,,,,,,,,,,,,,,,,,,,,
,,,,,,FCM16SLWW,Appliances,Major Appliances,Refrigerators,,FCM16SLWW,FCM16SLWW 16CF GE Freezer Chest MH,,,,Appliance Dealers Cooperative (APPDE),Appliance Dealers Cooperative,,,FCM16SLWW,,Appliances>Major Appliances>Refrigerators,"Appliance Dealers Cooperative, Refrigerators, FCM16SLWW",REFRIGERATORS,FCM16SLWW Refrigerators,Refrigerators,,,,,,,,,,,,,,,,,,,,,,,,,,,,Refrigerators,,,,,,,,,,,,,,,,,,,,,,,,,,,,,,,,,,,,,,,,,,,,,,,,,,,,,,,,,,,,,,,,,,,,,,,,,,,,,,,,,,,,,,,,,,,,,,,,,,,,,,,,,,,,,,,,,,,,,,,,,,,,,,,,,,,,,,,,,,,,,,,,,,,,,,,,,,,,,,,,,,,,,,,,,,,,,,,,,,,,,,,,,,,,,,,,,,,,,
,,,,,,GNE27JYMFS,Appliances,Major Appliances,Refrigerators,,GNE27JYMFS,GNE27JYMFS GE Fridge SS,,,,Appliance Dealers Cooperative (APPDE),Appliance Dealers Cooperative,,,GNE27JYMFS,,Appliances>Major Appliances>Refrigerators,"Appliance Dealers Cooperative, Refrigerators, GNE27JYMFS",REFRIGERATORS,GNE27JYMFS Refrigerators,Refrigerators,,,,,,,,,,,,,,,,,,,,,,,,,,,,Refrigerators,,,,,,,,,,,,,,,,,,,,,,,,,,,,,,,,,,,,,,,,,,,,,,,,,,,,,,,,,,,,,,,,,,,,,,,,,,,,,,,,,,,,,,,,,,,,,,,,,,,,,,,,,,,,,,,,,,,,,,,,,,,,,,,,,,,,,,,,,,,,,,,,,,,,,,,,,,,,,,,,,,,,,,,,,,,,,,,,,,,,,,,,,,,,,,,,,,,,,
,,,,,,CVE28DP3ND1,Appliances,Major Appliances,Refrigerators,,CVE28DP3ND1,CVE28DP3ND1 Cafe Fridge Bk,,,,Appliance Dealers Cooperative (APPDE),Appliance Dealers Cooperative,,,CVE28DP3ND1,,Appliances>Major Appliances>Refrigerators,"Appliance Dealers Cooperative, Refrigerators, CVE28DP3ND1",REFRIGERATORS,CVE28DP3ND1 Refrigerators,Refrigerators,,,,,,,,,,,,,,,,,,,,,,,,,,,,Refrigerators,,,,,,,,,,,,,,,,,,,,,,,,,,,,,,,,,,,,,,,,,,,,,,,,,,,,,,,,,,,,,,,,,,,,,,,,,,,,,,,,,,,,,,,,,,,,,,,,,,,,,,,,,,,,,,,,,,,,,,,,,,,,,,,,,,,,,,,,,,,,,,,,,,,,,,,,,,,,,,,,,,,,,,,,,,,,,,,,,,,,,,,,,,,,,,,,,,,,,
,,,,,,GNE25JMKES,Appliances,Major Appliances,Refrigerators,,GNE25JMKES,GNE25JMKES GE Fridge Slate - Display,,,,Appliance Dealers Cooperative (APPDE),Appliance Dealers Cooperative,,,GNE25JMKES,,Appliances>Major Appliances>Refrigerators,"Appliance Dealers Cooperative, Refrigerators, GNE25JMKES",REFRIGERATORS,GNE25JMKES Refrigerators,Refrigerators,,,,,,,,,,,,,,,,,,,,,,,,,,,,Refrigerators,,,,,,,,,,,,,,,,,,,,,,,,,,,,,,,,,,,,,,,,,,,,,,,,,,,,,,,,,,,,,,,,,,,,,,,,,,,,,,,,,,,,,,,,,,,,,,,,,,,,,,,,,,,,,,,,,,,,,,,,,,,,,,,,,,,,,,,,,,,,,,,,,,,,,,,,,,,,,,,,,,,,,,,,,,,,,,,,,,,,,,,,,,,,,,,,,,,,,
,,,,,,PRFS2883AF,Appliances,Major Appliances,Refrigerators,,PRFS2883AF,"PRFS2883AF 36"" Fridge SS - Display Only",,,,Appliance Dealers Cooperative (APPDE),Appliance Dealers Cooperative,,,PRFS2883AF,,Appliances>Major Appliances>Refrigerators,"Appliance Dealers Cooperative, Refrigerators, PRFS2883AF",REFRIGERATORS,PRFS2883AF Refrigerators With 36 in,"Refrigerators, 36 in",,,Unmapped Dimension 1: 36 in,,,,,,,,,,,,,,,,,,,,,,,,,Refrigerators,Unmapped Dimension 1,36,in,,,,,,,,,,,,,,,,,,,,,,,,,,,,,,,,,,,,,,,,,,,,,,,,,,,,,,,,,,,,,,,,,,,,,,,,,,,,,,,,,,,,,,,,,,,,,,,,,,,,,,,,,,,,,,,,,,,,,,,,,,,,,,,,,,,,,,,,,,,,,,,,,,,,,,,,,,,,,,,,,,,,,,,,,,,,,,,,,,,,,,,,,,,,,,,,,,
,,,,,,PAD28BYTFS,Appliances,Major Appliances,Refrigerators,,PAD28BYTFS,PAD28BYTFS GE Fridge SS,,,,Appliance Dealers Cooperative (APPDE),Appliance Dealers Cooperative,,,PAD28BYTFS,,Appliances>Major Appliances>Refrigerators,"Appliance Dealers Cooperative, Refrigerators, PAD28BYTFS",REFRIGERATORS,PAD28BYTFS Refrigerators,Refrigerators,,,,,,,,,,,,,,,,,,,,,,,,,,,,Refrigerators,,,,,,,,,,,,,,,,,,,,,,,,,,,,,,,,,,,,,,,,,,,,,,,,,,,,,,,,,,,,,,,,,,,,,,,,,,,,,,,,,,,,,,,,,,,,,,,,,,,,,,,,,,,,,,,,,,,,,,,,,,,,,,,,,,,,,,,,,,,,,,,,,,,,,,,,,,,,,,,,,,,,,,,,,,,,,,,,,,,,,,,,,,,,,,,,,,,,,
,,,,,,PGE29BYTFS,Appliances,Major Appliances,Refrigerators,,PGE29BYTFS,PGE29BYTFS GE Fridge SS,,,,Appliance Dealers Cooperative (APPDE),Appliance Dealers Cooperative,,,PGE29BYTFS,,Appliances>Major Appliances>Refrigerators,"Appliance Dealers Cooperative, Refrigerators, PGE29BYTFS",REFRIGERATORS,PGE29BYTFS Refrigerators,Refrigerators,,,,,,,,,,,,,,,,,,,,,,,,,,,,Refrigerators,,,,,,,,,,,,,,,,,,,,,,,,,,,,,,,,,,,,,,,,,,,,,,,,,,,,,,,,,,,,,,,,,,,,,,,,,,,,,,,,,,,,,,,,,,,,,,,,,,,,,,,,,,,,,,,,,,,,,,,,,,,,,,,,,,,,,,,,,,,,,,,,,,,,,,,,,,,,,,,,,,,,,,,,,,,,,,,,,,,,,,,,,,,,,,,,,,,,,
,,,,,,ERFD19CGCS,Appliances,Major Appliances,Refrigerators,,ERFD19CGCS,ERFD19CGCS Element Fridge SS,,,,Appliance Dealers Cooperative (APPDE),Appliance Dealers Cooperative,,,ERFD19CGCS,,Appliances>Major Appliances>Refrigerators,"Appliance Dealers Cooperative, Refrigerators, ERFD19CGCS",REFRIGERATORS,ERFD19CGCS Refrigerators,Refrigerators,,,,,,,,,,,,,,,,,,,,,,,,,,,,Refrigerators,,,,,,,,,,,,,,,,,,,,,,,,,,,,,,,,,,,,,,,,,,,,,,,,,,,,,,,,,,,,,,,,,,,,,,,,,,,,,,,,,,,,,,,,,,,,,,,,,,,,,,,,,,,,,,,,,,,,,,,,,,,,,,,,,,,,,,,,,,,,,,,,,,,,,,,,,,,,,,,,,,,,,,,,,,,,,,,,,,,,,,,,,,,,,,,,,,,,,
,,,,,,LT18S2100W,Appliances,Major Appliances,Refrigerators,,LT18S2100W,LT18S2100W LG Fridge Wh,,,,Appliance Dealers Cooperative (APPDE),Appliance Dealers Cooperative,,,LT18S2100W,,Appliances>Major Appliances>Refrigerators,"Appliance Dealers Cooperative, Refrigerators, LT18S2100W",REFRIGERATORS,LT18S2100W Refrigerators,Refrigerators,,,,,,,,,,,,,,,,,,,,,,,,,,,,Refrigerators,,,,,,,,,,,,,,,,,,,,,,,,,,,,,,,,,,,,,,,,,,,,,,,,,,,,,,,,,,,,,,,,,,,,,,,,,,,,,,,,,,,,,,,,,,,,,,,,,,,,,,,,,,,,,,,,,,,,,,,,,,,,,,,,,,,,,,,,,,,,,,,,,,,,,,,,,,,,,,,,,,,,,,,,,,,,,,,,,,,,,,,,,,,,,,,,,,,,,
,,,,,,LT18S2100SS,Appliances,Major Appliances,Refrigerators,,LT18S2100SS,LT18S2100S 18CF LG Fridge SS,,,,Appliance Dealers Cooperative (APPDE),Appliance Dealers Cooperative,,,LT18S2100SS,,Appliances>Major Appliances>Refrigerators,"Appliance Dealers Cooperative, Refrigerators, LT18S2100SS",REFRIGERATORS,LT18S2100SS Refrigerators,Refrigerators,,,,,,,,,,,,,,,,,,,,,,,,,,,,Refrigerators,,,,,,,,,,,,,,,,,,,,,,,,,,,,,,,,,,,,,,,,,,,,,,,,,,,,,,,,,,,,,,,,,,,,,,,,,,,,,,,,,,,,,,,,,,,,,,,,,,,,,,,,,,,,,,,,,,,,,,,,,,,,,,,,,,,,,,,,,,,,,,,,,,,,,,,,,,,,,,,,,,,,,,,,,,,,,,,,,,,,,,,,,,,,,,,,,,,,,
,,,,,,EUF17CDBW,Appliances,Major Appliances,Refrigerators,,EUF17CDBW,EUF17CDBW Element 17CF Freezer - Upright,,,,Appliance Dealers Cooperative (APPDE),Appliance Dealers Cooperative,,,EUF17CDBW,,Appliances>Major Appliances>Refrigerators,"Appliance Dealers Cooperative, Refrigerators, EUF17CDBW",REFRIGERATORS,EUF17CDBW Refrigerators,Refrigerators,,,,,,,,,,,,,,,,,,,,,,,,,,,,Refrigerators,,,,,,,,,,,,,,,,,,,,,,,,,,,,,,,,,,,,,,,,,,,,,,,,,,,,,,,,,,,,,,,,,,,,,,,,,,,,,,,,,,,,,,,,,,,,,,,,,,,,,,,,,,,,,,,,,,,,,,,,,,,,,,,,,,,,,,,,,,,,,,,,,,,,,,,,,,,,,,,,,,,,,,,,,,,,,,,,,,,,,,,,,,,,,,,,,,,,,
,,,,,,EUF21CDBW,Appliances,Major Appliances,Refrigerators,,EUF21CDBW,EUF21CDBW Element 21CF Freezer - Upright,,,,Appliance Dealers Cooperative (APPDE),Appliance Dealers Cooperative,,,EUF21CDBW,,Appliances>Major Appliances>Refrigerators,"Appliance Dealers Cooperative, Refrigerators, EUF21CDBW",REFRIGERATORS,EUF21CDBW Refrigerators,Refrigerators,,,,,,,,,,,,,,,,,,,,,,,,,,,,Refrigerators,,,,,,,,,,,,,,,,,,,,,,,,,,,,,,,,,,,,,,,,,,,,,,,,,,,,,,,,,,,,,,,,,,,,,,,,,,,,,,,,,,,,,,,,,,,,,,,,,,,,,,,,,,,,,,,,,,,,,,,,,,,,,,,,,,,,,,,,,,,,,,,,,,,,,,,,,,,,,,,,,,,,,,,,,,,,,,,,,,,,,,,,,,,,,,,,,,,,,
,,,,,,TP-1935,Tools & Equipment,Power Tools,Benchtop & Stationary Power Tools,,TP-1935,TP-1935 Hole Drilling System,,,,-,,,,TP-1935,,Tools & Equipment>Power Tools>Benchtop & Stationary Power Tools,"Benchtop & Stationary Power Tools, TP-1935, Tools & Equipment>Power Tools>Bencht",BENCHTOP & STATIONARY POWER TOOLS,TP-1935 Benchtop & Stationary Power Tools,Benchtop & Stationary Power Tools,,,,,,,,,,,,,,,,,,,,,,,,,,,,Benchtop & Stationary Power Tools,,,,,,,,,,,,,,,,,,,,,,,,,,,,,,,,,,,,,,,,,,,,,,,,,,,,,,,,,,,,,,,,,,,,,,,,,,,,,,,,,,,,,,,,,,,,,,,,,,,,,,,,,,,,,,,,,,,,,,,,,,,,,,,,,,,,,,,,,,,,,,,,,,,,,,,,,,,,,,,,,,,,,,,,,,,,,,,,,,,,,,,,,,,,,,,,,,,,,
,,,,,,K527APBXR,,,,,K527APBXR,"K527APBXR Senco .131x3"" SM BB - 500CT",,,,Senco Products Inc (4650),Senco Products Inc,,,K527APBXR,,,"Senco Products Inc, Product, K527APBXR, Unmapped Dimension 1 0.131 in",PRODUCT,"K527APBXR Product With 0.131 in, 3 in","Product, 0.131 in, 3 in",,,Unmapped Dimension 1: 0.131 in,Unmapped Dimension 2: 3 in,,,,,,,,,,,,,,,,,,,,,,,,Product,Unmapped Dimension 1,0.131,in,Unmapped Dimension 2,3,in,,,,,,,,,,,,,,,,,,,,,,,,,,,,,,,,,,,,,,,,,,,,,,,,,,,,,,,,,,,,,,,,,,,,,,,,,,,,,,,,,,,,,,,,,,,,,,,,,,,,,,,,,,,,,,,,,,,,,,,,,,,,,,,,,,,,,,,,,,,,,,,,,,,,,,,,,,,,,,,,,,,,,,,,,,,,,,,,,,,,,,,,,,,,,,,
,,,,,,603150,Hardware,Fasteners,Nails & Pins,,603150,"603150 2-1/2"" Finish Nail 15GA - 4M",,,,National Nail Corp (7439),National Nail Corp,,,603150,,Hardware>Fasteners>Nails & Pins,"National Nail Corp, Nails & Pins, 603150, Length 2-1/2 in, Gauge 15 ga",NAILS & PINS 2-1/2 IN,"603150 Nails & Pins With 2-1/2 in, 15 ga, Finish Nail","Nails & Pins, 2-1/2 in, 15 ga, Finish Nail",,,Length: 2-1/2 in,Gauge: 15 ga,Fastener Type: Finish Nail,,,,,,,,,,,,,,,,,,,,,,,Nails & Pins,Length,2-1/2,in,Gauge,15,ga,Fastener Type,Finish Nail,,,,,,,,,,,,,,,,,,,,,,,,,,,,,,,,,,,,,,,,,,,,,,,,,,,,,,,,,,,,,,,,,,,,,,,,,,,,,,,,,,,,,,,,,,,,,,,,,,,,,,,,,,,,,,,,,,,,,,,,,,,,,,,,,,,,,,,,,,,,,,,,,,,,,,,,,,,,,,,,,,,,,,,,,,,,,,,,,,,,,,,,,,,,,
,,,,,,d10cnk,Hardware,Fasteners,Staples,,d10cnk,"D10CNK Prebena 1/2""x3/8"" - Staple",,,,Prebena (PREBE),Prebena,,,d10cnk,,Hardware>Fasteners>Staples,"Prebena, Staples, d10cnk, Crown Width 1/2 in, Leg Length 3/8 in",STAPLES,"d10cnk Staples With 1/2 in, 3/8 in, Staple","Staples, 1/2 in, 3/8 in, Staple",,,Crown Width: 1/2 in,Leg Length: 3/8 in,Fastener Type: Staple,,,,,,,,,,,,,,,,,,,,,,,Staples,Crown Width,1/2,in,Leg Length,3/8,in,Fastener Type,Staple,,,,,,,,,,,,,,,,,,,,,,,,,,,,,,,,,,,,,,,,,,,,,,,,,,,,,,,,,,,,,,,,,,,,,,,,,,,,,,,,,,,,,,,,,,,,,,,,,,,,,,,,,,,,,,,,,,,,,,,,,,,,,,,,,,,,,,,,,,,,,,,,,,,,,,,,,,,,,,,,,,,,,,,,,,,,,,,,,,,,,,,,,,,,,
,,,,,,e28cnkha,Hardware,Fasteners,Staples,,e28cnkha,"E28CNKHA Prebena 2/4""x1 1/8"" - Staple",,,,Prebena (PREBE),Prebena,,,e28cnkha,,Hardware>Fasteners>Staples,"Prebena, Staples, e28cnkha, Crown Width 1/2 in, Leg Length 1-1/8 in",STAPLES,"e28cnkha Staples With 1/2 in, 1-1/8 in, Staple","Staples, 1/2 in, 1-1/8 in, Staple",,,Crown Width: 1/2 in,Leg Length: 1-1/8 in,Fastener Type: Staple,,,,,,,,,,,,,,,,,,,,,,,Staples,Crown Width,1/2,in,Leg Length,1-1/8,in,Fastener Type,Staple,,,,,,,,,,,,,,,,,,,,,,,,,,,,,,,,,,,,,,,,,,,,,,,,,,,,,,,,,,,,,,,,,,,,,,,,,,,,,,,,,,,,,,,,,,,,,,,,,,,,,,,,,,,,,,,,,,,,,,,,,,,,,,,,,,,,,,,,,,,,,,,,,,,,,,,,,,,,,,,,,,,,,,,,,,,,,,,,,,,,,,,,,,,,,
,,,,,,51334,,,,,51334,"51334 44"" Wh Gilmour Fan",,,,Hunter Fan Co (4381),Hunter Fan Co,,,51334,,,"Hunter Fan Co, Product, 51334, Unmapped Dimension 1 44 in",PRODUCT,51334 Product With 44 in,"Product, 44 in",,,Unmapped Dimension 1: 44 in,,,,,,,,,,,,,,,,,,,,,,,,,Product,Unmapped Dimension 1,44,in,,,,,,,,,,,,,,,,,,,,,,,,,,,,,,,,,,,,,,,,,,,,,,,,,,,,,,,,,,,,,,,,,,,,,,,,,,,,,,,,,,,,,,,,,,,,,,,,,,,,,,,,,,,,,,,,,,,,,,,,,,,,,,,,,,,,,,,,,,,,,,,,,,,,,,,,,,,,,,,,,,,,,,,,,,,,,,,,,,,,,,,,,,,,,,,,,,
,,,,,,59210,,,,,59210,"59210 52"" BZ Sent Hunter Fan",,,Hunter,Hunter Fan Co (4381),Hunter Fan Co,Hunter,Hunter,59210,,,"Hunter Fan Co, Hunter, Product, 59210, Unmapped Dimension 1 52 in",PRODUCT,Hunter 59210 Product With 52 in,"Hunter Product, 52 in",,,Unmapped Dimension 1: 52 in,,,,,,,,,,,,,,,,,,,,,,,,,Product,Unmapped Dimension 1,52,in,,,,,,,,,,,,,,,,,,,,,,,,,,,,,,,,,,,,,,,,,,,,,,,,,,,,,,,,,,,,,,,,,,,,,,,,,,,,,,,,,,,,,,,,,,,,,,,,,,,,,,,,,,,,,,,,,,,,,,,,,,,,,,,,,,,,,,,,,,,,,,,,,,,,,,,,,,,,,,,,,,,,,,,,,,,,,,,,,,,,,,,,,,,,,,,,,,
,,,,,,52485,,,,,52485,"52485 52"" MB Anisten Fan",,,,Hunter Fan Co (4381),Hunter Fan Co,,,52485,,,"Hunter Fan Co, Product, 52485, Unmapped Dimension 1 52 in",PRODUCT,52485 Product With 52 in,"Product, 52 in",,,Unmapped Dimension 1: 52 in,,,,,,,,,,,,,,,,,,,,,,,,,Product,Unmapped Dimension 1,52,in,,,,,,,,,,,,,,,,,,,,,,,,,,,,,,,,,,,,,,,,,,,,,,,,,,,,,,,,,,,,,,,,,,,,,,,,,,,,,,,,,,,,,,,,,,,,,,,,,,,,,,,,,,,,,,,,,,,,,,,,,,,,,,,,,,,,,,,,,,,,,,,,,,,,,,,,,,,,,,,,,,,,,,,,,,,,,,,,,,,,,,,,,,,,,,,,,,
,,,,,,52486,,,,,52486,"52486 44"" MB Anisten Fan",,,,Hunter Fan Co (4381),Hunter Fan Co,,,52486,,,"Hunter Fan Co, Product, 52486, Unmapped Dimension 1 44 in",PRODUCT,52486 Product With 44 in,"Product, 44 in",,,Unmapped Dimension 1: 44 in,,,,,,,,,,,,,,,,,,,,,,,,,Product,Unmapped Dimension 1,44,in,,,,,,,,,,,,,,,,,,,,,,,,,,,,,,,,,,,,,,,,,,,,,,,,,,,,,,,,,,,,,,,,,,,,,,,,,,,,,,,,,,,,,,,,,,,,,,,,,,,,,,,,,,,,,,,,,,,,,,,,,,,,,,,,,,,,,,,,,,,,,,,,,,,,,,,,,,,,,,,,,,,,,,,,,,,,,,,,,,,,,,,,,,,,,,,,,,
,,,,,,52487,,,,,52487,"52487 52"" WH Anisten Fan",,,,Hunter Fan Co (4381),Hunter Fan Co,,,52487,,,"Hunter Fan Co, Product, 52487, Unmapped Dimension 1 52 in",PRODUCT,52487 Product With 52 in,"Product, 52 in",,,Unmapped Dimension 1: 52 in,,,,,,,,,,,,,,,,,,,,,,,,,Product,Unmapped Dimension 1,52,in,,,,,,,,,,,,,,,,,,,,,,,,,,,,,,,,,,,,,,,,,,,,,,,,,,,,,,,,,,,,,,,,,,,,,,,,,,,,,,,,,,,,,,,,,,,,,,,,,,,,,,,,,,,,,,,,,,,,,,,,,,,,,,,,,,,,,,,,,,,,,,,,,,,,,,,,,,,,,,,,,,,,,,,,,,,,,,,,,,,,,,,,,,,,,,,,,,
,,,,,,52488,,,,,52488,"52488 44"" WH Anisten Fan",,,,Hunter Fan Co (4381),Hunter Fan Co,,,52488,,,"Hunter Fan Co, Product, 52488, Unmapped Dimension 1 44 in",PRODUCT,52488 Product With 44 in,"Product, 44 in",,,Unmapped Dimension 1: 44 in,,,,,,,,,,,,,,,,,,,,,,,,,Product,Unmapped Dimension 1,44,in,,,,,,,,,,,,,,,,,,,,,,,,,,,,,,,,,,,,,,,,,,,,,,,,,,,,,,,,,,,,,,,,,,,,,,,,,,,,,,,,,,,,,,,,,,,,,,,,,,,,,,,,,,,,,,,,,,,,,,,,,,,,,,,,,,,,,,,,,,,,,,,,,,,,,,,,,,,,,,,,,,,,,,,,,,,,,,,,,,,,,,,,,,,,,,,,,,
,,,,,,52655,,,,,52655,"52655 52"" MB Xidane Hunter Fan",,,,Hunter Fan Co (4381),Hunter Fan Co,,,52655,,,"Hunter Fan Co, Product, 52655, Unmapped Dimension 1 52 in",PRODUCT,52655 Product With 52 in,"Product, 52 in",,,Unmapped Dimension 1: 52 in,,,,,,,,,,,,,,,,,,,,,,,,,Product,Unmapped Dimension 1,52,in,,,,,,,,,,,,,,,,,,,,,,,,,,,,,,,,,,,,,,,,,,,,,,,,,,,,,,,,,,,,,,,,,,,,,,,,,,,,,,,,,,,,,,,,,,,,,,,,,,,,,,,,,,,,,,,,,,,,,,,,,,,,,,,,,,,,,,,,,,,,,,,,,,,,,,,,,,,,,,,,,,,,,,,,,,,,,,,,,,,,,,,,,,,,,,,,,,
,,,,,,59261,,,,,59261,"59261 52"" PB Cassius Fan",,,,Hunter Fan Co (4381),Hunter Fan Co,,,59261,,,"Hunter Fan Co, Product, 59261, Unmapped Dimension 1 52 in",PRODUCT,59261 Product With 52 in,"Product, 52 in",,,Unmapped Dimension 1: 52 in,,,,,,,,,,,,,,,,,,,,,,,,,Product,Unmapped Dimension 1,52,in,,,,,,,,,,,,,,,,,,,,,,,,,,,,,,,,,,,,,,,,,,,,,,,,,,,,,,,,,,,,,,,,,,,,,,,,,,,,,,,,,,,,,,,,,,,,,,,,,,,,,,,,,,,,,,,,,,,,,,,,,,,,,,,,,,,,,,,,,,,,,,,,,,,,,,,,,,,,,,,,,,,,,,,,,,,,,,,,,,,,,,,,,,,,,,,,,,
,,,,,,51731,,,,,51731,"51731 52"" MB Jetty Hunter Fan",,,,Hunter Fan Co (4381),Hunter Fan Co,,,51731,,,"Hunter Fan Co, Product, 51731, Unmapped Dimension 1 52 in",PRODUCT,51731 Product With 52 in,"Product, 52 in",,,Unmapped Dimension 1: 52 in,,,,,,,,,,,,,,,,,,,,,,,,,Product,Unmapped Dimension 1,52,in,,,,,,,,,,,,,,,,,,,,,,,,,,,,,,,,,,,,,,,,,,,,,,,,,,,,,,,,,,,,,,,,,,,,,,,,,,,,,,,,,,,,,,,,,,,,,,,,,,,,,,,,,,,,,,,,,,,,,,,,,,,,,,,,,,,,,,,,,,,,,,,,,,,,,,,,,,,,,,,,,,,,,,,,,,,,,,,,,,,,,,,,,,,,,,,,,,
https://www.makitatools.com/products/details/XLC10ZW,,,,,,XLC10ZW,Tools & Equipment,Power Tools,Cordless Power Tools,,XLC10ZW,XLC10ZW Makita 18V Cordless Vacuum (Bare),,,,Makita Usa Inc (5142),"Makita U.S.A., Inc.",Makita®,Makita®,XLC10ZW,,Tools & Equipment>Power Tools>Cordless Power Tools,"Makita U.S.A., Inc., Makita®, Cordless Power Tools, XLC10ZW",CORDLESS POWER TOOLS,"Makita® XLC10ZW Cordless Power Tools With 18 V, Tool Only, 42 CFM, Brushless","Makita® Cordless Power Tools, 18 V, Tool Only, 42 CFM, Brushless",,,Voltage Rating: 18 V,Tool Form: Tool Only,Air Volume: 42 CFM,Motor Type: Brushless,,,,,,,,,,,,,,,,,,,,,,Cordless Power Tools,Voltage Rating,18,V,Tool Form,Tool Only,,Air Volume,42,CFM,Motor Type,Brushless,,,,,,,,,,,,,,,,,,,,,,,,,,,,,,,,,,,,,,,,,,,,,,,,,,,,,,,,,,,,,,,,,,,,,,,,,,,,,,,,,,,,,,,,,,,,,,,,,,,,,,,,,,,,,,,,,,,,,,,,,,,,,,,,,,,,,,,,,,,,,,,,,,,,,,,,,,,,,,,,,,,,,,,,,,,,,,,,,,,,,,,,,,
,,,,,,HS-DA,,,,,HS-DA,HS-DA Motion Driveway Alert,,,,Sabre (9195),Sabre,,,HS-DA,,,"Sabre, Product, HS-DA",PRODUCT,HS-DA Product,Product,,,,,,,,,,,,,,,,,,,,,,,,,,,,Product,,,,,,,,,,,,,,,,,,,,,,,,,,,,,,,,,,,,,,,,,,,,,,,,,,,,,,,,,,,,,,,,,,,,,,,,,,,,,,,,,,,,,,,,,,,,,,,,,,,,,,,,,,,,,,,,,,,,,,,,,,,,,,,,,,,,,,,,,,,,,,,,,,,,,,,,,,,,,,,,,,,,,,,,,,,,,,,,,,,,,,,,,,,,,,,,,,,,,
,,,,,,73002252,Building Materials,Decking & Railing,Railing Kits,,73002252,Black Gate Gravity Latch RDI,,,,-,Rdi Railing (Barrette Outdoor Living),RDI®,RDI®,73002252,,Building Materials>Decking & Railing>Railing Kits,"Rdi Railing (Barrette Outdoor Living), RDI®, Railing Kits, 73002252",RAILING KITS,RDI® 73002252 Railing Kits With Gravity Latch,"RDI® Railing Kits, Gravity Latch",,,Fastener Type: Gravity Latch,,,,,,,,,,,,,,,,,,,,,,,,,Railing Kits,Fastener Type,Gravity Latch,,,,,,,,,,,,,,,,,,,,,,,,,,,,,,,,,,,,,,,,,,,,,,,,,,,,,,,,,,,,,,,,,,,,,,,,,,,,,,,,,,,,,,,,,,,,,,,,,,,,,,,,,,,,,,,,,,,,,,,,,,,,,,,,,,,,,,,,,,,,,,,,,,,,,,,,,,,,,,,,,,,,,,,,,,,,,,,,,,,,,,,,,,,,,,,,,,,
,,,,,,48-22-8396R,,,,,48-22-8396R,48-22-8396R Milw 24oz Bottle - Insulated,,,,Milwaukee Accessory (4031),Milwaukee Tool,Milwaukee®,Milwaukee®,48-22-8396R,,,"Milwaukee Tool, Milwaukee®, Product, 48-22-8396R",PRODUCT,Milwaukee® 48-22-8396R Product,Milwaukee® Product,,,,,,,,,,,,,,,,,,,,,,,,,,,,Product,,,,,,,,,,,,,,,,,,,,,,,,,,,,,,,,,,,,,,,,,,,,,,,,,,,,,,,,,,,,,,,,,,,,,,,,,,,,,,,,,,,,,,,,,,,,,,,,,,,,,,,,,,,,,,,,,,,,,,,,,,,,,,,,,,,,,,,,,,,,,,,,,,,,,,,,,,,,,,,,,,,,,,,,,,,,,,,,,,,,,,,,,,,,,,,,,,,,,
,,,,,,48-22-8397R,,,,,48-22-8397R,48-22-8397R Milw 36oz Bottle - Insulated,,,,Milwaukee Accessory (4031),Milwaukee Tool,Milwaukee®,Milwaukee®,48-22-8397R,,,"Milwaukee Tool, Milwaukee®, Product, 48-22-8397R",PRODUCT,Milwaukee® 48-22-8397R Product,Milwaukee® Product,,,,,,,,,,,,,,,,,,,,,,,,,,,,Product,,,,,,,,,,,,,,,,,,,,,,,,,,,,,,,,,,,,,,,,,,,,,,,,,,,,,,,,,,,,,,,,,,,,,,,,,,,,,,,,,,,,,,,,,,,,,,,,,,,,,,,,,,,,,,,,,,,,,,,,,,,,,,,,,,,,,,,,,,,,,,,,,,,,,,,,,,,,,,,,,,,,,,,,,,,,,,,,,,,,,,,,,,,,,,,,,,,,,
,,,,,,DCGG581B,,,,,DCGG581B,DCGG581B Dewalt 20V Grease Gun 2-Speed,,,,Black & Decker/dewlt (2585),"Stanley Black & Decker, Inc.",DEWALT®,DEWALT®,DCGG581B,,,"Stanley Black & Decker, Inc., DEWALT®, Product, DCGG581B, Voltage Rating 20 V",PRODUCT,DEWALT® DCGG581B Product With 20 V,"DEWALT® Product, 20 V",,,Voltage Rating: 20 V,,,,,,,,,,,,,,,,,,,,,,,,,Product,Voltage Rating,20,V,,,,,,,,,,,,,,,,,,,,,,,,,,,,,,,,,,,,,,,,,,,,,,,,,,,,,,,,,,,,,,,,,,,,,,,,,,,,,,,,,,,,,,,,,,,,,,,,,,,,,,,,,,,,,,,,,,,,,,,,,,,,,,,,,,,,,,,,,,,,,,,,,,,,,,,,,,,,,,,,,,,,,,,,,,,,,,,,,,,,,,,,,,,,,,,,,,
,,,,,,DCGG581GD1,,,,,DCGG581GD1,DCGG581GD1 Dewalt 20V Grease Gun 2-Speed Kit,,,,Black & Decker/dewlt (2585),"Stanley Black & Decker, Inc.",DEWALT®,DEWALT®,DCGG581GD1,,,"Stanley Black & Decker, Inc., DEWALT®, Product, DCGG581GD1, Voltage Rating 20 V",PRODUCT,"DEWALT® DCGG581GD1 Product With 20 V, Kit","DEWALT® Product, 20 V, Kit",,,Voltage Rating: 20 V,Tool Form: Kit,,,,,,,,,,,,,,,,,,,,,,,,Product,Voltage Rating,20,V,Tool Form,Kit,,,,,,,,,,,,,,,,,,,,,,,,,,,,,,,,,,,,,,,,,,,,,,,,,,,,,,,,,,,,,,,,,,,,,,,,,,,,,,,,,,,,,,,,,,,,,,,,,,,,,,,,,,,,,,,,,,,,,,,,,,,,,,,,,,,,,,,,,,,,,,,,,,,,,,,,,,,,,,,,,,,,,,,,,,,,,,,,,,,,,,,,,,,,,,,,
,,,,,,DWST41092,,,,,DWST41092,"DWST41092 Dewalt Tool Chest 41"" Bottom",,,,Black & Decker/dewlt (2585),"Stanley Black & Decker, Inc.",DEWALT®,DEWALT®,DWST41092,,,"Stanley Black & Decker, Inc., DEWALT®, Product, DWST41092",PRODUCT,DEWALT® DWST41092 Product With 41 in,"DEWALT® Product, 41 in",,,Unmapped Dimension 1: 41 in,,,,,,,,,,,,,,,,,,,,,,,,,Product,Unmapped Dimension 1,41,in,,,,,,,,,,,,,,,,,,,,,,,,,,,,,,,,,,,,,,,,,,,,,,,,,,,,,,,,,,,,,,,,,,,,,,,,,,,,,,,,,,,,,,,,,,,,,,,,,,,,,,,,,,,,,,,,,,,,,,,,,,,,,,,,,,,,,,,,,,,,,,,,,,,,,,,,,,,,,,,,,,,,,,,,,,,,,,,,,,,,,,,,,,,,,,,,,,
,,,,,,156436WHT,Building Materials,Decking & Railing,Post Sleeves & Accessories,,156436WHT,156436 Wh 4x4x120 Post Wrap,DSI Westbury,,,Palmer Donavin Mfg Company (PALDO),Palmer Donavin Mfg Company,DSI Westbury,DSI Westbury,156436WHT,,Building Materials>Decking & Railing>Post Sleeves & Accessories,"Palmer Donavin Mfg Company, DSI Westbury, Post Sleeves & Accessories, 156436WHT",POST SLEEVES & ACCESSORIES,"DSI Westbury 156436WHT Post Sleeves & Accessories With 4 in, 120 in","DSI Westbury Post Sleeves & Accessories, 4 in, 120 in",,,Post Size: 4 in,Height: 120 in,,,,,,,,,,,,,,,,,,,,,,,,Post Sleeves & Accessories,Post Size,4,in,Height,120,in,,,,,,,,,,,,,,,,,,,,,,,,,,,,,,,,,,,,,,,,,,,,,,,,,,,,,,,,,,,,,,,,,,,,,,,,,,,,,,,,,,,,,,,,,,,,,,,,,,,,,,,,,,,,,,,,,,,,,,,,,,,,,,,,,,,,,,,,,,,,,,,,,,,,,,,,,,,,,,,,,,,,,,,,,,,,,,,,,,,,,,,,,,,,,,,
,,,,,,173950TBK,Building Materials,Decking & Railing,Post Sleeves & Accessories,,173950TBK,"4""x8'-6"" DSI SQ Black Alum Post Wrap",,,,Palmer Donavin Mfg Company (PALDO),Palmer Donavin Mfg Company,,,173950TBK,,Building Materials>Decking & Railing>Post Sleeves & Accessories,"Palmer Donavin Mfg Company, Post Sleeves & Accessories, 173950TBK",POST SLEEVES & ACCESSORIES,"173950TBK Post Sleeves & Accessories With 4 in, 8 ft, 6 in","Post Sleeves & Accessories, 4 in, 8 ft, 6 in",,,Post Size: 4 in,Post Size: 8 ft,Height: 6 in,,,,,,,,,,,,,,,,,,,,,,,Post Sleeves & Accessories,Post Size,4,in,Post Size,8,ft,Height,6,in,,,,,,,,,,,,,,,,,,,,,,,,,,,,,,,,,,,,,,,,,,,,,,,,,,,,,,,,,,,,,,,,,,,,,,,,,,,,,,,,,,,,,,,,,,,,,,,,,,,,,,,,,,,,,,,,,,,,,,,,,,,,,,,,,,,,,,,,,,,,,,,,,,,,,,,,,,,,,,,,,,,,,,,,,,,,,,,,,,,,,,,,,,,,
,,,,,,173951TBK,Building Materials,Decking & Railing,Post Sleeves & Accessories,,173951TBK,"6""x8'-6"" DSI SQ Black Alum Post Wrap",,,,Palmer Donavin Mfg Company (PALDO),Palmer Donavin Mfg Company,,,173951TBK,,Building Materials>Decking & Railing>Post Sleeves & Accessories,"Palmer Donavin Mfg Company, Post Sleeves & Accessories, 173951TBK",POST SLEEVES & ACCESSORIES,"173951TBK Post Sleeves & Accessories With 6 in, 8 ft, 6 in","Post Sleeves & Accessories, 6 in, 8 ft, 6 in",,,Post Size: 6 in,Post Size: 8 ft,Height: 6 in,,,,,,,,,,,,,,,,,,,,,,,Post Sleeves & Accessories,Post Size,6,in,Post Size,8,ft,Height,6,in,,,,,,,,,,,,,,,,,,,,,,,,,,,,,,,,,,,,,,,,,,,,,,,,,,,,,,,,,,,,,,,,,,,,,,,,,,,,,,,,,,,,,,,,,,,,,,,,,,,,,,,,,,,,,,,,,,,,,,,,,,,,,,,,,,,,,,,,,,,,,,,,,,,,,,,,,,,,,,,,,,,,,,,,,,,,,,,,,,,,,,,,,,,,
,,,,,,173952TBK,Building Materials,Decking & Railing,Post Sleeves & Accessories,,173952TBK,"6""x10' DSI SQ Black Alum Post Wrap",,,,Palmer Donavin Mfg Company (PALDO),Palmer Donavin Mfg Company,,,173952TBK,,Building Materials>Decking & Railing>Post Sleeves & Accessories,"Palmer Donavin Mfg Company, Post Sleeves & Accessories, 173952TBK",POST SLEEVES & ACCESSORIES,"173952TBK Post Sleeves & Accessories With 6 in, 10 ft","Post Sleeves & Accessories, 6 in, 10 ft",,,Post Size: 6 in,Post Size: 10 ft,,,,,,,,,,,,,,,,,,,,,,,,Post Sleeves & Accessories,Post Size,6,in,Post Size,10,ft,,,,,,,,,,,,,,,,,,,,,,,,,,,,,,,,,,,,,,,,,,,,,,,,,,,,,,,,,,,,,,,,,,,,,,,,,,,,,,,,,,,,,,,,,,,,,,,,,,,,,,,,,,,,,,,,,,,,,,,,,,,,,,,,,,,,,,,,,,,,,,,,,,,,,,,,,,,,,,,,,,,,,,,,,,,,,,,,,,,,,,,,,,,,,,,
,,,,,,1624157,,,,,1624157,TW52 WH INSIDE CAS VIN WRAPPED,ANDERSEN,,,-,Andersen Windows & Doors,ANDERSEN®,ANDERSEN®,1624157,,,"Andersen Windows & Doors, ANDERSEN®, Product, 1624157",PRODUCT,ANDERSEN® 1624157 Product,ANDERSEN® Product,,,,,,,,,,,,,,,,,,,,,,,,,,,,Product,,,,,,,,,,,,,,,,,,,,,,,,,,,,,,,,,,,,,,,,,,,,,,,,,,,,,,,,,,,,,,,,,,,,,,,,,,,,,,,,,,,,,,,,,,,,,,,,,,,,,,,,,,,,,,,,,,,,,,,,,,,,,,,,,,,,,,,,,,,,,,,,,,,,,,,,,,,,,,,,,,,,,,,,,,,,,,,,,,,,,,,,,,,,,,,,,,,,,
,,,,,,40025,,,,,40025,40025 TS-54 Wal-Board T-Square 009-008,,,,Marshalltown Trowel (5155),Marshalltown Company,Marshalltown®,Marshalltown®,40025,,,"Marshalltown Company, Marshalltown®, Product, 40025",PRODUCT,Marshalltown® 40025 Product,Marshalltown® Product,,,,,,,,,,,,,,,,,,,,,,,,,,,,Product,,,,,,,,,,,,,,,,,,,,,,,,,,,,,,,,,,,,,,,,,,,,,,,,,,,,,,,,,,,,,,,,,,,,,,,,,,,,,,,,,,,,,,,,,,,,,,,,,,,,,,,,,,,,,,,,,,,,,,,,,,,,,,,,,,,,,,,,,,,,,,,,,,,,,,,,,,,,,,,,,,,,,,,,,,,,,,,,,,,,,,,,,,,,,,,,,,,,,
,,,,,,48-22-3301,,,,,48-22-3301,48-22-3301 Milw Mechanical Pencil w/ Lead Pack,,,,Milwaukee Accessory (4031),Milwaukee Tool,Milwaukee®,Milwaukee®,48-22-3301,,,"Milwaukee Tool, Milwaukee®, Product, 48-22-3301",PRODUCT,Milwaukee® 48-22-3301 Product,Milwaukee® Product,,,,,,,,,,,,,,,,,,,,,,,,,,,,Product,,,,,,,,,,,,,,,,,,,,,,,,,,,,,,,,,,,,,,,,,,,,,,,,,,,,,,,,,,,,,,,,,,,,,,,,,,,,,,,,,,,,,,,,,,,,,,,,,,,,,,,,,,,,,,,,,,,,,,,,,,,,,,,,,,,,,,,,,,,,,,,,,,,,,,,,,,,,,,,,,,,,,,,,,,,,,,,,,,,,,,,,,,,,,,,,,,,,,
,,,,,,48-22-3302,,,,,48-22-3302,48-22-3302 Milw Mechanical Pencil Replacement Lead,,,,Milwaukee Accessory (4031),Milwaukee Tool,Milwaukee®,Milwaukee®,48-22-3302,,,"Milwaukee Tool, Milwaukee®, Product, 48-22-3302",PRODUCT,Milwaukee® 48-22-3302 Product,Milwaukee® Product,,,,,,,,,,,,,,,,,,,,,,,,,,,,Product,,,,,,,,,,,,,,,,,,,,,,,,,,,,,,,,,,,,,,,,,,,,,,,,,,,,,,,,,,,,,,,,,,,,,,,,,,,,,,,,,,,,,,,,,,,,,,,,,,,,,,,,,,,,,,,,,,,,,,,,,,,,,,,,,,,,,,,,,,,,,,,,,,,,,,,,,,,,,,,,,,,,,,,,,,,,,,,,,,,,,,,,,,,,,,,,,,,,,
,,,,,,48-22-3303,,,,,48-22-3303,48-22-3303 Milw Mechanical Pencil Replacement Lead-Color,,,,Milwaukee Accessory (4031),Milwaukee Tool,Milwaukee®,Milwaukee®,48-22-3303,,,"Milwaukee Tool, Milwaukee®, Product, 48-22-3303",PRODUCT,Milwaukee® 48-22-3303 Product,Milwaukee® Product,,,,,,,,,,,,,,,,,,,,,,,,,,,,Product,,,,,,,,,,,,,,,,,,,,,,,,,,,,,,,,,,,,,,,,,,,,,,,,,,,,,,,,,,,,,,,,,,,,,,,,,,,,,,,,,,,,,,,,,,,,,,,,,,,,,,,,,,,,,,,,,,,,,,,,,,,,,,,,,,,,,,,,,,,,,,,,,,,,,,,,,,,,,,,,,,,,,,,,,,,,,,,,,,,,,,,,,,,,,,,,,,,,,
,,,,,,TSDKAP218-G2,Tools & Equipment,Safety & Workwear,Safety Glasses & Eyewear,,TSDKAP218-G2,TSDKAP218-G2 Edge Safety - Khor Black Frame Polarized,,,,Edge Eyewear Inc (EDGSA),Edge Eyewear Inc,,,TSDKAP218-G2,,Tools & Equipment>Safety & Workwear>Safety Glasses & Eyewear,"Edge Eyewear Inc, Safety Glasses & Eyewear, TSDKAP218-G2",SAFETY GLASSES & EYEWEAR,TSDKAP218-G2 Safety Glasses & Eyewear,Safety Glasses & Eyewear,,,,,,,,,,,,,,,,,,,,,,,,,,,,Safety Glasses & Eyewear,,,,,,,,,,,,,,,,,,,,,,,,,,,,,,,,,,,,,,,,,,,,,,,,,,,,,,,,,,,,,,,,,,,,,,,,,,,,,,,,,,,,,,,,,,,,,,,,,,,,,,,,,,,,,,,,,,,,,,,,,,,,,,,,,,,,,,,,,,,,,,,,,,,,,,,,,,,,,,,,,,,,,,,,,,,,,,,,,,,,,,,,,,,,,,,,,,,,,
,,,,,,XPAP418,Tools & Equipment,Safety & Workwear,Safety Glasses & Eyewear,,XPAP418,XPAP418 Edge Safety Glasses - Pumori Black Frame,,,,Edge Eyewear Inc (EDGSA),Edge Eyewear Inc,,,XPAP418,,Tools & Equipment>Safety & Workwear>Safety Glasses & Eyewear,"Edge Eyewear Inc, Safety Glasses & Eyewear, XPAP418",SAFETY GLASSES & EYEWEAR,XPAP418 Safety Glasses & Eyewear,Safety Glasses & Eyewear,,,,,,,,,,,,,,,,,,,,,,,,,,,,Safety Glasses & Eyewear,,,,,,,,,,,,,,,,,,,,,,,,,,,,,,,,,,,,,,,,,,,,,,,,,,,,,,,,,,,,,,,,,,,,,,,,,,,,,,,,,,,,,,,,,,,,,,,,,,,,,,,,,,,,,,,,,,,,,,,,,,,,,,,,,,,,,,,,,,,,,,,,,,,,,,,,,,,,,,,,,,,,,,,,,,,,,,,,,,,,,,,,,,,,,,,,,,,,,
,,,,,,XDAP419,Tools & Equipment,Safety & Workwear,Safety Glasses & Eyewear,,XDAP419,XDAP419 Edge Safety Glasses - Dawson Black Frame Red Lenses,,,,Edge Eyewear Inc (EDGSA),Edge Eyewear Inc,,,XDAP419,,Tools & Equipment>Safety & Workwear>Safety Glasses & Eyewear,"Edge Eyewear Inc, Safety Glasses & Eyewear, XDAP419",SAFETY GLASSES & EYEWEAR,XDAP419 Safety Glasses & Eyewear,Safety Glasses & Eyewear,,,,,,,,,,,,,,,,,,,,,,,,,,,,Safety Glasses & Eyewear,,,,,,,,,,,,,,,,,,,,,,,,,,,,,,,,,,,,,,,,,,,,,,,,,,,,,,,,,,,,,,,,,,,,,,,,,,,,,,,,,,,,,,,,,,,,,,,,,,,,,,,,,,,,,,,,,,,,,,,,,,,,,,,,,,,,,,,,,,,,,,,,,,,,,,,,,,,,,,,,,,,,,,,,,,,,,,,,,,,,,,,,,,,,,,,,,,,,,
,,,,,,XB11PCVS,Tools & Equipment,Safety & Workwear,Safety Glasses & Eyewear,,XB11PCVS,XB11PCVS Edge Safety Glasses - Photochromic Lense,,,,Edge Eyewear Inc (EDGSA),Edge Eyewear Inc,,,XB11PCVS,,Tools & Equipment>Safety & Workwear>Safety Glasses & Eyewear,"Edge Eyewear Inc, Safety Glasses & Eyewear, XB11PCVS",SAFETY GLASSES & EYEWEAR,XB11PCVS Safety Glasses & Eyewear,Safety Glasses & Eyewear,,,,,,,,,,,,,,,,,,,,,,,,,,,,Safety Glasses & Eyewear,,,,,,,,,,,,,,,,,,,,,,,,,,,,,,,,,,,,,,,,,,,,,,,,,,,,,,,,,,,,,,,,,,,,,,,,,,,,,,,,,,,,,,,,,,,,,,,,,,,,,,,,,,,,,,,,,,,,,,,,,,,,,,,,,,,,,,,,,,,,,,,,,,,,,,,,,,,,,,,,,,,,,,,,,,,,,,,,,,,,,,,,,,,,,,,,,,,,,
,,,,,,KB121VS,Tools & Equipment,Safety & Workwear,Safety Glasses & Eyewear,,KB121VS,KB121VS Edge Safety Glasses - Kabru Black Frame,,,,Edge Eyewear Inc (EDGSA),Edge Eyewear Inc,,,KB121VS,,Tools & Equipment>Safety & Workwear>Safety Glasses & Eyewear,"Edge Eyewear Inc, Safety Glasses & Eyewear, KB121VS",SAFETY GLASSES & EYEWEAR,KB121VS Safety Glasses & Eyewear,Safety Glasses & Eyewear,,,,,,,,,,,,,,,,,,,,,,,,,,,,Safety Glasses & Eyewear,,,,,,,,,,,,,,,,,,,,,,,,,,,,,,,,,,,,,,,,,,,,,,,,,,,,,,,,,,,,,,,,,,,,,,,,,,,,,,,,,,,,,,,,,,,,,,,,,,,,,,,,,,,,,,,,,,,,,,,,,,,,,,,,,,,,,,,,,,,,,,,,,,,,,,,,,,,,,,,,,,,,,,,,,,,,,,,,,,,,,,,,,,,,,,,,,,,,,
,,,,,,KB126VS,Tools & Equipment,Safety & Workwear,Safety Glasses & Eyewear,,KB126VS,KB126VS Edge Safety Glasses - Kabru Black Frame,,,,Edge Eyewear Inc (EDGSA),Edge Eyewear Inc,,,KB126VS,,Tools & Equipment>Safety & Workwear>Safety Glasses & Eyewear,"Edge Eyewear Inc, Safety Glasses & Eyewear, KB126VS",SAFETY GLASSES & EYEWEAR,KB126VS Safety Glasses & Eyewear,Safety Glasses & Eyewear,,,,,,,,,,,,,,,,,,,,,,,,,,,,Safety Glasses & Eyewear,,,,,,,,,,,,,,,,,,,,,,,,,,,,,,,,,,,,,,,,,,,,,,,,,,,,,,,,,,,,,,,,,,,,,,,,,,,,,,,,,,,,,,,,,,,,,,,,,,,,,,,,,,,,,,,,,,,,,,,,,,,,,,,,,,,,,,,,,,,,,,,,,,,,,,,,,,,,,,,,,,,,,,,,,,,,,,,,,,,,,,,,,,,,,,,,,,,,,
,,,,,,TC121VS,Tools & Equipment,Safety & Workwear,Safety Glasses & Eyewear,,TC121VS,TC121VS Edge Safety Glasses - Tacana Black Frame,,,,Edge Eyewear Inc (EDGSA),Edge Eyewear Inc,,,TC121VS,,Tools & Equipment>Safety & Workwear>Safety Glasses & Eyewear,"Edge Eyewear Inc, Safety Glasses & Eyewear, TC121VS",SAFETY GLASSES & EYEWEAR,TC121VS Safety Glasses & Eyewear,Safety Glasses & Eyewear,,,,,,,,,,,,,,,,,,,,,,,,,,,,Safety Glasses & Eyewear,,,,,,,,,,,,,,,,,,,,,,,,,,,,,,,,,,,,,,,,,,,,,,,,,,,,,,,,,,,,,,,,,,,,,,,,,,,,,,,,,,,,,,,,,,,,,,,,,,,,,,,,,,,,,,,,,,,,,,,,,,,,,,,,,,,,,,,,,,,,,,,,,,,,,,,,,,,,,,,,,,,,,,,,,,,,,,,,,,,,,,,,,,,,,,,,,,,,,
,,,,,,TC126VS,Tools & Equipment,Safety & Workwear,Safety Glasses & Eyewear,,TC126VS,TC126VS Edge Safety Glasses - Tacana Black Frame,,,,Edge Eyewear Inc (EDGSA),Edge Eyewear Inc,,,TC126VS,,Tools & Equipment>Safety & Workwear>Safety Glasses & Eyewear,"Edge Eyewear Inc, Safety Glasses & Eyewear, TC126VS",SAFETY GLASSES & EYEWEAR,TC126VS Safety Glasses & Eyewear,Safety Glasses & Eyewear,,,,,,,,,,,,,,,,,,,,,,,,,,,,Safety Glasses & Eyewear,,,,,,,,,,,,,,,,,,,,,,,,,,,,,,,,,,,,,,,,,,,,,,,,,,,,,,,,,,,,,,,,,,,,,,,,,,,,,,,,,,,,,,,,,,,,,,,,,,,,,,,,,,,,,,,,,,,,,,,,,,,,,,,,,,,,,,,,,,,,,,,,,,,,,,,,,,,,,,,,,,,,,,,,,,,,,,,,,,,,,,,,,,,,,,,,,,,,,
,,,,,,MK113MPAP,Tools & Equipment,Safety & Workwear,Safety Glasses & Eyewear,,MK113MPAP,MK113MPAP Edge Safety Glasses - Makalu Black Frame Polarized,,,,Edge Eyewear Inc (EDGSA),Edge Eyewear Inc,,,MK113MPAP,,Tools & Equipment>Safety & Workwear>Safety Glasses & Eyewear,"Edge Eyewear Inc, Safety Glasses & Eyewear, MK113MPAP",SAFETY GLASSES & EYEWEAR,MK113MPAP Safety Glasses & Eyewear,Safety Glasses & Eyewear,,,,,,,,,,,,,,,,,,,,,,,,,,,,Safety Glasses & Eyewear,,,,,,,,,,,,,,,,,,,,,,,,,,,,,,,,,,,,,,,,,,,,,,,,,,,,,,,,,,,,,,,,,,,,,,,,,,,,,,,,,,,,,,,,,,,,,,,,,,,,,,,,,,,,,,,,,,,,,,,,,,,,,,,,,,,,,,,,,,,,,,,,,,,,,,,,,,,,,,,,,,,,,,,,,,,,,,,,,,,,,,,,,,,,,,,,,,,,,
,,,,,,LS117MPAP,Tools & Equipment,Safety & Workwear,Safety Glasses & Eyewear,,LS117MPAP,LS117MPAP Edge Safety Glasses - Lassen Black Frame Polarized,,,,Edge Eyewear Inc (EDGSA),Edge Eyewear Inc,,,LS117MPAP,,Tools & Equipment>Safety & Workwear>Safety Glasses & Eyewear,"Edge Eyewear Inc, Safety Glasses & Eyewear, LS117MPAP",SAFETY GLASSES & EYEWEAR,LS117MPAP Safety Glasses & Eyewear,Safety Glasses & Eyewear,,,,,,,,,,,,,,,,,,,,,,,,,,,,Safety Glasses & Eyewear,,,,,,,,,,,,,,,,,,,,,,,,,,,,,,,,,,,,,,,,,,,,,,,,,,,,,,,,,,,,,,,,,,,,,,,,,,,,,,,,,,,,,,,,,,,,,,,,,,,,,,,,,,,,,,,,,,,,,,,,,,,,,,,,,,,,,,,,,,,,,,,,,,,,,,,,,,,,,,,,,,,,,,,,,,,,,,,,,,,,,,,,,,,,,,,,,,,,,
,,,,,,FE-EFX-6L,,,,,FE-EFX-6L,FEEFX6L Lith Fire Extinguisher,,,,Ohio Firewatch Protection Inc (HOLFS),Ohio Firewatch Protection Inc,,,FE-EFX-6L,,,"Ohio Firewatch Protection Inc, Product, FE-EFX-6L",PRODUCT,FE-EFX-6L Product,Product,,,,,,,,,,,,,,,,,,,,,,,,,,,,Product,,,,,,,,,,,,,,,,,,,,,,,,,,,,,,,,,,,,,,,,,,,,,,,,,,,,,,,,,,,,,,,,,,,,,,,,,,,,,,,,,,,,,,,,,,,,,,,,,,,,,,,,,,,,,,,,,,,,,,,,,,,,,,,,,,,,,,,,,,,,,,,,,,,,,,,,,,,,,,,,,,,,,,,,,,,,,,,,,,,,,,,,,,,,,,,,,,,,,
,,,,,,FE-EFX-9L,,,,,FE-EFX-9L,FEEFX9L Lith Fire Extinguisher,,,,Ohio Firewatch Protection Inc (HOLFS),Ohio Firewatch Protection Inc,,,FE-EFX-9L,,,"Ohio Firewatch Protection Inc, Product, FE-EFX-9L",PRODUCT,FE-EFX-9L Product,Product,,,,,,,,,,,,,,,,,,,,,,,,,,,,Product,,,,,,,,,,,,,,,,,,,,,,,,,,,,,,,,,,,,,,,,,,,,,,,,,,,,,,,,,,,,,,,,,,,,,,,,,,,,,,,,,,,,,,,,,,,,,,,,,,,,,,,,,,,,,,,,,,,,,,,,,,,,,,,,,,,,,,,,,,,,,,,,,,,,,,,,,,,,,,,,,,,,,,,,,,,,,,,,,,,,,,,,,,,,,,,,,,,,,
,,,,,,1046793,,,,,1046793,1046793 Smoke & CO Alarm,,,First Alert,First Alert - B R K Brands (2754),First Alert - B R K Brands,First Alert,First Alert,1046793,,,"First Alert - B R K Brands, First Alert, Product, 1046793",PRODUCT,First Alert 1046793 Product,First Alert Product,,,,,,,,,,,,,,,,,,,,,,,,,,,,Product,,,,,,,,,,,,,,,,,,,,,,,,,,,,,,,,,,,,,,,,,,,,,,,,,,,,,,,,,,,,,,,,,,,,,,,,,,,,,,,,,,,,,,,,,,,,,,,,,,,,,,,,,,,,,,,,,,,,,,,,,,,,,,,,,,,,,,,,,,,,,,,,,,,,,,,,,,,,,,,,,,,,,,,,,,,,,,,,,,,,,,,,,,,,,,,,,,,,,
,,,,,,1046870,,,,,1046870,1046870 Smoke & CO Alarm,,,BRK,First Alert - B R K Brands (2754),First Alert - B R K Brands,BRK,BRK,1046870,,,"First Alert - B R K Brands, BRK, Product, 1046870",PRODUCT,BRK 1046870 Product,BRK Product,,,,,,,,,,,,,,,,,,,,,,,,,,,,Product,,,,,,,,,,,,,,,,,,,,,,,,,,,,,,,,,,,,,,,,,,,,,,,,,,,,,,,,,,,,,,,,,,,,,,,,,,,,,,,,,,,,,,,,,,,,,,,,,,,,,,,,,,,,,,,,,,,,,,,,,,,,,,,,,,,,,,,,,,,,,,,,,,,,,,,,,,,,,,,,,,,,,,,,,,,,,,,,,,,,,,,,,,,,,,,,,,,,,
,,,,,,M701B-21L,Tools & Equipment,Safety & Workwear,Safety Gloves,,M701B-21L,M701B-21L Milw L Black Heated Work Glove Liners,,,,Milwaukee Accessory (4031),Milwaukee Tool,Milwaukee®,Milwaukee®,M701B-21L,,Tools & Equipment>Safety & Workwear>Safety Gloves,"Milwaukee Tool, Milwaukee®, Safety Gloves, M701B-21L",SAFETY GLOVES,Milwaukee® M701B-21L Safety Gloves,Milwaukee® Safety Gloves,,,,,,,,,,,,,,,,,,,,,,,,,,,,Safety Gloves,,,,,,,,,,,,,,,,,,,,,,,,,,,,,,,,,,,,,,,,,,,,,,,,,,,,,,,,,,,,,,,,,,,,,,,,,,,,,,,,,,,,,,,,,,,,,,,,,,,,,,,,,,,,,,,,,,,,,,,,,,,,,,,,,,,,,,,,,,,,,,,,,,,,,,,,,,,,,,,,,,,,,,,,,,,,,,,,,,,,,,,,,,,,,,,,,,,,,
,,,,,,M701B-21M,Tools & Equipment,Safety & Workwear,Safety Gloves,,M701B-21M,M701B-21M Milw M Black Heated Work Glove Liners,,,,Milwaukee Accessory (4031),Milwaukee Tool,Milwaukee®,Milwaukee®,M701B-21M,,Tools & Equipment>Safety & Workwear>Safety Gloves,"Milwaukee Tool, Milwaukee®, Safety Gloves, M701B-21M",SAFETY GLOVES,Milwaukee® M701B-21M Safety Gloves,Milwaukee® Safety Gloves,,,,,,,,,,,,,,,,,,,,,,,,,,,,Safety Gloves,,,,,,,,,,,,,,,,,,,,,,,,,,,,,,,,,,,,,,,,,,,,,,,,,,,,,,,,,,,,,,,,,,,,,,,,,,,,,,,,,,,,,,,,,,,,,,,,,,,,,,,,,,,,,,,,,,,,,,,,,,,,,,,,,,,,,,,,,,,,,,,,,,,,,,,,,,,,,,,,,,,,,,,,,,,,,,,,,,,,,,,,,,,,,,,,,,,,,
,,,,,,M701B-21S,Tools & Equipment,Safety & Workwear,Safety Gloves,,M701B-21S,M701B-21S Milw S Black Heated Work Glove Liners,,,,Milwaukee Accessory (4031),Milwaukee Tool,Milwaukee®,Milwaukee®,M701B-21S,,Tools & Equipment>Safety & Workwear>Safety Gloves,"Milwaukee Tool, Milwaukee®, Safety Gloves, M701B-21S",SAFETY GLOVES,Milwaukee® M701B-21S Safety Gloves,Milwaukee® Safety Gloves,,,,,,,,,,,,,,,,,,,,,,,,,,,,Safety Gloves,,,,,,,,,,,,,,,,,,,,,,,,,,,,,,,,,,,,,,,,,,,,,,,,,,,,,,,,,,,,,,,,,,,,,,,,,,,,,,,,,,,,,,,,,,,,,,,,,,,,,,,,,,,,,,,,,,,,,,,,,,,,,,,,,,,,,,,,,,,,,,,,,,,,,,,,,,,,,,,,,,,,,,,,,,,,,,,,,,,,,,,,,,,,,,,,,,,,,
,,,,,,M701B-21XL,Tools & Equipment,Safety & Workwear,Safety Gloves,,M701B-21XL,M701B-21XL Milw XL Black Heated Work Glove Liners,,,,Milwaukee Accessory (4031),Milwaukee Tool,Milwaukee®,Milwaukee®,M701B-21XL,,Tools & Equipment>Safety & Workwear>Safety Gloves,"Milwaukee Tool, Milwaukee®, Safety Gloves, M701B-21XL",SAFETY GLOVES,Milwaukee® M701B-21XL Safety Gloves,Milwaukee® Safety Gloves,,,,,,,,,,,,,,,,,,,,,,,,,,,,Safety Gloves,,,,,,,,,,,,,,,,,,,,,,,,,,,,,,,,,,,,,,,,,,,,,,,,,,,,,,,,,,,,,,,,,,,,,,,,,,,,,,,,,,,,,,,,,,,,,,,,,,,,,,,,,,,,,,,,,,,,,,,,,,,,,,,,,,,,,,,,,,,,,,,,,,,,,,,,,,,,,,,,,,,,,,,,,,,,,,,,,,,,,,,,,,,,,,,,,,,,,
,,,,,,MWUG42010124,Tools & Equipment,Safety & Workwear,Safety Gloves,,MWUG42010124,UTW Pro Heated Glove Blk XS,,,,Tech Gear 5.7 Inc (TECGE),Tech Gear 5.7 Inc,,,MWUG42010124,,Tools & Equipment>Safety & Workwear>Safety Gloves,"Tech Gear 5.7 Inc, Safety Gloves, MWUG42010124",SAFETY GLOVES,MWUG42010124 Safety Gloves,Safety Gloves,,,,,,,,,,,,,,,,,,,,,,,,,,,,Safety Gloves,,,,,,,,,,,,,,,,,,,,,,,,,,,,,,,,,,,,,,,,,,,,,,,,,,,,,,,,,,,,,,,,,,,,,,,,,,,,,,,,,,,,,,,,,,,,,,,,,,,,,,,,,,,,,,,,,,,,,,,,,,,,,,,,,,,,,,,,,,,,,,,,,,,,,,,,,,,,,,,,,,,,,,,,,,,,,,,,,,,,,,,,,,,,,,,,,,,,,
,,,,,,MWUG42010224,Tools & Equipment,Safety & Workwear,Safety Gloves,,MWUG42010224,UTW Pro Heated Glove Blk SM,,,,Tech Gear 5.7 Inc (TECGE),Tech Gear 5.7 Inc,,,MWUG42010224,,Tools & Equipment>Safety & Workwear>Safety Gloves,"Tech Gear 5.7 Inc, Safety Gloves, MWUG42010224",SAFETY GLOVES,MWUG42010224 Safety Gloves,Safety Gloves,,,,,,,,,,,,,,,,,,,,,,,,,,,,Safety Gloves,,,,,,,,,,,,,,,,,,,,,,,,,,,,,,,,,,,,,,,,,,,,,,,,,,,,,,,,,,,,,,,,,,,,,,,,,,,,,,,,,,,,,,,,,,,,,,,,,,,,,,,,,,,,,,,,,,,,,,,,,,,,,,,,,,,,,,,,,,,,,,,,,,,,,,,,,,,,,,,,,,,,,,,,,,,,,,,,,,,,,,,,,,,,,,,,,,,,,
,,,,,,MWUG42010324,Tools & Equipment,Safety & Workwear,Safety Gloves,,MWUG42010324,UTW Pro Heated Glove Blk MD,,,,Tech Gear 5.7 Inc (TECGE),Tech Gear 5.7 Inc,,,MWUG42010324,,Tools & Equipment>Safety & Workwear>Safety Gloves,"Tech Gear 5.7 Inc, Safety Gloves, MWUG42010324",SAFETY GLOVES,MWUG42010324 Safety Gloves,Safety Gloves,,,,,,,,,,,,,,,,,,,,,,,,,,,,Safety Gloves,,,,,,,,,,,,,,,,,,,,,,,,,,,,,,,,,,,,,,,,,,,,,,,,,,,,,,,,,,,,,,,,,,,,,,,,,,,,,,,,,,,,,,,,,,,,,,,,,,,,,,,,,,,,,,,,,,,,,,,,,,,,,,,,,,,,,,,,,,,,,,,,,,,,,,,,,,,,,,,,,,,,,,,,,,,,,,,,,,,,,,,,,,,,,,,,,,,,,
,,,,,,MWUG42010424,Tools & Equipment,Safety & Workwear,Safety Gloves,,MWUG42010424,UTW Pro Heated Glove Blk LG,,,,Tech Gear 5.7 Inc (TECGE),Tech Gear 5.7 Inc,,,MWUG42010424,,Tools & Equipment>Safety & Workwear>Safety Gloves,"Tech Gear 5.7 Inc, Safety Gloves, MWUG42010424",SAFETY GLOVES,MWUG42010424 Safety Gloves,Safety Gloves,,,,,,,,,,,,,,,,,,,,,,,,,,,,Safety Gloves,,,,,,,,,,,,,,,,,,,,,,,,,,,,,,,,,,,,,,,,,,,,,,,,,,,,,,,,,,,,,,,,,,,,,,,,,,,,,,,,,,,,,,,,,,,,,,,,,,,,,,,,,,,,,,,,,,,,,,,,,,,,,,,,,,,,,,,,,,,,,,,,,,,,,,,,,,,,,,,,,,,,,,,,,,,,,,,,,,,,,,,,,,,,,,,,,,,,,
,,,,,,MWUG42010524,Tools & Equipment,Safety & Workwear,Safety Gloves,,MWUG42010524,UTW Pro Heated Glove Blk XL,,,,Tech Gear 5.7 Inc (TECGE),Tech Gear 5.7 Inc,,,MWUG42010524,,Tools & Equipment>Safety & Workwear>Safety Gloves,"Tech Gear 5.7 Inc, Safety Gloves, MWUG42010524",SAFETY GLOVES,MWUG42010524 Safety Gloves,Safety Gloves,,,,,,,,,,,,,,,,,,,,,,,,,,,,Safety Gloves,,,,,,,,,,,,,,,,,,,,,,,,,,,,,,,,,,,,,,,,,,,,,,,,,,,,,,,,,,,,,,,,,,,,,,,,,,,,,,,,,,,,,,,,,,,,,,,,,,,,,,,,,,,,,,,,,,,,,,,,,,,,,,,,,,,,,,,,,,,,,,,,,,,,,,,,,,,,,,,,,,,,,,,,,,,,,,,,,,,,,,,,,,,,,,,,,,,,,
,,,,,,MWUG42010624,Tools & Equipment,Safety & Workwear,Safety Gloves,,MWUG42010624,UTW Pro Heated Glove Blk 2X,,,,Tech Gear 5.7 Inc (TECGE),Tech Gear 5.7 Inc,,,MWUG42010624,,Tools & Equipment>Safety & Workwear>Safety Gloves,"Tech Gear 5.7 Inc, Safety Gloves, MWUG42010624",SAFETY GLOVES,MWUG42010624 Safety Gloves,Safety Gloves,,,,,,,,,,,,,,,,,,,,,,,,,,,,Safety Gloves,,,,,,,,,,,,,,,,,,,,,,,,,,,,,,,,,,,,,,,,,,,,,,,,,,,,,,,,,,,,,,,,,,,,,,,,,,,,,,,,,,,,,,,,,,,,,,,,,,,,,,,,,,,,,,,,,,,,,,,,,,,,,,,,,,,,,,,,,,,,,,,,,,,,,,,,,,,,,,,,,,,,,,,,,,,,,,,,,,,,,,,,,,,,,,,,,,,,,
,,,,,,MWUG36010225,Tools & Equipment,Safety & Workwear,Safety Gloves,,MWUG36010225,MWUG36010225 BLK SM Aerial Snow Heated Glove,,,,Tech Gear 5.7 Inc (TECGE),Tech Gear 5.7 Inc,,,MWUG36010225,,Tools & Equipment>Safety & Workwear>Safety Gloves,"Tech Gear 5.7 Inc, Safety Gloves, MWUG36010225",SAFETY GLOVES,MWUG36010225 Safety Gloves,Safety Gloves,,,,,,,,,,,,,,,,,,,,,,,,,,,,Safety Gloves,,,,,,,,,,,,,,,,,,,,,,,,,,,,,,,,,,,,,,,,,,,,,,,,,,,,,,,,,,,,,,,,,,,,,,,,,,,,,,,,,,,,,,,,,,,,,,,,,,,,,,,,,,,,,,,,,,,,,,,,,,,,,,,,,,,,,,,,,,,,,,,,,,,,,,,,,,,,,,,,,,,,,,,,,,,,,,,,,,,,,,,,,,,,,,,,,,,,,
,,,,,,MWUG36010325,Tools & Equipment,Safety & Workwear,Safety Gloves,,MWUG36010325,MWUG36010325 BLK MD Aerial Snow Heated Glove,,,,Tech Gear 5.7 Inc (TECGE),Tech Gear 5.7 Inc,,,MWUG36010325,,Tools & Equipment>Safety & Workwear>Safety Gloves,"Tech Gear 5.7 Inc, Safety Gloves, MWUG36010325",SAFETY GLOVES,MWUG36010325 Safety Gloves,Safety Gloves,,,,,,,,,,,,,,,,,,,,,,,,,,,,Safety Gloves,,,,,,,,,,,,,,,,,,,,,,,,,,,,,,,,,,,,,,,,,,,,,,,,,,,,,,,,,,,,,,,,,,,,,,,,,,,,,,,,,,,,,,,,,,,,,,,,,,,,,,,,,,,,,,,,,,,,,,,,,,,,,,,,,,,,,,,,,,,,,,,,,,,,,,,,,,,,,,,,,,,,,,,,,,,,,,,,,,,,,,,,,,,,,,,,,,,,,
,,,,,,MWUG36010425,Tools & Equipment,Safety & Workwear,Safety Gloves,,MWUG36010425,MWUG36010425 BLK LG Aerial Snow Heated Glove,,,,Tech Gear 5.7 Inc (TECGE),Tech Gear 5.7 Inc,,,MWUG36010425,,Tools & Equipment>Safety & Workwear>Safety Gloves,"Tech Gear 5.7 Inc, Safety Gloves, MWUG36010425",SAFETY GLOVES,MWUG36010425 Safety Gloves,Safety Gloves,,,,,,,,,,,,,,,,,,,,,,,,,,,,Safety Gloves,,,,,,,,,,,,,,,,,,,,,,,,,,,,,,,,,,,,,,,,,,,,,,,,,,,,,,,,,,,,,,,,,,,,,,,,,,,,,,,,,,,,,,,,,,,,,,,,,,,,,,,,,,,,,,,,,,,,,,,,,,,,,,,,,,,,,,,,,,,,,,,,,,,,,,,,,,,,,,,,,,,,,,,,,,,,,,,,,,,,,,,,,,,,,,,,,,,,,
,,,,,,MWUG36010525,Tools & Equipment,Safety & Workwear,Safety Gloves,,MWUG36010525,MWUG36010525 BLK XL Aerial Snow Heated Glove,,,,Tech Gear 5.7 Inc (TECGE),Tech Gear 5.7 Inc,,,MWUG36010525,,Tools & Equipment>Safety & Workwear>Safety Gloves,"Tech Gear 5.7 Inc, Safety Gloves, MWUG36010525",SAFETY GLOVES,MWUG36010525 Safety Gloves,Safety Gloves,,,,,,,,,,,,,,,,,,,,,,,,,,,,Safety Gloves,,,,,,,,,,,,,,,,,,,,,,,,,,,,,,,,,,,,,,,,,,,,,,,,,,,,,,,,,,,,,,,,,,,,,,,,,,,,,,,,,,,,,,,,,,,,,,,,,,,,,,,,,,,,,,,,,,,,,,,,,,,,,,,,,,,,,,,,,,,,,,,,,,,,,,,,,,,,,,,,,,,,,,,,,,,,,,,,,,,,,,,,,,,,,,,,,,,,,
,,,,,,MWUG36010625,Tools & Equipment,Safety & Workwear,Safety Gloves,,MWUG36010625,MWUG36010625 BLK 2X Aerial Snow Heated Glove,,,,Tech Gear 5.7 Inc (TECGE),Tech Gear 5.7 Inc,,,MWUG36010625,,Tools & Equipment>Safety & Workwear>Safety Gloves,"Tech Gear 5.7 Inc, Safety Gloves, MWUG36010625",SAFETY GLOVES,MWUG36010625 Safety Gloves,Safety Gloves,,,,,,,,,,,,,,,,,,,,,,,,,,,,Safety Gloves,,,,,,,,,,,,,,,,,,,,,,,,,,,,,,,,,,,,,,,,,,,,,,,,,,,,,,,,,,,,,,,,,,,,,,,,,,,,,,,,,,,,,,,,,,,,,,,,,,,,,,,,,,,,,,,,,,,,,,,,,,,,,,,,,,,,,,,,,,,,,,,,,,,,,,,,,,,,,,,,,,,,,,,,,,,,,,,,,,,,,,,,,,,,,,,,,,,,,
,,,,,,DPG15,,,,,DPG15,DPG15 Dewalt AM/FM Hearing Protector,,,,Radians (7363),"Stanley Black & Decker, Inc.",DEWALT®,DEWALT®,DPG15,,,"Stanley Black & Decker, Inc., DEWALT®, Product, DPG15",PRODUCT,DEWALT® DPG15 Product,DEWALT® Product,,,,,,,,,,,,,,,,,,,,,,,,,,,,Product,,,,,,,,,,,,,,,,,,,,,,,,,,,,,,,,,,,,,,,,,,,,,,,,,,,,,,,,,,,,,,,,,,,,,,,,,,,,,,,,,,,,,,,,,,,,,,,,,,,,,,,,,,,,,,,,,,,,,,,,,,,,,,,,,,,,,,,,,,,,,,,,,,,,,,,,,,,,,,,,,,,,,,,,,,,,,,,,,,,,,,,,,,,,,,,,,,,,,
,,,,,,F200B-21L,Tools & Equipment,Safety & Workwear,Heated Gear & Apparel,,F200B-21L,F200B-21L Milw M12 Womens - BLK Heated Hoodie Kit L,,,,Milwaukee Accessory (4031),Milwaukee Tool,Milwaukee®,Milwaukee®,F200B-21L,,Tools & Equipment>Safety & Workwear>Heated Gear & Apparel,"Milwaukee Tool, Milwaukee®, Heated Gear & Apparel, F200B-21L",HEATED GEAR & APPAREL,"Milwaukee® F200B-21L Heated Gear & Apparel With 12 V, Kit","Milwaukee® Heated Gear & Apparel, 12 V, Kit",,,Voltage Rating: 12 V,Tool Form: Kit,,,,,,,,,,,,,,,,,,,,,,,,Heated Gear & Apparel,Voltage Rating,12,V,Tool Form,Kit,,,,,,,,,,,,,,,,,,,,,,,,,,,,,,,,,,,,,,,,,,,,,,,,,,,,,,,,,,,,,,,,,,,,,,,,,,,,,,,,,,,,,,,,,,,,,,,,,,,,,,,,,,,,,,,,,,,,,,,,,,,,,,,,,,,,,,,,,,,,,,,,,,,,,,,,,,,,,,,,,,,,,,,,,,,,,,,,,,,,,,,,,,,,,,,,
,,,,,,F200B-21M,Tools & Equipment,Safety & Workwear,Heated Gear & Apparel,,F200B-21M,F200B-21M Milw M12 Womens - BLK Heated Hoodie Kit M,,,,Milwaukee Accessory (4031),Milwaukee Tool,Milwaukee®,Milwaukee®,F200B-21M,,Tools & Equipment>Safety & Workwear>Heated Gear & Apparel,"Milwaukee Tool, Milwaukee®, Heated Gear & Apparel, F200B-21M",HEATED GEAR & APPAREL,"Milwaukee® F200B-21M Heated Gear & Apparel With 12 V, Kit","Milwaukee® Heated Gear & Apparel, 12 V, Kit",,,Voltage Rating: 12 V,Tool Form: Kit,,,,,,,,,,,,,,,,,,,,,,,,Heated Gear & Apparel,Voltage Rating,12,V,Tool Form,Kit,,,,,,,,,,,,,,,,,,,,,,,,,,,,,,,,,,,,,,,,,,,,,,,,,,,,,,,,,,,,,,,,,,,,,,,,,,,,,,,,,,,,,,,,,,,,,,,,,,,,,,,,,,,,,,,,,,,,,,,,,,,,,,,,,,,,,,,,,,,,,,,,,,,,,,,,,,,,,,,,,,,,,,,,,,,,,,,,,,,,,,,,,,,,,,,,
,,,,,,M200B-21L,Tools & Equipment,Safety & Workwear,Heated Gear & Apparel,,M200B-21L,M200B-21L Milw M12 BLK - Heated Hoodie Kit L,,,,Milwaukee Accessory (4031),Milwaukee Tool,Milwaukee®,Milwaukee®,M200B-21L,,Tools & Equipment>Safety & Workwear>Heated Gear & Apparel,"Milwaukee Tool, Milwaukee®, Heated Gear & Apparel, M200B-21L",HEATED GEAR & APPAREL,"Milwaukee® M200B-21L Heated Gear & Apparel With 12 V, Kit","Milwaukee® Heated Gear & Apparel, 12 V, Kit",,,Voltage Rating: 12 V,Tool Form: Kit,,,,,,,,,,,,,,,,,,,,,,,,Heated Gear & Apparel,Voltage Rating,12,V,Tool Form,Kit,,,,,,,,,,,,,,,,,,,,,,,,,,,,,,,,,,,,,,,,,,,,,,,,,,,,,,,,,,,,,,,,,,,,,,,,,,,,,,,,,,,,,,,,,,,,,,,,,,,,,,,,,,,,,,,,,,,,,,,,,,,,,,,,,,,,,,,,,,,,,,,,,,,,,,,,,,,,,,,,,,,,,,,,,,,,,,,,,,,,,,,,,,,,,,,,
,,,,,,M200B-21M,Tools & Equipment,Safety & Workwear,Heated Gear & Apparel,,M200B-21M,M200B-21M Milw M12 BLK - Heated Hoodie Kit M,,,,Milwaukee Accessory (4031),Milwaukee Tool,Milwaukee®,Milwaukee®,M200B-21M,,Tools & Equipment>Safety & Workwear>Heated Gear & Apparel,"Milwaukee Tool, Milwaukee®, Heated Gear & Apparel, M200B-21M",HEATED GEAR & APPAREL,"Milwaukee® M200B-21M Heated Gear & Apparel With 12 V, Kit","Milwaukee® Heated Gear & Apparel, 12 V, Kit",,,Voltage Rating: 12 V,Tool Form: Kit,,,,,,,,,,,,,,,,,,,,,,,,Heated Gear & Apparel,Voltage Rating,12,V,Tool Form,Kit,,,,,,,,,,,,,,,,,,,,,,,,,,,,,,,,,,,,,,,,,,,,,,,,,,,,,,,,,,,,,,,,,,,,,,,,,,,,,,,,,,,,,,,,,,,,,,,,,,,,,,,,,,,,,,,,,,,,,,,,,,,,,,,,,,,,,,,,,,,,,,,,,,,,,,,,,,,,,,,,,,,,,,,,,,,,,,,,,,,,,,,,,,,,,,,,
,,,,,,M200B-21XL,Tools & Equipment,Safety & Workwear,Heated Gear & Apparel,,M200B-21XL,M200B-21XL Milw M12 BLK - Heated Hoodie Kit XL,,,,Milwaukee Accessory (4031),Milwaukee Tool,Milwaukee®,Milwaukee®,M200B-21XL,,Tools & Equipment>Safety & Workwear>Heated Gear & Apparel,"Milwaukee Tool, Milwaukee®, Heated Gear & Apparel, M200B-21XL",HEATED GEAR & APPAREL,"Milwaukee® M200B-21XL Heated Gear & Apparel With 12 V, Kit","Milwaukee® Heated Gear & Apparel, 12 V, Kit",,,Voltage Rating: 12 V,Tool Form: Kit,,,,,,,,,,,,,,,,,,,,,,,,Heated Gear & Apparel,Voltage Rating,12,V,Tool Form,Kit,,,,,,,,,,,,,,,,,,,,,,,,,,,,,,,,,,,,,,,,,,,,,,,,,,,,,,,,,,,,,,,,,,,,,,,,,,,,,,,,,,,,,,,,,,,,,,,,,,,,,,,,,,,,,,,,,,,,,,,,,,,,,,,,,,,,,,,,,,,,,,,,,,,,,,,,,,,,,,,,,,,,,,,,,,,,,,,,,,,,,,,,,,,,,,,,
,,,,,,M200G-21L,Tools & Equipment,Safety & Workwear,Heated Gear & Apparel,,M200G-21L,M200G-21L Milw M12 Gray - Heated Hoodie Kit L,,,,Milwaukee Accessory (4031),Milwaukee Tool,Milwaukee®,Milwaukee®,M200G-21L,,Tools & Equipment>Safety & Workwear>Heated Gear & Apparel,"Milwaukee Tool, Milwaukee®, Heated Gear & Apparel, M200G-21L",HEATED GEAR & APPAREL,"Milwaukee® M200G-21L Heated Gear & Apparel With 12 V, Kit","Milwaukee® Heated Gear & Apparel, 12 V, Kit",,,Voltage Rating: 12 V,Tool Form: Kit,,,,,,,,,,,,,,,,,,,,,,,,Heated Gear & Apparel,Voltage Rating,12,V,Tool Form,Kit,,,,,,,,,,,,,,,,,,,,,,,,,,,,,,,,,,,,,,,,,,,,,,,,,,,,,,,,,,,,,,,,,,,,,,,,,,,,,,,,,,,,,,,,,,,,,,,,,,,,,,,,,,,,,,,,,,,,,,,,,,,,,,,,,,,,,,,,,,,,,,,,,,,,,,,,,,,,,,,,,,,,,,,,,,,,,,,,,,,,,,,,,,,,,,,,
,,,,,,M200G-21M,Tools & Equipment,Safety & Workwear,Heated Gear & Apparel,,M200G-21M,M200G-21M Milw M12 Gray - Heated Hoodie Kit M,,,,Milwaukee Accessory (4031),Milwaukee Tool,Milwaukee®,Milwaukee®,M200G-21M,,Tools & Equipment>Safety & Workwear>Heated Gear & Apparel,"Milwaukee Tool, Milwaukee®, Heated Gear & Apparel, M200G-21M",HEATED GEAR & APPAREL,"Milwaukee® M200G-21M Heated Gear & Apparel With 12 V, Kit","Milwaukee® Heated Gear & Apparel, 12 V, Kit",,,Voltage Rating: 12 V,Tool Form: Kit,,,,,,,,,,,,,,,,,,,,,,,,Heated Gear & Apparel,Voltage Rating,12,V,Tool Form,Kit,,,,,,,,,,,,,,,,,,,,,,,,,,,,,,,,,,,,,,,,,,,,,,,,,,,,,,,,,,,,,,,,,,,,,,,,,,,,,,,,,,,,,,,,,,,,,,,,,,,,,,,,,,,,,,,,,,,,,,,,,,,,,,,,,,,,,,,,,,,,,,,,,,,,,,,,,,,,,,,,,,,,,,,,,,,,,,,,,,,,,,,,,,,,,,,,
,,,,,,M200G-21XL,Tools & Equipment,Safety & Workwear,Heated Gear & Apparel,,M200G-21XL,M200G-21XL Milw M12 Gray - Heated Hoodie Kit XL,,,,Milwaukee Accessory (4031),Milwaukee Tool,Milwaukee®,Milwaukee®,M200G-21XL,,Tools & Equipment>Safety & Workwear>Heated Gear & Apparel,"Milwaukee Tool, Milwaukee®, Heated Gear & Apparel, M200G-21XL",HEATED GEAR & APPAREL,"Milwaukee® M200G-21XL Heated Gear & Apparel With 12 V, Kit","Milwaukee® Heated Gear & Apparel, 12 V, Kit",,,Voltage Rating: 12 V,Tool Form: Kit,,,,,,,,,,,,,,,,,,,,,,,,Heated Gear & Apparel,Voltage Rating,12,V,Tool Form,Kit,,,,,,,,,,,,,,,,,,,,,,,,,,,,,,,,,,,,,,,,,,,,,,,,,,,,,,,,,,,,,,,,,,,,,,,,,,,,,,,,,,,,,,,,,,,,,,,,,,,,,,,,,,,,,,,,,,,,,,,,,,,,,,,,,,,,,,,,,,,,,,,,,,,,,,,,,,,,,,,,,,,,,,,,,,,,,,,,,,,,,,,,,,,,,,,,
,,,,,,48-11-2330,,,,,48-11-2330,48-11-2330 Milw Heated Gear Power Source,,,,Milwaukee Accessory (4031),Milwaukee Tool,Milwaukee®,Milwaukee®,48-11-2330,,,"Milwaukee Tool, Milwaukee®, Product, 48-11-2330",PRODUCT,Milwaukee® 48-11-2330 Product,Milwaukee® Product,,,,,,,,,,,,,,,,,,,,,,,,,,,,Product,,,,,,,,,,,,,,,,,,,,,,,,,,,,,,,,,,,,,,,,,,,,,,,,,,,,,,,,,,,,,,,,,,,,,,,,,,,,,,,,,,,,,,,,,,,,,,,,,,,,,,,,,,,,,,,,,,,,,,,,,,,,,,,,,,,,,,,,,,,,,,,,,,,,,,,,,,,,,,,,,,,,,,,,,,,,,,,,,,,,,,,,,,,,,,,,,,,,,
,,,,,,DCBP250C,,,,,DCBP250C,DCBP520C Dewalt Starter Kit,,,DEWALT,Black & Decker/dewlt (2585),"Stanley Black & Decker, Inc.",DEWALT®,DEWALT®,DCBP250C,,,"Stanley Black & Decker, Inc., DEWALT®, Product, DCBP250C, Tool Form Kit",PRODUCT,DEWALT® DCBP250C Product With Kit,"DEWALT® Product, Kit",,,Tool Form: Kit,,,,,,,,,,,,,,,,,,,,,,,,,Product,Tool Form,Kit,,,,,,,,,,,,,,,,,,,,,,,,,,,,,,,,,,,,,,,,,,,,,,,,,,,,,,,,,,,,,,,,,,,,,,,,,,,,,,,,,,,,,,,,,,,,,,,,,,,,,,,,,,,,,,,,,,,,,,,,,,,,,,,,,,,,,,,,,,,,,,,,,,,,,,,,,,,,,,,,,,,,,,,,,,,,,,,,,,,,,,,,,,,,,,,,,,,
,,,,,,5328,,,,,5328,5328 Lg. Leather Phone Holster - Clip-on,,,,-,,,,5328,,,"Product, 5328",PRODUCT,5328 Product,Product,,,,,,,,,,,,,,,,,,,,,,,,,,,,Product,,,,,,,,,,,,,,,,,,,,,,,,,,,,,,,,,,,,,,,,,,,,,,,,,,,,,,,,,,,,,,,,,,,,,,,,,,,,,,,,,,,,,,,,,,,,,,,,,,,,,,,,,,,,,,,,,,,,,,,,,,,,,,,,,,,,,,,,,,,,,,,,,,,,,,,,,,,,,,,,,,,,,,,,,,,,,,,,,,,,,,,,,,,,,,,,,,,,,
,,,,,,3200-20,,,,,3200-20,3200-20 Milw Voltage Detector,,,,Milwaukee Accessory (4031),Milwaukee Tool,Milwaukee®,Milwaukee®,3200-20,,,"Milwaukee Tool, Milwaukee®, Product, 3200-20",PRODUCT,Milwaukee® 3200-20 Product,Milwaukee® Product,,,,,,,,,,,,,,,,,,,,,,,,,,,,Product,,,,,,,,,,,,,,,,,,,,,,,,,,,,,,,,,,,,,,,,,,,,,,,,,,,,,,,,,,,,,,,,,,,,,,,,,,,,,,,,,,,,,,,,,,,,,,,,,,,,,,,,,,,,,,,,,,,,,,,,,,,,,,,,,,,,,,,,,,,,,,,,,,,,,,,,,,,,,,,,,,,,,,,,,,,,,,,,,,,,,,,,,,,,,,,,,,,,,
,,,,,,3202-20,,,,,3202-20,3202-20 Milw Voltage Detector w/ LED,,,,Milwaukee Accessory (4031),Milwaukee Tool,Milwaukee®,Milwaukee®,3202-20,,,"Milwaukee Tool, Milwaukee®, Product, 3202-20",PRODUCT,Milwaukee® 3202-20 Product,Milwaukee® Product,,,,,,,,,,,,,,,,,,,,,,,,,,,,Product,,,,,,,,,,,,,,,,,,,,,,,,,,,,,,,,,,,,,,,,,,,,,,,,,,,,,,,,,,,,,,,,,,,,,,,,,,,,,,,,,,,,,,,,,,,,,,,,,,,,,,,,,,,,,,,,,,,,,,,,,,,,,,,,,,,,,,,,,,,,,,,,,,,,,,,,,,,,,,,,,,,,,,,,,,,,,,,,,,,,,,,,,,,,,,,,,,,,,
,,,,,,3203-20,Appliances,Major Appliances,Cooking Appliances,,3203-20,3203-20 Milw Dual Range Voltage Detector w/ LED,,,,Milwaukee Accessory (4031),Milwaukee Tool,Milwaukee®,Milwaukee®,3203-20,,Appliances>Major Appliances>Cooking Appliances,"Milwaukee Tool, Milwaukee®, Cooking Appliances, 3203-20",COOKING APPLIANCES,Milwaukee® 3203-20 Cooking Appliances,Milwaukee® Cooking Appliances,,,,,,,,,,,,,,,,,,,,,,,,,,,,Cooking Appliances,,,,,,,,,,,,,,,,,,,,,,,,,,,,,,,,,,,,,,,,,,,,,,,,,,,,,,,,,,,,,,,,,,,,,,,,,,,,,,,,,,,,,,,,,,,,,,,,,,,,,,,,,,,,,,,,,,,,,,,,,,,,,,,,,,,,,,,,,,,,,,,,,,,,,,,,,,,,,,,,,,,,,,,,,,,,,,,,,,,,,,,,,,,,,,,,,,,,,
,,,,,,BC-12300,,,,,BC-12300,"BC-12300 BigCal 12""/300mm",,,,Woodpeckers Inc (WOODP),Woodpeckers Inc,,,BC-12300,,,"Woodpeckers Inc, Product, BC-12300, Unmapped Dimension 1 12 in",PRODUCT,BC-12300 Product With 12 in,"Product, 12 in",,,Unmapped Dimension 1: 12 in,,,,,,,,,,,,,,,,,,,,,,,,,Product,Unmapped Dimension 1,12,in,,,,,,,,,,,,,,,,,,,,,,,,,,,,,,,,,,,,,,,,,,,,,,,,,,,,,,,,,,,,,,,,,,,,,,,,,,,,,,,,,,,,,,,,,,,,,,,,,,,,,,,,,,,,,,,,,,,,,,,,,,,,,,,,,,,,,,,,,,,,,,,,,,,,,,,,,,,,,,,,,,,,,,,,,,,,,,,,,,,,,,,,,,,,,,,,,,
,,,,,,BC-24600,,,,,BC-24600,"BC-24600 BigCal 24""/600mm",,,,Woodpeckers Inc (WOODP),Woodpeckers Inc,,,BC-24600,,,"Woodpeckers Inc, Product, BC-24600, Unmapped Dimension 1 24 in",PRODUCT,BC-24600 Product With 24 in,"Product, 24 in",,,Unmapped Dimension 1: 24 in,,,,,,,,,,,,,,,,,,,,,,,,,Product,Unmapped Dimension 1,24,in,,,,,,,,,,,,,,,,,,,,,,,,,,,,,,,,,,,,,,,,,,,,,,,,,,,,,,,,,,,,,,,,,,,,,,,,,,,,,,,,,,,,,,,,,,,,,,,,,,,,,,,,,,,,,,,,,,,,,,,,,,,,,,,,,,,,,,,,,,,,,,,,,,,,,,,,,,,,,,,,,,,,,,,,,,,,,,,,,,,,,,,,,,,,,,,,,,
,,,,,,DW08302CG,,,,,DW08302CG,DW08302CG Dewalt Laser - Green 3 Spot,,,DEWALT,Black & Decker/dewlt (2585),"Stanley Black & Decker, Inc.",DEWALT®,DEWALT®,DW08302CG,,,"Stanley Black & Decker, Inc., DEWALT®, Product, DW08302CG",PRODUCT,DEWALT® DW08302CG Product,DEWALT® Product,,,,,,,,,,,,,,,,,,,,,,,,,,,,Product,,,,,,,,,,,,,,,,,,,,,,,,,,,,,,,,,,,,,,,,,,,,,,,,,,,,,,,,,,,,,,,,,,,,,,,,,,,,,,,,,,,,,,,,,,,,,,,,,,,,,,,,,,,,,,,,,,,,,,,,,,,,,,,,,,,,,,,,,,,,,,,,,,,,,,,,,,,,,,,,,,,,,,,,,,,,,,,,,,,,,,,,,,,,,,,,,,,,,
,,,,,,GCL165-42GL,,,,,GCL165-42GL,GCL165--42GL Cross Line Laser,,,,Robt Bosch Tool Corp (6564),Robert Bosch Tool Corp,Bosch®,Bosch®,GCL165-42GL,,,"Robert Bosch Tool Corp, Bosch®, Product, GCL165-42GL",PRODUCT,Bosch® GCL165-42GL Product,Bosch® Product,,,,,,,,,,,,,,,,,,,,,,,,,,,,Product,,,,,,,,,,,,,,,,,,,,,,,,,,,,,,,,,,,,,,,,,,,,,,,,,,,,,,,,,,,,,,,,,,,,,,,,,,,,,,,,,,,,,,,,,,,,,,,,,,,,,,,,,,,,,,,,,,,,,,,,,,,,,,,,,,,,,,,,,,,,,,,,,,,,,,,,,,,,,,,,,,,,,,,,,,,,,,,,,,,,,,,,,,,,,,,,,,,,,
,,,,,,DW08802CG,Tools & Equipment,Hand Tools,Hand Tools,,DW08802CG,DW08802CG Dewalt Laser Green - Self-Level Cross Line,,,DEWALT,Black & Decker/dewlt (2585),"Stanley Black & Decker, Inc.",DEWALT®,DEWALT®,DW08802CG,,Tools & Equipment>Hand Tools>Hand Tools,"Stanley Black & Decker, Inc., DEWALT®, Hand Tools, DW08802CG",HAND TOOLS,DEWALT® DW08802CG Hand Tools,DEWALT® Hand Tools,,,,,,,,,,,,,,,,,,,,,,,,,,,,Hand Tools,,,,,,,,,,,,,,,,,,,,,,,,,,,,,,,,,,,,,,,,,,,,,,,,,,,,,,,,,,,,,,,,,,,,,,,,,,,,,,,,,,,,,,,,,,,,,,,,,,,,,,,,,,,,,,,,,,,,,,,,,,,,,,,,,,,,,,,,,,,,,,,,,,,,,,,,,,,,,,,,,,,,,,,,,,,,,,,,,,,,,,,,,,,,,,,,,,,,,
,,,,,,DW088CG,,,,,DW088CG,DW088CG Dewalt Laser - Green Cross Line,,,DEWALT,Black & Decker/dewlt (2585),"Stanley Black & Decker, Inc.",DEWALT®,DEWALT®,DW088CG,,,"Stanley Black & Decker, Inc., DEWALT®, Product, DW088CG",PRODUCT,DEWALT® DW088CG Product,DEWALT® Product,,,,,,,,,,,,,,,,,,,,,,,,,,,,Product,,,,,,,,,,,,,,,,,,,,,,,,,,,,,,,,,,,,,,,,,,,,,,,,,,,,,,,,,,,,,,,,,,,,,,,,,,,,,,,,,,,,,,,,,,,,,,,,,,,,,,,,,,,,,,,,,,,,,,,,,,,,,,,,,,,,,,,,,,,,,,,,,,,,,,,,,,,,,,,,,,,,,,,,,,,,,,,,,,,,,,,,,,,,,,,,,,,,,
,,,,,,DW089CG,Tools & Equipment,Hand Tools,Hand Tools,,DW089CG,DW089CG Dewalt Laser Level - 3 Line 30ft Range,,,DEWALT,Black & Decker/dewlt (2585),"Stanley Black & Decker, Inc.",DEWALT®,DEWALT®,DW089CG,,Tools & Equipment>Hand Tools>Hand Tools,"Stanley Black & Decker, Inc., DEWALT®, Hand Tools, DW089CG",HAND TOOLS,DEWALT® DW089CG Hand Tools With 30 ft,"DEWALT® Hand Tools, 30 ft",,,Unmapped Dimension 1: 30 ft,,,,,,,,,,,,,,,,,,,,,,,,,Hand Tools,Unmapped Dimension 1,30,ft,,,,,,,,,,,,,,,,,,,,,,,,,,,,,,,,,,,,,,,,,,,,,,,,,,,,,,,,,,,,,,,,,,,,,,,,,,,,,,,,,,,,,,,,,,,,,,,,,,,,,,,,,,,,,,,,,,,,,,,,,,,,,,,,,,,,,,,,,,,,,,,,,,,,,,,,,,,,,,,,,,,,,,,,,,,,,,,,,,,,,,,,,,,,,,,,,,
,,,,,,DCLE34520GB,Tools & Equipment,Power Tools,Cordless Power Tools,,DCLE34520GB,DCLE34520GB Dewalt Laser 20V - Cross Line 5 Spot (Bare),,,DEWALT,Black & Decker/dewlt (2585),"Stanley Black & Decker, Inc.",DEWALT®,DEWALT®,DCLE34520GB,,Tools & Equipment>Power Tools>Cordless Power Tools,"Stanley Black & Decker, Inc., DEWALT®, Cordless Power Tools, DCLE34520GB",CORDLESS POWER TOOLS,"DEWALT® DCLE34520GB Cordless Power Tools With 20 V, Tool Only","DEWALT® Cordless Power Tools, 20 V, Tool Only",,,Voltage Rating: 20 V,Tool Form: Tool Only,,,,,,,,,,,,,,,,,,,,,,,,Cordless Power Tools,Voltage Rating,20,V,Tool Form,Tool Only,,,,,,,,,,,,,,,,,,,,,,,,,,,,,,,,,,,,,,,,,,,,,,,,,,,,,,,,,,,,,,,,,,,,,,,,,,,,,,,,,,,,,,,,,,,,,,,,,,,,,,,,,,,,,,,,,,,,,,,,,,,,,,,,,,,,,,,,,,,,,,,,,,,,,,,,,,,,,,,,,,,,,,,,,,,,,,,,,,,,,,,,,,,,,,,,
,,,,,,DCLE34031B,Tools & Equipment,Power Tools,Cordless Power Tools,,DCLE34031B,DCLE34031B Dewalt Line Laser - 20V Self-Leveling (Bare),,,DEWALT,Black & Decker/dewlt (2585),"Stanley Black & Decker, Inc.",DEWALT®,DEWALT®,DCLE34031B,,Tools & Equipment>Power Tools>Cordless Power Tools,"Stanley Black & Decker, Inc., DEWALT®, Cordless Power Tools, DCLE34031B",CORDLESS POWER TOOLS,"DEWALT® DCLE34031B Cordless Power Tools With 20 V, Tool Only","DEWALT® Cordless Power Tools, 20 V, Tool Only",,,Voltage Rating: 20 V,Tool Form: Tool Only,,,,,,,,,,,,,,,,,,,,,,,,Cordless Power Tools,Voltage Rating,20,V,Tool Form,Tool Only,,,,,,,,,,,,,,,,,,,,,,,,,,,,,,,,,,,,,,,,,,,,,,,,,,,,,,,,,,,,,,,,,,,,,,,,,,,,,,,,,,,,,,,,,,,,,,,,,,,,,,,,,,,,,,,,,,,,,,,,,,,,,,,,,,,,,,,,,,,,,,,,,,,,,,,,,,,,,,,,,,,,,,,,,,,,,,,,,,,,,,,,,,,,,,,,
,,,,,,DW0822CG,,,,,DW0822CG,DW0822CG Dewalt Cross Line - Plumb Spots Laser-Green,,,DEWALT,Black & Decker/dewlt (2585),"Stanley Black & Decker, Inc.",DEWALT®,DEWALT®,DW0822CG,,,"Stanley Black & Decker, Inc., DEWALT®, Product, DW0822CG",PRODUCT,DEWALT® DW0822CG Product,DEWALT® Product,,,,,,,,,,,,,,,,,,,,,,,,,,,,Product,,,,,,,,,,,,,,,,,,,,,,,,,,,,,,,,,,,,,,,,,,,,,,,,,,,,,,,,,,,,,,,,,,,,,,,,,,,,,,,,,,,,,,,,,,,,,,,,,,,,,,,,,,,,,,,,,,,,,,,,,,,,,,,,,,,,,,,,,,,,,,,,,,,,,,,,,,,,,,,,,,,,,,,,,,,,,,,,,,,,,,,,,,,,,,,,,,,,,
,,,,,,25459,Electrical,Electrical Accessories,Tapes & Adhesives,,25459,25459 Mason Line Brd Orange - 500',,,,U S Tape Company (6694),U S Tape Company,,,25459,,Electrical>Electrical Accessories>Tapes & Adhesives,"U S Tape Company, Tapes & Adhesives, 25459, Unmapped Dimension 1 500 ft",TAPES & ADHESIVES,25459 Tapes & Adhesives With 500 ft,"Tapes & Adhesives, 500 ft",,,Unmapped Dimension 1: 500 ft,,,,,,,,,,,,,,,,,,,,,,,,,Tapes & Adhesives,Unmapped Dimension 1,500,ft,,,,,,,,,,,,,,,,,,,,,,,,,,,,,,,,,,,,,,,,,,,,,,,,,,,,,,,,,,,,,,,,,,,,,,,,,,,,,,,,,,,,,,,,,,,,,,,,,,,,,,,,,,,,,,,,,,,,,,,,,,,,,,,,,,,,,,,,,,,,,,,,,,,,,,,,,,,,,,,,,,,,,,,,,,,,,,,,,,,,,,,,,,,,,,,,,,
,,,,,,35459,Electrical,Electrical Accessories,Tapes & Adhesives,,35459,35459 Mason Line Brd Orange - 500' Replacement,,,,U S Tape Company (6694),U S Tape Company,,,35459,,Electrical>Electrical Accessories>Tapes & Adhesives,"U S Tape Company, Tapes & Adhesives, 35459, Unmapped Dimension 1 500 ft",TAPES & ADHESIVES,35459 Tapes & Adhesives With 500 ft,"Tapes & Adhesives, 500 ft",,,Unmapped Dimension 1: 500 ft,,,,,,,,,,,,,,,,,,,,,,,,,Tapes & Adhesives,Unmapped Dimension 1,500,ft,,,,,,,,,,,,,,,,,,,,,,,,,,,,,,,,,,,,,,,,,,,,,,,,,,,,,,,,,,,,,,,,,,,,,,,,,,,,,,,,,,,,,,,,,,,,,,,,,,,,,,,,,,,,,,,,,,,,,,,,,,,,,,,,,,,,,,,,,,,,,,,,,,,,,,,,,,,,,,,,,,,,,,,,,,,,,,,,,,,,,,,,,,,,,,,,,,
,,,,,,25759,Electrical,Electrical Accessories,Tapes & Adhesives,,25759,25759 Mason Line Brd Orange - 1000',,,,U S Tape Company (6694),U S Tape Company,,,25759,,Electrical>Electrical Accessories>Tapes & Adhesives,"U S Tape Company, Tapes & Adhesives, 25759, Unmapped Dimension 1 1000 ft",TAPES & ADHESIVES,25759 Tapes & Adhesives With 1000 ft,"Tapes & Adhesives, 1000 ft",,,Unmapped Dimension 1: 1000 ft,,,,,,,,,,,,,,,,,,,,,,,,,Tapes & Adhesives,Unmapped Dimension 1,1000,ft,,,,,,,,,,,,,,,,,,,,,,,,,,,,,,,,,,,,,,,,,,,,,,,,,,,,,,,,,,,,,,,,,,,,,,,,,,,,,,,,,,,,,,,,,,,,,,,,,,,,,,,,,,,,,,,,,,,,,,,,,,,,,,,,,,,,,,,,,,,,,,,,,,,,,,,,,,,,,,,,,,,,,,,,,,,,,,,,,,,,,,,,,,,,,,,,,,
,,,,,,35112,Electrical,Electrical Accessories,Tapes & Adhesives,,35112,35112 Mason Line Twist Yellow - 270',,,,U S Tape Company (6694),U S Tape Company,,,35112,,Electrical>Electrical Accessories>Tapes & Adhesives,"U S Tape Company, Tapes & Adhesives, 35112, Unmapped Dimension 1 270 ft",TAPES & ADHESIVES,35112 Tapes & Adhesives With 270 ft,"Tapes & Adhesives, 270 ft",,,Unmapped Dimension 1: 270 ft,,,,,,,,,,,,,,,,,,,,,,,,,Tapes & Adhesives,Unmapped Dimension 1,270,ft,,,,,,,,,,,,,,,,,,,,,,,,,,,,,,,,,,,,,,,,,,,,,,,,,,,,,,,,,,,,,,,,,,,,,,,,,,,,,,,,,,,,,,,,,,,,,,,,,,,,,,,,,,,,,,,,,,,,,,,,,,,,,,,,,,,,,,,,,,,,,,,,,,,,,,,,,,,,,,,,,,,,,,,,,,,,,,,,,,,,,,,,,,,,,,,,,,
,,,,,,35115,Electrical,Electrical Accessories,Tapes & Adhesives,,35115,35115 Mason Line Twist Green - 270',,,,U S Tape Company (6694),U S Tape Company,,,35115,,Electrical>Electrical Accessories>Tapes & Adhesives,"U S Tape Company, Tapes & Adhesives, 35115, Unmapped Dimension 1 270 ft",TAPES & ADHESIVES,35115 Tapes & Adhesives With 270 ft,"Tapes & Adhesives, 270 ft",,,Unmapped Dimension 1: 270 ft,,,,,,,,,,,,,,,,,,,,,,,,,Tapes & Adhesives,Unmapped Dimension 1,270,ft,,,,,,,,,,,,,,,,,,,,,,,,,,,,,,,,,,,,,,,,,,,,,,,,,,,,,,,,,,,,,,,,,,,,,,,,,,,,,,,,,,,,,,,,,,,,,,,,,,,,,,,,,,,,,,,,,,,,,,,,,,,,,,,,,,,,,,,,,,,,,,,,,,,,,,,,,,,,,,,,,,,,,,,,,,,,,,,,,,,,,,,,,,,,,,,,,,
,,,,,,25168,Electrical,Electrical Accessories,Tapes & Adhesives,,25168,25168 Mason Line Brd Green - 250',CENTURY COMPONENTS,,,U S Tape Company (6694),U S Tape Company,CENTURY COMPONENTS,CENTURY COMPONENTS,25168,,Electrical>Electrical Accessories>Tapes & Adhesives,"U S Tape Company, CENTURY COMPONENTS, Tapes & Adhesives, 25168",TAPES & ADHESIVES,CENTURY COMPONENTS 25168 Tapes & Adhesives With 250 ft,"CENTURY COMPONENTS Tapes & Adhesives, 250 ft",,,Unmapped Dimension 1: 250 ft,,,,,,,,,,,,,,,,,,,,,,,,,Tapes & Adhesives,Unmapped Dimension 1,250,ft,,,,,,,,,,,,,,,,,,,,,,,,,,,,,,,,,,,,,,,,,,,,,,,,,,,,,,,,,,,,,,,,,,,,,,,,,,,,,,,,,,,,,,,,,,,,,,,,,,,,,,,,,,,,,,,,,,,,,,,,,,,,,,,,,,,,,,,,,,,,,,,,,,,,,,,,,,,,,,,,,,,,,,,,,,,,,,,,,,,,,,,,,,,,,,,,,,
,,,,,,35468,Electrical,Electrical Accessories,Tapes & Adhesives,,35468,35468 Mason Line Brd Green - 500' Replacement,,,,U S Tape Company (6694),U S Tape Company,,,35468,,Electrical>Electrical Accessories>Tapes & Adhesives,"U S Tape Company, Tapes & Adhesives, 35468, Unmapped Dimension 1 500 ft",TAPES & ADHESIVES,35468 Tapes & Adhesives With 500 ft,"Tapes & Adhesives, 500 ft",,,Unmapped Dimension 1: 500 ft,,,,,,,,,,,,,,,,,,,,,,,,,Tapes & Adhesives,Unmapped Dimension 1,500,ft,,,,,,,,,,,,,,,,,,,,,,,,,,,,,,,,,,,,,,,,,,,,,,,,,,,,,,,,,,,,,,,,,,,,,,,,,,,,,,,,,,,,,,,,,,,,,,,,,,,,,,,,,,,,,,,,,,,,,,,,,,,,,,,,,,,,,,,,,,,,,,,,,,,,,,,,,,,,,,,,,,,,,,,,,,,,,,,,,,,,,,,,,,,,,,,,,,
,,,,,,35494,Electrical,Electrical Accessories,Tapes & Adhesives,,35494,35494 Mason Line Brd Blk/Yellw - 500' Replacement,,,,U S Tape Company (6694),U S Tape Company,,,35494,,Electrical>Electrical Accessories>Tapes & Adhesives,"U S Tape Company, Tapes & Adhesives, 35494, Unmapped Dimension 1 500 ft",TAPES & ADHESIVES,35494 Tapes & Adhesives With 500 ft,"Tapes & Adhesives, 500 ft",,,Unmapped Dimension 1: 500 ft,,,,,,,,,,,,,,,,,,,,,,,,,Tapes & Adhesives,Unmapped Dimension 1,500,ft,,,,,,,,,,,,,,,,,,,,,,,,,,,,,,,,,,,,,,,,,,,,,,,,,,,,,,,,,,,,,,,,,,,,,,,,,,,,,,,,,,,,,,,,,,,,,,,,,,,,,,,,,,,,,,,,,,,,,,,,,,,,,,,,,,,,,,,,,,,,,,,,,,,,,,,,,,,,,,,,,,,,,,,,,,,,,,,,,,,,,,,,,,,,,,,,,,
,,,,,,MLSQ0120,,,,,MLSQ0120,"MLSQ0120 Milw 12"" RafterSquare",,,,Milwaukee Accessory (4031),Milwaukee Tool,Milwaukee®,Milwaukee®,MLSQ0120,,,"Milwaukee Tool, Milwaukee®, Product, MLSQ0120, Unmapped Dimension 1 12 in",PRODUCT,Milwaukee® MLSQ0120 Product With 12 in,"Milwaukee® Product, 12 in",,,Unmapped Dimension 1: 12 in,,,,,,,,,,,,,,,,,,,,,,,,,Product,Unmapped Dimension 1,12,in,,,,,,,,,,,,,,,,,,,,,,,,,,,,,,,,,,,,,,,,,,,,,,,,,,,,,,,,,,,,,,,,,,,,,,,,,,,,,,,,,,,,,,,,,,,,,,,,,,,,,,,,,,,,,,,,,,,,,,,,,,,,,,,,,,,,,,,,,,,,,,,,,,,,,,,,,,,,,,,,,,,,,,,,,,,,,,,,,,,,,,,,,,,,,,,,,,
,,,,,,MLSQ1120,,,,,MLSQ1120,MLSQ1120 Milw 300mm Rafter - Square (Metric),,,,Milwaukee Accessory (4031),Milwaukee Tool,Milwaukee®,Milwaukee®,MLSQ1120,,,"Milwaukee Tool, Milwaukee®, Product, MLSQ1120, Unmapped Dimension 1 300 mm",PRODUCT,Milwaukee® MLSQ1120 Product With 300 mm,"Milwaukee® Product, 300 mm",,,Unmapped Dimension 1: 300 mm,,,,,,,,,,,,,,,,,,,,,,,,,Product,Unmapped Dimension 1,300,mm,,,,,,,,,,,,,,,,,,,,,,,,,,,,,,,,,,,,,,,,,,,,,,,,,,,,,,,,,,,,,,,,,,,,,,,,,,,,,,,,,,,,,,,,,,,,,,,,,,,,,,,,,,,,,,,,,,,,,,,,,,,,,,,,,,,,,,,,,,,,,,,,,,,,,,,,,,,,,,,,,,,,,,,,,,,,,,,,,,,,,,,,,,,,,,,,,,
,,,,,,55227,Tools & Equipment,Power Tool Accessories,Bits,,55227,"55227 Amana Countersink/Stop 1/8"" Drill TB",,,,Amana Tool Corp (AMATO),Amana Tool Corp,,,55227,,Tools & Equipment>Power Tool Accessories>Cutting Tools>Bits,"Amana Tool Corp, Bits, 55227, Diameter 1/8 in",BITS 1/8 IN,55227 Bits With 1/8 in,"Bits, 1/8 in",,,Diameter: 1/8 in,,,,,,,,,,,,,,,,,,,,,,,,,Bits,Diameter,1/8,in,,,,,,,,,,,,,,,,,,,,,,,,,,,,,,,,,,,,,,,,,,,,,,,,,,,,,,,,,,,,,,,,,,,,,,,,,,,,,,,,,,,,,,,,,,,,,,,,,,,,,,,,,,,,,,,,,,,,,,,,,,,,,,,,,,,,,,,,,,,,,,,,,,,,,,,,,,,,,,,,,,,,,,,,,,,,,,,,,,,,,,,,,,,,,,,,,,
,,,,,,37300952,,,,,37300952,"095842 Fisch Plug Cutter 3/8""",,,,-,,,,37300952,,,"Product, 37300952, Unmapped Dimension 1 3/8 in",PRODUCT,37300952 Product With 3/8 in,"Product, 3/8 in",,,Unmapped Dimension 1: 3/8 in,,,,,,,,,,,,,,,,,,,,,,,,,Product,Unmapped Dimension 1,3/8,in,,,,,,,,,,,,,,,,,,,,,,,,,,,,,,,,,,,,,,,,,,,,,,,,,,,,,,,,,,,,,,,,,,,,,,,,,,,,,,,,,,,,,,,,,,,,,,,,,,,,,,,,,,,,,,,,,,,,,,,,,,,,,,,,,,,,,,,,,,,,,,,,,,,,,,,,,,,,,,,,,,,,,,,,,,,,,,,,,,,,,,,,,,,,,,,,,,
,,,,,,6008,Tools & Equipment,Power Tool Accessories,Bits,,6008,6008 Whiteside Router Bit,,,,Whiteside Machine & Repair Co (WHIMA),Whiteside Machine & Repair Co,Whiteside®,Whiteside®,6008,,Tools & Equipment>Power Tool Accessories>Cutting Tools>Bits,"Whiteside Machine & Repair Co, Whiteside®, Router Bit, 6008",ROUTER BIT,Whiteside® 6008 Router Bit,Whiteside® Router Bit,,,,,,,,,,,,,,,,,,,,,,,,,,,,Router Bit,,,,,,,,,,,,,,,,,,,,,,,,,,,,,,,,,,,,,,,,,,,,,,,,,,,,,,,,,,,,,,,,,,,,,,,,,,,,,,,,,,,,,,,,,,,,,,,,,,,,,,,,,,,,,,,,,,,,,,,,,,,,,,,,,,,,,,,,,,,,,,,,,,,,,,,,,,,,,,,,,,,,,,,,,,,,,,,,,,,,,,,,,,,,,,,,,,,,,
,,,,,,6009,Tools & Equipment,Power Tool Accessories,Bits,,6009,6009 Whiteside Router Bit,,,,Whiteside Machine & Repair Co (WHIMA),Whiteside Machine & Repair Co,Whiteside®,Whiteside®,6009,,Tools & Equipment>Power Tool Accessories>Cutting Tools>Bits,"Whiteside Machine & Repair Co, Whiteside®, Router Bit, 6009",ROUTER BIT,Whiteside® 6009 Router Bit,Whiteside® Router Bit,,,,,,,,,,,,,,,,,,,,,,,,,,,,Router Bit,,,,,,,,,,,,,,,,,,,,,,,,,,,,,,,,,,,,,,,,,,,,,,,,,,,,,,,,,,,,,,,,,,,,,,,,,,,,,,,,,,,,,,,,,,,,,,,,,,,,,,,,,,,,,,,,,,,,,,,,,,,,,,,,,,,,,,,,,,,,,,,,,,,,,,,,,,,,,,,,,,,,,,,,,,,,,,,,,,,,,,,,,,,,,,,,,,,,,
,,,,,,3000A,Tools & Equipment,Power Tool Accessories,Bits,,3000A,3000A Whiteside Router Bit,,,,Whiteside Machine & Repair Co (WHIMA),Whiteside Machine & Repair Co,Whiteside®,Whiteside®,3000A,,Tools & Equipment>Power Tool Accessories>Cutting Tools>Bits,"Whiteside Machine & Repair Co, Whiteside®, Router Bit, 3000A",ROUTER BIT,Whiteside® 3000A Router Bit,Whiteside® Router Bit,,,,,,,,,,,,,,,,,,,,,,,,,,,,Router Bit,,,,,,,,,,,,,,,,,,,,,,,,,,,,,,,,,,,,,,,,,,,,,,,,,,,,,,,,,,,,,,,,,,,,,,,,,,,,,,,,,,,,,,,,,,,,,,,,,,,,,,,,,,,,,,,,,,,,,,,,,,,,,,,,,,,,,,,,,,,,,,,,,,,,,,,,,,,,,,,,,,,,,,,,,,,,,,,,,,,,,,,,,,,,,,,,,,,,,
,,,,,,MID6630201US,Tools & Equipment,Power Tools,Cordless Power Tools,,MID6630201US,MID6630201US Deos663XCV Sander,,,,Mirka Abrasives Inc (MIRUS),Mirka Abrasives Inc,,,MID6630201US,,Tools & Equipment>Power Tools>Cordless Power Tools,"Mirka Abrasives Inc, Cordless Power Tools, MID6630201US",CORDLESS POWER TOOLS,MID6630201US Cordless Power Tools,Cordless Power Tools,,,,,,,,,,,,,,,,,,,,,,,,,,,,Cordless Power Tools,,,,,,,,,,,,,,,,,,,,,,,,,,,,,,,,,,,,,,,,,,,,,,,,,,,,,,,,,,,,,,,,,,,,,,,,,,,,,,,,,,,,,,,,,,,,,,,,,,,,,,,,,,,,,,,,,,,,,,,,,,,,,,,,,,,,,,,,,,,,,,,,,,,,,,,,,,,,,,,,,,,,,,,,,,,,,,,,,,,,,,,,,,,,,,,,,,,,,
,,,,,,DCF6202,,,,,DCF6202,DCF6202 Dewalt Collated Attach,,,DEWALT,Black & Decker/dewlt (2585),"Stanley Black & Decker, Inc.",DEWALT®,DEWALT®,DCF6202,,,"Stanley Black & Decker, Inc., DEWALT®, Product, DCF6202",PRODUCT,DEWALT® DCF6202 Product,DEWALT® Product,,,,,,,,,,,,,,,,,,,,,,,,,,,,Product,,,,,,,,,,,,,,,,,,,,,,,,,,,,,,,,,,,,,,,,,,,,,,,,,,,,,,,,,,,,,,,,,,,,,,,,,,,,,,,,,,,,,,,,,,,,,,,,,,,,,,,,,,,,,,,,,,,,,,,,,,,,,,,,,,,,,,,,,,,,,,,,,,,,,,,,,,,,,,,,,,,,,,,,,,,,,,,,,,,,,,,,,,,,,,,,,,,,,
,,,,,,25468,Electrical,Electrical Accessories,Tapes & Adhesives,,25468,25468 Mason Line Brd Green - 500',,,,U S Tape Company (6694),U S Tape Company,,,25468,,Electrical>Electrical Accessories>Tapes & Adhesives,"U S Tape Company, Tapes & Adhesives, 25468, Unmapped Dimension 1 500 ft",TAPES & ADHESIVES,25468 Tapes & Adhesives With 500 ft,"Tapes & Adhesives, 500 ft",,,Unmapped Dimension 1: 500 ft,,,,,,,,,,,,,,,,,,,,,,,,,Tapes & Adhesives,Unmapped Dimension 1,500,ft,,,,,,,,,,,,,,,,,,,,,,,,,,,,,,,,,,,,,,,,,,,,,,,,,,,,,,,,,,,,,,,,,,,,,,,,,,,,,,,,,,,,,,,,,,,,,,,,,,,,,,,,,,,,,,,,,,,,,,,,,,,,,,,,,,,,,,,,,,,,,,,,,,,,,,,,,,,,,,,,,,,,,,,,,,,,,,,,,,,,,,,,,,,,,,,,,,
,,,,,,25762,Electrical,Electrical Accessories,Tapes & Adhesives,,25762,25762 Mason Line Brd Pink - 1000',,,,U S Tape Company (6694),U S Tape Company,,,25762,,Electrical>Electrical Accessories>Tapes & Adhesives,"U S Tape Company, Tapes & Adhesives, 25762, Unmapped Dimension 1 1000 ft",TAPES & ADHESIVES,25762 Tapes & Adhesives With 1000 ft,"Tapes & Adhesives, 1000 ft",,,Unmapped Dimension 1: 1000 ft,,,,,,,,,,,,,,,,,,,,,,,,,Tapes & Adhesives,Unmapped Dimension 1,1000,ft,,,,,,,,,,,,,,,,,,,,,,,,,,,,,,,,,,,,,,,,,,,,,,,,,,,,,,,,,,,,,,,,,,,,,,,,,,,,,,,,,,,,,,,,,,,,,,,,,,,,,,,,,,,,,,,,,,,,,,,,,,,,,,,,,,,,,,,,,,,,,,,,,,,,,,,,,,,,,,,,,,,,,,,,,,,,,,,,,,,,,,,,,,,,,,,,,,
,,,,,,21839NN,Tools & Equipment,Hand Tools,Files & Rasps,,21839NN,"21839NN File Bstd Mill 10""",,,Nicholson,-,Apex Tool Group (Nicholson),Nicholson®,Nicholson®,21839NN,,Tools & Equipment>Hand Tools>Files & Rasps,"Apex Tool Group (Nicholson), Nicholson®, File, 21839NN, Length 10 in",FILE 10 IN,Nicholson® 21839NN File With 10 in,"Nicholson® File, 10 in",,,Length: 10 in,,,,,,,,,,,,,,,,,,,,,,,,,File,Length,10,in,,,,,,,,,,,,,,,,,,,,,,,,,,,,,,,,,,,,,,,,,,,,,,,,,,,,,,,,,,,,,,,,,,,,,,,,,,,,,,,,,,,,,,,,,,,,,,,,,,,,,,,,,,,,,,,,,,,,,,,,,,,,,,,,,,,,,,,,,,,,,,,,,,,,,,,,,,,,,,,,,,,,,,,,,,,,,,,,,,,,,,,,,,,,,,,,,,
https://www.marshalltown.com/pro-4634-bear-saw-pull-saws?variantItemId=43381,https://www.amazon.com/VAUGHAN-Tri-Edge-Interchangeable-BS265M-VN56920/dp/B00004Z2WX,,,,,VN56920,Tools & Equipment,Power Tool Accessories,Saw Blades,,VN56920,"VN56920 10 1/2"" Saw Blade",,,,Marshalltown Trowel (5155),Marshalltown Company,Marshalltown®,Marshalltown®,VN56920,,Tools & Equipment>Power Tool Accessories>Cutting Tools>Saw Blades,"Marshalltown Company, Marshalltown®, Saw Blade, VN56920, Diameter 10-1/2 in",SAW BLADE 10-1/2 IN 10-1/2 IN,"Marshalltown® VN56920 Saw Blade With 10-1/2 in, 10-1/2 in","Marshalltown® Saw Blade, 10-1/2 in, 10-1/2 in",,,Diameter: 10-1/2 in,Length: 10-1/2 in,,,,,,,,,,,,,,,,,,,,,,,,Saw Blade,Diameter,10-1/2,in,Length,10-1/2,in,,,,,,,,,,,,,,,,,,,,,,,,,,,,,,,,,,,,,,,,,,,,,,,,,,,,,,,,,,,,,,,,,,,,,,,,,,,,,,,,,,,,,,,,,,,,,,,,,,,,,,,,,,,,,,,,,,,,,,,,,,,,,,,,,,,,,,,,,,,,,,,,,,,,,,,,,,,,,,,,,,,,,,,,,,,,,,,,,,,,,,,,,,,,,,,
,,,,,,133164,,,,,133164,133164 950/9 Hex Plus Spks - Multicolor,,,,Wera Tools NA Inc (WERTO),Wera Tools NA Inc,,,133164,,,"Wera Tools NA Inc, Product, 133164",PRODUCT,133164 Product,Product,,,,,,,,,,,,,,,,,,,,,,,,,,,,Product,,,,,,,,,,,,,,,,,,,,,,,,,,,,,,,,,,,,,,,,,,,,,,,,,,,,,,,,,,,,,,,,,,,,,,,,,,,,,,,,,,,,,,,,,,,,,,,,,,,,,,,,,,,,,,,,,,,,,,,,,,,,,,,,,,,,,,,,,,,,,,,,,,,,,,,,,,,,,,,,,,,,,,,,,,,,,,,,,,,,,,,,,,,,,,,,,,,,,
,,,,,,DWHT10993,,,,,DWHT10993,DWHT10993 Folding Knife,,,DEWALT,Black & Decker/dewlt (2585),"Stanley Black & Decker, Inc.",DEWALT®,DEWALT®,DWHT10993,,,"Stanley Black & Decker, Inc., DEWALT®, Product, DWHT10993",PRODUCT,DEWALT® DWHT10993 Product,DEWALT® Product,,,,,,,,,,,,,,,,,,,,,,,,,,,,Product,,,,,,,,,,,,,,,,,,,,,,,,,,,,,,,,,,,,,,,,,,,,,,,,,,,,,,,,,,,,,,,,,,,,,,,,,,,,,,,,,,,,,,,,,,,,,,,,,,,,,,,,,,,,,,,,,,,,,,,,,,,,,,,,,,,,,,,,,,,,,,,,,,,,,,,,,,,,,,,,,,,,,,,,,,,,,,,,,,,,,,,,,,,,,,,,,,,,,
,,,,,,DWHT10994,,,,,DWHT10994,DWHT10994 Folding Knife,,,DEWALT,Black & Decker/dewlt (2585),"Stanley Black & Decker, Inc.",DEWALT®,DEWALT®,DWHT10994,,,"Stanley Black & Decker, Inc., DEWALT®, Product, DWHT10994",PRODUCT,DEWALT® DWHT10994 Product,DEWALT® Product,,,,,,,,,,,,,,,,,,,,,,,,,,,,Product,,,,,,,,,,,,,,,,,,,,,,,,,,,,,,,,,,,,,,,,,,,,,,,,,,,,,,,,,,,,,,,,,,,,,,,,,,,,,,,,,,,,,,,,,,,,,,,,,,,,,,,,,,,,,,,,,,,,,,,,,,,,,,,,,,,,,,,,,,,,,,,,,,,,,,,,,,,,,,,,,,,,,,,,,,,,,,,,,,,,,,,,,,,,,,,,,,,,,
,,,,,,QB22RU,,,,,QB22RU,QB22RU Vessel Carrying Bit Holder (Red),,,,Vessel Tools USA Inc (VESTO),Vessel Tools Usa Inc,Vessel®,Vessel®,QB22RU,,,"Vessel Tools Usa Inc, Vessel®, Product, QB22RU",PRODUCT,Vessel® QB22RU Product,Vessel® Product,,,,,,,,,,,,,,,,,,,,,,,,,,,,Product,,,,,,,,,,,,,,,,,,,,,,,,,,,,,,,,,,,,,,,,,,,,,,,,,,,,,,,,,,,,,,,,,,,,,,,,,,,,,,,,,,,,,,,,,,,,,,,,,,,,,,,,,,,,,,,,,,,,,,,,,,,,,,,,,,,,,,,,,,,,,,,,,,,,,,,,,,,,,,,,,,,,,,,,,,,,,,,,,,,,,,,,,,,,,,,,,,,,,
,,,,,,QB22KU,,,,,QB22KU,QB22KU Vessel Carrying Bit Holder (Black),,,,Vessel Tools USA Inc (VESTO),Vessel Tools Usa Inc,Vessel®,Vessel®,QB22KU,,,"Vessel Tools Usa Inc, Vessel®, Product, QB22KU",PRODUCT,Vessel® QB22KU Product,Vessel® Product,,,,,,,,,,,,,,,,,,,,,,,,,,,,Product,,,,,,,,,,,,,,,,,,,,,,,,,,,,,,,,,,,,,,,,,,,,,,,,,,,,,,,,,,,,,,,,,,,,,,,,,,,,,,,,,,,,,,,,,,,,,,,,,,,,,,,,,,,,,,,,,,,,,,,,,,,,,,,,,,,,,,,,,,,,,,,,,,,,,,,,,,,,,,,,,,,,,,,,,,,,,,,,,,,,,,,,,,,,,,,,,,,,,
,,,,,,AVM6EV,,,,,AVM6EV,AVM6 EV Mini Snip Red,,,,Malco Prod (2370),Malco Prod,,,AVM6EV,,,"Malco Prod, Product, AVM6EV",PRODUCT,AVM6EV Product,Product,,,,,,,,,,,,,,,,,,,,,,,,,,,,Product,,,,,,,,,,,,,,,,,,,,,,,,,,,,,,,,,,,,,,,,,,,,,,,,,,,,,,,,,,,,,,,,,,,,,,,,,,,,,,,,,,,,,,,,,,,,,,,,,,,,,,,,,,,,,,,,,,,,,,,,,,,,,,,,,,,,,,,,,,,,,,,,,,,,,,,,,,,,,,,,,,,,,,,,,,,,,,,,,,,,,,,,,,,,,,,,,,,,,
,,,,,,AVM6EV,,,,,AVM6EV,AVM7 EV Mini Snip Green,,,,Malco Prod (2370),Malco Prod,,,AVM6EV,,,"Malco Prod, Product, AVM6EV",PRODUCT,AVM6EV Product,Product,,,,,,,,,,,,,,,,,,,,,,,,,,,,Product,,,,,,,,,,,,,,,,,,,,,,,,,,,,,,,,,,,,,,,,,,,,,,,,,,,,,,,,,,,,,,,,,,,,,,,,,,,,,,,,,,,,,,,,,,,,,,,,,,,,,,,,,,,,,,,,,,,,,,,,,,,,,,,,,,,,,,,,,,,,,,,,,,,,,,,,,,,,,,,,,,,,,,,,,,,,,,,,,,,,,,,,,,,,,,,,,,,,,
,,,,,,DSA0250B,Tools & Equipment,Power Tool Accessories,Bits,,DSA0250B,"DSA0250B 1/4"" Square x1/4"" Hex - Socket Adapter",,,Diablo,Freud Inc (2435),Freud Inc,Diablo®,Diablo®,DSA0250B,,Tools & Equipment>Power Tool Accessories>Cutting Tools>Bits,"Freud Inc, Diablo®, Bits, DSA0250B, Diameter 1/4 in",BITS 1/4 IN,Diablo® DSA0250B Bits With 1/4 in,"Diablo® Bits, 1/4 in",,,Diameter: 1/4 in,,,,,,,,,,,,,,,,,,,,,,,,,Bits,Diameter,1/4,in,,,,,,,,,,,,,,,,,,,,,,,,,,,,,,,,,,,,,,,,,,,,,,,,,,,,,,,,,,,,,,,,,,,,,,,,,,,,,,,,,,,,,,,,,,,,,,,,,,,,,,,,,,,,,,,,,,,,,,,,,,,,,,,,,,,,,,,,,,,,,,,,,,,,,,,,,,,,,,,,,,,,,,,,,,,,,,,,,,,,,,,,,,,,,,,,,,
,,,,,,DSA0375B,Tools & Equipment,Power Tool Accessories,Bits,,DSA0375B,"DSA0375B 3/8"" Square x1/4"" Hex - Socket Adapter",,,Diablo,Freud Inc (2435),Freud Inc,Diablo®,Diablo®,DSA0375B,,Tools & Equipment>Power Tool Accessories>Cutting Tools>Bits,"Freud Inc, Diablo®, Bits, DSA0375B, Diameter 3/8 in",BITS 3/8 IN,Diablo® DSA0375B Bits With 3/8 in,"Diablo® Bits, 3/8 in",,,Diameter: 3/8 in,,,,,,,,,,,,,,,,,,,,,,,,,Bits,Diameter,3/8,in,,,,,,,,,,,,,,,,,,,,,,,,,,,,,,,,,,,,,,,,,,,,,,,,,,,,,,,,,,,,,,,,,,,,,,,,,,,,,,,,,,,,,,,,,,,,,,,,,,,,,,,,,,,,,,,,,,,,,,,,,,,,,,,,,,,,,,,,,,,,,,,,,,,,,,,,,,,,,,,,,,,,,,,,,,,,,,,,,,,,,,,,,,,,,,,,,,
,,,,,,DSA0500B,Tools & Equipment,Power Tool Accessories,Bits,,DSA0500B,"DSA0500B 1/2"" Square x1/4"" Hex - Socket Adapter",,,Diablo,Freud Inc (2435),Freud Inc,Diablo®,Diablo®,DSA0500B,,Tools & Equipment>Power Tool Accessories>Cutting Tools>Bits,"Freud Inc, Diablo®, Bits, DSA0500B, Diameter 1/2 in",BITS 1/2 IN,Diablo® DSA0500B Bits With 1/2 in,"Diablo® Bits, 1/2 in",,,Diameter: 1/2 in,,,,,,,,,,,,,,,,,,,,,,,,,Bits,Diameter,1/2,in,,,,,,,,,,,,,,,,,,,,,,,,,,,,,,,,,,,,,,,,,,,,,,,,,,,,,,,,,,,,,,,,,,,,,,,,,,,,,,,,,,,,,,,,,,,,,,,,,,,,,,,,,,,,,,,,,,,,,,,,,,,,,,,,,,,,,,,,,,,,,,,,,,,,,,,,,,,,,,,,,,,,,,,,,,,,,,,,,,,,,,,,,,,,,,,,,,
,,,,,,42-04-9107,,,,,42-04-9107,"42-04-9107 Milw 3/8"" Drive Universal Joint",,,,Milwaukee Accessory (4031),Milwaukee Tool,Milwaukee®,Milwaukee®,42-04-9107,,,"Milwaukee Tool, Milwaukee®, Product, 42-04-9107, Unmapped Dimension 1 3/8 in",PRODUCT,Milwaukee® 42-04-9107 Product With 3/8 in,"Milwaukee® Product, 3/8 in",,,Unmapped Dimension 1: 3/8 in,,,,,,,,,,,,,,,,,,,,,,,,,Product,Unmapped Dimension 1,3/8,in,,,,,,,,,,,,,,,,,,,,,,,,,,,,,,,,,,,,,,,,,,,,,,,,,,,,,,,,,,,,,,,,,,,,,,,,,,,,,,,,,,,,,,,,,,,,,,,,,,,,,,,,,,,,,,,,,,,,,,,,,,,,,,,,,,,,,,,,,,,,,,,,,,,,,,,,,,,,,,,,,,,,,,,,,,,,,,,,,,,,,,,,,,,,,,,,,,
,,,,,,48-22-9491,Tools & Equipment,Hand Tools,Hand Tools,,48-22-9491,48-22-9491 Milw 242pc Ratchet & Socket Set 4-Drawer Tool Box,,,,Milwaukee Accessory (4031),Milwaukee Tool,Milwaukee®,Milwaukee®,48-22-9491,,Tools & Equipment>Hand Tools>Hand Tools,"Milwaukee Tool, Milwaukee®, Hand Tools, 48-22-9491, Pack Quantity 242 pc",HAND TOOLS,Milwaukee® 48-22-9491 Hand Tools With 242 pc,"Milwaukee® Hand Tools, 242 pc",,,Pack Quantity: 242 pc,,,,,,,,,,,,,,,,,,,,,,,,,Hand Tools,Pack Quantity,242,pc,,,,,,,,,,,,,,,,,,,,,,,,,,,,,,,,,,,,,,,,,,,,,,,,,,,,,,,,,,,,,,,,,,,,,,,,,,,,,,,,,,,,,,,,,,,,,,,,,,,,,,,,,,,,,,,,,,,,,,,,,,,,,,,,,,,,,,,,,,,,,,,,,,,,,,,,,,,,,,,,,,,,,,,,,,,,,,,,,,,,,,,,,,,,,,,,,,
,,,,,,DWMT45422,,,,,DWMT45422,"DWMT45422 Dewalt 1/4"" Drive - 50pc Mechanics Set",,,,Black & Decker/dewlt (2585),"Stanley Black & Decker, Inc.",DEWALT®,DEWALT®,DWMT45422,,,"Stanley Black & Decker, Inc., DEWALT®, Product, DWMT45422",PRODUCT,"DEWALT® DWMT45422 Product With 1/4 in, 50 pc","DEWALT® Product, 1/4 in, 50 pc",,,Unmapped Dimension 1: 1/4 in,Pack Quantity: 50 pc,,,,,,,,,,,,,,,,,,,,,,,,Product,Unmapped Dimension 1,1/4,in,Pack Quantity,50,pc,,,,,,,,,,,,,,,,,,,,,,,,,,,,,,,,,,,,,,,,,,,,,,,,,,,,,,,,,,,,,,,,,,,,,,,,,,,,,,,,,,,,,,,,,,,,,,,,,,,,,,,,,,,,,,,,,,,,,,,,,,,,,,,,,,,,,,,,,,,,,,,,,,,,,,,,,,,,,,,,,,,,,,,,,,,,,,,,,,,,,,,,,,,,,,,
,,,,,,DWMT45424,,,,,DWMT45424,"DWMT45424 Dewalt 3/8"" Drive - 84pc Mechanics Set",,,,Black & Decker/dewlt (2585),"Stanley Black & Decker, Inc.",DEWALT®,DEWALT®,DWMT45424,,,"Stanley Black & Decker, Inc., DEWALT®, Product, DWMT45424",PRODUCT,"DEWALT® DWMT45424 Product With 3/8 in, 84 pc","DEWALT® Product, 3/8 in, 84 pc",,,Unmapped Dimension 1: 3/8 in,Pack Quantity: 84 pc,,,,,,,,,,,,,,,,,,,,,,,,Product,Unmapped Dimension 1,3/8,in,Pack Quantity,84,pc,,,,,,,,,,,,,,,,,,,,,,,,,,,,,,,,,,,,,,,,,,,,,,,,,,,,,,,,,,,,,,,,,,,,,,,,,,,,,,,,,,,,,,,,,,,,,,,,,,,,,,,,,,,,,,,,,,,,,,,,,,,,,,,,,,,,,,,,,,,,,,,,,,,,,,,,,,,,,,,,,,,,,,,,,,,,,,,,,,,,,,,,,,,,,,,
,,,,,,48-22-9483,Tools & Equipment,Hand Tools,Hand Tools,,48-22-9483,48-22-9483 Milw Packout 15pc - Metric Wrench Set,,,,Milwaukee Accessory (4031),Milwaukee Tool,Milwaukee®,Milwaukee®,48-22-9483,,Tools & Equipment>Hand Tools>Hand Tools,"Milwaukee Tool, Milwaukee®, Hand Tools, 48-22-9483, Pack Quantity 15 pc",HAND TOOLS,Milwaukee® 48-22-9483 Hand Tools With 15 pc,"Milwaukee® Hand Tools, 15 pc",,,Pack Quantity: 15 pc,,,,,,,,,,,,,,,,,,,,,,,,,Hand Tools,Pack Quantity,15,pc,,,,,,,,,,,,,,,,,,,,,,,,,,,,,,,,,,,,,,,,,,,,,,,,,,,,,,,,,,,,,,,,,,,,,,,,,,,,,,,,,,,,,,,,,,,,,,,,,,,,,,,,,,,,,,,,,,,,,,,,,,,,,,,,,,,,,,,,,,,,,,,,,,,,,,,,,,,,,,,,,,,,,,,,,,,,,,,,,,,,,,,,,,,,,,,,,,
,,,,,,48-22-9484,Tools & Equipment,Hand Tools,Hand Tools,,48-22-9484,48-22-9484 Milw Packout 15pc - SAE Wrench Set,,,,Milwaukee Accessory (4031),Milwaukee Tool,Milwaukee®,Milwaukee®,48-22-9484,,Tools & Equipment>Hand Tools>Hand Tools,"Milwaukee Tool, Milwaukee®, Hand Tools, 48-22-9484, Pack Quantity 15 pc",HAND TOOLS,Milwaukee® 48-22-9484 Hand Tools With 15 pc,"Milwaukee® Hand Tools, 15 pc",,,Pack Quantity: 15 pc,,,,,,,,,,,,,,,,,,,,,,,,,Hand Tools,Pack Quantity,15,pc,,,,,,,,,,,,,,,,,,,,,,,,,,,,,,,,,,,,,,,,,,,,,,,,,,,,,,,,,,,,,,,,,,,,,,,,,,,,,,,,,,,,,,,,,,,,,,,,,,,,,,,,,,,,,,,,,,,,,,,,,,,,,,,,,,,,,,,,,,,,,,,,,,,,,,,,,,,,,,,,,,,,,,,,,,,,,,,,,,,,,,,,,,,,,,,,,,
,,,,,,48-22-9485,Tools & Equipment,Hand Tools,Hand Tools,,48-22-9485,48-22-9485 Milw Packout 30pc - Metric & SAE Wrench Set,,,,Milwaukee Accessory (4031),Milwaukee Tool,Milwaukee®,Milwaukee®,48-22-9485,,Tools & Equipment>Hand Tools>Hand Tools,"Milwaukee Tool, Milwaukee®, Hand Tools, 48-22-9485, Pack Quantity 30 pc",HAND TOOLS,Milwaukee® 48-22-9485 Hand Tools With 30 pc,"Milwaukee® Hand Tools, 30 pc",,,Pack Quantity: 30 pc,,,,,,,,,,,,,,,,,,,,,,,,,Hand Tools,Pack Quantity,30,pc,,,,,,,,,,,,,,,,,,,,,,,,,,,,,,,,,,,,,,,,,,,,,,,,,,,,,,,,,,,,,,,,,,,,,,,,,,,,,,,,,,,,,,,,,,,,,,,,,,,,,,,,,,,,,,,,,,,,,,,,,,,,,,,,,,,,,,,,,,,,,,,,,,,,,,,,,,,,,,,,,,,,,,,,,,,,,,,,,,,,,,,,,,,,,,,,,,
,,,,,,48-44-2770,,,,,48-44-2770,48-44-2770 Milw Pole Pruning - Shears Replacement Blade,,,,Milwaukee Accessory (4031),Milwaukee Tool,Milwaukee®,Milwaukee®,48-44-2770,,,"Milwaukee Tool, Milwaukee®, Product, 48-44-2770",PRODUCT,Milwaukee® 48-44-2770 Product,Milwaukee® Product,,,,,,,,,,,,,,,,,,,,,,,,,,,,Product,,,,,,,,,,,,,,,,,,,,,,,,,,,,,,,,,,,,,,,,,,,,,,,,,,,,,,,,,,,,,,,,,,,,,,,,,,,,,,,,,,,,,,,,,,,,,,,,,,,,,,,,,,,,,,,,,,,,,,,,,,,,,,,,,,,,,,,,,,,,,,,,,,,,,,,,,,,,,,,,,,,,,,,,,,,,,,,,,,,,,,,,,,,,,,,,,,,,,
,,,,,,IWHT48441RC,,,,,IWHT48441RC,IWHT48441RC Irwin 100ft - Red Chalk & Reel Set,,,Irwin,Irwin Industrial Tools (5863),Irwin Industrial Tools,Irwin,Irwin,IWHT48441RC,,,"Irwin Industrial Tools, Irwin, Product, IWHT48441RC, Unmapped Dimension 1 100 ft",PRODUCT,Irwin IWHT48441RC Product With 100 ft,"Irwin Product, 100 ft",,,Unmapped Dimension 1: 100 ft,,,,,,,,,,,,,,,,,,,,,,,,,Product,Unmapped Dimension 1,100,ft,,,,,,,,,,,,,,,,,,,,,,,,,,,,,,,,,,,,,,,,,,,,,,,,,,,,,,,,,,,,,,,,,,,,,,,,,,,,,,,,,,,,,,,,,,,,,,,,,,,,,,,,,,,,,,,,,,,,,,,,,,,,,,,,,,,,,,,,,,,,,,,,,,,,,,,,,,,,,,,,,,,,,,,,,,,,,,,,,,,,,,,,,,,,,,,,,,
,https://www.makitatools.com/products/details/XRU23SM1,,,,,XRU23SM1,Tools & Equipment,Power Tools,Cordless Power Tools,,XRU23SM1,"XRU23SM1 Makita 18V 13"" - String Trimmer Kit",,,,Makita Usa Inc (5142),"Makita U.S.A., Inc.",Makita®,Makita®,XRU23SM1,,Tools & Equipment>Power Tools>Cordless Power Tools,"Makita U.S.A., Inc., Makita®, Cordless Power Tools, XRU23SM1",CORDLESS POWER TOOLS,"Makita® XRU23SM1 Cordless Power Tools With 13 in, 18 V, Kit, Brushless","Makita® Cordless Power Tools, 13 in, 18 V, Kit, Brushless, 4.0 Ah, 6000 RPM",,,Cutting Swath: 13 in,Voltage Rating: 18 V,Tool Form: Kit,Motor Type: Brushless,Battery Capacity: 4.0 Ah,Speed: 6000 RPM,,,,,,,,,,,,,,,,,,,,Cordless Power Tools,Cutting Swath,13,in,Voltage Rating,18,V,Tool Form,Kit,,Motor Type,Brushless,,Battery Capacity,4.0,Ah,Speed,6000,RPM,,,,,,,,,,,,,,,,,,,,,,,,,,,,,,,,,,,,,,,,,,,,,,,,,,,,,,,,,,,,,,,,,,,,,,,,,,,,,,,,,,,,,,,,,,,,,,,,,,,,,,,,,,,,,,,,,,,,,,,,,,,,,,,,,,,,,,,,,,,,,,,,,,,,,,,,,,,,,,,,,,,,,,,,,,,,,,,,,,,
,,,,,,XRU15PT1,Tools & Equipment,Power Tools,Cordless Power Tools,,XRU15PT1,XRU15PT1 Makita String Trimmer,,,,Makita Usa Inc (5142),"Makita U.S.A., Inc.",Makita®,Makita®,XRU15PT1,,Tools & Equipment>Power Tools>Cordless Power Tools,"Makita U.S.A., Inc., Makita®, Cordless Power Tools, XRU15PT1",CORDLESS POWER TOOLS,Makita® XRU15PT1 Cordless Power Tools,Makita® Cordless Power Tools,,,,,,,,,,,,,,,,,,,,,,,,,,,,Cordless Power Tools,,,,,,,,,,,,,,,,,,,,,,,,,,,,,,,,,,,,,,,,,,,,,,,,,,,,,,,,,,,,,,,,,,,,,,,,,,,,,,,,,,,,,,,,,,,,,,,,,,,,,,,,,,,,,,,,,,,,,,,,,,,,,,,,,,,,,,,,,,,,,,,,,,,,,,,,,,,,,,,,,,,,,,,,,,,,,,,,,,,,,,,,,,,,,,,,,,,,,
,,,,,,XRU23Z,Tools & Equipment,Power Tools,Cordless Power Tools,,XRU23Z,XRU23Z Makita 18V Trimmer Tool - Only,,,,Makita Usa Inc (5142),"Makita U.S.A., Inc.",Makita®,Makita®,XRU23Z,,Tools & Equipment>Power Tools>Cordless Power Tools,"Makita U.S.A., Inc., Makita®, Cordless Power Tools, XRU23Z, Voltage Rating 18 V",CORDLESS POWER TOOLS,Makita® XRU23Z Cordless Power Tools With 18 V,"Makita® Cordless Power Tools, 18 V",,,Voltage Rating: 18 V,,,,,,,,,,,,,,,,,,,,,,,,,Cordless Power Tools,Voltage Rating,18,V,,,,,,,,,,,,,,,,,,,,,,,,,,,,,,,,,,,,,,,,,,,,,,,,,,,,,,,,,,,,,,,,,,,,,,,,,,,,,,,,,,,,,,,,,,,,,,,,,,,,,,,,,,,,,,,,,,,,,,,,,,,,,,,,,,,,,,,,,,,,,,,,,,,,,,,,,,,,,,,,,,,,,,,,,,,,,,,,,,,,,,,,,,,,,,,,,,
https://www.milwaukeetool.com/Products/0887-20,,,,,,0887-20,Tools & Equipment,Power Tools,Cordless Power Tools,,0887-20,0887-20 Milw M18 Brushless Precision Blower,,,,Milwaukee Accessory (4031),Milwaukee Tool,Milwaukee®,Milwaukee®,0887-20,,Tools & Equipment>Power Tools>Cordless Power Tools,"Milwaukee Tool, Milwaukee®, Cordless Power Tools, 0887-20, Voltage Rating 18 V",CORDLESS POWER TOOLS,"Milwaukee® 0887-20 Cordless Power Tools With 18 V, Brushless, 39 CFM, 570 MPH","Milwaukee® Cordless Power Tools, 18 V, Brushless, 39 CFM, 570 MPH",,,Voltage Rating: 18 V,Motor Type: Brushless,Air Volume: 39 CFM,Air Speed: 570 MPH,,,,,,,,,,,,,,,,,,,,,,Cordless Power Tools,Voltage Rating,18,V,Motor Type,Brushless,,Air Volume,39,CFM,Air Speed,570,MPH,,,,,,,,,,,,,,,,,,,,,,,,,,,,,,,,,,,,,,,,,,,,,,,,,,,,,,,,,,,,,,,,,,,,,,,,,,,,,,,,,,,,,,,,,,,,,,,,,,,,,,,,,,,,,,,,,,,,,,,,,,,,,,,,,,,,,,,,,,,,,,,,,,,,,,,,,,,,,,,,,,,,,,,,,,,,,,,,,,,,,,,,,
https://www.dewalt.com/product/dcbl724b/20v-max-xr-brushless-cordless-handheld-blower-tool-only,,,,,,DCBL724B,Tools & Equipment,Power Tools,Cordless Power Tools,,DCBL724B,DCBL724B Dewalt 20V Max XR Blower (Bare),,,,Black & Decker/dewlt (2585),"Stanley Black & Decker, Inc.",DEWALT®,DEWALT®,DCBL724B,,Tools & Equipment>Power Tools>Cordless Power Tools,"Stanley Black & Decker, Inc., DEWALT®, Cordless Power Tools, DCBL724B",CORDLESS POWER TOOLS,"DEWALT® DCBL724B Cordless Power Tools With 20 V, Tool Only, 550 CFM, 133 MPH","DEWALT® Cordless Power Tools, 20 V, Tool Only, 550 CFM, 133 MPH, 58 dBA",,,Voltage Rating: 20 V,Tool Form: Tool Only,Air Volume: 550 CFM,Air Speed: 133 MPH,Sound Level: 58 dBA,,,,,,,,,,,,,,,,,,,,,Cordless Power Tools,Voltage Rating,20,V,Tool Form,Tool Only,,Air Volume,550,CFM,Air Speed,133,MPH,Sound Level,58,dBA,,,,,,,,,,,,,,,,,,,,,,,,,,,,,,,,,,,,,,,,,,,,,,,,,,,,,,,,,,,,,,,,,,,,,,,,,,,,,,,,,,,,,,,,,,,,,,,,,,,,,,,,,,,,,,,,,,,,,,,,,,,,,,,,,,,,,,,,,,,,,,,,,,,,,,,,,,,,,,,,,,,,,,,,,,,,,,,,,,,,,,
,,,,,,2954-20,,,,,2954-20,2954-20 Milw M18 Bluetooth Jobsite Speaker,,,,Milwaukee Accessory (4031),Milwaukee Tool,Milwaukee®,Milwaukee®,2954-20,,,"Milwaukee Tool, Milwaukee®, Product, 2954-20, Voltage Rating 18 V",PRODUCT,Milwaukee® 2954-20 Product With 18 V,"Milwaukee® Product, 18 V",,,Voltage Rating: 18 V,,,,,,,,,,,,,,,,,,,,,,,,,Product,Voltage Rating,18,V,,,,,,,,,,,,,,,,,,,,,,,,,,,,,,,,,,,,,,,,,,,,,,,,,,,,,,,,,,,,,,,,,,,,,,,,,,,,,,,,,,,,,,,,,,,,,,,,,,,,,,,,,,,,,,,,,,,,,,,,,,,,,,,,,,,,,,,,,,,,,,,,,,,,,,,,,,,,,,,,,,,,,,,,,,,,,,,,,,,,,,,,,,,,,,,,,,
,,,,,,2955-20,,,,,2955-20,2955-20 Milw M12 Bluetooth - Jobsite Speaker w/Packout,,,,Milwaukee Accessory (4031),Milwaukee Tool,Milwaukee®,Milwaukee®,2955-20,,,"Milwaukee Tool, Milwaukee®, Product, 2955-20, Voltage Rating 12 V",PRODUCT,Milwaukee® 2955-20 Product With 12 V,"Milwaukee® Product, 12 V",,,Voltage Rating: 12 V,,,,,,,,,,,,,,,,,,,,,,,,,Product,Voltage Rating,12,V,,,,,,,,,,,,,,,,,,,,,,,,,,,,,,,,,,,,,,,,,,,,,,,,,,,,,,,,,,,,,,,,,,,,,,,,,,,,,,,,,,,,,,,,,,,,,,,,,,,,,,,,,,,,,,,,,,,,,,,,,,,,,,,,,,,,,,,,,,,,,,,,,,,,,,,,,,,,,,,,,,,,,,,,,,,,,,,,,,,,,,,,,,,,,,,,,,
,,,,,,9A-219-180,Tools & Equipment,Power Tool Accessories,Sanding Discs,,9A-219-180,9A-219-180 Abranet 4x6x6,,,,Mirka Abrasives Inc (MIRUS),Mirka Abrasives Inc,,,9A-219-180,,Tools & Equipment>Power Tool Accessories>Abrasives>Sanding Discs,"Mirka Abrasives Inc, Sanding Discs, 9A-219-180, Unmapped Dimension 1 4 in",SANDING DISCS,"9A-219-180 Sanding Discs With 4 in, 6 in, 6 in","Sanding Discs, 4 in, 6 in, 6 in",,,Unmapped Dimension 1: 4 in,Unmapped Dimension 2: 6 in,Unmapped Dimension 3: 6 in,,,,,,,,,,,,,,,,,,,,,,,Sanding Discs,Unmapped Dimension 1,4,in,Unmapped Dimension 2,6,in,Unmapped Dimension 3,6,in,,,,,,,,,,,,,,,,,,,,,,,,,,,,,,,,,,,,,,,,,,,,,,,,,,,,,,,,,,,,,,,,,,,,,,,,,,,,,,,,,,,,,,,,,,,,,,,,,,,,,,,,,,,,,,,,,,,,,,,,,,,,,,,,,,,,,,,,,,,,,,,,,,,,,,,,,,,,,,,,,,,,,,,,,,,,,,,,,,,,,,,,,,,,
,,,,,,9A-219-120RP,Tools & Equipment,Power Tool Accessories,Sanding Discs,,9A-219-120RP,9A-219-120RP Abranet 4x6x6,,,,Mirka Abrasives Inc (MIRUS),Mirka Abrasives Inc,,,9A-219-120RP,,Tools & Equipment>Power Tool Accessories>Abrasives>Sanding Discs,"Mirka Abrasives Inc, Sanding Discs, 9A-219-120RP, Unmapped Dimension 1 4 in",SANDING DISCS,"9A-219-120RP Sanding Discs With 4 in, 6 in, 6 in","Sanding Discs, 4 in, 6 in, 6 in",,,Unmapped Dimension 1: 4 in,Unmapped Dimension 2: 6 in,Unmapped Dimension 3: 6 in,,,,,,,,,,,,,,,,,,,,,,,Sanding Discs,Unmapped Dimension 1,4,in,Unmapped Dimension 2,6,in,Unmapped Dimension 3,6,in,,,,,,,,,,,,,,,,,,,,,,,,,,,,,,,,,,,,,,,,,,,,,,,,,,,,,,,,,,,,,,,,,,,,,,,,,,,,,,,,,,,,,,,,,,,,,,,,,,,,,,,,,,,,,,,,,,,,,,,,,,,,,,,,,,,,,,,,,,,,,,,,,,,,,,,,,,,,,,,,,,,,,,,,,,,,,,,,,,,,,,,,,,,,
,https://www.milwaukeetool.com/Products/3033-20,,,,,3033-20,Tools & Equipment,Power Tools,Cordless Power Tools,,3033-20,"3033-20 Milw M18 24"" - Hedge Trimmer",,,Milwaukee,Milwaukee Accessory (4031),Milwaukee Tool,Milwaukee®,Milwaukee®,3033-20,,Tools & Equipment>Power Tools>Cordless Power Tools,"Milwaukee Tool, Milwaukee®, Cordless Power Tools, 3033-20, Cutting Swath 24 in",CORDLESS POWER TOOLS 24 IN,"Milwaukee® 3033-20 Cordless Power Tools With 24 in, 18 V, Brushless, 24 in","Milwaukee® Cordless Power Tools, 24 in, 18 V, Brushless, 24 in, 1-1/4 in",,,Cutting Swath: 24 in,Voltage Rating: 18 V,Motor Type: Brushless,Length: 24 in,Cut Capacity: 1-1/4 in,,,,,,,,,,,,,,,,,,,,,Cordless Power Tools,Cutting Swath,24,in,Voltage Rating,18,V,Motor Type,Brushless,,Length,24,in,Cut Capacity,1-1/4,in,,,,,,,,,,,,,,,,,,,,,,,,,,,,,,,,,,,,,,,,,,,,,,,,,,,,,,,,,,,,,,,,,,,,,,,,,,,,,,,,,,,,,,,,,,,,,,,,,,,,,,,,,,,,,,,,,,,,,,,,,,,,,,,,,,,,,,,,,,,,,,,,,,,,,,,,,,,,,,,,,,,,,,,,,,,,,,,,,,,,,,
,,,,,,3033-21,Tools & Equipment,Power Tools,Cordless Power Tools,,3033-21,"3033-21 Milw M18 24"" - Hedge Trimmer Kit",,,,Milwaukee Accessory (4031),Milwaukee Tool,Milwaukee®,Milwaukee®,3033-21,,Tools & Equipment>Power Tools>Cordless Power Tools,"Milwaukee Tool, Milwaukee®, Cordless Power Tools, 3033-21, Cutting Swath 24 in",CORDLESS POWER TOOLS,"Milwaukee® 3033-21 Cordless Power Tools With 24 in, 18 V, Kit","Milwaukee® Cordless Power Tools, 24 in, 18 V, Kit",,,Cutting Swath: 24 in,Voltage Rating: 18 V,Tool Form: Kit,,,,,,,,,,,,,,,,,,,,,,,Cordless Power Tools,Cutting Swath,24,in,Voltage Rating,18,V,Tool Form,Kit,,,,,,,,,,,,,,,,,,,,,,,,,,,,,,,,,,,,,,,,,,,,,,,,,,,,,,,,,,,,,,,,,,,,,,,,,,,,,,,,,,,,,,,,,,,,,,,,,,,,,,,,,,,,,,,,,,,,,,,,,,,,,,,,,,,,,,,,,,,,,,,,,,,,,,,,,,,,,,,,,,,,,,,,,,,,,,,,,,,,,,,,,,,,,
,,,,,,3034-20,Tools & Equipment,Power Tools,Cordless Power Tools,,3034-20,"3034-20 Milw M18 30"" - Hedge Trimmer",,,Milwaukee,Milwaukee Accessory (4031),Milwaukee Tool,Milwaukee®,Milwaukee®,3034-20,,Tools & Equipment>Power Tools>Cordless Power Tools,"Milwaukee Tool, Milwaukee®, Cordless Power Tools, 3034-20, Cutting Swath 30 in",CORDLESS POWER TOOLS,"Milwaukee® 3034-20 Cordless Power Tools With 30 in, 18 V","Milwaukee® Cordless Power Tools, 30 in, 18 V",,,Cutting Swath: 30 in,Voltage Rating: 18 V,,,,,,,,,,,,,,,,,,,,,,,,Cordless Power Tools,Cutting Swath,30,in,Voltage Rating,18,V,,,,,,,,,,,,,,,,,,,,,,,,,,,,,,,,,,,,,,,,,,,,,,,,,,,,,,,,,,,,,,,,,,,,,,,,,,,,,,,,,,,,,,,,,,,,,,,,,,,,,,,,,,,,,,,,,,,,,,,,,,,,,,,,,,,,,,,,,,,,,,,,,,,,,,,,,,,,,,,,,,,,,,,,,,,,,,,,,,,,,,,,,,,,,,,
,,,,,,D25333K,Tools & Equipment,Hand Tools,Hand Tools,,D25333K,D25333K Dewalt Hammer Drill,,,,Black & Decker/dewlt (2585),"Stanley Black & Decker, Inc.",DEWALT®,DEWALT®,D25333K,,Tools & Equipment>Hand Tools>Hand Tools,"Stanley Black & Decker, Inc., DEWALT®, Hand Tools, D25333K",HAND TOOLS,DEWALT® D25333K Hand Tools,DEWALT® Hand Tools,,,,,,,,,,,,,,,,,,,,,,,,,,,,Hand Tools,,,,,,,,,,,,,,,,,,,,,,,,,,,,,,,,,,,,,,,,,,,,,,,,,,,,,,,,,,,,,,,,,,,,,,,,,,,,,,,,,,,,,,,,,,,,,,,,,,,,,,,,,,,,,,,,,,,,,,,,,,,,,,,,,,,,,,,,,,,,,,,,,,,,,,,,,,,,,,,,,,,,,,,,,,,,,,,,,,,,,,,,,,,,,,,,,,,,,
,,,,,,DCD803B,Tools & Equipment,Power Tools,Cordless Power Tools,,DCD803B,DCD803B Dewalt Multi-Head Drill Driver,,,,Black & Decker/dewlt (2585),"Stanley Black & Decker, Inc.",DEWALT®,DEWALT®,DCD803B,,Tools & Equipment>Power Tools>Cordless Power Tools,"Stanley Black & Decker, Inc., DEWALT®, Cordless Power Tools, DCD803B",CORDLESS POWER TOOLS,DEWALT® DCD803B Cordless Power Tools,DEWALT® Cordless Power Tools,,,,,,,,,,,,,,,,,,,,,,,,,,,,Cordless Power Tools,,,,,,,,,,,,,,,,,,,,,,,,,,,,,,,,,,,,,,,,,,,,,,,,,,,,,,,,,,,,,,,,,,,,,,,,,,,,,,,,,,,,,,,,,,,,,,,,,,,,,,,,,,,,,,,,,,,,,,,,,,,,,,,,,,,,,,,,,,,,,,,,,,,,,,,,,,,,,,,,,,,,,,,,,,,,,,,,,,,,,,,,,,,,,,,,,,,,,
,https://www.dewalt.com/product/dcf860b/20v-max-xr-brushless-cordless-3-speed-high-torque-14-in-impact-driver-tool-only,,,,,DCF860B,Tools & Equipment,Power Tools,Cordless Power Tools,,DCF860B,DCF860B Dewalt 20V Impact - Driver Drill,,,,Black & Decker/dewlt (2585),"Stanley Black & Decker, Inc.",DEWALT®,DEWALT®,DCF860B,,Tools & Equipment>Power Tools>Cordless Power Tools,"Stanley Black & Decker, Inc., DEWALT®, Cordless Power Tools, DCF860B",CORDLESS POWER TOOLS,"DEWALT® DCF860B Cordless Power Tools With 20 V, Brushless, Tool Only, 2500 in-lbs","DEWALT® Cordless Power Tools, 20 V, Brushless, Tool Only, 2500 in-lbs, 3800 RPM",,,Voltage Rating: 20 V,Motor Type: Brushless,Tool Form: Tool Only,Torque: 2500 in-lbs,Speed: 3800 RPM,,,,,,,,,,,,,,,,,,,,,Cordless Power Tools,Voltage Rating,20,V,Motor Type,Brushless,,Tool Form,Tool Only,,Torque,2500,in-lbs,Speed,3800,RPM,,,,,,,,,,,,,,,,,,,,,,,,,,,,,,,,,,,,,,,,,,,,,,,,,,,,,,,,,,,,,,,,,,,,,,,,,,,,,,,,,,,,,,,,,,,,,,,,,,,,,,,,,,,,,,,,,,,,,,,,,,,,,,,,,,,,,,,,,,,,,,,,,,,,,,,,,,,,,,,,,,,,,,,,,,,,,,,,,,,,,,
,https://www.milwaukeetool.com/Products/3401-20,,,,,3401-20,Tools & Equipment,Power Tools,Cordless Power Tools,,3401-20,3401-20 Milw M12 Drill Driver - Brushless Compact (Bare),,,,Milwaukee Accessory (4031),Milwaukee Tool,Milwaukee®,Milwaukee®,3401-20,,Tools & Equipment>Power Tools>Cordless Power Tools,"Milwaukee Tool, Milwaukee®, Cordless Power Tools, 3401-20, Voltage Rating 12 V",CORDLESS POWER TOOLS,"Milwaukee® 3401-20 Cordless Power Tools With 12 V, Brushless, Tool Only, 3/8 in","Milwaukee® Cordless Power Tools, 12 V, Brushless, Tool Only, 3/8 in, 350 in-lbs, 1550 RPM",,,Voltage Rating: 12 V,Motor Type: Brushless,Tool Form: Tool Only,Chuck Size: 3/8 in,Torque: 350 in-lbs,Speed: 1550 RPM,,,,,,,,,,,,,,,,,,,,Cordless Power Tools,Voltage Rating,12,V,Motor Type,Brushless,,Tool Form,Tool Only,,Chuck Size,3/8,in,Torque,350,in-lbs,Speed,1550,RPM,,,,,,,,,,,,,,,,,,,,,,,,,,,,,,,,,,,,,,,,,,,,,,,,,,,,,,,,,,,,,,,,,,,,,,,,,,,,,,,,,,,,,,,,,,,,,,,,,,,,,,,,,,,,,,,,,,,,,,,,,,,,,,,,,,,,,,,,,,,,,,,,,,,,,,,,,,,,,,,,,,,,,,,,,,,,,,,,,,,
,,,,,,KPTDR050A,Tools & Equipment,Power Tools,Cordless Power Tools,,KPTDR050A,KPTDR050A Kreg 20V Ionic Compact Drill,,,,Kreg Tool Company (KRETO),Kreg Tool Company,Kreg®,Kreg®,KPTDR050A,,Tools & Equipment>Power Tools>Cordless Power Tools,"Kreg Tool Company, Kreg®, Cordless Power Tools, KPTDR050A, Voltage Rating 20 V",CORDLESS POWER TOOLS,Kreg® KPTDR050A Cordless Power Tools With 20 V,"Kreg® Cordless Power Tools, 20 V",,,Voltage Rating: 20 V,,,,,,,,,,,,,,,,,,,,,,,,,Cordless Power Tools,Voltage Rating,20,V,,,,,,,,,,,,,,,,,,,,,,,,,,,,,,,,,,,,,,,,,,,,,,,,,,,,,,,,,,,,,,,,,,,,,,,,,,,,,,,,,,,,,,,,,,,,,,,,,,,,,,,,,,,,,,,,,,,,,,,,,,,,,,,,,,,,,,,,,,,,,,,,,,,,,,,,,,,,,,,,,,,,,,,,,,,,,,,,,,,,,,,,,,,,,,,,,,
,https://www.dewalt.com/product/dcd1007b/20v-max-xr-brushless-12-in-3-speed-hammer-drill-tool-only,,,,,DCD1007B,Tools & Equipment,Hand Tools,Hand Tools,,DCD1007B,"DCD1007B Dewalt 20V Cordless - 1/2"" Hammer Drill (Bare)",,,DEWALT,Black & Decker/dewlt (2585),"Stanley Black & Decker, Inc.",DEWALT®,DEWALT®,DCD1007B,,Tools & Equipment>Hand Tools>Hand Tools,"Stanley Black & Decker, Inc., DEWALT®, Hand Tools, DCD1007B",HAND TOOLS,"DEWALT® DCD1007B Hand Tools With 1/2 in, 20 V, Tool Only, Brushless","DEWALT® Hand Tools, 1/2 in, 20 V, Tool Only, Brushless, 2100 in-lbs, 1/2 in",,,Unmapped Dimension 1: 1/2 in,Voltage Rating: 20 V,Tool Form: Tool Only,Motor Type: Brushless,Torque: 2100 in-lbs,Chuck Size: 1/2 in,,,,,,,,,,,,,,,,,,,,Hand Tools,Unmapped Dimension 1,1/2,in,Voltage Rating,20,V,Tool Form,Tool Only,,Motor Type,Brushless,,Torque,2100,in-lbs,Chuck Size,1/2,in,,,,,,,,,,,,,,,,,,,,,,,,,,,,,,,,,,,,,,,,,,,,,,,,,,,,,,,,,,,,,,,,,,,,,,,,,,,,,,,,,,,,,,,,,,,,,,,,,,,,,,,,,,,,,,,,,,,,,,,,,,,,,,,,,,,,,,,,,,,,,,,,,,,,,,,,,,,,,,,,,,,,,,,,,,,,,,,,,,,
,,,,,,DCD799B,Tools & Equipment,Power Tools,Cordless Power Tools,,DCD799B,DCD799B Dewalt Drill,,,,Black & Decker/dewlt (2585),"Stanley Black & Decker, Inc.",DEWALT®,DEWALT®,DCD799B,,Tools & Equipment>Power Tools>Cordless Power Tools,"Stanley Black & Decker, Inc., DEWALT®, Cordless Power Tools, DCD799B",CORDLESS POWER TOOLS,DEWALT® DCD799B Cordless Power Tools,DEWALT® Cordless Power Tools,,,,,,,,,,,,,,,,,,,,,,,,,,,,Cordless Power Tools,,,,,,,,,,,,,,,,,,,,,,,,,,,,,,,,,,,,,,,,,,,,,,,,,,,,,,,,,,,,,,,,,,,,,,,,,,,,,,,,,,,,,,,,,,,,,,,,,,,,,,,,,,,,,,,,,,,,,,,,,,,,,,,,,,,,,,,,,,,,,,,,,,,,,,,,,,,,,,,,,,,,,,,,,,,,,,,,,,,,,,,,,,,,,,,,,,,,,
,,,,,,58006,Tools & Equipment,Power Tools,Benchtop & Stationary Power Tools,,58006,58006 Voyager Drill Press,,,,King Canada Inc (KINCA),King Canada Inc,,,58006,,Tools & Equipment>Power Tools>Benchtop & Stationary Power Tools,"King Canada Inc, Benchtop & Stationary Power Tools, 58006",BENCHTOP & STATIONARY POWER TOOLS,58006 Benchtop & Stationary Power Tools,Benchtop & Stationary Power Tools,,,,,,,,,,,,,,,,,,,,,,,,,,,,Benchtop & Stationary Power Tools,,,,,,,,,,,,,,,,,,,,,,,,,,,,,,,,,,,,,,,,,,,,,,,,,,,,,,,,,,,,,,,,,,,,,,,,,,,,,,,,,,,,,,,,,,,,,,,,,,,,,,,,,,,,,,,,,,,,,,,,,,,,,,,,,,,,,,,,,,,,,,,,,,,,,,,,,,,,,,,,,,,,,,,,,,,,,,,,,,,,,,,,,,,,,,,,,,,,,
,,,,,,2909-20,Tools & Equipment,Power Tools,Power Fastening Tools,,2909-20,2909-20 Milw Roofing Nailer - M18,,,Milwaukee,Milwaukee Accessory (4031),Milwaukee Tool,Milwaukee®,Milwaukee®,2909-20,,Tools & Equipment>Power Tools>Power Fastening Tools,"Milwaukee Tool, Milwaukee®, Power Fastening Tools, 2909-20, Voltage Rating 18 V",POWER FASTENING TOOLS,Milwaukee® 2909-20 Power Fastening Tools With 18 V,"Milwaukee® Power Fastening Tools, 18 V",,,Voltage Rating: 18 V,,,,,,,,,,,,,,,,,,,,,,,,,Power Fastening Tools,Voltage Rating,18,V,,,,,,,,,,,,,,,,,,,,,,,,,,,,,,,,,,,,,,,,,,,,,,,,,,,,,,,,,,,,,,,,,,,,,,,,,,,,,,,,,,,,,,,,,,,,,,,,,,,,,,,,,,,,,,,,,,,,,,,,,,,,,,,,,,,,,,,,,,,,,,,,,,,,,,,,,,,,,,,,,,,,,,,,,,,,,,,,,,,,,,,,,,,,,,,,,,
,,,,,,2909-21,Tools & Equipment,Power Tools,Power Fastening Tools,,2909-21,2909-21 Milw M18 Coil Roofing - Nailer Kit,,,Milwaukee,Milwaukee Accessory (4031),Milwaukee Tool,Milwaukee®,Milwaukee®,2909-21,,Tools & Equipment>Power Tools>Power Fastening Tools,"Milwaukee Tool, Milwaukee®, Power Fastening Tools, 2909-21, Voltage Rating 18 V",POWER FASTENING TOOLS,"Milwaukee® 2909-21 Power Fastening Tools With 18 V, Kit","Milwaukee® Power Fastening Tools, 18 V, Kit",,,Voltage Rating: 18 V,Tool Form: Kit,,,,,,,,,,,,,,,,,,,,,,,,Power Fastening Tools,Voltage Rating,18,V,Tool Form,Kit,,,,,,,,,,,,,,,,,,,,,,,,,,,,,,,,,,,,,,,,,,,,,,,,,,,,,,,,,,,,,,,,,,,,,,,,,,,,,,,,,,,,,,,,,,,,,,,,,,,,,,,,,,,,,,,,,,,,,,,,,,,,,,,,,,,,,,,,,,,,,,,,,,,,,,,,,,,,,,,,,,,,,,,,,,,,,,,,,,,,,,,,,,,,,,,,
,,,,,,918200,Tools & Equipment,Power Tools,Power Fastening Tools,,918200,918200 Paslode CT200S24 18Ga ST Brad Nailer,,,,National Nail Corp (7439),National Nail Corp,,,918200,,Tools & Equipment>Power Tools>Power Fastening Tools,"National Nail Corp, Power Fastening Tools, 918200, Gauge 18 ga",POWER FASTENING TOOLS,918200 Power Fastening Tools With 18 ga,"Power Fastening Tools, 18 ga",,,Gauge: 18 ga,,,,,,,,,,,,,,,,,,,,,,,,,Power Fastening Tools,Gauge,18,ga,,,,,,,,,,,,,,,,,,,,,,,,,,,,,,,,,,,,,,,,,,,,,,,,,,,,,,,,,,,,,,,,,,,,,,,,,,,,,,,,,,,,,,,,,,,,,,,,,,,,,,,,,,,,,,,,,,,,,,,,,,,,,,,,,,,,,,,,,,,,,,,,,,,,,,,,,,,,,,,,,,,,,,,,,,,,,,,,,,,,,,,,,,,,,,,,,,
,https://www.milwaukeetool.com/Products/2541-20,,,,,2541-20,Tools & Equipment,Power Tools,Power Fastening Tools,,2541-20,2541-20 Milw M12 - Compact Brad Nailer (Bare),,,,Milwaukee Accessory (4031),Milwaukee Tool,Milwaukee®,Milwaukee®,2541-20,,Tools & Equipment>Power Tools>Power Fastening Tools,"Milwaukee Tool, Milwaukee®, Power Fastening Tools, 2541-20, Voltage Rating 12 V",POWER FASTENING TOOLS,"Milwaukee® 2541-20 Power Fastening Tools With 12 V, Tool Only, Brad Nailer, 18 GA","Milwaukee® Power Fastening Tools, 12 V, Tool Only, Brad Nailer, 18 GA, Brushless",,,Voltage Rating: 12 V,Tool Form: Tool Only,Fastener Type: Brad Nailer,Gauge: 18 GA,Motor Type: Brushless,,,,,,,,,,,,,,,,,,,,,Power Fastening Tools,Voltage Rating,12,V,Tool Form,Tool Only,,Fastener Type,Brad Nailer,,Gauge,18,GA,Motor Type,Brushless,,,,,,,,,,,,,,,,,,,,,,,,,,,,,,,,,,,,,,,,,,,,,,,,,,,,,,,,,,,,,,,,,,,,,,,,,,,,,,,,,,,,,,,,,,,,,,,,,,,,,,,,,,,,,,,,,,,,,,,,,,,,,,,,,,,,,,,,,,,,,,,,,,,,,,,,,,,,,,,,,,,,,,,,,,,,,,,,,,,,,,,
,https://www.dewalt.com/product/dcn930b/20v-max-xr-brushless-30-paper-collated-framing-nailer-tool-only,,,,,DCN930B,Tools & Equipment,Power Tools,Power Fastening Tools,,DCN930B,DCN930B Dewalt 20V 30 Degree - Framing Nailer,,,DEWALT,Black & Decker/dewlt (2585),"Stanley Black & Decker, Inc.",DEWALT®,DEWALT®,DCN930B,,Tools & Equipment>Power Tools>Power Fastening Tools,"Stanley Black & Decker, Inc., DEWALT®, Power Fastening Tools, DCN930B",POWER FASTENING TOOLS,"DEWALT® DCN930B Power Fastening Tools With 20 V, Framing Nailer, 30 DEG, Brushless","DEWALT® Power Fastening Tools, 20 V, Framing Nailer, 30 DEG, Brushless, Tool Only",,,Voltage Rating: 20 V,Fastener Type: Framing Nailer,Collation Angle: 30 DEG,Motor Type: Brushless,Tool Form: Tool Only,,,,,,,,,,,,,,,,,,,,,Power Fastening Tools,Voltage Rating,20,V,Fastener Type,Framing Nailer,,Collation Angle,30,DEG,Motor Type,Brushless,,Tool Form,Tool Only,,,,,,,,,,,,,,,,,,,,,,,,,,,,,,,,,,,,,,,,,,,,,,,,,,,,,,,,,,,,,,,,,,,,,,,,,,,,,,,,,,,,,,,,,,,,,,,,,,,,,,,,,,,,,,,,,,,,,,,,,,,,,,,,,,,,,,,,,,,,,,,,,,,,,,,,,,,,,,,,,,,,,,,,,,,,,,,,,,,,,,,
,,,,,,DCN930P1,Tools & Equipment,Power Tools,Power Fastening Tools,,DCN930P1,DCN930P1 Dewalt 20V 30 Degree - Framing Nailer Kit,,,DEWALT,Black & Decker/dewlt (2585),"Stanley Black & Decker, Inc.",DEWALT®,DEWALT®,DCN930P1,,Tools & Equipment>Power Tools>Power Fastening Tools,"Stanley Black & Decker, Inc., DEWALT®, Power Fastening Tools, DCN930P1",POWER FASTENING TOOLS,"DEWALT® DCN930P1 Power Fastening Tools With 20 V, Kit","DEWALT® Power Fastening Tools, 20 V, Kit",,,Voltage Rating: 20 V,Tool Form: Kit,,,,,,,,,,,,,,,,,,,,,,,,Power Fastening Tools,Voltage Rating,20,V,Tool Form,Kit,,,,,,,,,,,,,,,,,,,,,,,,,,,,,,,,,,,,,,,,,,,,,,,,,,,,,,,,,,,,,,,,,,,,,,,,,,,,,,,,,,,,,,,,,,,,,,,,,,,,,,,,,,,,,,,,,,,,,,,,,,,,,,,,,,,,,,,,,,,,,,,,,,,,,,,,,,,,,,,,,,,,,,,,,,,,,,,,,,,,,,,,,,,,,,,,
,,,,,,XNB04Z,Tools & Equipment,Power Tools,Power Fastening Tools,,XNB04Z,"XNB04Z Makita 18V 2"" Brad Nailer 18GA (Bare)",,,,Makita Usa Inc (5142),"Makita U.S.A., Inc.",Makita®,Makita®,XNB04Z,,Tools & Equipment>Power Tools>Power Fastening Tools,"Makita U.S.A., Inc., Makita®, Power Fastening Tools, XNB04Z",POWER FASTENING TOOLS,"Makita® XNB04Z Power Fastening Tools With 2 in, 18 V, Tool Only, 18 ga","Makita® Power Fastening Tools, 2 in, 18 V, Tool Only, 18 ga",,,Fastener Length: 2 in,Voltage Rating: 18 V,Tool Form: Tool Only,Gauge: 18 ga,,,,,,,,,,,,,,,,,,,,,,Power Fastening Tools,Fastener Length,2,in,Voltage Rating,18,V,Tool Form,Tool Only,,Gauge,18,ga,,,,,,,,,,,,,,,,,,,,,,,,,,,,,,,,,,,,,,,,,,,,,,,,,,,,,,,,,,,,,,,,,,,,,,,,,,,,,,,,,,,,,,,,,,,,,,,,,,,,,,,,,,,,,,,,,,,,,,,,,,,,,,,,,,,,,,,,,,,,,,,,,,,,,,,,,,,,,,,,,,,,,,,,,,,,,,,,,,,,,,,,,
,,,,,,XNB05Z,Tools & Equipment,Power Tools,Power Fastening Tools,,XNB05Z,"XNB05Z Makita 18V 2-1/2"" Straight Finish Nailer 16GA",,,,Makita Usa Inc (5142),"Makita U.S.A., Inc.",Makita®,Makita®,XNB05Z,,Tools & Equipment>Power Tools>Power Fastening Tools,"Makita U.S.A., Inc., Makita®, Power Fastening Tools, XNB05Z",POWER FASTENING TOOLS,"Makita® XNB05Z Power Fastening Tools With 2-1/2 in, 18 V, 16 ga","Makita® Power Fastening Tools, 2-1/2 in, 18 V, 16 ga",,,Fastener Length: 2-1/2 in,Voltage Rating: 18 V,Gauge: 16 ga,,,,,,,,,,,,,,,,,,,,,,,Power Fastening Tools,Fastener Length,2-1/2,in,Voltage Rating,18,V,Gauge,16,ga,,,,,,,,,,,,,,,,,,,,,,,,,,,,,,,,,,,,,,,,,,,,,,,,,,,,,,,,,,,,,,,,,,,,,,,,,,,,,,,,,,,,,,,,,,,,,,,,,,,,,,,,,,,,,,,,,,,,,,,,,,,,,,,,,,,,,,,,,,,,,,,,,,,,,,,,,,,,,,,,,,,,,,,,,,,,,,,,,,,,,,,,,,,,
,,,,,,XNB06Z,Tools & Equipment,Power Tools,Power Fastening Tools,,XNB06Z,"XNB06Z Makita 18V 2-1/2"" Angled Finish Nailer 16GA",,,,Makita Usa Inc (5142),"Makita U.S.A., Inc.",Makita®,Makita®,XNB06Z,,Tools & Equipment>Power Tools>Power Fastening Tools,"Makita U.S.A., Inc., Makita®, Power Fastening Tools, XNB06Z",POWER FASTENING TOOLS,"Makita® XNB06Z Power Fastening Tools With 2-1/2 in, 18 V, 16 ga","Makita® Power Fastening Tools, 2-1/2 in, 18 V, 16 ga",,,Fastener Length: 2-1/2 in,Voltage Rating: 18 V,Gauge: 16 ga,,,,,,,,,,,,,,,,,,,,,,,Power Fastening Tools,Fastener Length,2-1/2,in,Voltage Rating,18,V,Gauge,16,ga,,,,,,,,,,,,,,,,,,,,,,,,,,,,,,,,,,,,,,,,,,,,,,,,,,,,,,,,,,,,,,,,,,,,,,,,,,,,,,,,,,,,,,,,,,,,,,,,,,,,,,,,,,,,,,,,,,,,,,,,,,,,,,,,,,,,,,,,,,,,,,,,,,,,,,,,,,,,,,,,,,,,,,,,,,,,,,,,,,,,,,,,,,,,
,,,,,,XNB07Z,Tools & Equipment,Power Tools,Power Fastening Tools,,XNB07Z,XNB07Z Makita 18V LXT BL 30 Nailer (Bare),,,,Makita Usa Inc (5142),"Makita U.S.A., Inc.",Makita®,Makita®,XNB07Z,,Tools & Equipment>Power Tools>Power Fastening Tools,"Makita U.S.A., Inc., Makita®, Power Fastening Tools, XNB07Z",POWER FASTENING TOOLS,"Makita® XNB07Z Power Fastening Tools With 18 V, Tool Only","Makita® Power Fastening Tools, 18 V, Tool Only",,,Voltage Rating: 18 V,Tool Form: Tool Only,,,,,,,,,,,,,,,,,,,,,,,,Power Fastening Tools,Voltage Rating,18,V,Tool Form,Tool Only,,,,,,,,,,,,,,,,,,,,,,,,,,,,,,,,,,,,,,,,,,,,,,,,,,,,,,,,,,,,,,,,,,,,,,,,,,,,,,,,,,,,,,,,,,,,,,,,,,,,,,,,,,,,,,,,,,,,,,,,,,,,,,,,,,,,,,,,,,,,,,,,,,,,,,,,,,,,,,,,,,,,,,,,,,,,,,,,,,,,,,,,,,,,,,,,
,,,,,,DZN930,,,,,DZN930,DZN930 Dewalt 30 Degree - Framing Magazine,,,,Black & Decker/dewlt (2585),"Stanley Black & Decker, Inc.",DEWALT®,DEWALT®,DZN930,,,"Stanley Black & Decker, Inc., DEWALT®, Product, DZN930",PRODUCT,DEWALT® DZN930 Product,DEWALT® Product,,,,,,,,,,,,,,,,,,,,,,,,,,,,Product,,,,,,,,,,,,,,,,,,,,,,,,,,,,,,,,,,,,,,,,,,,,,,,,,,,,,,,,,,,,,,,,,,,,,,,,,,,,,,,,,,,,,,,,,,,,,,,,,,,,,,,,,,,,,,,,,,,,,,,,,,,,,,,,,,,,,,,,,,,,,,,,,,,,,,,,,,,,,,,,,,,,,,,,,,,,,,,,,,,,,,,,,,,,,,,,,,,,,
,,,,,,220USB25U,Tools & Equipment,Power Tool Accessories,Bits,,220USB25U,220USB25U Vessel Screwdriver w/25pc Bit Set,,,,Vessel Tools USA Inc (VESTO),Vessel Tools Usa Inc,Vessel®,Vessel®,220USB25U,,Tools & Equipment>Power Tool Accessories>Cutting Tools>Bits,"Vessel Tools Usa Inc, Vessel®, Bits, 220USB25U, Pack Quantity 25 pc",BITS,Vessel® 220USB25U Bits With 25 pc,"Vessel® Bits, 25 pc",,,Pack Quantity: 25 pc,,,,,,,,,,,,,,,,,,,,,,,,,Bits,Pack Quantity,25,pc,,,,,,,,,,,,,,,,,,,,,,,,,,,,,,,,,,,,,,,,,,,,,,,,,,,,,,,,,,,,,,,,,,,,,,,,,,,,,,,,,,,,,,,,,,,,,,,,,,,,,,,,,,,,,,,,,,,,,,,,,,,,,,,,,,,,,,,,,,,,,,,,,,,,,,,,,,,,,,,,,,,,,,,,,,,,,,,,,,,,,,,,,,,,,,,,,,
,,,,,,XRF03Z,Tools & Equipment,Power Tools,Power Fastening Tools,,XRF03Z,XRF03Z Makita 18V Screwdriver - Autofeed,,,,Makita Usa Inc (5142),"Makita U.S.A., Inc.",Makita®,Makita®,XRF03Z,,Tools & Equipment>Power Tools>Power Fastening Tools,"Makita U.S.A., Inc., Makita®, Power Fastening Tools, XRF03Z",POWER FASTENING TOOLS,Makita® XRF03Z Power Fastening Tools With 18 V,"Makita® Power Fastening Tools, 18 V",,,Voltage Rating: 18 V,,,,,,,,,,,,,,,,,,,,,,,,,Power Fastening Tools,Voltage Rating,18,V,,,,,,,,,,,,,,,,,,,,,,,,,,,,,,,,,,,,,,,,,,,,,,,,,,,,,,,,,,,,,,,,,,,,,,,,,,,,,,,,,,,,,,,,,,,,,,,,,,,,,,,,,,,,,,,,,,,,,,,,,,,,,,,,,,,,,,,,,,,,,,,,,,,,,,,,,,,,,,,,,,,,,,,,,,,,,,,,,,,,,,,,,,,,,,,,,,
,,,,,,220USBP5U,Tools & Equipment,Power Tool Accessories,Bits,,220USBP5U,220USBP5U Vessel Screwdriver Plus w/5pc Bit Set,,,,Vessel Tools USA Inc (VESTO),Vessel Tools Usa Inc,Vessel®,Vessel®,220USBP5U,,Tools & Equipment>Power Tool Accessories>Cutting Tools>Bits,"Vessel Tools Usa Inc, Vessel®, Bits, 220USBP5U, Pack Quantity 5 pc",BITS,Vessel® 220USBP5U Bits With 5 pc,"Vessel® Bits, 5 pc",,,Pack Quantity: 5 pc,,,,,,,,,,,,,,,,,,,,,,,,,Bits,Pack Quantity,5,pc,,,,,,,,,,,,,,,,,,,,,,,,,,,,,,,,,,,,,,,,,,,,,,,,,,,,,,,,,,,,,,,,,,,,,,,,,,,,,,,,,,,,,,,,,,,,,,,,,,,,,,,,,,,,,,,,,,,,,,,,,,,,,,,,,,,,,,,,,,,,,,,,,,,,,,,,,,,,,,,,,,,,,,,,,,,,,,,,,,,,,,,,,,,,,,,,,,
,,,,,,49-66-4567,Tools & Equipment,Power Tools,Cordless Power Tools,,49-66-4567,"49-66-4567 Milw 6"" Magnetic - Impact Driver Set 6pc",,,,Milwaukee Accessory (4031),Milwaukee Tool,Milwaukee®,Milwaukee®,49-66-4567,,Tools & Equipment>Power Tools>Cordless Power Tools,"Milwaukee Tool, Milwaukee®, Cordless Power Tools, 49-66-4567",CORDLESS POWER TOOLS,"Milwaukee® 49-66-4567 Cordless Power Tools With 6 in, 6 pc","Milwaukee® Cordless Power Tools, 6 in, 6 pc",,,Cutting Swath: 6 in,Pack Quantity: 6 pc,,,,,,,,,,,,,,,,,,,,,,,,Cordless Power Tools,Cutting Swath,6,in,Pack Quantity,6,pc,,,,,,,,,,,,,,,,,,,,,,,,,,,,,,,,,,,,,,,,,,,,,,,,,,,,,,,,,,,,,,,,,,,,,,,,,,,,,,,,,,,,,,,,,,,,,,,,,,,,,,,,,,,,,,,,,,,,,,,,,,,,,,,,,,,,,,,,,,,,,,,,,,,,,,,,,,,,,,,,,,,,,,,,,,,,,,,,,,,,,,,,,,,,,,,
,,,,,,IBMG90K003,Tools & Equipment,Power Tool Accessories,Bits,,IBMG90K003,"IBMG90K003 Vessel Impact Ball Torsion Bit Assort 5pc 3.5""",,,,Vessel Tools USA Inc (VESTO),Vessel Tools Usa Inc,Vessel®,Vessel®,IBMG90K003,,Tools & Equipment>Power Tool Accessories>Cutting Tools>Bits,"Vessel Tools Usa Inc, Vessel®, Bits, IBMG90K003, Diameter 3-1/2 in",BITS 3-1/2 IN,"Vessel® IBMG90K003 Bits With 3-1/2 in, 5 pc","Vessel® Bits, 3-1/2 in, 5 pc",,,Diameter: 3-1/2 in,Pack Quantity: 5 pc,,,,,,,,,,,,,,,,,,,,,,,,Bits,Diameter,3-1/2,in,Pack Quantity,5,pc,,,,,,,,,,,,,,,,,,,,,,,,,,,,,,,,,,,,,,,,,,,,,,,,,,,,,,,,,,,,,,,,,,,,,,,,,,,,,,,,,,,,,,,,,,,,,,,,,,,,,,,,,,,,,,,,,,,,,,,,,,,,,,,,,,,,,,,,,,,,,,,,,,,,,,,,,,,,,,,,,,,,,,,,,,,,,,,,,,,,,,,,,,,,,,,
,,,,,,IBPH250P15T,Tools & Equipment,Power Tool Accessories,Bits,,IBPH250P15T,"IBPH250P15T Vessel Torsion Bit 2"" 15pc",,,,Vessel Tools USA Inc (VESTO),Vessel Tools Usa Inc,Vessel®,Vessel®,IBPH250P15T,,Tools & Equipment>Power Tool Accessories>Cutting Tools>Bits,"Vessel Tools Usa Inc, Vessel®, Bits, IBPH250P15T, Diameter 2 in",BITS 2 IN,"Vessel® IBPH250P15T Bits With 2 in, 15 pc","Vessel® Bits, 2 in, 15 pc",,,Diameter: 2 in,Pack Quantity: 15 pc,,,,,,,,,,,,,,,,,,,,,,,,Bits,Diameter,2,in,Pack Quantity,15,pc,,,,,,,,,,,,,,,,,,,,,,,,,,,,,,,,,,,,,,,,,,,,,,,,,,,,,,,,,,,,,,,,,,,,,,,,,,,,,,,,,,,,,,,,,,,,,,,,,,,,,,,,,,,,,,,,,,,,,,,,,,,,,,,,,,,,,,,,,,,,,,,,,,,,,,,,,,,,,,,,,,,,,,,,,,,,,,,,,,,,,,,,,,,,,,,
,,,,,,DPH12B,Tools & Equipment,Power Tool Accessories,Bits,,DPH12B,"DPH12B 2"" #1 Phillips Drive - Bit",,,Diablo,Freud Inc (2435),Freud Inc,Diablo®,Diablo®,DPH12B,,Tools & Equipment>Power Tool Accessories>Cutting Tools>Bits,"Freud Inc, Diablo®, Bits, DPH12B, Diameter 2 in",BITS 2 IN,Diablo® DPH12B Bits With 2 in,"Diablo® Bits, 2 in",,,Diameter: 2 in,,,,,,,,,,,,,,,,,,,,,,,,,Bits,Diameter,2,in,,,,,,,,,,,,,,,,,,,,,,,,,,,,,,,,,,,,,,,,,,,,,,,,,,,,,,,,,,,,,,,,,,,,,,,,,,,,,,,,,,,,,,,,,,,,,,,,,,,,,,,,,,,,,,,,,,,,,,,,,,,,,,,,,,,,,,,,,,,,,,,,,,,,,,,,,,,,,,,,,,,,,,,,,,,,,,,,,,,,,,,,,,,,,,,,,,
,,,,,,DPH135B,Tools & Equipment,Power Tool Accessories,Bits,,DPH135B,"DPH135B 3-1/2"" #1 Phillips - Drive Bit",,,Diablo,Freud Inc (2435),Freud Inc,Diablo®,Diablo®,DPH135B,,Tools & Equipment>Power Tool Accessories>Cutting Tools>Bits,"Freud Inc, Diablo®, Bits, DPH135B, Diameter 3-1/2 in",BITS 3-1/2 IN,Diablo® DPH135B Bits With 3-1/2 in,"Diablo® Bits, 3-1/2 in",,,Diameter: 3-1/2 in,,,,,,,,,,,,,,,,,,,,,,,,,Bits,Diameter,3-1/2,in,,,,,,,,,,,,,,,,,,,,,,,,,,,,,,,,,,,,,,,,,,,,,,,,,,,,,,,,,,,,,,,,,,,,,,,,,,,,,,,,,,,,,,,,,,,,,,,,,,,,,,,,,,,,,,,,,,,,,,,,,,,,,,,,,,,,,,,,,,,,,,,,,,,,,,,,,,,,,,,,,,,,,,,,,,,,,,,,,,,,,,,,,,,,,,,,,,
,,,,,,DPH21B,Tools & Equipment,Power Tool Accessories,Bits,,DPH21B,"DPH21B 1"" #2 Phillips Drive - Bit",,,Diablo,Freud Inc (2435),Freud Inc,Diablo®,Diablo®,DPH21B,,Tools & Equipment>Power Tool Accessories>Cutting Tools>Bits,"Freud Inc, Diablo®, Bits, DPH21B, Diameter 1 in",BITS 1 IN,Diablo® DPH21B Bits With 1 in,"Diablo® Bits, 1 in",,,Diameter: 1 in,,,,,,,,,,,,,,,,,,,,,,,,,Bits,Diameter,1,in,,,,,,,,,,,,,,,,,,,,,,,,,,,,,,,,,,,,,,,,,,,,,,,,,,,,,,,,,,,,,,,,,,,,,,,,,,,,,,,,,,,,,,,,,,,,,,,,,,,,,,,,,,,,,,,,,,,,,,,,,,,,,,,,,,,,,,,,,,,,,,,,,,,,,,,,,,,,,,,,,,,,,,,,,,,,,,,,,,,,,,,,,,,,,,,,,,
,,,,,,DPH22B,Tools & Equipment,Power Tool Accessories,Bits,,DPH22B,"DPH22B 2"" #2 Phillips Drive - Bit",,,Diablo,Freud Inc (2435),Freud Inc,Diablo®,Diablo®,DPH22B,,Tools & Equipment>Power Tool Accessories>Cutting Tools>Bits,"Freud Inc, Diablo®, Bits, DPH22B, Diameter 2 in",BITS 2 IN,Diablo® DPH22B Bits With 2 in,"Diablo® Bits, 2 in",,,Diameter: 2 in,,,,,,,,,,,,,,,,,,,,,,,,,Bits,Diameter,2,in,,,,,,,,,,,,,,,,,,,,,,,,,,,,,,,,,,,,,,,,,,,,,,,,,,,,,,,,,,,,,,,,,,,,,,,,,,,,,,,,,,,,,,,,,,,,,,,,,,,,,,,,,,,,,,,,,,,,,,,,,,,,,,,,,,,,,,,,,,,,,,,,,,,,,,,,,,,,,,,,,,,,,,,,,,,,,,,,,,,,,,,,,,,,,,,,,,
,,,,,,DPH235B,Tools & Equipment,Power Tool Accessories,Bits,,DPH235B,"DPH235B 3-1/2"" #2 Phillips - Drive Bit",,,Diablo,Freud Inc (2435),Freud Inc,Diablo®,Diablo®,DPH235B,,Tools & Equipment>Power Tool Accessories>Cutting Tools>Bits,"Freud Inc, Diablo®, Bits, DPH235B, Diameter 3-1/2 in",BITS 3-1/2 IN,Diablo® DPH235B Bits With 3-1/2 in,"Diablo® Bits, 3-1/2 in",,,Diameter: 3-1/2 in,,,,,,,,,,,,,,,,,,,,,,,,,Bits,Diameter,3-1/2,in,,,,,,,,,,,,,,,,,,,,,,,,,,,,,,,,,,,,,,,,,,,,,,,,,,,,,,,,,,,,,,,,,,,,,,,,,,,,,,,,,,,,,,,,,,,,,,,,,,,,,,,,,,,,,,,,,,,,,,,,,,,,,,,,,,,,,,,,,,,,,,,,,,,,,,,,,,,,,,,,,,,,,,,,,,,,,,,,,,,,,,,,,,,,,,,,,,
,,,,,,DPH26B,Tools & Equipment,Power Tool Accessories,Bits,,DPH26B,"DPH26B 6"" #2 Phillips Drive - Bit",,,Diablo,Freud Inc (2435),Freud Inc,Diablo®,Diablo®,DPH26B,,Tools & Equipment>Power Tool Accessories>Cutting Tools>Bits,"Freud Inc, Diablo®, Bits, DPH26B, Diameter 6 in",BITS 6 IN,Diablo® DPH26B Bits With 6 in,"Diablo® Bits, 6 in",,,Diameter: 6 in,,,,,,,,,,,,,,,,,,,,,,,,,Bits,Diameter,6,in,,,,,,,,,,,,,,,,,,,,,,,,,,,,,,,,,,,,,,,,,,,,,,,,,,,,,,,,,,,,,,,,,,,,,,,,,,,,,,,,,,,,,,,,,,,,,,,,,,,,,,,,,,,,,,,,,,,,,,,,,,,,,,,,,,,,,,,,,,,,,,,,,,,,,,,,,,,,,,,,,,,,,,,,,,,,,,,,,,,,,,,,,,,,,,,,,,
,,,,,,DPH2R1B,Tools & Equipment,Power Tool Accessories,Bits,,DPH2R1B,"DPH2R1B 1"" #2 Phillips Drywall - Screws Drive Bit",,,Diablo,Freud Inc (2435),Freud Inc,Diablo®,Diablo®,DPH2R1B,,Tools & Equipment>Power Tool Accessories>Cutting Tools>Bits,"Freud Inc, Diablo®, Bits, DPH2R1B, Diameter 1 in",BITS 1 IN,Diablo® DPH2R1B Bits With 1 in,"Diablo® Bits, 1 in",,,Diameter: 1 in,,,,,,,,,,,,,,,,,,,,,,,,,Bits,Diameter,1,in,,,,,,,,,,,,,,,,,,,,,,,,,,,,,,,,,,,,,,,,,,,,,,,,,,,,,,,,,,,,,,,,,,,,,,,,,,,,,,,,,,,,,,,,,,,,,,,,,,,,,,,,,,,,,,,,,,,,,,,,,,,,,,,,,,,,,,,,,,,,,,,,,,,,,,,,,,,,,,,,,,,,,,,,,,,,,,,,,,,,,,,,,,,,,,,,,,
,,,,,,DPH31B,Tools & Equipment,Power Tool Accessories,Bits,,DPH31B,"DPH31B 1"" #3 Phillips Drive - Bit",,,Diablo,Freud Inc (2435),Freud Inc,Diablo®,Diablo®,DPH31B,,Tools & Equipment>Power Tool Accessories>Cutting Tools>Bits,"Freud Inc, Diablo®, Bits, DPH31B, Diameter 1 in",BITS 1 IN,Diablo® DPH31B Bits With 1 in,"Diablo® Bits, 1 in",,,Diameter: 1 in,,,,,,,,,,,,,,,,,,,,,,,,,Bits,Diameter,1,in,,,,,,,,,,,,,,,,,,,,,,,,,,,,,,,,,,,,,,,,,,,,,,,,,,,,,,,,,,,,,,,,,,,,,,,,,,,,,,,,,,,,,,,,,,,,,,,,,,,,,,,,,,,,,,,,,,,,,,,,,,,,,,,,,,,,,,,,,,,,,,,,,,,,,,,,,,,,,,,,,,,,,,,,,,,,,,,,,,,,,,,,,,,,,,,,,,
,,,,,,DPH32B,Tools & Equipment,Power Tool Accessories,Bits,,DPH32B,"DPH32B 2"" #3 Phillips Drive - Bit",,,Diablo,Freud Inc (2435),Freud Inc,Diablo®,Diablo®,DPH32B,,Tools & Equipment>Power Tool Accessories>Cutting Tools>Bits,"Freud Inc, Diablo®, Bits, DPH32B, Diameter 2 in",BITS 2 IN,Diablo® DPH32B Bits With 2 in,"Diablo® Bits, 2 in",,,Diameter: 2 in,,,,,,,,,,,,,,,,,,,,,,,,,Bits,Diameter,2,in,,,,,,,,,,,,,,,,,,,,,,,,,,,,,,,,,,,,,,,,,,,,,,,,,,,,,,,,,,,,,,,,,,,,,,,,,,,,,,,,,,,,,,,,,,,,,,,,,,,,,,,,,,,,,,,,,,,,,,,,,,,,,,,,,,,,,,,,,,,,,,,,,,,,,,,,,,,,,,,,,,,,,,,,,,,,,,,,,,,,,,,,,,,,,,,,,,
,,,,,,DPH335B,Tools & Equipment,Power Tool Accessories,Bits,,DPH335B,"DPH335B 3-1/2"" #3 Phillips - Drive Bit",,,Diablo,Freud Inc (2435),Freud Inc,Diablo®,Diablo®,DPH335B,,Tools & Equipment>Power Tool Accessories>Cutting Tools>Bits,"Freud Inc, Diablo®, Bits, DPH335B, Diameter 3-1/2 in",BITS 3-1/2 IN,Diablo® DPH335B Bits With 3-1/2 in,"Diablo® Bits, 3-1/2 in",,,Diameter: 3-1/2 in,,,,,,,,,,,,,,,,,,,,,,,,,Bits,Diameter,3-1/2,in,,,,,,,,,,,,,,,,,,,,,,,,,,,,,,,,,,,,,,,,,,,,,,,,,,,,,,,,,,,,,,,,,,,,,,,,,,,,,,,,,,,,,,,,,,,,,,,,,,,,,,,,,,,,,,,,,,,,,,,,,,,,,,,,,,,,,,,,,,,,,,,,,,,,,,,,,,,,,,,,,,,,,,,,,,,,,,,,,,,,,,,,,,,,,,,,,,
,,,,,,DSQ12B,Tools & Equipment,Power Tool Accessories,Bits,,DSQ12B,"DSQ12B 2"" #1 Square Drive Bit",,,Diablo,Freud Inc (2435),Freud Inc,Diablo®,Diablo®,DSQ12B,,Tools & Equipment>Power Tool Accessories>Cutting Tools>Bits,"Freud Inc, Diablo®, Bits, DSQ12B, Diameter 2 in",BITS 2 IN,Diablo® DSQ12B Bits With 2 in,"Diablo® Bits, 2 in",,,Diameter: 2 in,,,,,,,,,,,,,,,,,,,,,,,,,Bits,Diameter,2,in,,,,,,,,,,,,,,,,,,,,,,,,,,,,,,,,,,,,,,,,,,,,,,,,,,,,,,,,,,,,,,,,,,,,,,,,,,,,,,,,,,,,,,,,,,,,,,,,,,,,,,,,,,,,,,,,,,,,,,,,,,,,,,,,,,,,,,,,,,,,,,,,,,,,,,,,,,,,,,,,,,,,,,,,,,,,,,,,,,,,,,,,,,,,,,,,,,
,,,,,,DSQ22B,Tools & Equipment,Power Tool Accessories,Bits,,DSQ22B,"DSQ22B 2"" #2 Square Drive Bit",,,Diablo,Freud Inc (2435),Freud Inc,Diablo®,Diablo®,DSQ22B,,Tools & Equipment>Power Tool Accessories>Cutting Tools>Bits,"Freud Inc, Diablo®, Bits, DSQ22B, Diameter 2 in",BITS 2 IN,Diablo® DSQ22B Bits With 2 in,"Diablo® Bits, 2 in",,,Diameter: 2 in,,,,,,,,,,,,,,,,,,,,,,,,,Bits,Diameter,2,in,,,,,,,,,,,,,,,,,,,,,,,,,,,,,,,,,,,,,,,,,,,,,,,,,,,,,,,,,,,,,,,,,,,,,,,,,,,,,,,,,,,,,,,,,,,,,,,,,,,,,,,,,,,,,,,,,,,,,,,,,,,,,,,,,,,,,,,,,,,,,,,,,,,,,,,,,,,,,,,,,,,,,,,,,,,,,,,,,,,,,,,,,,,,,,,,,,
,,,,,,DSQ26B,Tools & Equipment,Power Tool Accessories,Bits,,DSQ26B,"DSQ26B 6"" #2 Square Drive Bit",,,Diablo,Freud Inc (2435),Freud Inc,Diablo®,Diablo®,DSQ26B,,Tools & Equipment>Power Tool Accessories>Cutting Tools>Bits,"Freud Inc, Diablo®, Bits, DSQ26B, Diameter 6 in",BITS 6 IN,Diablo® DSQ26B Bits With 6 in,"Diablo® Bits, 6 in",,,Diameter: 6 in,,,,,,,,,,,,,,,,,,,,,,,,,Bits,Diameter,6,in,,,,,,,,,,,,,,,,,,,,,,,,,,,,,,,,,,,,,,,,,,,,,,,,,,,,,,,,,,,,,,,,,,,,,,,,,,,,,,,,,,,,,,,,,,,,,,,,,,,,,,,,,,,,,,,,,,,,,,,,,,,,,,,,,,,,,,,,,,,,,,,,,,,,,,,,,,,,,,,,,,,,,,,,,,,,,,,,,,,,,,,,,,,,,,,,,,
,,,,,,DSQ32B,Tools & Equipment,Power Tool Accessories,Bits,,DSQ32B,"DSQ32B 2"" #3 Square Drive Bit",,,Diablo,Freud Inc (2435),Freud Inc,Diablo®,Diablo®,DSQ32B,,Tools & Equipment>Power Tool Accessories>Cutting Tools>Bits,"Freud Inc, Diablo®, Bits, DSQ32B, Diameter 2 in",BITS 2 IN,Diablo® DSQ32B Bits With 2 in,"Diablo® Bits, 2 in",,,Diameter: 2 in,,,,,,,,,,,,,,,,,,,,,,,,,Bits,Diameter,2,in,,,,,,,,,,,,,,,,,,,,,,,,,,,,,,,,,,,,,,,,,,,,,,,,,,,,,,,,,,,,,,,,,,,,,,,,,,,,,,,,,,,,,,,,,,,,,,,,,,,,,,,,,,,,,,,,,,,,,,,,,,,,,,,,,,,,,,,,,,,,,,,,,,,,,,,,,,,,,,,,,,,,,,,,,,,,,,,,,,,,,,,,,,,,,,,,,,
,,,,,,DT102B,Tools & Equipment,Power Tool Accessories,Bits,,DT102B,"DT102B 2"" #10 Torx Drive Bit",,,Diablo,Freud Inc (2435),Freud Inc,Diablo®,Diablo®,DT102B,,Tools & Equipment>Power Tool Accessories>Cutting Tools>Bits,"Freud Inc, Diablo®, Bits, DT102B, Diameter 2 in",BITS 2 IN,Diablo® DT102B Bits With 2 in,"Diablo® Bits, 2 in",,,Diameter: 2 in,,,,,,,,,,,,,,,,,,,,,,,,,Bits,Diameter,2,in,,,,,,,,,,,,,,,,,,,,,,,,,,,,,,,,,,,,,,,,,,,,,,,,,,,,,,,,,,,,,,,,,,,,,,,,,,,,,,,,,,,,,,,,,,,,,,,,,,,,,,,,,,,,,,,,,,,,,,,,,,,,,,,,,,,,,,,,,,,,,,,,,,,,,,,,,,,,,,,,,,,,,,,,,,,,,,,,,,,,,,,,,,,,,,,,,,
,,,,,,DT152B,Tools & Equipment,Power Tool Accessories,Bits,,DT152B,"DT152B 2"" #15 Torx Drive Bit",,,Diablo,Freud Inc (2435),Freud Inc,Diablo®,Diablo®,DT152B,,Tools & Equipment>Power Tool Accessories>Cutting Tools>Bits,"Freud Inc, Diablo®, Bits, DT152B, Diameter 2 in",BITS 2 IN,Diablo® DT152B Bits With 2 in,"Diablo® Bits, 2 in",,,Diameter: 2 in,,,,,,,,,,,,,,,,,,,,,,,,,Bits,Diameter,2,in,,,,,,,,,,,,,,,,,,,,,,,,,,,,,,,,,,,,,,,,,,,,,,,,,,,,,,,,,,,,,,,,,,,,,,,,,,,,,,,,,,,,,,,,,,,,,,,,,,,,,,,,,,,,,,,,,,,,,,,,,,,,,,,,,,,,,,,,,,,,,,,,,,,,,,,,,,,,,,,,,,,,,,,,,,,,,,,,,,,,,,,,,,,,,,,,,,
,,,,,,DT1535B,Tools & Equipment,Power Tool Accessories,Bits,,DT1535B,"DT1535B 3-1/2"" #15 Torx Drive - Bit",,,Diablo,Freud Inc (2435),Freud Inc,Diablo®,Diablo®,DT1535B,,Tools & Equipment>Power Tool Accessories>Cutting Tools>Bits,"Freud Inc, Diablo®, Bits, DT1535B, Diameter 3-1/2 in",BITS 3-1/2 IN,Diablo® DT1535B Bits With 3-1/2 in,"Diablo® Bits, 3-1/2 in",,,Diameter: 3-1/2 in,,,,,,,,,,,,,,,,,,,,,,,,,Bits,Diameter,3-1/2,in,,,,,,,,,,,,,,,,,,,,,,,,,,,,,,,,,,,,,,,,,,,,,,,,,,,,,,,,,,,,,,,,,,,,,,,,,,,,,,,,,,,,,,,,,,,,,,,,,,,,,,,,,,,,,,,,,,,,,,,,,,,,,,,,,,,,,,,,,,,,,,,,,,,,,,,,,,,,,,,,,,,,,,,,,,,,,,,,,,,,,,,,,,,,,,,,,,
,,,,,,DT202B,Tools & Equipment,Power Tool Accessories,Bits,,DT202B,"DT202B 2"" #20 Torx Drive Bit",,,Diablo,Freud Inc (2435),Freud Inc,Diablo®,Diablo®,DT202B,,Tools & Equipment>Power Tool Accessories>Cutting Tools>Bits,"Freud Inc, Diablo®, Bits, DT202B, Diameter 2 in",BITS 2 IN,Diablo® DT202B Bits With 2 in,"Diablo® Bits, 2 in",,,Diameter: 2 in,,,,,,,,,,,,,,,,,,,,,,,,,Bits,Diameter,2,in,,,,,,,,,,,,,,,,,,,,,,,,,,,,,,,,,,,,,,,,,,,,,,,,,,,,,,,,,,,,,,,,,,,,,,,,,,,,,,,,,,,,,,,,,,,,,,,,,,,,,,,,,,,,,,,,,,,,,,,,,,,,,,,,,,,,,,,,,,,,,,,,,,,,,,,,,,,,,,,,,,,,,,,,,,,,,,,,,,,,,,,,,,,,,,,,,,
,,,,,,DT2035B,Tools & Equipment,Power Tool Accessories,Bits,,DT2035B,"DT2035B 3-1/2"" #20 Torx Drive - Bit",,,Diablo,Freud Inc (2435),Freud Inc,Diablo®,Diablo®,DT2035B,,Tools & Equipment>Power Tool Accessories>Cutting Tools>Bits,"Freud Inc, Diablo®, Bits, DT2035B, Diameter 3-1/2 in",BITS 3-1/2 IN,Diablo® DT2035B Bits With 3-1/2 in,"Diablo® Bits, 3-1/2 in",,,Diameter: 3-1/2 in,,,,,,,,,,,,,,,,,,,,,,,,,Bits,Diameter,3-1/2,in,,,,,,,,,,,,,,,,,,,,,,,,,,,,,,,,,,,,,,,,,,,,,,,,,,,,,,,,,,,,,,,,,,,,,,,,,,,,,,,,,,,,,,,,,,,,,,,,,,,,,,,,,,,,,,,,,,,,,,,,,,,,,,,,,,,,,,,,,,,,,,,,,,,,,,,,,,,,,,,,,,,,,,,,,,,,,,,,,,,,,,,,,,,,,,,,,,
,,,,,,DT206B,Tools & Equipment,Power Tool Accessories,Bits,,DT206B,"DT206B 6"" #20 Torx Drive Bit",,,Diablo,Freud Inc (2435),Freud Inc,Diablo®,Diablo®,DT206B,,Tools & Equipment>Power Tool Accessories>Cutting Tools>Bits,"Freud Inc, Diablo®, Bits, DT206B, Diameter 6 in",BITS 6 IN,Diablo® DT206B Bits With 6 in,"Diablo® Bits, 6 in",,,Diameter: 6 in,,,,,,,,,,,,,,,,,,,,,,,,,Bits,Diameter,6,in,,,,,,,,,,,,,,,,,,,,,,,,,,,,,,,,,,,,,,,,,,,,,,,,,,,,,,,,,,,,,,,,,,,,,,,,,,,,,,,,,,,,,,,,,,,,,,,,,,,,,,,,,,,,,,,,,,,,,,,,,,,,,,,,,,,,,,,,,,,,,,,,,,,,,,,,,,,,,,,,,,,,,,,,,,,,,,,,,,,,,,,,,,,,,,,,,,
,,,,,,DT252B,Tools & Equipment,Power Tool Accessories,Bits,,DT252B,"DT252B 2"" #25 Trox Drive Bit",,,Diablo,Freud Inc (2435),Freud Inc,Diablo®,Diablo®,DT252B,,Tools & Equipment>Power Tool Accessories>Cutting Tools>Bits,"Freud Inc, Diablo®, Bits, DT252B, Diameter 2 in",BITS 2 IN,Diablo® DT252B Bits With 2 in,"Diablo® Bits, 2 in",,,Diameter: 2 in,,,,,,,,,,,,,,,,,,,,,,,,,Bits,Diameter,2,in,,,,,,,,,,,,,,,,,,,,,,,,,,,,,,,,,,,,,,,,,,,,,,,,,,,,,,,,,,,,,,,,,,,,,,,,,,,,,,,,,,,,,,,,,,,,,,,,,,,,,,,,,,,,,,,,,,,,,,,,,,,,,,,,,,,,,,,,,,,,,,,,,,,,,,,,,,,,,,,,,,,,,,,,,,,,,,,,,,,,,,,,,,,,,,,,,,
,,,,,,DT2535B,Tools & Equipment,Power Tool Accessories,Bits,,DT2535B,"DT2535B 3-1/4"" #25 Torx Drive - Bit",,,Diablo,Freud Inc (2435),Freud Inc,Diablo®,Diablo®,DT2535B,,Tools & Equipment>Power Tool Accessories>Cutting Tools>Bits,"Freud Inc, Diablo®, Bits, DT2535B, Diameter 3-1/4 in",BITS 3-1/4 IN,Diablo® DT2535B Bits With 3-1/4 in,"Diablo® Bits, 3-1/4 in",,,Diameter: 3-1/4 in,,,,,,,,,,,,,,,,,,,,,,,,,Bits,Diameter,3-1/4,in,,,,,,,,,,,,,,,,,,,,,,,,,,,,,,,,,,,,,,,,,,,,,,,,,,,,,,,,,,,,,,,,,,,,,,,,,,,,,,,,,,,,,,,,,,,,,,,,,,,,,,,,,,,,,,,,,,,,,,,,,,,,,,,,,,,,,,,,,,,,,,,,,,,,,,,,,,,,,,,,,,,,,,,,,,,,,,,,,,,,,,,,,,,,,,,,,,
,,,,,,DT256B,Tools & Equipment,Power Tool Accessories,Bits,,DT256B,"DT256B 6"" #25 Torx Drive Bit",,,Diablo,Freud Inc (2435),Freud Inc,Diablo®,Diablo®,DT256B,,Tools & Equipment>Power Tool Accessories>Cutting Tools>Bits,"Freud Inc, Diablo®, Bits, DT256B, Diameter 6 in",BITS 6 IN,Diablo® DT256B Bits With 6 in,"Diablo® Bits, 6 in",,,Diameter: 6 in,,,,,,,,,,,,,,,,,,,,,,,,,Bits,Diameter,6,in,,,,,,,,,,,,,,,,,,,,,,,,,,,,,,,,,,,,,,,,,,,,,,,,,,,,,,,,,,,,,,,,,,,,,,,,,,,,,,,,,,,,,,,,,,,,,,,,,,,,,,,,,,,,,,,,,,,,,,,,,,,,,,,,,,,,,,,,,,,,,,,,,,,,,,,,,,,,,,,,,,,,,,,,,,,,,,,,,,,,,,,,,,,,,,,,,,
,,,,,,DT302B,Tools & Equipment,Power Tool Accessories,Bits,,DT302B,"DT302B 2"" #30 Torx Drive Bit",,,Diablo,Freud Inc (2435),Freud Inc,Diablo®,Diablo®,DT302B,,Tools & Equipment>Power Tool Accessories>Cutting Tools>Bits,"Freud Inc, Diablo®, Bits, DT302B, Diameter 2 in",BITS 2 IN,Diablo® DT302B Bits With 2 in,"Diablo® Bits, 2 in",,,Diameter: 2 in,,,,,,,,,,,,,,,,,,,,,,,,,Bits,Diameter,2,in,,,,,,,,,,,,,,,,,,,,,,,,,,,,,,,,,,,,,,,,,,,,,,,,,,,,,,,,,,,,,,,,,,,,,,,,,,,,,,,,,,,,,,,,,,,,,,,,,,,,,,,,,,,,,,,,,,,,,,,,,,,,,,,,,,,,,,,,,,,,,,,,,,,,,,,,,,,,,,,,,,,,,,,,,,,,,,,,,,,,,,,,,,,,,,,,,,
,,,,,,DT402B,Tools & Equipment,Power Tool Accessories,Bits,,DT402B,"DT402B 2"" #40 Torx Drive Bit",,,Diablo,Freud Inc (2435),Freud Inc,Diablo®,Diablo®,DT402B,,Tools & Equipment>Power Tool Accessories>Cutting Tools>Bits,"Freud Inc, Diablo®, Bits, DT402B, Diameter 2 in",BITS 2 IN,Diablo® DT402B Bits With 2 in,"Diablo® Bits, 2 in",,,Diameter: 2 in,,,,,,,,,,,,,,,,,,,,,,,,,Bits,Diameter,2,in,,,,,,,,,,,,,,,,,,,,,,,,,,,,,,,,,,,,,,,,,,,,,,,,,,,,,,,,,,,,,,,,,,,,,,,,,,,,,,,,,,,,,,,,,,,,,,,,,,,,,,,,,,,,,,,,,,,,,,,,,,,,,,,,,,,,,,,,,,,,,,,,,,,,,,,,,,,,,,,,,,,,,,,,,,,,,,,,,,,,,,,,,,,,,,,,,,
,,,,,,DDWSSB,Building Materials,Building Materials,Structural & Wall Materials,,DDWSSB,DDWSSB #2 Drywall Screw Setter,,,Diablo,Freud Inc (2435),Freud Inc,Diablo®,Diablo®,DDWSSB,,Building Materials>Building Materials>Structural & Wall Materials,"Freud Inc, Diablo®, Structural & Wall Materials, DDWSSB",STRUCTURAL & WALL MATERIALS,Diablo® DDWSSB Structural & Wall Materials,Diablo® Structural & Wall Materials,,,,,,,,,,,,,,,,,,,,,,,,,,,,Structural & Wall Materials,,,,,,,,,,,,,,,,,,,,,,,,,,,,,,,,,,,,,,,,,,,,,,,,,,,,,,,,,,,,,,,,,,,,,,,,,,,,,,,,,,,,,,,,,,,,,,,,,,,,,,,,,,,,,,,,,,,,,,,,,,,,,,,,,,,,,,,,,,,,,,,,,,,,,,,,,,,,,,,,,,,,,,,,,,,,,,,,,,,,,,,,,,,,,,,,,,,,,
,,,,,,191V02-0,Tools & Equipment,Power Tool Accessories,Bits,,191V02-0,191V02-0 Makita #2 Phillips Bit 5pk,,,,Makita Usa Inc (5142),"Makita U.S.A., Inc.",Makita®,Makita®,191V02-0,,Tools & Equipment>Power Tool Accessories>Cutting Tools>Bits,"Makita U.S.A., Inc., Makita®, Bits, 191V02-0, Tools & Equipment>Power Tool Acces",BITS,Makita® 191V02-0 Bits,Makita® Bits,,,,,,,,,,,,,,,,,,,,,,,,,,,,Bits,,,,,,,,,,,,,,,,,,,,,,,,,,,,,,,,,,,,,,,,,,,,,,,,,,,,,,,,,,,,,,,,,,,,,,,,,,,,,,,,,,,,,,,,,,,,,,,,,,,,,,,,,,,,,,,,,,,,,,,,,,,,,,,,,,,,,,,,,,,,,,,,,,,,,,,,,,,,,,,,,,,,,,,,,,,,,,,,,,,,,,,,,,,,,,,,,,,,,
,https://www.makitatools.com/products/details/XTS02Z,,,,,XTS02Z,Tools & Equipment,Power Tools,Power Fastening Tools,,XTS02Z,"XTS02Z Makita 18V 1/4"" Narrow Crown Stapler 18GA",,,,Makita Usa Inc (5142),"Makita U.S.A., Inc.",Makita®,Makita®,XTS02Z,,Tools & Equipment>Power Tools>Power Fastening Tools,"Makita U.S.A., Inc., Makita®, Power Fastening Tools, XTS02Z",POWER FASTENING TOOLS,"Makita® XTS02Z Power Fastening Tools With 1/4 in, 18 V, 18 GA, Stapler","Makita® Power Fastening Tools, 1/4 in, 18 V, 18 GA, Stapler, 1/4 in, Brushless, Tool Only",,,Fastener Length: 1/4 in,Voltage Rating: 18 V,Gauge: 18 GA,Fastener Type: Stapler,Crown Width: 1/4 in,Motor Type: Brushless,Tool Form: Tool Only,,,,,,,,,,,,,,,,,,,Power Fastening Tools,Fastener Length,1/4,in,Voltage Rating,18,V,Gauge,18,GA,Fastener Type,Stapler,,Crown Width,1/4,in,Motor Type,Brushless,,Tool Form,Tool Only,,,,,,,,,,,,,,,,,,,,,,,,,,,,,,,,,,,,,,,,,,,,,,,,,,,,,,,,,,,,,,,,,,,,,,,,,,,,,,,,,,,,,,,,,,,,,,,,,,,,,,,,,,,,,,,,,,,,,,,,,,,,,,,,,,,,,,,,,,,,,,,,,,,,,,,,,,,,,,,,,,,,,,,,,,,,,,,,,
,,,,,,DCF809D1,Tools & Equipment,Power Tools,Cordless Power Tools,,DCF809D1,"DCF809D1 Dewalt Atomic 20V 1/4"" Impact Driver Kit",,,DEWALT,Black & Decker/dewlt (2585),"Stanley Black & Decker, Inc.",DEWALT®,DEWALT®,DCF809D1,,Tools & Equipment>Power Tools>Cordless Power Tools,"Stanley Black & Decker, Inc., DEWALT®, Cordless Power Tools, DCF809D1",CORDLESS POWER TOOLS,"DEWALT® DCF809D1 Cordless Power Tools With 1/4 in, 20 V, Kit","DEWALT® Cordless Power Tools, 1/4 in, 20 V, Kit",,,Cutting Swath: 1/4 in,Voltage Rating: 20 V,Tool Form: Kit,,,,,,,,,,,,,,,,,,,,,,,Cordless Power Tools,Cutting Swath,1/4,in,Voltage Rating,20,V,Tool Form,Kit,,,,,,,,,,,,,,,,,,,,,,,,,,,,,,,,,,,,,,,,,,,,,,,,,,,,,,,,,,,,,,,,,,,,,,,,,,,,,,,,,,,,,,,,,,,,,,,,,,,,,,,,,,,,,,,,,,,,,,,,,,,,,,,,,,,,,,,,,,,,,,,,,,,,,,,,,,,,,,,,,,,,,,,,,,,,,,,,,,,,,,,,,,,,,
,,,,,,2761-20,,,,,2761-20,"2761-20 Milw M18 1/4"" Hex Hydraulic Driver",,,,Milwaukee Accessory (4031),Milwaukee Tool,Milwaukee®,Milwaukee®,2761-20,,,"Milwaukee Tool, Milwaukee®, Product, 2761-20, Unmapped Dimension 1 18-1/4 in",PRODUCT,"Milwaukee® 2761-20 Product With 18-1/4 in, 18 V","Milwaukee® Product, 18-1/4 in, 18 V",,,Unmapped Dimension 1: 18-1/4 in,Voltage Rating: 18 V,,,,,,,,,,,,,,,,,,,,,,,,Product,Unmapped Dimension 1,18-1/4,in,Voltage Rating,18,V,,,,,,,,,,,,,,,,,,,,,,,,,,,,,,,,,,,,,,,,,,,,,,,,,,,,,,,,,,,,,,,,,,,,,,,,,,,,,,,,,,,,,,,,,,,,,,,,,,,,,,,,,,,,,,,,,,,,,,,,,,,,,,,,,,,,,,,,,,,,,,,,,,,,,,,,,,,,,,,,,,,,,,,,,,,,,,,,,,,,,,,,,,,,,,,
,,,,,,2761-22,,,,,2761-22,2761-22 Milw M18 Surge Kit,,,,Milwaukee Accessory (4031),Milwaukee Tool,Milwaukee®,Milwaukee®,2761-22,,,"Milwaukee Tool, Milwaukee®, Product, 2761-22, Voltage Rating 18 V, Tool Form Kit",PRODUCT,"Milwaukee® 2761-22 Product With 18 V, Kit","Milwaukee® Product, 18 V, Kit",,,Voltage Rating: 18 V,Tool Form: Kit,,,,,,,,,,,,,,,,,,,,,,,,Product,Voltage Rating,18,V,Tool Form,Kit,,,,,,,,,,,,,,,,,,,,,,,,,,,,,,,,,,,,,,,,,,,,,,,,,,,,,,,,,,,,,,,,,,,,,,,,,,,,,,,,,,,,,,,,,,,,,,,,,,,,,,,,,,,,,,,,,,,,,,,,,,,,,,,,,,,,,,,,,,,,,,,,,,,,,,,,,,,,,,,,,,,,,,,,,,,,,,,,,,,,,,,,,,,,,,,,
,,,,,,3450-20,Tools & Equipment,Power Tools,Cordless Power Tools,,3450-20,3450-20 Milw M12 Impact Driver - Brushless Compact (Bare),,,,Milwaukee Accessory (4031),Milwaukee Tool,Milwaukee®,Milwaukee®,3450-20,,Tools & Equipment>Power Tools>Cordless Power Tools,"Milwaukee Tool, Milwaukee®, Cordless Power Tools, 3450-20, Voltage Rating 12 V",CORDLESS POWER TOOLS,"Milwaukee® 3450-20 Cordless Power Tools With 12 V, Brushless, Tool Only","Milwaukee® Cordless Power Tools, 12 V, Brushless, Tool Only",,,Voltage Rating: 12 V,Motor Type: Brushless,Tool Form: Tool Only,,,,,,,,,,,,,,,,,,,,,,,Cordless Power Tools,Voltage Rating,12,V,Motor Type,Brushless,,Tool Form,Tool Only,,,,,,,,,,,,,,,,,,,,,,,,,,,,,,,,,,,,,,,,,,,,,,,,,,,,,,,,,,,,,,,,,,,,,,,,,,,,,,,,,,,,,,,,,,,,,,,,,,,,,,,,,,,,,,,,,,,,,,,,,,,,,,,,,,,,,,,,,,,,,,,,,,,,,,,,,,,,,,,,,,,,,,,,,,,,,,,,,,,,,,,,,,,,,
,,,,,,KPTDV025A,Tools & Equipment,Power Tools,Cordless Power Tools,,KPTDV025A,KPTDV025A Kreg 20V Ionic Compact Impact Driver,,,,Kreg Tool Company (KRETO),Kreg Tool Company,Kreg®,Kreg®,KPTDV025A,,Tools & Equipment>Power Tools>Cordless Power Tools,"Kreg Tool Company, Kreg®, Cordless Power Tools, KPTDV025A, Voltage Rating 20 V",CORDLESS POWER TOOLS,Kreg® KPTDV025A Cordless Power Tools With 20 V,"Kreg® Cordless Power Tools, 20 V",,,Voltage Rating: 20 V,,,,,,,,,,,,,,,,,,,,,,,,,Cordless Power Tools,Voltage Rating,20,V,,,,,,,,,,,,,,,,,,,,,,,,,,,,,,,,,,,,,,,,,,,,,,,,,,,,,,,,,,,,,,,,,,,,,,,,,,,,,,,,,,,,,,,,,,,,,,,,,,,,,,,,,,,,,,,,,,,,,,,,,,,,,,,,,,,,,,,,,,,,,,,,,,,,,,,,,,,,,,,,,,,,,,,,,,,,,,,,,,,,,,,,,,,,,,,,,,
,,,,,,3048-20,Tools & Equipment,Hand Tools,Hand Tools,,3048-20,"3048-20 Milw M12 1/4"" Impact Wrench w/Friction Ring",,,,Milwaukee Accessory (4031),Milwaukee Tool,Milwaukee®,Milwaukee®,3048-20,,Tools & Equipment>Hand Tools>Hand Tools,"Milwaukee Tool, Milwaukee®, Hand Tools, 3048-20, Unmapped Dimension 1 12-1/4 in",HAND TOOLS,"Milwaukee® 3048-20 Hand Tools With 12-1/4 in, 12 V","Milwaukee® Hand Tools, 12-1/4 in, 12 V",,,Unmapped Dimension 1: 12-1/4 in,Voltage Rating: 12 V,,,,,,,,,,,,,,,,,,,,,,,,Hand Tools,Unmapped Dimension 1,12-1/4,in,Voltage Rating,12,V,,,,,,,,,,,,,,,,,,,,,,,,,,,,,,,,,,,,,,,,,,,,,,,,,,,,,,,,,,,,,,,,,,,,,,,,,,,,,,,,,,,,,,,,,,,,,,,,,,,,,,,,,,,,,,,,,,,,,,,,,,,,,,,,,,,,,,,,,,,,,,,,,,,,,,,,,,,,,,,,,,,,,,,,,,,,,,,,,,,,,,,,,,,,,,,
,,,,,,3049-20,Tools & Equipment,Hand Tools,Hand Tools,,3049-20,"3049-20 Milw M12 3/8"" Impact Wrench w/Friction Ring",,,,Milwaukee Accessory (4031),Milwaukee Tool,Milwaukee®,Milwaukee®,3049-20,,Tools & Equipment>Hand Tools>Hand Tools,"Milwaukee Tool, Milwaukee®, Hand Tools, 3049-20, Unmapped Dimension 1 12-3/8 in",HAND TOOLS,"Milwaukee® 3049-20 Hand Tools With 12-3/8 in, 12 V","Milwaukee® Hand Tools, 12-3/8 in, 12 V",,,Unmapped Dimension 1: 12-3/8 in,Voltage Rating: 12 V,,,,,,,,,,,,,,,,,,,,,,,,Hand Tools,Unmapped Dimension 1,12-3/8,in,Voltage Rating,12,V,,,,,,,,,,,,,,,,,,,,,,,,,,,,,,,,,,,,,,,,,,,,,,,,,,,,,,,,,,,,,,,,,,,,,,,,,,,,,,,,,,,,,,,,,,,,,,,,,,,,,,,,,,,,,,,,,,,,,,,,,,,,,,,,,,,,,,,,,,,,,,,,,,,,,,,,,,,,,,,,,,,,,,,,,,,,,,,,,,,,,,,,,,,,,,,
,,,,,,2563-20,Tools & Equipment,Hand Tools,Hand Tools,,2563-20,"2563-20 Milw M12 Stubby 1/2"" Impact Wrench",,,,Milwaukee Accessory (4031),Milwaukee Tool,Milwaukee®,Milwaukee®,2563-20,,Tools & Equipment>Hand Tools>Hand Tools,"Milwaukee Tool, Milwaukee®, Hand Tools, 2563-20, Unmapped Dimension 1 1/2 in",HAND TOOLS,"Milwaukee® 2563-20 Hand Tools With 1/2 in, 12 V","Milwaukee® Hand Tools, 1/2 in, 12 V",,,Unmapped Dimension 1: 1/2 in,Voltage Rating: 12 V,,,,,,,,,,,,,,,,,,,,,,,,Hand Tools,Unmapped Dimension 1,1/2,in,Voltage Rating,12,V,,,,,,,,,,,,,,,,,,,,,,,,,,,,,,,,,,,,,,,,,,,,,,,,,,,,,,,,,,,,,,,,,,,,,,,,,,,,,,,,,,,,,,,,,,,,,,,,,,,,,,,,,,,,,,,,,,,,,,,,,,,,,,,,,,,,,,,,,,,,,,,,,,,,,,,,,,,,,,,,,,,,,,,,,,,,,,,,,,,,,,,,,,,,,,,
,,,,,,DCF961B,Tools & Equipment,Power Tools,Cordless Power Tools,,DCF961B,"Dewalt DCF961B 20V 1/2"" Impact - Bare Tool",,,DEWALT,Black & Decker/dewlt (2585),"Stanley Black & Decker, Inc.",DEWALT®,DEWALT®,DCF961B,,Tools & Equipment>Power Tools>Cordless Power Tools,"Stanley Black & Decker, Inc., DEWALT®, Cordless Power Tools, DCF961B",CORDLESS POWER TOOLS,"DEWALT® DCF961B Cordless Power Tools With 1/2 in, 20 V, Tool Only","DEWALT® Cordless Power Tools, 1/2 in, 20 V, Tool Only",,,Cutting Swath: 1/2 in,Voltage Rating: 20 V,Tool Form: Tool Only,,,,,,,,,,,,,,,,,,,,,,,Cordless Power Tools,Cutting Swath,1/2,in,Voltage Rating,20,V,Tool Form,Tool Only,,,,,,,,,,,,,,,,,,,,,,,,,,,,,,,,,,,,,,,,,,,,,,,,,,,,,,,,,,,,,,,,,,,,,,,,,,,,,,,,,,,,,,,,,,,,,,,,,,,,,,,,,,,,,,,,,,,,,,,,,,,,,,,,,,,,,,,,,,,,,,,,,,,,,,,,,,,,,,,,,,,,,,,,,,,,,,,,,,,,,,,,,,,,,
,,,,,,DCF964B,Tools & Equipment,Hand Tools,Hand Tools,,DCF964B,"DCF964B Dewalt 20V 3/4"" Impact - Wrench (Bare)",,,DEWALT,Black & Decker/dewlt (2585),"Stanley Black & Decker, Inc.",DEWALT®,DEWALT®,DCF964B,,Tools & Equipment>Hand Tools>Hand Tools,"Stanley Black & Decker, Inc., DEWALT®, Hand Tools, DCF964B",HAND TOOLS,"DEWALT® DCF964B Hand Tools With 3/4 in, 20 V, Tool Only","DEWALT® Hand Tools, 3/4 in, 20 V, Tool Only",,,Unmapped Dimension 1: 3/4 in,Voltage Rating: 20 V,Tool Form: Tool Only,,,,,,,,,,,,,,,,,,,,,,,Hand Tools,Unmapped Dimension 1,3/4,in,Voltage Rating,20,V,Tool Form,Tool Only,,,,,,,,,,,,,,,,,,,,,,,,,,,,,,,,,,,,,,,,,,,,,,,,,,,,,,,,,,,,,,,,,,,,,,,,,,,,,,,,,,,,,,,,,,,,,,,,,,,,,,,,,,,,,,,,,,,,,,,,,,,,,,,,,,,,,,,,,,,,,,,,,,,,,,,,,,,,,,,,,,,,,,,,,,,,,,,,,,,,,,,,,,,,,
,,,,,,2563P-20,Tools & Equipment,Hand Tools,Hand Tools,,2563P-20,"2563P-20 Milw M12 1/2"" Stubby - Impact Wrench w/Pin Detent",,,,Milwaukee Accessory (4031),Milwaukee Tool,Milwaukee®,Milwaukee®,2563P-20,,Tools & Equipment>Hand Tools>Hand Tools,"Milwaukee Tool, Milwaukee®, Hand Tools, 2563P-20",HAND TOOLS,"Milwaukee® 2563P-20 Hand Tools With 12-1/2 in, 12 V","Milwaukee® Hand Tools, 12-1/2 in, 12 V",,,Unmapped Dimension 1: 12-1/2 in,Voltage Rating: 12 V,,,,,,,,,,,,,,,,,,,,,,,,Hand Tools,Unmapped Dimension 1,12-1/2,in,Voltage Rating,12,V,,,,,,,,,,,,,,,,,,,,,,,,,,,,,,,,,,,,,,,,,,,,,,,,,,,,,,,,,,,,,,,,,,,,,,,,,,,,,,,,,,,,,,,,,,,,,,,,,,,,,,,,,,,,,,,,,,,,,,,,,,,,,,,,,,,,,,,,,,,,,,,,,,,,,,,,,,,,,,,,,,,,,,,,,,,,,,,,,,,,,,,,,,,,,,,
,,,,,,DCF921P2,Tools & Equipment,Power Tools,Cordless Power Tools,,DCF921P2,DCF921P2 Dewalt 20V 1/2 Impact,,,,Black & Decker/dewlt (2585),"Stanley Black & Decker, Inc.",DEWALT®,DEWALT®,DCF921P2,,Tools & Equipment>Power Tools>Cordless Power Tools,"Stanley Black & Decker, Inc., DEWALT®, Cordless Power Tools, DCF921P2",CORDLESS POWER TOOLS,DEWALT® DCF921P2 Cordless Power Tools With 20 V,"DEWALT® Cordless Power Tools, 20 V",,,Voltage Rating: 20 V,,,,,,,,,,,,,,,,,,,,,,,,,Cordless Power Tools,Voltage Rating,20,V,,,,,,,,,,,,,,,,,,,,,,,,,,,,,,,,,,,,,,,,,,,,,,,,,,,,,,,,,,,,,,,,,,,,,,,,,,,,,,,,,,,,,,,,,,,,,,,,,,,,,,,,,,,,,,,,,,,,,,,,,,,,,,,,,,,,,,,,,,,,,,,,,,,,,,,,,,,,,,,,,,,,,,,,,,,,,,,,,,,,,,,,,,,,,,,,,,
,,,,,,XLT03Z,Tools & Equipment,Power Tools,Cordless Power Tools,,XLT03Z,"XLT03Z Makita 3/8"" 18V Angle Impact",,,,Makita Usa Inc (5142),"Makita U.S.A., Inc.",Makita®,Makita®,XLT03Z,,Tools & Equipment>Power Tools>Cordless Power Tools,"Makita U.S.A., Inc., Makita®, Cordless Power Tools, XLT03Z",CORDLESS POWER TOOLS,"Makita® XLT03Z Cordless Power Tools With 3/8 in, 18 V","Makita® Cordless Power Tools, 3/8 in, 18 V",,,Cutting Swath: 3/8 in,Voltage Rating: 18 V,,,,,,,,,,,,,,,,,,,,,,,,Cordless Power Tools,Cutting Swath,3/8,in,Voltage Rating,18,V,,,,,,,,,,,,,,,,,,,,,,,,,,,,,,,,,,,,,,,,,,,,,,,,,,,,,,,,,,,,,,,,,,,,,,,,,,,,,,,,,,,,,,,,,,,,,,,,,,,,,,,,,,,,,,,,,,,,,,,,,,,,,,,,,,,,,,,,,,,,,,,,,,,,,,,,,,,,,,,,,,,,,,,,,,,,,,,,,,,,,,,,,,,,,,,
,,,,,,XLT04Z,Tools & Equipment,Power Tools,Cordless Power Tools,,XLT04Z,"XLT04Z Makita 1/4"" 18V Angle Impact",,,,Makita Usa Inc (5142),"Makita U.S.A., Inc.",Makita®,Makita®,XLT04Z,,Tools & Equipment>Power Tools>Cordless Power Tools,"Makita U.S.A., Inc., Makita®, Cordless Power Tools, XLT04Z",CORDLESS POWER TOOLS,"Makita® XLT04Z Cordless Power Tools With 1/4 in, 18 V","Makita® Cordless Power Tools, 1/4 in, 18 V",,,Cutting Swath: 1/4 in,Voltage Rating: 18 V,,,,,,,,,,,,,,,,,,,,,,,,Cordless Power Tools,Cutting Swath,1/4,in,Voltage Rating,18,V,,,,,,,,,,,,,,,,,,,,,,,,,,,,,,,,,,,,,,,,,,,,,,,,,,,,,,,,,,,,,,,,,,,,,,,,,,,,,,,,,,,,,,,,,,,,,,,,,,,,,,,,,,,,,,,,,,,,,,,,,,,,,,,,,,,,,,,,,,,,,,,,,,,,,,,,,,,,,,,,,,,,,,,,,,,,,,,,,,,,,,,,,,,,,,,
,,,,,,XLT05Z,Tools & Equipment,Power Tools,Cordless Power Tools,,XLT05Z,"XLT05Z Makita 1/2"" 18V Angle Impact",,,,Makita Usa Inc (5142),"Makita U.S.A., Inc.",Makita®,Makita®,XLT05Z,,Tools & Equipment>Power Tools>Cordless Power Tools,"Makita U.S.A., Inc., Makita®, Cordless Power Tools, XLT05Z",CORDLESS POWER TOOLS,"Makita® XLT05Z Cordless Power Tools With 1/2 in, 18 V","Makita® Cordless Power Tools, 1/2 in, 18 V",,,Cutting Swath: 1/2 in,Voltage Rating: 18 V,,,,,,,,,,,,,,,,,,,,,,,,Cordless Power Tools,Cutting Swath,1/2,in,Voltage Rating,18,V,,,,,,,,,,,,,,,,,,,,,,,,,,,,,,,,,,,,,,,,,,,,,,,,,,,,,,,,,,,,,,,,,,,,,,,,,,,,,,,,,,,,,,,,,,,,,,,,,,,,,,,,,,,,,,,,,,,,,,,,,,,,,,,,,,,,,,,,,,,,,,,,,,,,,,,,,,,,,,,,,,,,,,,,,,,,,,,,,,,,,,,,,,,,,,,
,,,,,,DCF510B,,,,,DCF510B,Dewalt DCF510B 20V Rachet - Interchangeable Anvil,,,DEWALT,Black & Decker/dewlt (2585),"Stanley Black & Decker, Inc.",DEWALT®,DEWALT®,DCF510B,,,"Stanley Black & Decker, Inc., DEWALT®, Product, DCF510B, Voltage Rating 20 V",PRODUCT,DEWALT® DCF510B Product With 20 V,"DEWALT® Product, 20 V",,,Voltage Rating: 20 V,,,,,,,,,,,,,,,,,,,,,,,,,Product,Voltage Rating,20,V,,,,,,,,,,,,,,,,,,,,,,,,,,,,,,,,,,,,,,,,,,,,,,,,,,,,,,,,,,,,,,,,,,,,,,,,,,,,,,,,,,,,,,,,,,,,,,,,,,,,,,,,,,,,,,,,,,,,,,,,,,,,,,,,,,,,,,,,,,,,,,,,,,,,,,,,,,,,,,,,,,,,,,,,,,,,,,,,,,,,,,,,,,,,,,,,,,
,,,,,,3052-20,,,,,3052-20,"3052-20 Milw M12 Fuel 1/4"" Rachet",,,,Milwaukee Accessory (4031),Milwaukee Tool,Milwaukee®,Milwaukee®,3052-20,,,"Milwaukee Tool, Milwaukee®, Product, 3052-20, Unmapped Dimension 1 1/4 in",PRODUCT,"Milwaukee® 3052-20 Product With 1/4 in, 12 V","Milwaukee® Product, 1/4 in, 12 V",,,Unmapped Dimension 1: 1/4 in,Voltage Rating: 12 V,,,,,,,,,,,,,,,,,,,,,,,,Product,Unmapped Dimension 1,1/4,in,Voltage Rating,12,V,,,,,,,,,,,,,,,,,,,,,,,,,,,,,,,,,,,,,,,,,,,,,,,,,,,,,,,,,,,,,,,,,,,,,,,,,,,,,,,,,,,,,,,,,,,,,,,,,,,,,,,,,,,,,,,,,,,,,,,,,,,,,,,,,,,,,,,,,,,,,,,,,,,,,,,,,,,,,,,,,,,,,,,,,,,,,,,,,,,,,,,,,,,,,,,
,,,,,,3054-20,Tools & Equipment,Hand Tools,Hand Tools,,3054-20,"3054-20 Milw M12 1/2"" Ratchet (Bare)",,,,Milwaukee Accessory (4031),Milwaukee Tool,Milwaukee®,Milwaukee®,3054-20,,Tools & Equipment>Hand Tools>Hand Tools,"Milwaukee Tool, Milwaukee®, Hand Tools, 3054-20, Unmapped Dimension 1 12-1/2 in",HAND TOOLS,"Milwaukee® 3054-20 Hand Tools With 12-1/2 in, 12 V, Tool Only","Milwaukee® Hand Tools, 12-1/2 in, 12 V, Tool Only",,,Unmapped Dimension 1: 12-1/2 in,Voltage Rating: 12 V,Tool Form: Tool Only,,,,,,,,,,,,,,,,,,,,,,,Hand Tools,Unmapped Dimension 1,12-1/2,in,Voltage Rating,12,V,Tool Form,Tool Only,,,,,,,,,,,,,,,,,,,,,,,,,,,,,,,,,,,,,,,,,,,,,,,,,,,,,,,,,,,,,,,,,,,,,,,,,,,,,,,,,,,,,,,,,,,,,,,,,,,,,,,,,,,,,,,,,,,,,,,,,,,,,,,,,,,,,,,,,,,,,,,,,,,,,,,,,,,,,,,,,,,,,,,,,,,,,,,,,,,,,,,,,,,,,
,,,,,,DCF513EB,,,,,DCF513EB,"DCF513EB Dewalt 3/8"" Open Head Rachet",,,,Black & Decker/dewlt (2585),"Stanley Black & Decker, Inc.",DEWALT®,DEWALT®,DCF513EB,,,"Stanley Black & Decker, Inc., DEWALT®, Product, DCF513EB",PRODUCT,DEWALT® DCF513EB Product With 3/8 in,"DEWALT® Product, 3/8 in",,,Unmapped Dimension 1: 3/8 in,,,,,,,,,,,,,,,,,,,,,,,,,Product,Unmapped Dimension 1,3/8,in,,,,,,,,,,,,,,,,,,,,,,,,,,,,,,,,,,,,,,,,,,,,,,,,,,,,,,,,,,,,,,,,,,,,,,,,,,,,,,,,,,,,,,,,,,,,,,,,,,,,,,,,,,,,,,,,,,,,,,,,,,,,,,,,,,,,,,,,,,,,,,,,,,,,,,,,,,,,,,,,,,,,,,,,,,,,,,,,,,,,,,,,,,,,,,,,,,
,,,,,,XVP01Z,Tools & Equipment,Power Tools,Cordless Power Tools,,XVP01Z,"XVP01Z Makita 18V 3"" Polisher/ 2"" Sander",,,,Makita Usa Inc (5142),"Makita U.S.A., Inc.",Makita®,Makita®,XVP01Z,,Tools & Equipment>Power Tools>Cordless Power Tools,"Makita U.S.A., Inc., Makita®, Cordless Power Tools, XVP01Z, Cutting Swath 3 in",CORDLESS POWER TOOLS,"Makita® XVP01Z Cordless Power Tools With 3 in, 18 V","Makita® Cordless Power Tools, 3 in, 18 V",,,Cutting Swath: 3 in,Voltage Rating: 18 V,,,,,,,,,,,,,,,,,,,,,,,,Cordless Power Tools,Cutting Swath,3,in,Voltage Rating,18,V,,,,,,,,,,,,,,,,,,,,,,,,,,,,,,,,,,,,,,,,,,,,,,,,,,,,,,,,,,,,,,,,,,,,,,,,,,,,,,,,,,,,,,,,,,,,,,,,,,,,,,,,,,,,,,,,,,,,,,,,,,,,,,,,,,,,,,,,,,,,,,,,,,,,,,,,,,,,,,,,,,,,,,,,,,,,,,,,,,,,,,,,,,,,,,,
,,,,,,DCM200B,Tools & Equipment,Hand Tools,Files & Rasps,,DCM200B,DCM200B Dewalt 1/2in x 18in - Band File,,,DEWALT,Black & Decker/dewlt (2585),"Stanley Black & Decker, Inc.",DEWALT®,DEWALT®,DCM200B,,Tools & Equipment>Hand Tools>Files & Rasps,"Stanley Black & Decker, Inc., DEWALT®, File, DCM200B",FILE,DEWALT® DCM200B File,DEWALT® File,,,,,,,,,,,,,,,,,,,,,,,,,,,,File,,,,,,,,,,,,,,,,,,,,,,,,,,,,,,,,,,,,,,,,,,,,,,,,,,,,,,,,,,,,,,,,,,,,,,,,,,,,,,,,,,,,,,,,,,,,,,,,,,,,,,,,,,,,,,,,,,,,,,,,,,,,,,,,,,,,,,,,,,,,,,,,,,,,,,,,,,,,,,,,,,,,,,,,,,,,,,,,,,,,,,,,,,,,,,,,,,,,,
,,,,,,DCG410B,Tools & Equipment,Power Tools,Cordless Power Tools,,DCG410B,"DCG410B Dewalt 20V 4-1/2""-5"" - Angle Grinder (Bare)",,,DEWALT,Black & Decker/dewlt (2585),"Stanley Black & Decker, Inc.",DEWALT®,DEWALT®,DCG410B,,Tools & Equipment>Power Tools>Cordless Power Tools,"Stanley Black & Decker, Inc., DEWALT®, Cordless Power Tools, DCG410B",CORDLESS POWER TOOLS,"DEWALT® DCG410B Cordless Power Tools With 4-1/2 in, 20 V, Tool Only","DEWALT® Cordless Power Tools, 4-1/2 in, 20 V, Tool Only",,,Cutting Swath: 4-1/2 in,Voltage Rating: 20 V,Tool Form: Tool Only,,,,,,,,,,,,,,,,,,,,,,,Cordless Power Tools,Cutting Swath,4-1/2,in,Voltage Rating,20,V,Tool Form,Tool Only,,,,,,,,,,,,,,,,,,,,,,,,,,,,,,,,,,,,,,,,,,,,,,,,,,,,,,,,,,,,,,,,,,,,,,,,,,,,,,,,,,,,,,,,,,,,,,,,,,,,,,,,,,,,,,,,,,,,,,,,,,,,,,,,,,,,,,,,,,,,,,,,,,,,,,,,,,,,,,,,,,,,,,,,,,,,,,,,,,,,,,,,,,,,,
,,,,,,DCG460B,Tools & Equipment,Power Tools,Cordless Power Tools,,DCG460B,"DCG460B Dewalt 60V Grinder - 7-9""",,,DEWALT,Black & Decker/dewlt (2585),"Stanley Black & Decker, Inc.",DEWALT®,DEWALT®,DCG460B,,Tools & Equipment>Power Tools>Cordless Power Tools,"Stanley Black & Decker, Inc., DEWALT®, Cordless Power Tools, DCG460B",CORDLESS POWER TOOLS,"DEWALT® DCG460B Cordless Power Tools With 9 in, 60 V","DEWALT® Cordless Power Tools, 9 in, 60 V",,,Cutting Swath: 9 in,Voltage Rating: 60 V,,,,,,,,,,,,,,,,,,,,,,,,Cordless Power Tools,Cutting Swath,9,in,Voltage Rating,60,V,,,,,,,,,,,,,,,,,,,,,,,,,,,,,,,,,,,,,,,,,,,,,,,,,,,,,,,,,,,,,,,,,,,,,,,,,,,,,,,,,,,,,,,,,,,,,,,,,,,,,,,,,,,,,,,,,,,,,,,,,,,,,,,,,,,,,,,,,,,,,,,,,,,,,,,,,,,,,,,,,,,,,,,,,,,,,,,,,,,,,,,,,,,,,,,
,,,,,,DCG402B,Tools & Equipment,Power Tools,Cordless Power Tools,,DCG402B,"DCG402B Dewalt 20V 4.5"" Angle Grinder (Bare)",,,,Black & Decker/dewlt (2585),"Stanley Black & Decker, Inc.",DEWALT®,DEWALT®,DCG402B,,Tools & Equipment>Power Tools>Cordless Power Tools,"Stanley Black & Decker, Inc., DEWALT®, Cordless Power Tools, DCG402B",CORDLESS POWER TOOLS,"DEWALT® DCG402B Cordless Power Tools With 4-1/2 in, 20 V, Tool Only","DEWALT® Cordless Power Tools, 4-1/2 in, 20 V, Tool Only",,,Cutting Swath: 4-1/2 in,Voltage Rating: 20 V,Tool Form: Tool Only,,,,,,,,,,,,,,,,,,,,,,,Cordless Power Tools,Cutting Swath,4-1/2,in,Voltage Rating,20,V,Tool Form,Tool Only,,,,,,,,,,,,,,,,,,,,,,,,,,,,,,,,,,,,,,,,,,,,,,,,,,,,,,,,,,,,,,,,,,,,,,,,,,,,,,,,,,,,,,,,,,,,,,,,,,,,,,,,,,,,,,,,,,,,,,,,,,,,,,,,,,,,,,,,,,,,,,,,,,,,,,,,,,,,,,,,,,,,,,,,,,,,,,,,,,,,,,,,,,,,,
,,,,,,3485-20,Tools & Equipment,Power Tools,Cordless Power Tools,,3485-20,"3485-20 Milw M12 1/4"" Right Angle Die Grinder",,,,Milwaukee Accessory (4031),Milwaukee Tool,Milwaukee®,Milwaukee®,3485-20,,Tools & Equipment>Power Tools>Cordless Power Tools,"Milwaukee Tool, Milwaukee®, Cordless Power Tools, 3485-20",CORDLESS POWER TOOLS,"Milwaukee® 3485-20 Cordless Power Tools With 12-1/4 in, 12 V","Milwaukee® Cordless Power Tools, 12-1/4 in, 12 V",,,Cutting Swath: 12-1/4 in,Voltage Rating: 12 V,,,,,,,,,,,,,,,,,,,,,,,,Cordless Power Tools,Cutting Swath,12-1/4,in,Voltage Rating,12,V,,,,,,,,,,,,,,,,,,,,,,,,,,,,,,,,,,,,,,,,,,,,,,,,,,,,,,,,,,,,,,,,,,,,,,,,,,,,,,,,,,,,,,,,,,,,,,,,,,,,,,,,,,,,,,,,,,,,,,,,,,,,,,,,,,,,,,,,,,,,,,,,,,,,,,,,,,,,,,,,,,,,,,,,,,,,,,,,,,,,,,,,,,,,,,,
,,,,,,DCG420B,Tools & Equipment,Power Tools,Cordless Power Tools,,DCG420B,DCG420B Dewalt 20V Die Grinder (Bare),,,,Black & Decker/dewlt (2585),"Stanley Black & Decker, Inc.",DEWALT®,DEWALT®,DCG420B,,Tools & Equipment>Power Tools>Cordless Power Tools,"Stanley Black & Decker, Inc., DEWALT®, Cordless Power Tools, DCG420B",CORDLESS POWER TOOLS,"DEWALT® DCG420B Cordless Power Tools With 20 V, Tool Only","DEWALT® Cordless Power Tools, 20 V, Tool Only",,,Voltage Rating: 20 V,Tool Form: Tool Only,,,,,,,,,,,,,,,,,,,,,,,,Cordless Power Tools,Voltage Rating,20,V,Tool Form,Tool Only,,,,,,,,,,,,,,,,,,,,,,,,,,,,,,,,,,,,,,,,,,,,,,,,,,,,,,,,,,,,,,,,,,,,,,,,,,,,,,,,,,,,,,,,,,,,,,,,,,,,,,,,,,,,,,,,,,,,,,,,,,,,,,,,,,,,,,,,,,,,,,,,,,,,,,,,,,,,,,,,,,,,,,,,,,,,,,,,,,,,,,,,,,,,,,,,
,,,,,,DCG422B,Tools & Equipment,Power Tools,Cordless Power Tools,,DCG422B,DCG422B Dewalt 20V Right Angle Die Grinder (Bare),,,,Black & Decker/dewlt (2585),"Stanley Black & Decker, Inc.",DEWALT®,DEWALT®,DCG422B,,Tools & Equipment>Power Tools>Cordless Power Tools,"Stanley Black & Decker, Inc., DEWALT®, Cordless Power Tools, DCG422B",CORDLESS POWER TOOLS,"DEWALT® DCG422B Cordless Power Tools With 20 V, Tool Only","DEWALT® Cordless Power Tools, 20 V, Tool Only",,,Voltage Rating: 20 V,Tool Form: Tool Only,,,,,,,,,,,,,,,,,,,,,,,,Cordless Power Tools,Voltage Rating,20,V,Tool Form,Tool Only,,,,,,,,,,,,,,,,,,,,,,,,,,,,,,,,,,,,,,,,,,,,,,,,,,,,,,,,,,,,,,,,,,,,,,,,,,,,,,,,,,,,,,,,,,,,,,,,,,,,,,,,,,,,,,,,,,,,,,,,,,,,,,,,,,,,,,,,,,,,,,,,,,,,,,,,,,,,,,,,,,,,,,,,,,,,,,,,,,,,,,,,,,,,,,,,
,,,,,,924422,,,,,924422,924422 Mafell Carpentry - Planing Machine ZH 320 Ec 120V,,,,-,,,,924422,,,"Product, 924422, Voltage Rating 120 V",PRODUCT,924422 Product With 120 V,"Product, 120 V",,,Voltage Rating: 120 V,,,,,,,,,,,,,,,,,,,,,,,,,Product,Voltage Rating,120,V,,,,,,,,,,,,,,,,,,,,,,,,,,,,,,,,,,,,,,,,,,,,,,,,,,,,,,,,,,,,,,,,,,,,,,,,,,,,,,,,,,,,,,,,,,,,,,,,,,,,,,,,,,,,,,,,,,,,,,,,,,,,,,,,,,,,,,,,,,,,,,,,,,,,,,,,,,,,,,,,,,,,,,,,,,,,,,,,,,,,,,,,,,,,,,,,,,
,,,,,,DCW620B,,,,,DCW620B,DCW620B Dewalt 20V Plunge - Router,,,,Black & Decker/dewlt (2585),"Stanley Black & Decker, Inc.",DEWALT®,DEWALT®,DCW620B,,,"Stanley Black & Decker, Inc., DEWALT®, Product, DCW620B, Voltage Rating 20 V",PRODUCT,DEWALT® DCW620B Product With 20 V,"DEWALT® Product, 20 V",,,Voltage Rating: 20 V,,,,,,,,,,,,,,,,,,,,,,,,,Product,Voltage Rating,20,V,,,,,,,,,,,,,,,,,,,,,,,,,,,,,,,,,,,,,,,,,,,,,,,,,,,,,,,,,,,,,,,,,,,,,,,,,,,,,,,,,,,,,,,,,,,,,,,,,,,,,,,,,,,,,,,,,,,,,,,,,,,,,,,,,,,,,,,,,,,,,,,,,,,,,,,,,,,,,,,,,,,,,,,,,,,,,,,,,,,,,,,,,,,,,,,,,,
,,,,,,2535-20,Tools & Equipment,Power Tools,Cordless Power Tools,,2535-20,"2535-20 Milw 3"" Orbit Sander - M12",,,,Milwaukee Accessory (4031),Milwaukee Tool,Milwaukee®,Milwaukee®,2535-20,,Tools & Equipment>Power Tools>Cordless Power Tools,"Milwaukee Tool, Milwaukee®, Cordless Power Tools, 2535-20, Cutting Swath 3 in",CORDLESS POWER TOOLS,"Milwaukee® 2535-20 Cordless Power Tools With 3 in, 12 V","Milwaukee® Cordless Power Tools, 3 in, 12 V",,,Cutting Swath: 3 in,Voltage Rating: 12 V,,,,,,,,,,,,,,,,,,,,,,,,Cordless Power Tools,Cutting Swath,3,in,Voltage Rating,12,V,,,,,,,,,,,,,,,,,,,,,,,,,,,,,,,,,,,,,,,,,,,,,,,,,,,,,,,,,,,,,,,,,,,,,,,,,,,,,,,,,,,,,,,,,,,,,,,,,,,,,,,,,,,,,,,,,,,,,,,,,,,,,,,,,,,,,,,,,,,,,,,,,,,,,,,,,,,,,,,,,,,,,,,,,,,,,,,,,,,,,,,,,,,,,,,
,,,,,,2837-20,Tools & Equipment,Power Tools,Cordless Power Tools,,2837-20,"2837-20 Milw M18 5"" Sander - Orbital (Bare)",,,Milwaukee,Milwaukee Accessory (4031),Milwaukee Tool,Milwaukee®,Milwaukee®,2837-20,,Tools & Equipment>Power Tools>Cordless Power Tools,"Milwaukee Tool, Milwaukee®, Cordless Power Tools, 2837-20, Cutting Swath 5 in",CORDLESS POWER TOOLS,"Milwaukee® 2837-20 Cordless Power Tools With 5 in, 18 V, Tool Only","Milwaukee® Cordless Power Tools, 5 in, 18 V, Tool Only",,,Cutting Swath: 5 in,Voltage Rating: 18 V,Tool Form: Tool Only,,,,,,,,,,,,,,,,,,,,,,,Cordless Power Tools,Cutting Swath,5,in,Voltage Rating,18,V,Tool Form,Tool Only,,,,,,,,,,,,,,,,,,,,,,,,,,,,,,,,,,,,,,,,,,,,,,,,,,,,,,,,,,,,,,,,,,,,,,,,,,,,,,,,,,,,,,,,,,,,,,,,,,,,,,,,,,,,,,,,,,,,,,,,,,,,,,,,,,,,,,,,,,,,,,,,,,,,,,,,,,,,,,,,,,,,,,,,,,,,,,,,,,,,,,,,,,,,,
,,,,,,577728,Tools & Equipment,Power Tools,Cordless Power Tools,,577728,577728 Festool Cordless Sander - ETSC 2 150 I-Plus,,,,Festool USA (FESTO),Festool Usa,Festool®,Festool®,577728,,Tools & Equipment>Power Tools>Cordless Power Tools,"Festool Usa, Festool®, Cordless Power Tools, 577728",CORDLESS POWER TOOLS,Festool® 577728 Cordless Power Tools,Festool® Cordless Power Tools,,,,,,,,,,,,,,,,,,,,,,,,,,,,Cordless Power Tools,,,,,,,,,,,,,,,,,,,,,,,,,,,,,,,,,,,,,,,,,,,,,,,,,,,,,,,,,,,,,,,,,,,,,,,,,,,,,,,,,,,,,,,,,,,,,,,,,,,,,,,,,,,,,,,,,,,,,,,,,,,,,,,,,,,,,,,,,,,,,,,,,,,,,,,,,,,,,,,,,,,,,,,,,,,,,,,,,,,,,,,,,,,,,,,,,,,,,
,,,,,,577738,Tools & Equipment,Power Tools,Cordless Power Tools,,577738,577738 Festool Cordless Sander - ETSC 2 125 I-Plus,,,,Festool USA (FESTO),Festool Usa,Festool®,Festool®,577738,,Tools & Equipment>Power Tools>Cordless Power Tools,"Festool Usa, Festool®, Cordless Power Tools, 577738",CORDLESS POWER TOOLS,Festool® 577738 Cordless Power Tools,Festool® Cordless Power Tools,,,,,,,,,,,,,,,,,,,,,,,,,,,,Cordless Power Tools,,,,,,,,,,,,,,,,,,,,,,,,,,,,,,,,,,,,,,,,,,,,,,,,,,,,,,,,,,,,,,,,,,,,,,,,,,,,,,,,,,,,,,,,,,,,,,,,,,,,,,,,,,,,,,,,,,,,,,,,,,,,,,,,,,,,,,,,,,,,,,,,,,,,,,,,,,,,,,,,,,,,,,,,,,,,,,,,,,,,,,,,,,,,,,,,,,,,,
,,,,,,KPTRS500A,Tools & Equipment,Power Tools,Cordless Power Tools,,KPTRS500A,"KPTRS500A Kreg 20V Ionic 5"" Random Orbit Sander",,,,Kreg Tool Company (KRETO),Kreg Tool Company,Kreg®,Kreg®,KPTRS500A,,Tools & Equipment>Power Tools>Cordless Power Tools,"Kreg Tool Company, Kreg®, Cordless Power Tools, KPTRS500A, Cutting Swath 5 in",CORDLESS POWER TOOLS,"Kreg® KPTRS500A Cordless Power Tools With 5 in, 20 V","Kreg® Cordless Power Tools, 5 in, 20 V",,,Cutting Swath: 5 in,Voltage Rating: 20 V,,,,,,,,,,,,,,,,,,,,,,,,Cordless Power Tools,Cutting Swath,5,in,Voltage Rating,20,V,,,,,,,,,,,,,,,,,,,,,,,,,,,,,,,,,,,,,,,,,,,,,,,,,,,,,,,,,,,,,,,,,,,,,,,,,,,,,,,,,,,,,,,,,,,,,,,,,,,,,,,,,,,,,,,,,,,,,,,,,,,,,,,,,,,,,,,,,,,,,,,,,,,,,,,,,,,,,,,,,,,,,,,,,,,,,,,,,,,,,,,,,,,,,,,
,,,,,,24-35M-320,Tools & Equipment,Power Tool Accessories,Sanding Discs,,24-35M-320,"24-35M-320 Iridium Grip - 3.2"" x 5.2"" Grip",,,,Mirka Abrasives Inc (MIRUS),Mirka Abrasives Inc,,,24-35M-320,,Tools & Equipment>Power Tool Accessories>Abrasives>Sanding Discs,"Mirka Abrasives Inc, Sanding Discs, 24-35M-320, Diameter 3.2 in",SANDING DISCS 3.2 IN 5.2 IN,"24-35M-320 Sanding Discs With 3.2 in, 5.2 in","Sanding Discs, 3.2 in, 5.2 in",,,Diameter: 3.2 in,Thickness: 5.2 in,,,,,,,,,,,,,,,,,,,,,,,,Sanding Discs,Diameter,3.2,in,Thickness,5.2,in,,,,,,,,,,,,,,,,,,,,,,,,,,,,,,,,,,,,,,,,,,,,,,,,,,,,,,,,,,,,,,,,,,,,,,,,,,,,,,,,,,,,,,,,,,,,,,,,,,,,,,,,,,,,,,,,,,,,,,,,,,,,,,,,,,,,,,,,,,,,,,,,,,,,,,,,,,,,,,,,,,,,,,,,,,,,,,,,,,,,,,,,,,,,,,,
,,,,,,9A-129-120,Tools & Equipment,Power Tool Accessories,Sanding Discs,,9A-129-120,9A-129-120 Abranet 3x4 - 50 Sheets/Box,,,,Mirka Abrasives Inc (MIRUS),Mirka Abrasives Inc,,,9A-129-120,,Tools & Equipment>Power Tool Accessories>Abrasives>Sanding Discs,"Mirka Abrasives Inc, Sanding Discs, 9A-129-120, Diameter 3 in, Thickness 4 in",SANDING DISCS 3 IN 4 IN,"9A-129-120 Sanding Discs With 3 in, 4 in","Sanding Discs, 3 in, 4 in",,,Diameter: 3 in,Thickness: 4 in,,,,,,,,,,,,,,,,,,,,,,,,Sanding Discs,Diameter,3,in,Thickness,4,in,,,,,,,,,,,,,,,,,,,,,,,,,,,,,,,,,,,,,,,,,,,,,,,,,,,,,,,,,,,,,,,,,,,,,,,,,,,,,,,,,,,,,,,,,,,,,,,,,,,,,,,,,,,,,,,,,,,,,,,,,,,,,,,,,,,,,,,,,,,,,,,,,,,,,,,,,,,,,,,,,,,,,,,,,,,,,,,,,,,,,,,,,,,,,,,
,,,,,,578800,,,,,578800,578800 Festool 80x133 M GR PRO/10,,,,Festool USA (FESTO),Festool Usa,Festool®,Festool®,578800,,,"Festool Usa, Festool®, Product, 578800, Unmapped Dimension 1 80 in",PRODUCT,"Festool® 578800 Product With 80 in, 133 in","Festool® Product, 80 in, 133 in",,,Unmapped Dimension 1: 80 in,Unmapped Dimension 2: 133 in,,,,,,,,,,,,,,,,,,,,,,,,Product,Unmapped Dimension 1,80,in,Unmapped Dimension 2,133,in,,,,,,,,,,,,,,,,,,,,,,,,,,,,,,,,,,,,,,,,,,,,,,,,,,,,,,,,,,,,,,,,,,,,,,,,,,,,,,,,,,,,,,,,,,,,,,,,,,,,,,,,,,,,,,,,,,,,,,,,,,,,,,,,,,,,,,,,,,,,,,,,,,,,,,,,,,,,,,,,,,,,,,,,,,,,,,,,,,,,,,,,,,,,,,,
,,,,,,578801,,,,,578801,578801 Festool 80x133 F GR PRO/10,,,,Festool USA (FESTO),Festool Usa,Festool®,Festool®,578801,,,"Festool Usa, Festool®, Product, 578801, Unmapped Dimension 1 80 in",PRODUCT,"Festool® 578801 Product With 80 in, 133 in","Festool® Product, 80 in, 133 in",,,Unmapped Dimension 1: 80 in,Unmapped Dimension 2: 133 in,,,,,,,,,,,,,,,,,,,,,,,,Product,Unmapped Dimension 1,80,in,Unmapped Dimension 2,133,in,,,,,,,,,,,,,,,,,,,,,,,,,,,,,,,,,,,,,,,,,,,,,,,,,,,,,,,,,,,,,,,,,,,,,,,,,,,,,,,,,,,,,,,,,,,,,,,,,,,,,,,,,,,,,,,,,,,,,,,,,,,,,,,,,,,,,,,,,,,,,,,,,,,,,,,,,,,,,,,,,,,,,,,,,,,,,,,,,,,,,,,,,,,,,,,
,,,,,,578802,,,,,578802,578802 Festool 80x133 S GR PRO/10,,,,Festool USA (FESTO),Festool Usa,Festool®,Festool®,578802,,,"Festool Usa, Festool®, Product, 578802, Unmapped Dimension 1 80 in",PRODUCT,"Festool® 578802 Product With 80 in, 133 in","Festool® Product, 80 in, 133 in",,,Unmapped Dimension 1: 80 in,Unmapped Dimension 2: 133 in,,,,,,,,,,,,,,,,,,,,,,,,Product,Unmapped Dimension 1,80,in,Unmapped Dimension 2,133,in,,,,,,,,,,,,,,,,,,,,,,,,,,,,,,,,,,,,,,,,,,,,,,,,,,,,,,,,,,,,,,,,,,,,,,,,,,,,,,,,,,,,,,,,,,,,,,,,,,,,,,,,,,,,,,,,,,,,,,,,,,,,,,,,,,,,,,,,,,,,,,,,,,,,,,,,,,,,,,,,,,,,,,,,,,,,,,,,,,,,,,,,,,,,,,,
,,,,,,578808,,,,,578808,578808 Festool 3x4 M GR PRO/10,,,,Festool USA (FESTO),Festool Usa,Festool®,Festool®,578808,,,"Festool Usa, Festool®, Product, 578808, Unmapped Dimension 1 3 in",PRODUCT,"Festool® 578808 Product With 3 in, 4 in","Festool® Product, 3 in, 4 in",,,Unmapped Dimension 1: 3 in,Unmapped Dimension 2: 4 in,,,,,,,,,,,,,,,,,,,,,,,,Product,Unmapped Dimension 1,3,in,Unmapped Dimension 2,4,in,,,,,,,,,,,,,,,,,,,,,,,,,,,,,,,,,,,,,,,,,,,,,,,,,,,,,,,,,,,,,,,,,,,,,,,,,,,,,,,,,,,,,,,,,,,,,,,,,,,,,,,,,,,,,,,,,,,,,,,,,,,,,,,,,,,,,,,,,,,,,,,,,,,,,,,,,,,,,,,,,,,,,,,,,,,,,,,,,,,,,,,,,,,,,,,
,,,,,,578809,,,,,578809,578809 Festool 3x4 F GR PRO/10,,,,Festool USA (FESTO),Festool Usa,Festool®,Festool®,578809,,,"Festool Usa, Festool®, Product, 578809, Unmapped Dimension 1 3 in",PRODUCT,"Festool® 578809 Product With 3 in, 4 in","Festool® Product, 3 in, 4 in",,,Unmapped Dimension 1: 3 in,Unmapped Dimension 2: 4 in,,,,,,,,,,,,,,,,,,,,,,,,Product,Unmapped Dimension 1,3,in,Unmapped Dimension 2,4,in,,,,,,,,,,,,,,,,,,,,,,,,,,,,,,,,,,,,,,,,,,,,,,,,,,,,,,,,,,,,,,,,,,,,,,,,,,,,,,,,,,,,,,,,,,,,,,,,,,,,,,,,,,,,,,,,,,,,,,,,,,,,,,,,,,,,,,,,,,,,,,,,,,,,,,,,,,,,,,,,,,,,,,,,,,,,,,,,,,,,,,,,,,,,,,,
,,,,,,578810,,,,,578810,578810 Festool 3x4 S GR PRO/10,,,,Festool USA (FESTO),Festool Usa,Festool®,Festool®,578810,,,"Festool Usa, Festool®, Product, 578810, Unmapped Dimension 1 3 in",PRODUCT,"Festool® 578810 Product With 3 in, 4 in","Festool® Product, 3 in, 4 in",,,Unmapped Dimension 1: 3 in,Unmapped Dimension 2: 4 in,,,,,,,,,,,,,,,,,,,,,,,,Product,Unmapped Dimension 1,3,in,Unmapped Dimension 2,4,in,,,,,,,,,,,,,,,,,,,,,,,,,,,,,,,,,,,,,,,,,,,,,,,,,,,,,,,,,,,,,,,,,,,,,,,,,,,,,,,,,,,,,,,,,,,,,,,,,,,,,,,,,,,,,,,,,,,,,,,,,,,,,,,,,,,,,,,,,,,,,,,,,,,,,,,,,,,,,,,,,,,,,,,,,,,,,,,,,,,,,,,,,,,,,,,
,,,,,,578811,,,,,578811,578811 Festool 3x4 GR PRO/10-Set,,,,Festool USA (FESTO),Festool Usa,Festool®,Festool®,578811,,,"Festool Usa, Festool®, Product, 578811, Unmapped Dimension 1 3 in",PRODUCT,"Festool® 578811 Product With 3 in, 4 in","Festool® Product, 3 in, 4 in",,,Unmapped Dimension 1: 3 in,Unmapped Dimension 2: 4 in,,,,,,,,,,,,,,,,,,,,,,,,Product,Unmapped Dimension 1,3,in,Unmapped Dimension 2,4,in,,,,,,,,,,,,,,,,,,,,,,,,,,,,,,,,,,,,,,,,,,,,,,,,,,,,,,,,,,,,,,,,,,,,,,,,,,,,,,,,,,,,,,,,,,,,,,,,,,,,,,,,,,,,,,,,,,,,,,,,,,,,,,,,,,,,,,,,,,,,,,,,,,,,,,,,,,,,,,,,,,,,,,,,,,,,,,,,,,,,,,,,,,,,,,,
,,,,,,578192,,,,,578192,578192 Festool D 150 GR SYS - Systainer Abrasive Set,,,,Festool USA (FESTO),Festool Usa,Festool®,Festool®,578192,,,"Festool Usa, Festool®, Product, 578192",PRODUCT,Festool® 578192 Product,Festool® Product,,,,,,,,,,,,,,,,,,,,,,,,,,,,Product,,,,,,,,,,,,,,,,,,,,,,,,,,,,,,,,,,,,,,,,,,,,,,,,,,,,,,,,,,,,,,,,,,,,,,,,,,,,,,,,,,,,,,,,,,,,,,,,,,,,,,,,,,,,,,,,,,,,,,,,,,,,,,,,,,,,,,,,,,,,,,,,,,,,,,,,,,,,,,,,,,,,,,,,,,,,,,,,,,,,,,,,,,,,,,,,,,,,,
,,,,,,578806,,,,,578806,578806 Festool Delta S GR PRO/10,,,,Festool USA (FESTO),Festool Usa,Festool®,Festool®,578806,,,"Festool Usa, Festool®, Product, 578806",PRODUCT,Festool® 578806 Product,Festool® Product,,,,,,,,,,,,,,,,,,,,,,,,,,,,Product,,,,,,,,,,,,,,,,,,,,,,,,,,,,,,,,,,,,,,,,,,,,,,,,,,,,,,,,,,,,,,,,,,,,,,,,,,,,,,,,,,,,,,,,,,,,,,,,,,,,,,,,,,,,,,,,,,,,,,,,,,,,,,,,,,,,,,,,,,,,,,,,,,,,,,,,,,,,,,,,,,,,,,,,,,,,,,,,,,,,,,,,,,,,,,,,,,,,,
,https://www.toolboxsupply.com/products/diablo-d0860x-fine-finish-saw-blade-8-1-4-inch-x-60-tooth,https://americatools.com/diablo-d0860x-8-1-4-x-60-teeth-fine-finish-saw-blade-for-wood,,,,D0860X,Tools & Equipment,Power Tool Accessories,Saw Blades,,D0860X,"D0860X Diablo 8-1/4"" 60 Tooth - Fine Finish Saw Blade",,,,Freud Inc (2435),Freud Inc,Diablo®,Diablo®,D0860X,,Tools & Equipment>Power Tool Accessories>Cutting Tools>Saw Blades,"Freud Inc, Diablo®, Saw Blade, D0860X, Diameter 8-1/4 in, Tooth Count 60",SAW BLADE 8-1/4 IN 5/8 IN,"Diablo® D0860X Saw Blade With 8-1/4 in, 60, 5/8 in, Carbide","Diablo® Saw Blade, 8-1/4 in, 60, 5/8 in, Carbide, Wood, Carbide",,,Diameter: 8-1/4 in,Tooth Count: 60,Arbor Size: 5/8 in,Material: Carbide,Application Material: Wood,,,,,,,,,,,,,,,,,,,,,Saw Blade,Diameter,8-1/4,in,Tooth Count,60,,Arbor Size,5/8,in,Material,Carbide,,Application Material,Wood,,,,,,,,,,,,,,,,,,,,,,,,,,,,,,,,,,,,,,,,,,,,,,,,,,,,,,,,,,,,,,,,,,,,,,,,,,,,,,,,,,,,,,,,,,,,,,,,,,,,,,,,,,,,,,,,,,,,,,,,,,,,,,,,,,,,,,,,,,,,,,,,,,,,,,,,,,,,,,,,,,,,,,,,,,,,,,,,,,,,,,,
https://www.milwaukeetool.com/products/details/7-1-4-24t-thick-kerf-framing-circular-saw-blade/48-40-0740,https://www.coastaltool.com/products/milwaukee-48-40-0740-24t-thick-kerf-framing-circular-saw-blade,,,,,48-40-0740,Tools & Equipment,Power Tool Accessories,Saw Blades,,48-40-0740,48-40-0740 Milw 7-1/4in. 24T - Framing Circ Saw Blade,,,Milwaukee,Milwaukee Accessory (4031),Milwaukee Tool,Milwaukee®,Milwaukee®,48-40-0740,,Tools & Equipment>Power Tool Accessories>Cutting Tools>Saw Blades,"Milwaukee Tool, Milwaukee®, Saw Blade, 48-40-0740, Tooth Count 24",SAW BLADE 7-1/4 IN 5/8 IN,"Milwaukee® 48-40-0740 Saw Blade With 24, 7-1/4 in, 1 pc, 5/8 in","Milwaukee® Saw Blade, 24, 7-1/4 in, 1 pc, 5/8 in, Cobalt-infused Carbide, Wood, Cobalt-infused Carbide",,,Tooth Count: 24,Diameter: 7-1/4 in,Pack Quantity: 1 pc,Arbor Size: 5/8 in,Material: Cobalt-infused Carbide,Application Material: Wood,,,,,,,,,,,,,,,,,,,,Saw Blade,Tooth Count,24,,Diameter,7-1/4,in,Pack Quantity,1,pc,Arbor Size,5/8,in,Material,Cobalt-infused Carbide,,Application Material,Wood,,,,,,,,,,,,,,,,,,,,,,,,,,,,,,,,,,,,,,,,,,,,,,,,,,,,,,,,,,,,,,,,,,,,,,,,,,,,,,,,,,,,,,,,,,,,,,,,,,,,,,,,,,,,,,,,,,,,,,,,,,,,,,,,,,,,,,,,,,,,,,,,,,,,,,,,,,,,,,,,,,,,,,,,,,,,,,,,,,,,
,,,,,,48-41-0740,,,,,48-41-0740,48-41-0740 Milw7-1/4 24TFrming - Blade,,,,Milwaukee Accessory (4031),Milwaukee Tool,Milwaukee®,Milwaukee®,48-41-0740,,,"Milwaukee Tool, Milwaukee®, Product, 48-41-0740",PRODUCT,Milwaukee® 48-41-0740 Product,Milwaukee® Product,,,,,,,,,,,,,,,,,,,,,,,,,,,,Product,,,,,,,,,,,,,,,,,,,,,,,,,,,,,,,,,,,,,,,,,,,,,,,,,,,,,,,,,,,,,,,,,,,,,,,,,,,,,,,,,,,,,,,,,,,,,,,,,,,,,,,,,,,,,,,,,,,,,,,,,,,,,,,,,,,,,,,,,,,,,,,,,,,,,,,,,,,,,,,,,,,,,,,,,,,,,,,,,,,,,,,,,,,,,,,,,,,,,
,,,,,,A-96095,Tools & Equipment,Power Tool Accessories,Saw Blades,,A-96095,"A-96095 Makita 5-7/8"" 32T Saw Blade",,,,Makita Usa Inc (5142),"Makita U.S.A., Inc.",Makita®,Makita®,A-96095,,Tools & Equipment>Power Tool Accessories>Cutting Tools>Saw Blades,"Makita U.S.A., Inc., Makita®, Saw Blade, A-96095, Diameter 5-7/8 in",SAW BLADE 5-7/8 IN,"Makita® A-96095 Saw Blade With 5-7/8 in, 32","Makita® Saw Blade, 5-7/8 in, 32",,,Diameter: 5-7/8 in,Tooth Count: 32,,,,,,,,,,,,,,,,,,,,,,,,Saw Blade,Diameter,5-7/8,in,Tooth Count,32,,,,,,,,,,,,,,,,,,,,,,,,,,,,,,,,,,,,,,,,,,,,,,,,,,,,,,,,,,,,,,,,,,,,,,,,,,,,,,,,,,,,,,,,,,,,,,,,,,,,,,,,,,,,,,,,,,,,,,,,,,,,,,,,,,,,,,,,,,,,,,,,,,,,,,,,,,,,,,,,,,,,,,,,,,,,,,,,,,,,,,,,,,,,,,,,
,,,,,,D0760UX,Tools & Equipment,Power Tool Accessories,Saw Blades,,D0760UX,"D0760UX Diablo 7-1/4"" 60T Circ - Saw Blade",,,Diablo,Freud Inc (2435),Freud Inc,Diablo®,Diablo®,D0760UX,,Tools & Equipment>Power Tool Accessories>Cutting Tools>Saw Blades,"Freud Inc, Diablo®, Saw Blade, D0760UX, Diameter 7-1/4 in, Tooth Count 60",SAW BLADE 7-1/4 IN,"Diablo® D0760UX Saw Blade With 7-1/4 in, 60","Diablo® Saw Blade, 7-1/4 in, 60",,,Diameter: 7-1/4 in,Tooth Count: 60,,,,,,,,,,,,,,,,,,,,,,,,Saw Blade,Diameter,7-1/4,in,Tooth Count,60,,,,,,,,,,,,,,,,,,,,,,,,,,,,,,,,,,,,,,,,,,,,,,,,,,,,,,,,,,,,,,,,,,,,,,,,,,,,,,,,,,,,,,,,,,,,,,,,,,,,,,,,,,,,,,,,,,,,,,,,,,,,,,,,,,,,,,,,,,,,,,,,,,,,,,,,,,,,,,,,,,,,,,,,,,,,,,,,,,,,,,,,,,,,,,,,
,,,,,,230.312.08,,,,,230.312.08,230.312.08 CMT Locked Dado Pro Set,,,,CMT USA Inc (CMTUS),CMT USA Inc,,,230.312.08,,,"CMT USA Inc, Product, 230.312.08",PRODUCT,230.312.08 Product,Product,,,,,,,,,,,,,,,,,,,,,,,,,,,,Product,,,,,,,,,,,,,,,,,,,,,,,,,,,,,,,,,,,,,,,,,,,,,,,,,,,,,,,,,,,,,,,,,,,,,,,,,,,,,,,,,,,,,,,,,,,,,,,,,,,,,,,,,,,,,,,,,,,,,,,,,,,,,,,,,,,,,,,,,,,,,,,,,,,,,,,,,,,,,,,,,,,,,,,,,,,,,,,,,,,,,,,,,,,,,,,,,,,,,
,,,,,,D0708LF,Tools & Equipment,Power Tool Accessories,Saw Blades,,D0708LF,"D0708LF Saw Blade 7-1/4""x8 - Laminate & Wood Flooring",,,,Freud Inc (2435),Freud Inc,Diablo®,Diablo®,D0708LF,,Tools & Equipment>Power Tool Accessories>Cutting Tools>Saw Blades,"Freud Inc, Diablo®, Saw Blade, D0708LF, Diameter 7-1/4 in, Kerf 8 in",SAW BLADE 7-1/4 IN,"Diablo® D0708LF Saw Blade With 7-1/4 in, 8 in, Wood","Diablo® Saw Blade, 7-1/4 in, 8 in, Wood, Wood",,,Diameter: 7-1/4 in,Kerf: 8 in,Application Material: Wood,,,,,,,,,,,,,,,,,,,,,,,Saw Blade,Diameter,7-1/4,in,Kerf,8,in,Application Material,Wood,,,,,,,,,,,,,,,,,,,,,,,,,,,,,,,,,,,,,,,,,,,,,,,,,,,,,,,,,,,,,,,,,,,,,,,,,,,,,,,,,,,,,,,,,,,,,,,,,,,,,,,,,,,,,,,,,,,,,,,,,,,,,,,,,,,,,,,,,,,,,,,,,,,,,,,,,,,,,,,,,,,,,,,,,,,,,,,,,,,,,,,,,,,,,
,,,,,,D1012LF,Tools & Equipment,Power Tool Accessories,Saw Blades,,D1012LF,"D1012LF Saw Blade 10""x12Teeth - Laminate & Wood Flooring",,,,Freud Inc (2435),Freud Inc,Diablo®,Diablo®,D1012LF,,Tools & Equipment>Power Tool Accessories>Cutting Tools>Saw Blades,"Freud Inc, Diablo®, Saw Blade, D1012LF, Diameter 10 in, Kerf 12 in",SAW BLADE 10 IN,"Diablo® D1012LF Saw Blade With 10 in, 12 in, Wood","Diablo® Saw Blade, 10 in, 12 in, Wood, Wood",,,Diameter: 10 in,Kerf: 12 in,Application Material: Wood,,,,,,,,,,,,,,,,,,,,,,,Saw Blade,Diameter,10,in,Kerf,12,in,Application Material,Wood,,,,,,,,,,,,,,,,,,,,,,,,,,,,,,,,,,,,,,,,,,,,,,,,,,,,,,,,,,,,,,,,,,,,,,,,,,,,,,,,,,,,,,,,,,,,,,,,,,,,,,,,,,,,,,,,,,,,,,,,,,,,,,,,,,,,,,,,,,,,,,,,,,,,,,,,,,,,,,,,,,,,,,,,,,,,,,,,,,,,,,,,,,,,,
,,,,,,D1216LF,Tools & Equipment,Power Tool Accessories,Saw Blades,,D1216LF,"D1216LF Saw Blade 12""x16Teeth - Laminate & Wood Flooring",,,,Freud Inc (2435),Freud Inc,Diablo®,Diablo®,D1216LF,,Tools & Equipment>Power Tool Accessories>Cutting Tools>Saw Blades,"Freud Inc, Diablo®, Saw Blade, D1216LF, Diameter 12 in, Kerf 16 in",SAW BLADE 12 IN,"Diablo® D1216LF Saw Blade With 12 in, 16 in, Wood","Diablo® Saw Blade, 12 in, 16 in, Wood, Wood",,,Diameter: 12 in,Kerf: 16 in,Application Material: Wood,,,,,,,,,,,,,,,,,,,,,,,Saw Blade,Diameter,12,in,Kerf,16,in,Application Material,Wood,,,,,,,,,,,,,,,,,,,,,,,,,,,,,,,,,,,,,,,,,,,,,,,,,,,,,,,,,,,,,,,,,,,,,,,,,,,,,,,,,,,,,,,,,,,,,,,,,,,,,,,,,,,,,,,,,,,,,,,,,,,,,,,,,,,,,,,,,,,,,,,,,,,,,,,,,,,,,,,,,,,,,,,,,,,,,,,,,,,,,,,,,,,,,
,,,,,,DWA47421,Tools & Equipment,Power Tool Accessories,Saw Blades,,DWA47421,"DWA47421 Dewalt 14"" Segmented - Rim Diamond Blade",,,DEWALT,Black & Decker/dewlt (2585),"Stanley Black & Decker, Inc.",DEWALT®,DEWALT®,DWA47421,,Tools & Equipment>Power Tool Accessories>Cutting Tools>Saw Blades,"Stanley Black & Decker, Inc., DEWALT®, Saw Blades, DWA47421, Diameter 14 in",SAW BLADES 14 IN,DEWALT® DWA47421 Saw Blades With 14 in,"DEWALT® Saw Blades, 14 in",,,Diameter: 14 in,,,,,,,,,,,,,,,,,,,,,,,,,Saw Blades,Diameter,14,in,,,,,,,,,,,,,,,,,,,,,,,,,,,,,,,,,,,,,,,,,,,,,,,,,,,,,,,,,,,,,,,,,,,,,,,,,,,,,,,,,,,,,,,,,,,,,,,,,,,,,,,,,,,,,,,,,,,,,,,,,,,,,,,,,,,,,,,,,,,,,,,,,,,,,,,,,,,,,,,,,,,,,,,,,,,,,,,,,,,,,,,,,,,,,,,,,,
,,,,,,DWA4769,,,,,DWA4769,"DWA4769 Dewalt Rim Glass Tile - Blade 10""",,,,Black & Decker/dewlt (2585),"Stanley Black & Decker, Inc.",DEWALT®,DEWALT®,DWA4769,,,"Stanley Black & Decker, Inc., DEWALT®, Product, DWA4769",PRODUCT,DEWALT® DWA4769 Product With 10 in,"DEWALT® Product, 10 in",,,Unmapped Dimension 1: 10 in,,,,,,,,,,,,,,,,,,,,,,,,,Product,Unmapped Dimension 1,10,in,,,,,,,,,,,,,,,,,,,,,,,,,,,,,,,,,,,,,,,,,,,,,,,,,,,,,,,,,,,,,,,,,,,,,,,,,,,,,,,,,,,,,,,,,,,,,,,,,,,,,,,,,,,,,,,,,,,,,,,,,,,,,,,,,,,,,,,,,,,,,,,,,,,,,,,,,,,,,,,,,,,,,,,,,,,,,,,,,,,,,,,,,,,,,,,,,,
,,,,,,49-93-9204,,,,,49-93-9204,"49-93-9204 Milw 4-1/2"" Diamond - Tile Blade",,,,Milwaukee Accessory (4031),Milwaukee Tool,Milwaukee®,Milwaukee®,49-93-9204,,,"Milwaukee Tool, Milwaukee®, Product, 49-93-9204, Unmapped Dimension 1 4-1/2 in",PRODUCT,Milwaukee® 49-93-9204 Product With 4-1/2 in,"Milwaukee® Product, 4-1/2 in",,,Unmapped Dimension 1: 4-1/2 in,,,,,,,,,,,,,,,,,,,,,,,,,Product,Unmapped Dimension 1,4-1/2,in,,,,,,,,,,,,,,,,,,,,,,,,,,,,,,,,,,,,,,,,,,,,,,,,,,,,,,,,,,,,,,,,,,,,,,,,,,,,,,,,,,,,,,,,,,,,,,,,,,,,,,,,,,,,,,,,,,,,,,,,,,,,,,,,,,,,,,,,,,,,,,,,,,,,,,,,,,,,,,,,,,,,,,,,,,,,,,,,,,,,,,,,,,,,,,,,,,
,,,,,,49-93-9207,,,,,49-93-9207,"49-93-9207 Milw 7"" Diamond - Tile Blade",,,,Milwaukee Accessory (4031),Milwaukee Tool,Milwaukee®,Milwaukee®,49-93-9207,,,"Milwaukee Tool, Milwaukee®, Product, 49-93-9207, Unmapped Dimension 1 7 in",PRODUCT,Milwaukee® 49-93-9207 Product With 7 in,"Milwaukee® Product, 7 in",,,Unmapped Dimension 1: 7 in,,,,,,,,,,,,,,,,,,,,,,,,,Product,Unmapped Dimension 1,7,in,,,,,,,,,,,,,,,,,,,,,,,,,,,,,,,,,,,,,,,,,,,,,,,,,,,,,,,,,,,,,,,,,,,,,,,,,,,,,,,,,,,,,,,,,,,,,,,,,,,,,,,,,,,,,,,,,,,,,,,,,,,,,,,,,,,,,,,,,,,,,,,,,,,,,,,,,,,,,,,,,,,,,,,,,,,,,,,,,,,,,,,,,,,,,,,,,,
,,,,,,49-93-9210,,,,,49-93-9210,"49-93-9210 Milw 10"" Diamond - Tile Blade",,,,Milwaukee Accessory (4031),Milwaukee Tool,Milwaukee®,Milwaukee®,49-93-9210,,,"Milwaukee Tool, Milwaukee®, Product, 49-93-9210, Unmapped Dimension 1 10 in",PRODUCT,Milwaukee® 49-93-9210 Product With 10 in,"Milwaukee® Product, 10 in",,,Unmapped Dimension 1: 10 in,,,,,,,,,,,,,,,,,,,,,,,,,Product,Unmapped Dimension 1,10,in,,,,,,,,,,,,,,,,,,,,,,,,,,,,,,,,,,,,,,,,,,,,,,,,,,,,,,,,,,,,,,,,,,,,,,,,,,,,,,,,,,,,,,,,,,,,,,,,,,,,,,,,,,,,,,,,,,,,,,,,,,,,,,,,,,,,,,,,,,,,,,,,,,,,,,,,,,,,,,,,,,,,,,,,,,,,,,,,,,,,,,,,,,,,,,,,,,
,,,,,,49-93-9202,,,,,49-93-9202,"49-93-9202 Milw 4"" Diamond - Tile Blade",,,,Milwaukee Accessory (4031),Milwaukee Tool,Milwaukee®,Milwaukee®,49-93-9202,,,"Milwaukee Tool, Milwaukee®, Product, 49-93-9202, Unmapped Dimension 1 4 in",PRODUCT,Milwaukee® 49-93-9202 Product With 4 in,"Milwaukee® Product, 4 in",,,Unmapped Dimension 1: 4 in,,,,,,,,,,,,,,,,,,,,,,,,,Product,Unmapped Dimension 1,4,in,,,,,,,,,,,,,,,,,,,,,,,,,,,,,,,,,,,,,,,,,,,,,,,,,,,,,,,,,,,,,,,,,,,,,,,,,,,,,,,,,,,,,,,,,,,,,,,,,,,,,,,,,,,,,,,,,,,,,,,,,,,,,,,,,,,,,,,,,,,,,,,,,,,,,,,,,,,,,,,,,,,,,,,,,,,,,,,,,,,,,,,,,,,,,,,,,,
,,,,,,49-93-9205,,,,,49-93-9205,"49-93-9205 Milw 5"" Diamond - Tile Blade",,,,Milwaukee Accessory (4031),Milwaukee Tool,Milwaukee®,Milwaukee®,49-93-9205,,,"Milwaukee Tool, Milwaukee®, Product, 49-93-9205, Unmapped Dimension 1 5 in",PRODUCT,Milwaukee® 49-93-9205 Product With 5 in,"Milwaukee® Product, 5 in",,,Unmapped Dimension 1: 5 in,,,,,,,,,,,,,,,,,,,,,,,,,Product,Unmapped Dimension 1,5,in,,,,,,,,,,,,,,,,,,,,,,,,,,,,,,,,,,,,,,,,,,,,,,,,,,,,,,,,,,,,,,,,,,,,,,,,,,,,,,,,,,,,,,,,,,,,,,,,,,,,,,,,,,,,,,,,,,,,,,,,,,,,,,,,,,,,,,,,,,,,,,,,,,,,,,,,,,,,,,,,,,,,,,,,,,,,,,,,,,,,,,,,,,,,,,,,,,
,,,,,,49-22-4702,,,,,49-22-4702,49-22-4702 Milw 13pc Quik-Lock Hole Dozer Kit,,,,Milwaukee Accessory (4031),Milwaukee Tool,Milwaukee®,Milwaukee®,49-22-4702,,,"Milwaukee Tool, Milwaukee®, Product, 49-22-4702, Pack Quantity 13 pc",PRODUCT,"Milwaukee® 49-22-4702 Product With 13 pc, Kit","Milwaukee® Product, 13 pc, Kit",,,Pack Quantity: 13 pc,Tool Form: Kit,,,,,,,,,,,,,,,,,,,,,,,,Product,Pack Quantity,13,pc,Tool Form,Kit,,,,,,,,,,,,,,,,,,,,,,,,,,,,,,,,,,,,,,,,,,,,,,,,,,,,,,,,,,,,,,,,,,,,,,,,,,,,,,,,,,,,,,,,,,,,,,,,,,,,,,,,,,,,,,,,,,,,,,,,,,,,,,,,,,,,,,,,,,,,,,,,,,,,,,,,,,,,,,,,,,,,,,,,,,,,,,,,,,,,,,,,,,,,,,,,
,,,,,,DJT155HHM,Tools & Equipment,Power Tool Accessories,Saw Blades,,DJT155HHM,"DJT155HHM Diablo 3-3/5"" 10 TPI - Jig Saw Blade",,,,Freud Inc (2435),Freud Inc,Diablo®,Diablo®,DJT155HHM,,Tools & Equipment>Power Tool Accessories>Cutting Tools>Saw Blades,"Freud Inc, Diablo®, Saw Blade, DJT155HHM, Diameter 3.6 in, Tooth Count 10",SAW BLADE 3.6 IN,"Diablo® DJT155HHM Saw Blade With 3.6 in, 10","Diablo® Saw Blade, 3.6 in, 10",,,Diameter: 3.6 in,Tooth Count: 10,,,,,,,,,,,,,,,,,,,,,,,,Saw Blade,Diameter,3.6,in,Tooth Count,10,,,,,,,,,,,,,,,,,,,,,,,,,,,,,,,,,,,,,,,,,,,,,,,,,,,,,,,,,,,,,,,,,,,,,,,,,,,,,,,,,,,,,,,,,,,,,,,,,,,,,,,,,,,,,,,,,,,,,,,,,,,,,,,,,,,,,,,,,,,,,,,,,,,,,,,,,,,,,,,,,,,,,,,,,,,,,,,,,,,,,,,,,,,,,,,,
,,,,,,790.82,Tools & Equipment,Power Tool Accessories,Saw Blades,,790.82,790.820 CMT Planer Blade 2pc,,,,CMT USA Inc (CMTUS),CMT USA Inc,,,790.82,,Tools & Equipment>Power Tool Accessories>Cutting Tools>Saw Blades,"CMT USA Inc, Saw Blades, 790.82, Pack Quantity 2 pc",SAW BLADES,790.82 Saw Blades With 2 pc,"Saw Blades, 2 pc",,,Pack Quantity: 2 pc,,,,,,,,,,,,,,,,,,,,,,,,,Saw Blades,Pack Quantity,2,pc,,,,,,,,,,,,,,,,,,,,,,,,,,,,,,,,,,,,,,,,,,,,,,,,,,,,,,,,,,,,,,,,,,,,,,,,,,,,,,,,,,,,,,,,,,,,,,,,,,,,,,,,,,,,,,,,,,,,,,,,,,,,,,,,,,,,,,,,,,,,,,,,,,,,,,,,,,,,,,,,,,,,,,,,,,,,,,,,,,,,,,,,,,,,,,,,,,
,,,,,,794.321,,,,,794.321,794.321 HS Planer Knives 3pc,,,,CMT USA Inc (CMTUS),CMT USA Inc,,,794.321,,,"CMT USA Inc, Product, 794.321, Pack Quantity 3 pc",PRODUCT,794.321 Product With 3 pc,"Product, 3 pc",,,Pack Quantity: 3 pc,,,,,,,,,,,,,,,,,,,,,,,,,Product,Pack Quantity,3,pc,,,,,,,,,,,,,,,,,,,,,,,,,,,,,,,,,,,,,,,,,,,,,,,,,,,,,,,,,,,,,,,,,,,,,,,,,,,,,,,,,,,,,,,,,,,,,,,,,,,,,,,,,,,,,,,,,,,,,,,,,,,,,,,,,,,,,,,,,,,,,,,,,,,,,,,,,,,,,,,,,,,,,,,,,,,,,,,,,,,,,,,,,,,,,,,,,,
,,,,,,49-22-5641,Tools & Equipment,Power Tool Accessories,Saw Blades,,49-22-5641,49-22-5641 Milw Packout 15pc - Sawzall Blade Kit,,,,Milwaukee Accessory (4031),Milwaukee Tool,Milwaukee®,Milwaukee®,49-22-5641,,Tools & Equipment>Power Tool Accessories>Cutting Tools>Saw Blades,"Milwaukee Tool, Milwaukee®, Saw Blades, 49-22-5641, Pack Quantity 15 pc",SAW BLADES,"Milwaukee® 49-22-5641 Saw Blades With 15 pc, Kit","Milwaukee® Saw Blades, 15 pc, Kit",,,Pack Quantity: 15 pc,Tool Form: Kit,,,,,,,,,,,,,,,,,,,,,,,,Saw Blades,Pack Quantity,15,pc,Tool Form,Kit,,,,,,,,,,,,,,,,,,,,,,,,,,,,,,,,,,,,,,,,,,,,,,,,,,,,,,,,,,,,,,,,,,,,,,,,,,,,,,,,,,,,,,,,,,,,,,,,,,,,,,,,,,,,,,,,,,,,,,,,,,,,,,,,,,,,,,,,,,,,,,,,,,,,,,,,,,,,,,,,,,,,,,,,,,,,,,,,,,,,,,,,,,,,,,,,
,,,,,,D0604TSH,Tools & Equipment,Power Tool Accessories,Saw Blades,,D0604TSH,"D0604TSH Diablo 6-1/2"" 4-Tooth - Cement Track Saw Blade",,,,Freud Inc (2435),Freud Inc,Diablo®,Diablo®,D0604TSH,,Tools & Equipment>Power Tool Accessories>Cutting Tools>Saw Blades,"Freud Inc, Diablo®, Saw Blade, D0604TSH, Diameter 6-1/2 in",SAW BLADE 6-1/2 IN,Diablo® D0604TSH Saw Blade With 6-1/2 in,"Diablo® Saw Blade, 6-1/2 in",,,Diameter: 6-1/2 in,,,,,,,,,,,,,,,,,,,,,,,,,Saw Blade,Diameter,6-1/2,in,,,,,,,,,,,,,,,,,,,,,,,,,,,,,,,,,,,,,,,,,,,,,,,,,,,,,,,,,,,,,,,,,,,,,,,,,,,,,,,,,,,,,,,,,,,,,,,,,,,,,,,,,,,,,,,,,,,,,,,,,,,,,,,,,,,,,,,,,,,,,,,,,,,,,,,,,,,,,,,,,,,,,,,,,,,,,,,,,,,,,,,,,,,,,,,,,,
,,,,,,D0620TSR,Tools & Equipment,Power Tool Accessories,Saw Blades,,D0620TSR,"D0620TSR Diablo 6-1/2""20 Tooth - Framing Saw Blade",,,,Freud Inc (2435),Freud Inc,Diablo®,Diablo®,D0620TSR,,Tools & Equipment>Power Tool Accessories>Cutting Tools>Saw Blades,"Freud Inc, Diablo®, Saw Blade, D0620TSR, Diameter 6-1/2 in, Tooth Count 20",SAW BLADE 6-1/2 IN,"Diablo® D0620TSR Saw Blade With 6-1/2 in, 20","Diablo® Saw Blade, 6-1/2 in, 20",,,Diameter: 6-1/2 in,Tooth Count: 20,,,,,,,,,,,,,,,,,,,,,,,,Saw Blade,Diameter,6-1/2,in,Tooth Count,20,,,,,,,,,,,,,,,,,,,,,,,,,,,,,,,,,,,,,,,,,,,,,,,,,,,,,,,,,,,,,,,,,,,,,,,,,,,,,,,,,,,,,,,,,,,,,,,,,,,,,,,,,,,,,,,,,,,,,,,,,,,,,,,,,,,,,,,,,,,,,,,,,,,,,,,,,,,,,,,,,,,,,,,,,,,,,,,,,,,,,,,,,,,,,,,,
,,,,,,D0648TSF,Tools & Equipment,Power Tool Accessories,Saw Blades,,D0648TSF,"D0648TSF Diablo 6-1/2""48 Tooth - Plywood Track Saw Blade",,,,Freud Inc (2435),Freud Inc,Diablo®,Diablo®,D0648TSF,,Tools & Equipment>Power Tool Accessories>Cutting Tools>Saw Blades,"Freud Inc, Diablo®, Saw Blade, D0648TSF, Diameter 6-1/2 in, Tooth Count 48",SAW BLADE 6-1/2 IN,"Diablo® D0648TSF Saw Blade With 6-1/2 in, 48","Diablo® Saw Blade, 6-1/2 in, 48",,,Diameter: 6-1/2 in,Tooth Count: 48,,,,,,,,,,,,,,,,,,,,,,,,Saw Blade,Diameter,6-1/2,in,Tooth Count,48,,,,,,,,,,,,,,,,,,,,,,,,,,,,,,,,,,,,,,,,,,,,,,,,,,,,,,,,,,,,,,,,,,,,,,,,,,,,,,,,,,,,,,,,,,,,,,,,,,,,,,,,,,,,,,,,,,,,,,,,,,,,,,,,,,,,,,,,,,,,,,,,,,,,,,,,,,,,,,,,,,,,,,,,,,,,,,,,,,,,,,,,,,,,,,,,
,,,,,,D0652TSL,Tools & Equipment,Power Tool Accessories,Saw Blades,,D0652TSL,"D0652TSL Diablo 6-1/2""52 Tooth - Laminate Track Saw Blade",,,,Freud Inc (2435),Freud Inc,Diablo®,Diablo®,D0652TSL,,Tools & Equipment>Power Tool Accessories>Cutting Tools>Saw Blades,"Freud Inc, Diablo®, Saw Blade, D0652TSL, Diameter 6-1/2 in, Tooth Count 52",SAW BLADE 6-1/2 IN,"Diablo® D0652TSL Saw Blade With 6-1/2 in, 52","Diablo® Saw Blade, 6-1/2 in, 52",,,Diameter: 6-1/2 in,Tooth Count: 52,,,,,,,,,,,,,,,,,,,,,,,,Saw Blade,Diameter,6-1/2,in,Tooth Count,52,,,,,,,,,,,,,,,,,,,,,,,,,,,,,,,,,,,,,,,,,,,,,,,,,,,,,,,,,,,,,,,,,,,,,,,,,,,,,,,,,,,,,,,,,,,,,,,,,,,,,,,,,,,,,,,,,,,,,,,,,,,,,,,,,,,,,,,,,,,,,,,,,,,,,,,,,,,,,,,,,,,,,,,,,,,,,,,,,,,,,,,,,,,,,,,,
,,,,,,JT1-549,Tools & Equipment,Power Tools,Benchtop & Stationary Power Tools,,JT1-549,"JT1-549 JWBS18SFX 18"" Bandsaw - 1.75HP 1PH 115V",,,,JPW Industries (JPWIN),JPW Industries,,,JT1-549,,Tools & Equipment>Power Tools>Benchtop & Stationary Power Tools,"JPW Industries, Benchtop & Stationary Power Tools, JT1-549",BENCHTOP & STATIONARY POWER TOOLS,"JT1-549 Benchtop & Stationary Power Tools With 18 in, 115 V","Benchtop & Stationary Power Tools, 18 in, 115 V",,,Blade Diameter: 18 in,Voltage Rating: 115 V,,,,,,,,,,,,,,,,,,,,,,,,Benchtop & Stationary Power Tools,Blade Diameter,18,in,Voltage Rating,115,V,,,,,,,,,,,,,,,,,,,,,,,,,,,,,,,,,,,,,,,,,,,,,,,,,,,,,,,,,,,,,,,,,,,,,,,,,,,,,,,,,,,,,,,,,,,,,,,,,,,,,,,,,,,,,,,,,,,,,,,,,,,,,,,,,,,,,,,,,,,,,,,,,,,,,,,,,,,,,,,,,,,,,,,,,,,,,,,,,,,,,,,,,,,,,,,
,,,,,,JT1-1371,Tools & Equipment,Power Tools,Benchtop & Stationary Power Tools,,JT1-1371,"JWBS14-SFX-BLK Jet 14"" Bandsaw - JT1-1371",,,,JPW Industries (JPWIN),JPW Industries,,,JT1-1371,,Tools & Equipment>Power Tools>Benchtop & Stationary Power Tools,"JPW Industries, Benchtop & Stationary Power Tools, JT1-1371",BENCHTOP & STATIONARY POWER TOOLS,JT1-1371 Benchtop & Stationary Power Tools With 14 in,"Benchtop & Stationary Power Tools, 14 in",,,Blade Diameter: 14 in,,,,,,,,,,,,,,,,,,,,,,,,,Benchtop & Stationary Power Tools,Blade Diameter,14,in,,,,,,,,,,,,,,,,,,,,,,,,,,,,,,,,,,,,,,,,,,,,,,,,,,,,,,,,,,,,,,,,,,,,,,,,,,,,,,,,,,,,,,,,,,,,,,,,,,,,,,,,,,,,,,,,,,,,,,,,,,,,,,,,,,,,,,,,,,,,,,,,,,,,,,,,,,,,,,,,,,,,,,,,,,,,,,,,,,,,,,,,,,,,,,,,,,
,,,,,,JT9-714400K,Tools & Equipment,Power Tools,Benchtop & Stationary Power Tools,,JT9-714400K,"JWBS-14SFX 14"" Bandsaw JTP-714400K",,,,JPW Industries (JPWIN),JPW Industries,,,JT9-714400K,,Tools & Equipment>Power Tools>Benchtop & Stationary Power Tools,"JPW Industries, Benchtop & Stationary Power Tools, JT9-714400K",BENCHTOP & STATIONARY POWER TOOLS,JT9-714400K Benchtop & Stationary Power Tools With 14 in,"Benchtop & Stationary Power Tools, 14 in",,,Blade Diameter: 14 in,,,,,,,,,,,,,,,,,,,,,,,,,Benchtop & Stationary Power Tools,Blade Diameter,14,in,,,,,,,,,,,,,,,,,,,,,,,,,,,,,,,,,,,,,,,,,,,,,,,,,,,,,,,,,,,,,,,,,,,,,,,,,,,,,,,,,,,,,,,,,,,,,,,,,,,,,,,,,,,,,,,,,,,,,,,,,,,,,,,,,,,,,,,,,,,,,,,,,,,,,,,,,,,,,,,,,,,,,,,,,,,,,,,,,,,,,,,,,,,,,,,,,,
,,,,,,2834-21HD,Tools & Equipment,Power Tools,Cordless Power Tools,,2834-21HD,"2834-21HD Milw M18 7-1/4"" Circ - Saw Kit",,,Milwaukee,Milwaukee Accessory (4031),Milwaukee Tool,Milwaukee®,Milwaukee®,2834-21HD,,Tools & Equipment>Power Tools>Cordless Power Tools,"Milwaukee Tool, Milwaukee®, Cordless Power Tools, 2834-21HD",CORDLESS POWER TOOLS,"Milwaukee® 2834-21HD Cordless Power Tools With 7-1/4 in, 18 V, Kit","Milwaukee® Cordless Power Tools, 7-1/4 in, 18 V, Kit",,,Cutting Swath: 7-1/4 in,Voltage Rating: 18 V,Tool Form: Kit,,,,,,,,,,,,,,,,,,,,,,,Cordless Power Tools,Cutting Swath,7-1/4,in,Voltage Rating,18,V,Tool Form,Kit,,,,,,,,,,,,,,,,,,,,,,,,,,,,,,,,,,,,,,,,,,,,,,,,,,,,,,,,,,,,,,,,,,,,,,,,,,,,,,,,,,,,,,,,,,,,,,,,,,,,,,,,,,,,,,,,,,,,,,,,,,,,,,,,,,,,,,,,,,,,,,,,,,,,,,,,,,,,,,,,,,,,,,,,,,,,,,,,,,,,,,,,,,,,,
,,,,,,DCS383B,Tools & Equipment,Power Tools,Cordless Power Tools,,DCS383B,"DCS383B Dewalt 20V 7-1/4"" - Metal Cutting Circ Saw",,,,Black & Decker/dewlt (2585),"Stanley Black & Decker, Inc.",DEWALT®,DEWALT®,DCS383B,,Tools & Equipment>Power Tools>Cordless Power Tools,"Stanley Black & Decker, Inc., DEWALT®, Cordless Power Tools, DCS383B",CORDLESS POWER TOOLS,"DEWALT® DCS383B Cordless Power Tools With 7-1/4 in, Metal, 20 V","DEWALT® Cordless Power Tools, 7-1/4 in, Metal, 20 V, Metal",,,Cutting Swath: 7-1/4 in,Material: Metal,Voltage Rating: 20 V,,,,,,,,,,,,,,,,,,,,,,,Cordless Power Tools,Cutting Swath,7-1/4,in,Material,Metal,,Voltage Rating,20,V,,,,,,,,,,,,,,,,,,,,,,,,,,,,,,,,,,,,,,,,,,,,,,,,,,,,,,,,,,,,,,,,,,,,,,,,,,,,,,,,,,,,,,,,,,,,,,,,,,,,,,,,,,,,,,,,,,,,,,,,,,,,,,,,,,,,,,,,,,,,,,,,,,,,,,,,,,,,,,,,,,,,,,,,,,,,,,,,,,,,,,,,,,,,
,,,,,,DCS590B,Tools & Equipment,Power Tools,Cordless Power Tools,,DCS590B,"DCS590B Dewalt 20V Cordless - 7-1/4"" Circular Saw (Bare)",,,DEWALT,Black & Decker/dewlt (2585),"Stanley Black & Decker, Inc.",DEWALT®,DEWALT®,DCS590B,,Tools & Equipment>Power Tools>Cordless Power Tools,"Stanley Black & Decker, Inc., DEWALT®, Cordless Power Tools, DCS590B",CORDLESS POWER TOOLS,"DEWALT® DCS590B Cordless Power Tools With 7-1/4 in, 20 V, Tool Only","DEWALT® Cordless Power Tools, 7-1/4 in, 20 V, Tool Only",,,Cutting Swath: 7-1/4 in,Voltage Rating: 20 V,Tool Form: Tool Only,,,,,,,,,,,,,,,,,,,,,,,Cordless Power Tools,Cutting Swath,7-1/4,in,Voltage Rating,20,V,Tool Form,Tool Only,,,,,,,,,,,,,,,,,,,,,,,,,,,,,,,,,,,,,,,,,,,,,,,,,,,,,,,,,,,,,,,,,,,,,,,,,,,,,,,,,,,,,,,,,,,,,,,,,,,,,,,,,,,,,,,,,,,,,,,,,,,,,,,,,,,,,,,,,,,,,,,,,,,,,,,,,,,,,,,,,,,,,,,,,,,,,,,,,,,,,,,,,,,,,
,,,,,,KPTCS725A,Tools & Equipment,Power Tools,Cordless Power Tools,,KPTCS725A,"KPTCS725A Kreg 20V Ionic 7-1/4"" Circ Saw",,,,Kreg Tool Company (KRETO),Kreg Tool Company,Kreg®,Kreg®,KPTCS725A,,Tools & Equipment>Power Tools>Cordless Power Tools,"Kreg Tool Company, Kreg®, Cordless Power Tools, KPTCS725A",CORDLESS POWER TOOLS,"Kreg® KPTCS725A Cordless Power Tools With 7-1/4 in, 20 V","Kreg® Cordless Power Tools, 7-1/4 in, 20 V",,,Cutting Swath: 7-1/4 in,Voltage Rating: 20 V,,,,,,,,,,,,,,,,,,,,,,,,Cordless Power Tools,Cutting Swath,7-1/4,in,Voltage Rating,20,V,,,,,,,,,,,,,,,,,,,,,,,,,,,,,,,,,,,,,,,,,,,,,,,,,,,,,,,,,,,,,,,,,,,,,,,,,,,,,,,,,,,,,,,,,,,,,,,,,,,,,,,,,,,,,,,,,,,,,,,,,,,,,,,,,,,,,,,,,,,,,,,,,,,,,,,,,,,,,,,,,,,,,,,,,,,,,,,,,,,,,,,,,,,,,,,
,,,,,,KPTCS450A,Tools & Equipment,Power Tools,Cordless Power Tools,,KPTCS450A,"KPTCS450A Kreg 20V Ionic 4-1/2"" Circ Saw",,,,Kreg Tool Company (KRETO),Kreg Tool Company,Kreg®,Kreg®,KPTCS450A,,Tools & Equipment>Power Tools>Cordless Power Tools,"Kreg Tool Company, Kreg®, Cordless Power Tools, KPTCS450A",CORDLESS POWER TOOLS,"Kreg® KPTCS450A Cordless Power Tools With 4-1/2 in, 20 V","Kreg® Cordless Power Tools, 4-1/2 in, 20 V",,,Cutting Swath: 4-1/2 in,Voltage Rating: 20 V,,,,,,,,,,,,,,,,,,,,,,,,Cordless Power Tools,Cutting Swath,4-1/2,in,Voltage Rating,20,V,,,,,,,,,,,,,,,,,,,,,,,,,,,,,,,,,,,,,,,,,,,,,,,,,,,,,,,,,,,,,,,,,,,,,,,,,,,,,,,,,,,,,,,,,,,,,,,,,,,,,,,,,,,,,,,,,,,,,,,,,,,,,,,,,,,,,,,,,,,,,,,,,,,,,,,,,,,,,,,,,,,,,,,,,,,,,,,,,,,,,,,,,,,,,,,
,,,,,,2545-20,Tools & Equipment,Power Tools,Cordless Power Tools,,2545-20,2545-20 Milw M12 Jig Saw,,,Milwaukee,Milwaukee Accessory (4031),Milwaukee Tool,Milwaukee®,Milwaukee®,2545-20,,Tools & Equipment>Power Tools>Cordless Power Tools,"Milwaukee Tool, Milwaukee®, Cordless Power Tools, 2545-20, Voltage Rating 12 V",CORDLESS POWER TOOLS,Milwaukee® 2545-20 Cordless Power Tools With 12 V,"Milwaukee® Cordless Power Tools, 12 V",,,Voltage Rating: 12 V,,,,,,,,,,,,,,,,,,,,,,,,,Cordless Power Tools,Voltage Rating,12,V,,,,,,,,,,,,,,,,,,,,,,,,,,,,,,,,,,,,,,,,,,,,,,,,,,,,,,,,,,,,,,,,,,,,,,,,,,,,,,,,,,,,,,,,,,,,,,,,,,,,,,,,,,,,,,,,,,,,,,,,,,,,,,,,,,,,,,,,,,,,,,,,,,,,,,,,,,,,,,,,,,,,,,,,,,,,,,,,,,,,,,,,,,,,,,,,,,
,,,,,,KPTJS100A,Tools & Equipment,Power Tools,Cordless Power Tools,,KPTJS100A,KPTJS100A Kreg 20V Ionic Barrel Grip Jigsaw,,,,Kreg Tool Company (KRETO),Kreg Tool Company,Kreg®,Kreg®,KPTJS100A,,Tools & Equipment>Power Tools>Cordless Power Tools,"Kreg Tool Company, Kreg®, Cordless Power Tools, KPTJS100A, Voltage Rating 20 V",CORDLESS POWER TOOLS,Kreg® KPTJS100A Cordless Power Tools With 20 V,"Kreg® Cordless Power Tools, 20 V",,,Voltage Rating: 20 V,,,,,,,,,,,,,,,,,,,,,,,,,Cordless Power Tools,Voltage Rating,20,V,,,,,,,,,,,,,,,,,,,,,,,,,,,,,,,,,,,,,,,,,,,,,,,,,,,,,,,,,,,,,,,,,,,,,,,,,,,,,,,,,,,,,,,,,,,,,,,,,,,,,,,,,,,,,,,,,,,,,,,,,,,,,,,,,,,,,,,,,,,,,,,,,,,,,,,,,,,,,,,,,,,,,,,,,,,,,,,,,,,,,,,,,,,,,,,,,,
,,,,,,DCS714B,Tools & Equipment,Power Tools,Cordless Power Tools,,DCS714B,"DCS714B Dewalt 20V Miter Saw - (Bare) 10"" Double Bevel Fixed",,,,Black & Decker/dewlt (2585),"Stanley Black & Decker, Inc.",DEWALT®,DEWALT®,DCS714B,,Tools & Equipment>Power Tools>Cordless Power Tools,"Stanley Black & Decker, Inc., DEWALT®, Cordless Power Tools, DCS714B",CORDLESS POWER TOOLS,"DEWALT® DCS714B Cordless Power Tools With 10 in, 20 V, Tool Only","DEWALT® Cordless Power Tools, 10 in, 20 V, Tool Only",,,Cutting Swath: 10 in,Voltage Rating: 20 V,Tool Form: Tool Only,,,,,,,,,,,,,,,,,,,,,,,Cordless Power Tools,Cutting Swath,10,in,Voltage Rating,20,V,Tool Form,Tool Only,,,,,,,,,,,,,,,,,,,,,,,,,,,,,,,,,,,,,,,,,,,,,,,,,,,,,,,,,,,,,,,,,,,,,,,,,,,,,,,,,,,,,,,,,,,,,,,,,,,,,,,,,,,,,,,,,,,,,,,,,,,,,,,,,,,,,,,,,,,,,,,,,,,,,,,,,,,,,,,,,,,,,,,,,,,,,,,,,,,,,,,,,,,,,
,,,,,,DCS785B,Tools & Equipment,Power Tools,Cordless Power Tools,,DCS785B,"DCS785B Dewalt 20V Miter Saw - Kit 12"" Double Bevel Sliding",,,,Black & Decker/dewlt (2585),"Stanley Black & Decker, Inc.",DEWALT®,DEWALT®,DCS785B,,Tools & Equipment>Power Tools>Cordless Power Tools,"Stanley Black & Decker, Inc., DEWALT®, Cordless Power Tools, DCS785B",CORDLESS POWER TOOLS,"DEWALT® DCS785B Cordless Power Tools With 12 in, 20 V, Kit","DEWALT® Cordless Power Tools, 12 in, 20 V, Kit",,,Cutting Swath: 12 in,Voltage Rating: 20 V,Tool Form: Kit,,,,,,,,,,,,,,,,,,,,,,,Cordless Power Tools,Cutting Swath,12,in,Voltage Rating,20,V,Tool Form,Kit,,,,,,,,,,,,,,,,,,,,,,,,,,,,,,,,,,,,,,,,,,,,,,,,,,,,,,,,,,,,,,,,,,,,,,,,,,,,,,,,,,,,,,,,,,,,,,,,,,,,,,,,,,,,,,,,,,,,,,,,,,,,,,,,,,,,,,,,,,,,,,,,,,,,,,,,,,,,,,,,,,,,,,,,,,,,,,,,,,,,,,,,,,,,,
,,,,,,GSL02M1,Tools & Equipment,Power Tools,Cordless Power Tools,,GSL02M1,"GSL02M1 Makita Miter Saw - 40V 8-1/2""",,,,Makita Usa Inc (5142),"Makita U.S.A., Inc.",Makita®,Makita®,GSL02M1,,Tools & Equipment>Power Tools>Cordless Power Tools,"Makita U.S.A., Inc., Makita®, Cordless Power Tools, GSL02M1",CORDLESS POWER TOOLS,"Makita® GSL02M1 Cordless Power Tools With 8-1/2 in, 40 V","Makita® Cordless Power Tools, 8-1/2 in, 40 V",,,Cutting Swath: 8-1/2 in,Voltage Rating: 40 V,,,,,,,,,,,,,,,,,,,,,,,,Cordless Power Tools,Cutting Swath,8-1/2,in,Voltage Rating,40,V,,,,,,,,,,,,,,,,,,,,,,,,,,,,,,,,,,,,,,,,,,,,,,,,,,,,,,,,,,,,,,,,,,,,,,,,,,,,,,,,,,,,,,,,,,,,,,,,,,,,,,,,,,,,,,,,,,,,,,,,,,,,,,,,,,,,,,,,,,,,,,,,,,,,,,,,,,,,,,,,,,,,,,,,,,,,,,,,,,,,,,,,,,,,,,,
,,,,,,DW7029,Tools & Equipment,Power Tool Accessories,Power Tool Accessories,,DW7029,DW7029 Dewalt Miter Saw - Stand Support/Stop,,,,Black & Decker/dewlt (2585),"Stanley Black & Decker, Inc.",DEWALT®,DEWALT®,DW7029,,Tools & Equipment>Power Tool Accessories>Power Tool Accessories,"Stanley Black & Decker, Inc., DEWALT®, Power Tool Accessories, DW7029",POWER TOOL ACCESSORIES,DEWALT® DW7029 Power Tool Accessories,DEWALT® Power Tool Accessories,,,,,,,,,,,,,,,,,,,,,,,,,,,,Power Tool Accessories,,,,,,,,,,,,,,,,,,,,,,,,,,,,,,,,,,,,,,,,,,,,,,,,,,,,,,,,,,,,,,,,,,,,,,,,,,,,,,,,,,,,,,,,,,,,,,,,,,,,,,,,,,,,,,,,,,,,,,,,,,,,,,,,,,,,,,,,,,,,,,,,,,,,,,,,,,,,,,,,,,,,,,,,,,,,,,,,,,,,,,,,,,,,,,,,,,,,,
,,,,,,DCS384B,Tools & Equipment,Power Tools,Cordless Power Tools,,DCS384B,DCS384B Dewalt 20V Brushless - Cordless Recip Saw (Bare),,,DEWALT,Black & Decker/dewlt (2585),"Stanley Black & Decker, Inc.",DEWALT®,DEWALT®,DCS384B,,Tools & Equipment>Power Tools>Cordless Power Tools,"Stanley Black & Decker, Inc., DEWALT®, Cordless Power Tools, DCS384B",CORDLESS POWER TOOLS,"DEWALT® DCS384B Cordless Power Tools With 20 V, Brushless, Tool Only","DEWALT® Cordless Power Tools, 20 V, Brushless, Tool Only",,,Voltage Rating: 20 V,Motor Type: Brushless,Tool Form: Tool Only,,,,,,,,,,,,,,,,,,,,,,,Cordless Power Tools,Voltage Rating,20,V,Motor Type,Brushless,,Tool Form,Tool Only,,,,,,,,,,,,,,,,,,,,,,,,,,,,,,,,,,,,,,,,,,,,,,,,,,,,,,,,,,,,,,,,,,,,,,,,,,,,,,,,,,,,,,,,,,,,,,,,,,,,,,,,,,,,,,,,,,,,,,,,,,,,,,,,,,,,,,,,,,,,,,,,,,,,,,,,,,,,,,,,,,,,,,,,,,,,,,,,,,,,,,,,,,,,,
,,,,,,XRJ08Z,Tools & Equipment,Power Tools,Cordless Power Tools,,XRJ08Z,XRJ08Z Makita 18V Recip Saw - Bare Tool,,,,Makita Usa Inc (5142),"Makita U.S.A., Inc.",Makita®,Makita®,XRJ08Z,,Tools & Equipment>Power Tools>Cordless Power Tools,"Makita U.S.A., Inc., Makita®, Cordless Power Tools, XRJ08Z, Voltage Rating 18 V",CORDLESS POWER TOOLS,"Makita® XRJ08Z Cordless Power Tools With 18 V, Tool Only","Makita® Cordless Power Tools, 18 V, Tool Only",,,Voltage Rating: 18 V,Tool Form: Tool Only,,,,,,,,,,,,,,,,,,,,,,,,Cordless Power Tools,Voltage Rating,18,V,Tool Form,Tool Only,,,,,,,,,,,,,,,,,,,,,,,,,,,,,,,,,,,,,,,,,,,,,,,,,,,,,,,,,,,,,,,,,,,,,,,,,,,,,,,,,,,,,,,,,,,,,,,,,,,,,,,,,,,,,,,,,,,,,,,,,,,,,,,,,,,,,,,,,,,,,,,,,,,,,,,,,,,,,,,,,,,,,,,,,,,,,,,,,,,,,,,,,,,,,,,,
,,,,,,G0771Z,Tools & Equipment,Power Tools,Benchtop & Stationary Power Tools,,G0771Z,"Grizzly G0771Z 30"" Table Saw",,,,Woodstock Intl (3658),Woodstock Intl,,,G0771Z,,Tools & Equipment>Power Tools>Benchtop & Stationary Power Tools,"Woodstock Intl, Benchtop & Stationary Power Tools, G0771Z, Blade Diameter 30 in",BENCHTOP & STATIONARY POWER TOOLS,G0771Z Benchtop & Stationary Power Tools With 30 in,"Benchtop & Stationary Power Tools, 30 in",,,Blade Diameter: 30 in,,,,,,,,,,,,,,,,,,,,,,,,,Benchtop & Stationary Power Tools,Blade Diameter,30,in,,,,,,,,,,,,,,,,,,,,,,,,,,,,,,,,,,,,,,,,,,,,,,,,,,,,,,,,,,,,,,,,,,,,,,,,,,,,,,,,,,,,,,,,,,,,,,,,,,,,,,,,,,,,,,,,,,,,,,,,,,,,,,,,,,,,,,,,,,,,,,,,,,,,,,,,,,,,,,,,,,,,,,,,,,,,,,,,,,,,,,,,,,,,,,,,,,
,,,,,,TS1017,Tools & Equipment,Power Tool Accessories,Power Tool Accessories,,TS1017,TS1017 Table Saw Zero-Clearance Insert,,,,Robt Bosch Tool Corp (6564),Robert Bosch Tool Corp,Bosch®,Bosch®,TS1017,,Tools & Equipment>Power Tool Accessories>Power Tool Accessories,"Robert Bosch Tool Corp, Bosch®, Power Tool Accessories, TS1017",POWER TOOL ACCESSORIES,Bosch® TS1017 Power Tool Accessories,Bosch® Power Tool Accessories,,,,,,,,,,,,,,,,,,,,,,,,,,,,Power Tool Accessories,,,,,,,,,,,,,,,,,,,,,,,,,,,,,,,,,,,,,,,,,,,,,,,,,,,,,,,,,,,,,,,,,,,,,,,,,,,,,,,,,,,,,,,,,,,,,,,,,,,,,,,,,,,,,,,,,,,,,,,,,,,,,,,,,,,,,,,,,,,,,,,,,,,,,,,,,,,,,,,,,,,,,,,,,,,,,,,,,,,,,,,,,,,,,,,,,,,,,
,,,,,,XT524,,,,,XT524,"XT524 24"" XT XTENDER Fence",,,,Bow Products (BOWPR),Bow Products,,,XT524,,,"Bow Products, Product, XT524, Unmapped Dimension 1 24 in",PRODUCT,XT524 Product With 24 in,"Product, 24 in",,,Unmapped Dimension 1: 24 in,,,,,,,,,,,,,,,,,,,,,,,,,Product,Unmapped Dimension 1,24,in,,,,,,,,,,,,,,,,,,,,,,,,,,,,,,,,,,,,,,,,,,,,,,,,,,,,,,,,,,,,,,,,,,,,,,,,,,,,,,,,,,,,,,,,,,,,,,,,,,,,,,,,,,,,,,,,,,,,,,,,,,,,,,,,,,,,,,,,,,,,,,,,,,,,,,,,,,,,,,,,,,,,,,,,,,,,,,,,,,,,,,,,,,,,,,,,,,
,,,,,,XT536,,,,,XT536,"XT536 36"" XT XTENDER Fence",,,,Bow Products (BOWPR),Bow Products,,,XT536,,,"Bow Products, Product, XT536, Unmapped Dimension 1 36 in",PRODUCT,XT536 Product With 36 in,"Product, 36 in",,,Unmapped Dimension 1: 36 in,,,,,,,,,,,,,,,,,,,,,,,,,Product,Unmapped Dimension 1,36,in,,,,,,,,,,,,,,,,,,,,,,,,,,,,,,,,,,,,,,,,,,,,,,,,,,,,,,,,,,,,,,,,,,,,,,,,,,,,,,,,,,,,,,,,,,,,,,,,,,,,,,,,,,,,,,,,,,,,,,,,,,,,,,,,,,,,,,,,,,,,,,,,,,,,,,,,,,,,,,,,,,,,,,,,,,,,,,,,,,,,,,,,,,,,,,,,,,
,,,,,,XT546,,,,,XT546,"XT546 46"" XT XTENDER Fence",,,,Bow Products (BOWPR),Bow Products,,,XT546,,,"Bow Products, Product, XT546, Unmapped Dimension 1 46 in",PRODUCT,XT546 Product With 46 in,"Product, 46 in",,,Unmapped Dimension 1: 46 in,,,,,,,,,,,,,,,,,,,,,,,,,Product,Unmapped Dimension 1,46,in,,,,,,,,,,,,,,,,,,,,,,,,,,,,,,,,,,,,,,,,,,,,,,,,,,,,,,,,,,,,,,,,,,,,,,,,,,,,,,,,,,,,,,,,,,,,,,,,,,,,,,,,,,,,,,,,,,,,,,,,,,,,,,,,,,,,,,,,,,,,,,,,,,,,,,,,,,,,,,,,,,,,,,,,,,,,,,,,,,,,,,,,,,,,,,,,,,
,,,,,,XTP235,,,,,XTP235,"35"" XTP XTENDER PRO Fence - XTP235",,,,Bow Products (BOWPR),Bow Products,,,XTP235,,,"Bow Products, Product, XTP235, Unmapped Dimension 1 35 in",PRODUCT,XTP235 Product With 35 in,"Product, 35 in",,,Unmapped Dimension 1: 35 in,,,,,,,,,,,,,,,,,,,,,,,,,Product,Unmapped Dimension 1,35,in,,,,,,,,,,,,,,,,,,,,,,,,,,,,,,,,,,,,,,,,,,,,,,,,,,,,,,,,,,,,,,,,,,,,,,,,,,,,,,,,,,,,,,,,,,,,,,,,,,,,,,,,,,,,,,,,,,,,,,,,,,,,,,,,,,,,,,,,,,,,,,,,,,,,,,,,,,,,,,,,,,,,,,,,,,,,,,,,,,,,,,,,,,,,,,,,,,
,,,,,,TGP2-FA,,,,,TGP2-FA,TGP2-FA T-Glide Fence Professional,,,,Saw Stop LLC (SAWST),Saw Stop LLC,,,TGP2-FA,,,"Saw Stop LLC, Product, TGP2-FA",PRODUCT,TGP2-FA Product,Product,,,,,,,,,,,,,,,,,,,,,,,,,,,,Product,,,,,,,,,,,,,,,,,,,,,,,,,,,,,,,,,,,,,,,,,,,,,,,,,,,,,,,,,,,,,,,,,,,,,,,,,,,,,,,,,,,,,,,,,,,,,,,,,,,,,,,,,,,,,,,,,,,,,,,,,,,,,,,,,,,,,,,,,,,,,,,,,,,,,,,,,,,,,,,,,,,,,,,,,,,,,,,,,,,,,,,,,,,,,,,,,,,,,
,,,,,,ATGI-FA,,,,,ATGI-FA,ATGI-FA T-Glide Advanced Fence Industrial,,,,Saw Stop LLC (SAWST),Saw Stop LLC,,,ATGI-FA,,,"Saw Stop LLC, Product, ATGI-FA",PRODUCT,ATGI-FA Product,Product,,,,,,,,,,,,,,,,,,,,,,,,,,,,Product,,,,,,,,,,,,,,,,,,,,,,,,,,,,,,,,,,,,,,,,,,,,,,,,,,,,,,,,,,,,,,,,,,,,,,,,,,,,,,,,,,,,,,,,,,,,,,,,,,,,,,,,,,,,,,,,,,,,,,,,,,,,,,,,,,,,,,,,,,,,,,,,,,,,,,,,,,,,,,,,,,,,,,,,,,,,,,,,,,,,,,,,,,,,,,,,,,,,,
,,,,,,ATGP-FA,,,,,ATGP-FA,ATGP-FA T-Glide Advance Fence Professional,,,,Saw Stop LLC (SAWST),Saw Stop LLC,,,ATGP-FA,,,"Saw Stop LLC, Product, ATGP-FA",PRODUCT,ATGP-FA Product,Product,,,,,,,,,,,,,,,,,,,,,,,,,,,,Product,,,,,,,,,,,,,,,,,,,,,,,,,,,,,,,,,,,,,,,,,,,,,,,,,,,,,,,,,,,,,,,,,,,,,,,,,,,,,,,,,,,,,,,,,,,,,,,,,,,,,,,,,,,,,,,,,,,,,,,,,,,,,,,,,,,,,,,,,,,,,,,,,,,,,,,,,,,,,,,,,,,,,,,,,,,,,,,,,,,,,,,,,,,,,,,,,,,,,
,,,,,,TGI2-FA,,,,,TGI2-FA,TGI2-FA T-Glide Fence Indudtrial,,,,Saw Stop LLC (SAWST),Saw Stop LLC,,,TGI2-FA,,,"Saw Stop LLC, Product, TGI2-FA",PRODUCT,TGI2-FA Product,Product,,,,,,,,,,,,,,,,,,,,,,,,,,,,Product,,,,,,,,,,,,,,,,,,,,,,,,,,,,,,,,,,,,,,,,,,,,,,,,,,,,,,,,,,,,,,,,,,,,,,,,,,,,,,,,,,,,,,,,,,,,,,,,,,,,,,,,,,,,,,,,,,,,,,,,,,,,,,,,,,,,,,,,,,,,,,,,,,,,,,,,,,,,,,,,,,,,,,,,,,,,,,,,,,,,,,,,,,,,,,,,,,,,,
,,,,,,TGI2-T36A,,,,,TGI2-T36A,"TGI2-T36A 36"" Table Assembly Industrial",,,,Saw Stop LLC (SAWST),Saw Stop LLC,,,TGI2-T36A,,,"Saw Stop LLC, Product, TGI2-T36A, Unmapped Dimension 1 36 in",PRODUCT,TGI2-T36A Product With 36 in,"Product, 36 in",,,Unmapped Dimension 1: 36 in,,,,,,,,,,,,,,,,,,,,,,,,,Product,Unmapped Dimension 1,36,in,,,,,,,,,,,,,,,,,,,,,,,,,,,,,,,,,,,,,,,,,,,,,,,,,,,,,,,,,,,,,,,,,,,,,,,,,,,,,,,,,,,,,,,,,,,,,,,,,,,,,,,,,,,,,,,,,,,,,,,,,,,,,,,,,,,,,,,,,,,,,,,,,,,,,,,,,,,,,,,,,,,,,,,,,,,,,,,,,,,,,,,,,,,,,,,,,,
,,,,,,KPTBPS100A,Tools & Equipment,Power Tools,Cordless Power Tools,,KPTBPS100A,"KPTBPS100A Kreg 20V Ionic 6-1/2"" Plunge-Cut Track Saw Kit",,,,Kreg Tool Company (KRETO),Kreg Tool Company,Kreg®,Kreg®,KPTBPS100A,,Tools & Equipment>Power Tools>Cordless Power Tools,"Kreg Tool Company, Kreg®, Cordless Power Tools, KPTBPS100A",CORDLESS POWER TOOLS,"Kreg® KPTBPS100A Cordless Power Tools With 6-1/2 in, 20 V, Kit","Kreg® Cordless Power Tools, 6-1/2 in, 20 V, Kit",,,Cutting Swath: 6-1/2 in,Voltage Rating: 20 V,Tool Form: Kit,,,,,,,,,,,,,,,,,,,,,,,Cordless Power Tools,Cutting Swath,6-1/2,in,Voltage Rating,20,V,Tool Form,Kit,,,,,,,,,,,,,,,,,,,,,,,,,,,,,,,,,,,,,,,,,,,,,,,,,,,,,,,,,,,,,,,,,,,,,,,,,,,,,,,,,,,,,,,,,,,,,,,,,,,,,,,,,,,,,,,,,,,,,,,,,,,,,,,,,,,,,,,,,,,,,,,,,,,,,,,,,,,,,,,,,,,,,,,,,,,,,,,,,,,,,,,,,,,,,
,,,,,,DCB606C,,,,,DCB606C,DCB606C Dewalt Flexvolt Starter Kit,,,,Black & Decker/dewlt (2585),"Stanley Black & Decker, Inc.",DEWALT®,DEWALT®,DCB606C,,,"Stanley Black & Decker, Inc., DEWALT®, Product, DCB606C, Tool Form Kit",PRODUCT,DEWALT® DCB606C Product With Kit,"DEWALT® Product, Kit",,,Tool Form: Kit,,,,,,,,,,,,,,,,,,,,,,,,,Product,Tool Form,Kit,,,,,,,,,,,,,,,,,,,,,,,,,,,,,,,,,,,,,,,,,,,,,,,,,,,,,,,,,,,,,,,,,,,,,,,,,,,,,,,,,,,,,,,,,,,,,,,,,,,,,,,,,,,,,,,,,,,,,,,,,,,,,,,,,,,,,,,,,,,,,,,,,,,,,,,,,,,,,,,,,,,,,,,,,,,,,,,,,,,,,,,,,,,,,,,,,,,
,,,,,,BL1850BDC1,,,,,BL1850BDC1,BL1850BDC1 Makita Starter Kit,,,,Makita Usa Inc (5142),"Makita U.S.A., Inc.",Makita®,Makita®,BL1850BDC1,,,"Makita U.S.A., Inc., Makita®, Product, BL1850BDC1, Tool Form Kit",PRODUCT,Makita® BL1850BDC1 Product With Kit,"Makita® Product, Kit",,,Tool Form: Kit,,,,,,,,,,,,,,,,,,,,,,,,,Product,Tool Form,Kit,,,,,,,,,,,,,,,,,,,,,,,,,,,,,,,,,,,,,,,,,,,,,,,,,,,,,,,,,,,,,,,,,,,,,,,,,,,,,,,,,,,,,,,,,,,,,,,,,,,,,,,,,,,,,,,,,,,,,,,,,,,,,,,,,,,,,,,,,,,,,,,,,,,,,,,,,,,,,,,,,,,,,,,,,,,,,,,,,,,,,,,,,,,,,,,,,,,
,,,,,,DCB205C,,,,,DCB205C,DCB205C 20V Starter Kit,,,DEWALT,Black & Decker/dewlt (2585),"Stanley Black & Decker, Inc.",DEWALT®,DEWALT®,DCB205C,,,"Stanley Black & Decker, Inc., DEWALT®, Product, DCB205C, Voltage Rating 20 V",PRODUCT,"DEWALT® DCB205C Product With 20 V, Kit","DEWALT® Product, 20 V, Kit",,,Voltage Rating: 20 V,Tool Form: Kit,,,,,,,,,,,,,,,,,,,,,,,,Product,Voltage Rating,20,V,Tool Form,Kit,,,,,,,,,,,,,,,,,,,,,,,,,,,,,,,,,,,,,,,,,,,,,,,,,,,,,,,,,,,,,,,,,,,,,,,,,,,,,,,,,,,,,,,,,,,,,,,,,,,,,,,,,,,,,,,,,,,,,,,,,,,,,,,,,,,,,,,,,,,,,,,,,,,,,,,,,,,,,,,,,,,,,,,,,,,,,,,,,,,,,,,,,,,,,,,,
,https://www.dewalt.com/product/dcb2108/20v-max-xr-8-ah-battery,,,,,DCB2108,Tools & Equipment,Power Tools,Batteries & Chargers,,DCB2108,DCB2108 Dewalt 20V 8Ah Battery - Max XR Powerpack,,,DEWALT,Black & Decker/dewlt (2585),"Stanley Black & Decker, Inc.",DEWALT®,DEWALT®,DCB2108,,Tools & Equipment>Power Tools>Batteries & Chargers,"Stanley Black & Decker, Inc., DEWALT®, Batteries & Chargers, DCB2108",BATTERIES & CHARGERS,"DEWALT® DCB2108 Batteries & Chargers With 20 V, 8.0 Ah, Lithium-Ion","DEWALT® Batteries & Chargers, 20 V, 8.0 Ah, Lithium-Ion, Lithium-Ion",,,Voltage Rating: 20 V,Battery Capacity: 8.0 Ah,Material: Lithium-Ion,,,,,,,,,,,,,,,,,,,,,,,Batteries & Chargers,Voltage Rating,20,V,Battery Capacity,8.0,Ah,Material,Lithium-Ion,,,,,,,,,,,,,,,,,,,,,,,,,,,,,,,,,,,,,,,,,,,,,,,,,,,,,,,,,,,,,,,,,,,,,,,,,,,,,,,,,,,,,,,,,,,,,,,,,,,,,,,,,,,,,,,,,,,,,,,,,,,,,,,,,,,,,,,,,,,,,,,,,,,,,,,,,,,,,,,,,,,,,,,,,,,,,,,,,,,,,,,,,,,,,
,,,,,,DCB2108-2,Tools & Equipment,Power Tools,Batteries & Chargers,,DCB2108-2,DCB2108-2 Dewalt 20V 8Ah 2pk - Battery Max XR Powerpack,,,,Black & Decker/dewlt (2585),"Stanley Black & Decker, Inc.",DEWALT®,DEWALT®,DCB2108-2,,Tools & Equipment>Power Tools>Batteries & Chargers,"Stanley Black & Decker, Inc., DEWALT®, Batteries & Chargers, DCB2108-2",BATTERIES & CHARGERS,"DEWALT® DCB2108-2 Batteries & Chargers With 20 V, 8 ah","DEWALT® Batteries & Chargers, 20 V, 8 ah",,,Voltage Rating: 20 V,Battery Capacity: 8 ah,,,,,,,,,,,,,,,,,,,,,,,,Batteries & Chargers,Voltage Rating,20,V,Battery Capacity,8,ah,,,,,,,,,,,,,,,,,,,,,,,,,,,,,,,,,,,,,,,,,,,,,,,,,,,,,,,,,,,,,,,,,,,,,,,,,,,,,,,,,,,,,,,,,,,,,,,,,,,,,,,,,,,,,,,,,,,,,,,,,,,,,,,,,,,,,,,,,,,,,,,,,,,,,,,,,,,,,,,,,,,,,,,,,,,,,,,,,,,,,,,,,,,,,,,
,,,,,,VB0212,Tools & Equipment,Power Tools,Batteries & Chargers,,VB0212,VB0212 Senco 18V 2.0 AH Lithium Battery,,,,Senco Products Inc (4650),Senco Products Inc,,,VB0212,,Tools & Equipment>Power Tools>Batteries & Chargers,"Senco Products Inc, Batteries & Chargers, VB0212, Voltage Rating 18 V",BATTERIES & CHARGERS,"VB0212 Batteries & Chargers With 18 V, 2.0 ah","Batteries & Chargers, 18 V, 2.0 ah",,,Voltage Rating: 18 V,Battery Capacity: 2.0 ah,,,,,,,,,,,,,,,,,,,,,,,,Batteries & Chargers,Voltage Rating,18,V,Battery Capacity,2.0,ah,,,,,,,,,,,,,,,,,,,,,,,,,,,,,,,,,,,,,,,,,,,,,,,,,,,,,,,,,,,,,,,,,,,,,,,,,,,,,,,,,,,,,,,,,,,,,,,,,,,,,,,,,,,,,,,,,,,,,,,,,,,,,,,,,,,,,,,,,,,,,,,,,,,,,,,,,,,,,,,,,,,,,,,,,,,,,,,,,,,,,,,,,,,,,,,
,,,,,,BCB2A20A,Tools & Equipment,Power Tools,Batteries & Chargers,,BCB2A20A,BCB2A20A Kreg 20V Battery/Charger Starter Kit,,,,Kreg Tool Company (KRETO),Kreg Tool Company,Kreg®,Kreg®,BCB2A20A,,Tools & Equipment>Power Tools>Batteries & Chargers,"Kreg Tool Company, Kreg®, Batteries & Chargers, BCB2A20A, Voltage Rating 20 V",BATTERIES & CHARGERS,"Kreg® BCB2A20A Batteries & Chargers With 20 V, Kit","Kreg® Batteries & Chargers, 20 V, Kit",,,Voltage Rating: 20 V,Tool Form: Kit,,,,,,,,,,,,,,,,,,,,,,,,Batteries & Chargers,Voltage Rating,20,V,Tool Form,Kit,,,,,,,,,,,,,,,,,,,,,,,,,,,,,,,,,,,,,,,,,,,,,,,,,,,,,,,,,,,,,,,,,,,,,,,,,,,,,,,,,,,,,,,,,,,,,,,,,,,,,,,,,,,,,,,,,,,,,,,,,,,,,,,,,,,,,,,,,,,,,,,,,,,,,,,,,,,,,,,,,,,,,,,,,,,,,,,,,,,,,,,,,,,,,,,,
,,,,,,BATT4A,Tools & Equipment,Power Tools,Batteries & Chargers,,BATT4A,BATT4A Kreg 20V 4ah Battery Pack,,,,Kreg Tool Company (KRETO),Kreg Tool Company,Kreg®,Kreg®,BATT4A,,Tools & Equipment>Power Tools>Batteries & Chargers,"Kreg Tool Company, Kreg®, Batteries & Chargers, BATT4A, Voltage Rating 20 V",BATTERIES & CHARGERS,"Kreg® BATT4A Batteries & Chargers With 20 V, 4 ah","Kreg® Batteries & Chargers, 20 V, 4 ah",,,Voltage Rating: 20 V,Battery Capacity: 4 ah,,,,,,,,,,,,,,,,,,,,,,,,Batteries & Chargers,Voltage Rating,20,V,Battery Capacity,4,ah,,,,,,,,,,,,,,,,,,,,,,,,,,,,,,,,,,,,,,,,,,,,,,,,,,,,,,,,,,,,,,,,,,,,,,,,,,,,,,,,,,,,,,,,,,,,,,,,,,,,,,,,,,,,,,,,,,,,,,,,,,,,,,,,,,,,,,,,,,,,,,,,,,,,,,,,,,,,,,,,,,,,,,,,,,,,,,,,,,,,,,,,,,,,,,,
,,,,,,BATT2A,Tools & Equipment,Power Tools,Batteries & Chargers,,BATT2A,BATT2A Kreg 20V 2ah Battery Pack,,,,Kreg Tool Company (KRETO),Kreg Tool Company,Kreg®,Kreg®,BATT2A,,Tools & Equipment>Power Tools>Batteries & Chargers,"Kreg Tool Company, Kreg®, Batteries & Chargers, BATT2A, Voltage Rating 20 V",BATTERIES & CHARGERS,"Kreg® BATT2A Batteries & Chargers With 20 V, 2 ah","Kreg® Batteries & Chargers, 20 V, 2 ah",,,Voltage Rating: 20 V,Battery Capacity: 2 ah,,,,,,,,,,,,,,,,,,,,,,,,Batteries & Chargers,Voltage Rating,20,V,Battery Capacity,2,ah,,,,,,,,,,,,,,,,,,,,,,,,,,,,,,,,,,,,,,,,,,,,,,,,,,,,,,,,,,,,,,,,,,,,,,,,,,,,,,,,,,,,,,,,,,,,,,,,,,,,,,,,,,,,,,,,,,,,,,,,,,,,,,,,,,,,,,,,,,,,,,,,,,,,,,,,,,,,,,,,,,,,,,,,,,,,,,,,,,,,,,,,,,,,,,,
,,,,,,BL1850BDC2X1,,,,,BL1850BDC2X1,BL1850BDC2X1 Makita Starter Kit,,,,Makita Usa Inc (5142),"Makita U.S.A., Inc.",Makita®,Makita®,BL1850BDC2X1,,,"Makita U.S.A., Inc., Makita®, Product, BL1850BDC2X1, Tool Form Kit",PRODUCT,Makita® BL1850BDC2X1 Product With Kit,"Makita® Product, Kit",,,Tool Form: Kit,,,,,,,,,,,,,,,,,,,,,,,,,Product,Tool Form,Kit,,,,,,,,,,,,,,,,,,,,,,,,,,,,,,,,,,,,,,,,,,,,,,,,,,,,,,,,,,,,,,,,,,,,,,,,,,,,,,,,,,,,,,,,,,,,,,,,,,,,,,,,,,,,,,,,,,,,,,,,,,,,,,,,,,,,,,,,,,,,,,,,,,,,,,,,,,,,,,,,,,,,,,,,,,,,,,,,,,,,,,,,,,,,,,,,,,,
,,,,,,48-11-2422,Tools & Equipment,Power Tools,Batteries & Chargers,,48-11-2422,48-11-2422 Milw M12 CP2.0 Battery Two Pack,,,,Milwaukee Accessory (4031),Milwaukee Tool,Milwaukee®,Milwaukee®,48-11-2422,,Tools & Equipment>Power Tools>Batteries & Chargers,"Milwaukee Tool, Milwaukee®, Batteries & Chargers, 48-11-2422",BATTERIES & CHARGERS,Milwaukee® 48-11-2422 Batteries & Chargers With 12 V,"Milwaukee® Batteries & Chargers, 12 V",,,Voltage Rating: 12 V,,,,,,,,,,,,,,,,,,,,,,,,,Batteries & Chargers,Voltage Rating,12,V,,,,,,,,,,,,,,,,,,,,,,,,,,,,,,,,,,,,,,,,,,,,,,,,,,,,,,,,,,,,,,,,,,,,,,,,,,,,,,,,,,,,,,,,,,,,,,,,,,,,,,,,,,,,,,,,,,,,,,,,,,,,,,,,,,,,,,,,,,,,,,,,,,,,,,,,,,,,,,,,,,,,,,,,,,,,,,,,,,,,,,,,,,,,,,,,,,
,,,,,,DCB1104,Tools & Equipment,Power Tools,Batteries & Chargers,,DCB1104,DCB1104 Dewalt 12V/20V Charger - 4 Amp,,,,Black & Decker/dewlt (2585),"Stanley Black & Decker, Inc.",DEWALT®,DEWALT®,DCB1104,,Tools & Equipment>Power Tools>Batteries & Chargers,"Stanley Black & Decker, Inc., DEWALT®, Batteries & Chargers, DCB1104",BATTERIES & CHARGERS,DEWALT® DCB1104 Batteries & Chargers With 12 V,"DEWALT® Batteries & Chargers, 12 V",,,Voltage Rating: 12 V,,,,,,,,,,,,,,,,,,,,,,,,,Batteries & Chargers,Voltage Rating,12,V,,,,,,,,,,,,,,,,,,,,,,,,,,,,,,,,,,,,,,,,,,,,,,,,,,,,,,,,,,,,,,,,,,,,,,,,,,,,,,,,,,,,,,,,,,,,,,,,,,,,,,,,,,,,,,,,,,,,,,,,,,,,,,,,,,,,,,,,,,,,,,,,,,,,,,,,,,,,,,,,,,,,,,,,,,,,,,,,,,,,,,,,,,,,,,,,,,
,,,,,,48-59-1804,Tools & Equipment,Power Tools,Batteries & Chargers,,48-59-1804,48-59-1804 Milw M18 and M12 Rapid Charger,,,,Milwaukee Accessory (4031),Milwaukee Tool,Milwaukee®,Milwaukee®,48-59-1804,,Tools & Equipment>Power Tools>Batteries & Chargers,"Milwaukee Tool, Milwaukee®, Batteries & Chargers, 48-59-1804",BATTERIES & CHARGERS,Milwaukee® 48-59-1804 Batteries & Chargers With 18 V,"Milwaukee® Batteries & Chargers, 18 V",,,Voltage Rating: 18 V,,,,,,,,,,,,,,,,,,,,,,,,,Batteries & Chargers,Voltage Rating,18,V,,,,,,,,,,,,,,,,,,,,,,,,,,,,,,,,,,,,,,,,,,,,,,,,,,,,,,,,,,,,,,,,,,,,,,,,,,,,,,,,,,,,,,,,,,,,,,,,,,,,,,,,,,,,,,,,,,,,,,,,,,,,,,,,,,,,,,,,,,,,,,,,,,,,,,,,,,,,,,,,,,,,,,,,,,,,,,,,,,,,,,,,,,,,,,,,,,
,,,,,,CRGR401A,Tools & Equipment,Power Tools,Batteries & Chargers,,CRGR401A,CRGR401A Kreg 20V Fast Charger,,,,Kreg Tool Company (KRETO),Kreg Tool Company,Kreg®,Kreg®,CRGR401A,,Tools & Equipment>Power Tools>Batteries & Chargers,"Kreg Tool Company, Kreg®, Batteries & Chargers, CRGR401A, Voltage Rating 20 V",BATTERIES & CHARGERS,Kreg® CRGR401A Batteries & Chargers With 20 V,"Kreg® Batteries & Chargers, 20 V",,,Voltage Rating: 20 V,,,,,,,,,,,,,,,,,,,,,,,,,Batteries & Chargers,Voltage Rating,20,V,,,,,,,,,,,,,,,,,,,,,,,,,,,,,,,,,,,,,,,,,,,,,,,,,,,,,,,,,,,,,,,,,,,,,,,,,,,,,,,,,,,,,,,,,,,,,,,,,,,,,,,,,,,,,,,,,,,,,,,,,,,,,,,,,,,,,,,,,,,,,,,,,,,,,,,,,,,,,,,,,,,,,,,,,,,,,,,,,,,,,,,,,,,,,,,,,,
,,,,,,48-59-1211,Tools & Equipment,Power Tools,Batteries & Chargers,,48-59-1211,48-59-1211 Milw Power Supply - Charger,,,Milwaukee,Milwaukee Accessory (4031),Milwaukee Tool,Milwaukee®,Milwaukee®,48-59-1211,,Tools & Equipment>Power Tools>Batteries & Chargers,"Milwaukee Tool, Milwaukee®, Batteries & Chargers, 48-59-1211",BATTERIES & CHARGERS,Milwaukee® 48-59-1211 Batteries & Chargers,Milwaukee® Batteries & Chargers,,,,,,,,,,,,,,,,,,,,,,,,,,,,Batteries & Chargers,,,,,,,,,,,,,,,,,,,,,,,,,,,,,,,,,,,,,,,,,,,,,,,,,,,,,,,,,,,,,,,,,,,,,,,,,,,,,,,,,,,,,,,,,,,,,,,,,,,,,,,,,,,,,,,,,,,,,,,,,,,,,,,,,,,,,,,,,,,,,,,,,,,,,,,,,,,,,,,,,,,,,,,,,,,,,,,,,,,,,,,,,,,,,,,,,,,,,
,,,,,,2847-20,Tools & Equipment,Power Tools,Batteries & Chargers,,2847-20,2847-20 Milw M18 Charger and Power Supply,,,,Milwaukee Accessory (4031),Milwaukee Tool,Milwaukee®,Milwaukee®,2847-20,,Tools & Equipment>Power Tools>Batteries & Chargers,"Milwaukee Tool, Milwaukee®, Batteries & Chargers, 2847-20, Voltage Rating 18 V",BATTERIES & CHARGERS,Milwaukee® 2847-20 Batteries & Chargers With 18 V,"Milwaukee® Batteries & Chargers, 18 V",,,Voltage Rating: 18 V,,,,,,,,,,,,,,,,,,,,,,,,,Batteries & Chargers,Voltage Rating,18,V,,,,,,,,,,,,,,,,,,,,,,,,,,,,,,,,,,,,,,,,,,,,,,,,,,,,,,,,,,,,,,,,,,,,,,,,,,,,,,,,,,,,,,,,,,,,,,,,,,,,,,,,,,,,,,,,,,,,,,,,,,,,,,,,,,,,,,,,,,,,,,,,,,,,,,,,,,,,,,,,,,,,,,,,,,,,,,,,,,,,,,,,,,,,,,,,,,
,,,,,,DWV9401,,,,,DWV9401,DWV9401 Dewalt Paper Bag - 5pk,,,,Black & Decker/dewlt (2585),"Stanley Black & Decker, Inc.",DEWALT®,DEWALT®,DWV9401,,,"Stanley Black & Decker, Inc., DEWALT®, Product, DWV9401",PRODUCT,DEWALT® DWV9401 Product,DEWALT® Product,,,,,,,,,,,,,,,,,,,,,,,,,,,,Product,,,,,,,,,,,,,,,,,,,,,,,,,,,,,,,,,,,,,,,,,,,,,,,,,,,,,,,,,,,,,,,,,,,,,,,,,,,,,,,,,,,,,,,,,,,,,,,,,,,,,,,,,,,,,,,,,,,,,,,,,,,,,,,,,,,,,,,,,,,,,,,,,,,,,,,,,,,,,,,,,,,,,,,,,,,,,,,,,,,,,,,,,,,,,,,,,,,,,
,,,,,,578512,,,,,578512,578512 Festool Dust Extractor-CT MIDI I HEPA,,,,Festool USA (FESTO),Festool Usa,Festool®,Festool®,578512,,,"Festool Usa, Festool®, Product, 578512",PRODUCT,Festool® 578512 Product,Festool® Product,,,,,,,,,,,,,,,,,,,,,,,,,,,,Product,,,,,,,,,,,,,,,,,,,,,,,,,,,,,,,,,,,,,,,,,,,,,,,,,,,,,,,,,,,,,,,,,,,,,,,,,,,,,,,,,,,,,,,,,,,,,,,,,,,,,,,,,,,,,,,,,,,,,,,,,,,,,,,,,,,,,,,,,,,,,,,,,,,,,,,,,,,,,,,,,,,,,,,,,,,,,,,,,,,,,,,,,,,,,,,,,,,,,
,,,,,,577871,,,,,577871,577871 Festool Dust Extractor - CT 26,,,,Festool USA (FESTO),Festool Usa,Festool®,Festool®,577871,,,"Festool Usa, Festool®, Product, 577871",PRODUCT,Festool® 577871 Product,Festool® Product,,,,,,,,,,,,,,,,,,,,,,,,,,,,Product,,,,,,,,,,,,,,,,,,,,,,,,,,,,,,,,,,,,,,,,,,,,,,,,,,,,,,,,,,,,,,,,,,,,,,,,,,,,,,,,,,,,,,,,,,,,,,,,,,,,,,,,,,,,,,,,,,,,,,,,,,,,,,,,,,,,,,,,,,,,,,,,,,,,,,,,,,,,,,,,,,,,,,,,,,,,,,,,,,,,,,,,,,,,,,,,,,,,,
,,,,,,577874,,,,,577874,577874 Festool Dust Extractor - CT 36,,,,Festool USA (FESTO),Festool Usa,Festool®,Festool®,577874,,,"Festool Usa, Festool®, Product, 577874",PRODUCT,Festool® 577874 Product,Festool® Product,,,,,,,,,,,,,,,,,,,,,,,,,,,,Product,,,,,,,,,,,,,,,,,,,,,,,,,,,,,,,,,,,,,,,,,,,,,,,,,,,,,,,,,,,,,,,,,,,,,,,,,,,,,,,,,,,,,,,,,,,,,,,,,,,,,,,,,,,,,,,,,,,,,,,,,,,,,,,,,,,,,,,,,,,,,,,,,,,,,,,,,,,,,,,,,,,,,,,,,,,,,,,,,,,,,,,,,,,,,,,,,,,,,
,,,,,,577876,,,,,577876,577876 Festool Dust Extractor - CT 48,,,,Festool USA (FESTO),Festool Usa,Festool®,Festool®,577876,,,"Festool Usa, Festool®, Product, 577876",PRODUCT,Festool® 577876 Product,Festool® Product,,,,,,,,,,,,,,,,,,,,,,,,,,,,Product,,,,,,,,,,,,,,,,,,,,,,,,,,,,,,,,,,,,,,,,,,,,,,,,,,,,,,,,,,,,,,,,,,,,,,,,,,,,,,,,,,,,,,,,,,,,,,,,,,,,,,,,,,,,,,,,,,,,,,,,,,,,,,,,,,,,,,,,,,,,,,,,,,,,,,,,,,,,,,,,,,,,,,,,,,,,,,,,,,,,,,,,,,,,,,,,,,,,,
,,,,,,578441,,,,,578441,578441 Festool Dust Extractor-CT 15 HEPA,,,,Festool USA (FESTO),Festool Usa,Festool®,Festool®,578441,,,"Festool Usa, Festool®, Product, 578441",PRODUCT,Festool® 578441 Product,Festool® Product,,,,,,,,,,,,,,,,,,,,,,,,,,,,Product,,,,,,,,,,,,,,,,,,,,,,,,,,,,,,,,,,,,,,,,,,,,,,,,,,,,,,,,,,,,,,,,,,,,,,,,,,,,,,,,,,,,,,,,,,,,,,,,,,,,,,,,,,,,,,,,,,,,,,,,,,,,,,,,,,,,,,,,,,,,,,,,,,,,,,,,,,,,,,,,,,,,,,,,,,,,,,,,,,,,,,,,,,,,,,,,,,,,,
,,,,,,DCK225D2,Tools & Equipment,Power Tools,Cordless Power Tools,,DCK225D2,DCK225D2 Dewalt Impact/Drill - Kit,,,DEWALT,Black & Decker/dewlt (2585),"Stanley Black & Decker, Inc.",DEWALT®,DEWALT®,DCK225D2,,Tools & Equipment>Power Tools>Cordless Power Tools,"Stanley Black & Decker, Inc., DEWALT®, Cordless Power Tools, DCK225D2",CORDLESS POWER TOOLS,DEWALT® DCK225D2 Cordless Power Tools With Kit,"DEWALT® Cordless Power Tools, Kit",,,Tool Form: Kit,,,,,,,,,,,,,,,,,,,,,,,,,Cordless Power Tools,Tool Form,Kit,,,,,,,,,,,,,,,,,,,,,,,,,,,,,,,,,,,,,,,,,,,,,,,,,,,,,,,,,,,,,,,,,,,,,,,,,,,,,,,,,,,,,,,,,,,,,,,,,,,,,,,,,,,,,,,,,,,,,,,,,,,,,,,,,,,,,,,,,,,,,,,,,,,,,,,,,,,,,,,,,,,,,,,,,,,,,,,,,,,,,,,,,,,,,,,,,,,
,,,,,,DCK2101QQ2,,,,,DCK2101QQ2,Dewalt DCK2101QQ2 20V 2Pc Kit,,,,Black & Decker/dewlt (2585),"Stanley Black & Decker, Inc.",DEWALT®,DEWALT®,DCK2101QQ2,,,"Stanley Black & Decker, Inc., DEWALT®, Product, DCK2101QQ2, Pack Quantity 2 pc",PRODUCT,"DEWALT® DCK2101QQ2 Product With 2 pc, 20 V, Kit","DEWALT® Product, 2 pc, 20 V, Kit",,,Pack Quantity: 2 pc,Voltage Rating: 20 V,Tool Form: Kit,,,,,,,,,,,,,,,,,,,,,,,Product,Pack Quantity,2,pc,Voltage Rating,20,V,Tool Form,Kit,,,,,,,,,,,,,,,,,,,,,,,,,,,,,,,,,,,,,,,,,,,,,,,,,,,,,,,,,,,,,,,,,,,,,,,,,,,,,,,,,,,,,,,,,,,,,,,,,,,,,,,,,,,,,,,,,,,,,,,,,,,,,,,,,,,,,,,,,,,,,,,,,,,,,,,,,,,,,,,,,,,,,,,,,,,,,,,,,,,,,,,,,,,,,
,,,,,,4000-2/32,,,,,4000-2/32,4000-2/32 DREMEL ROTARY TOOL,,,Dremel,Robt Bosch Tool Corp (6564),Robert Bosch Tool Corp,Bosch®,Bosch®,4000-2/32,,,"Robert Bosch Tool Corp, Bosch®, Product, 4000-2/32",PRODUCT,Bosch® 4000-2/32 Product,Bosch® Product,,,,,,,,,,,,,,,,,,,,,,,,,,,,Product,,,,,,,,,,,,,,,,,,,,,,,,,,,,,,,,,,,,,,,,,,,,,,,,,,,,,,,,,,,,,,,,,,,,,,,,,,,,,,,,,,,,,,,,,,,,,,,,,,,,,,,,,,,,,,,,,,,,,,,,,,,,,,,,,,,,,,,,,,,,,,,,,,,,,,,,,,,,,,,,,,,,,,,,,,,,,,,,,,,,,,,,,,,,,,,,,,,,,
,,,,,,3100-1/15,,,,,3100-1/15,3100-1/15 Dremel Rotary Tool - Kit 15pc,,,Dremel,Robt Bosch Tool Corp (6564),Robert Bosch Tool Corp,Bosch®,Bosch®,3100-1/15,,,"Robert Bosch Tool Corp, Bosch®, Product, 3100-1/15, Pack Quantity 15 pc",PRODUCT,"Bosch® 3100-1/15 Product With 15 pc, Kit","Bosch® Product, 15 pc, Kit",,,Pack Quantity: 15 pc,Tool Form: Kit,,,,,,,,,,,,,,,,,,,,,,,,Product,Pack Quantity,15,pc,Tool Form,Kit,,,,,,,,,,,,,,,,,,,,,,,,,,,,,,,,,,,,,,,,,,,,,,,,,,,,,,,,,,,,,,,,,,,,,,,,,,,,,,,,,,,,,,,,,,,,,,,,,,,,,,,,,,,,,,,,,,,,,,,,,,,,,,,,,,,,,,,,,,,,,,,,,,,,,,,,,,,,,,,,,,,,,,,,,,,,,,,,,,,,,,,,,,,,,,,,
,,,,,,T-90043,,,,,T-90043,T-90043 Deep Medium Organizer,,,,Makita Usa Inc (5142),"Makita U.S.A., Inc.",Makita®,Makita®,T-90043,,,"Makita U.S.A., Inc., Makita®, Product, T-90043",PRODUCT,Makita® T-90043 Product,Makita® Product,,,,,,,,,,,,,,,,,,,,,,,,,,,,Product,,,,,,,,,,,,,,,,,,,,,,,,,,,,,,,,,,,,,,,,,,,,,,,,,,,,,,,,,,,,,,,,,,,,,,,,,,,,,,,,,,,,,,,,,,,,,,,,,,,,,,,,,,,,,,,,,,,,,,,,,,,,,,,,,,,,,,,,,,,,,,,,,,,,,,,,,,,,,,,,,,,,,,,,,,,,,,,,,,,,,,,,,,,,,,,,,,,,,
,,,,,,T-90059,,,,,T-90059,T-90059 Low Profile Medium - Organizer,,,,Makita Usa Inc (5142),"Makita U.S.A., Inc.",Makita®,Makita®,T-90059,,,"Makita U.S.A., Inc., Makita®, File, T-90059",FILE,Makita® T-90059 File,Makita® File,,,,,,,,,,,,,,,,,,,,,,,,,,,,File,,,,,,,,,,,,,,,,,,,,,,,,,,,,,,,,,,,,,,,,,,,,,,,,,,,,,,,,,,,,,,,,,,,,,,,,,,,,,,,,,,,,,,,,,,,,,,,,,,,,,,,,,,,,,,,,,,,,,,,,,,,,,,,,,,,,,,,,,,,,,,,,,,,,,,,,,,,,,,,,,,,,,,,,,,,,,,,,,,,,,,,,,,,,,,,,,,,,,
,,,,,,T-90065,,,,,T-90065,T-90065 Deep Compact Organizer,,,,Makita Usa Inc (5142),"Makita U.S.A., Inc.",Makita®,Makita®,T-90065,,,"Makita U.S.A., Inc., Makita®, Product, T-90065",PRODUCT,Makita® T-90065 Product,Makita® Product,,,,,,,,,,,,,,,,,,,,,,,,,,,,Product,,,,,,,,,,,,,,,,,,,,,,,,,,,,,,,,,,,,,,,,,,,,,,,,,,,,,,,,,,,,,,,,,,,,,,,,,,,,,,,,,,,,,,,,,,,,,,,,,,,,,,,,,,,,,,,,,,,,,,,,,,,,,,,,,,,,,,,,,,,,,,,,,,,,,,,,,,,,,,,,,,,,,,,,,,,,,,,,,,,,,,,,,,,,,,,,,,,,,
,,,,,,10047VS,,,,,10047VS,10047VS Oliver 3HP 230V 1PH Shaper 1-1/4 Spindle,,,,Oliver Machinery Company (OLIMA),Oliver Machinery Company,,,10047VS,,,"Oliver Machinery Company, Product, 10047VS, Voltage Rating 230 V",PRODUCT,10047VS Product With 230 V,"Product, 230 V",,,Voltage Rating: 230 V,,,,,,,,,,,,,,,,,,,,,,,,,Product,Voltage Rating,230,V,,,,,,,,,,,,,,,,,,,,,,,,,,,,,,,,,,,,,,,,,,,,,,,,,,,,,,,,,,,,,,,,,,,,,,,,,,,,,,,,,,,,,,,,,,,,,,,,,,,,,,,,,,,,,,,,,,,,,,,,,,,,,,,,,,,,,,,,,,,,,,,,,,,,,,,,,,,,,,,,,,,,,,,,,,,,,,,,,,,,,,,,,,,,,,,,,,
,,,,,,MAG:2044-230-1,,,,,MAG:2044-230-1,2044-230-1 Stock Feeder 4-Roll - Steff,,,,J&G Machinery (JGMAC),J&G Machinery,,,MAG:2044-230-1,,,"J&G Machinery, Product, MAG:2044-230-1",PRODUCT,MAG:2044-230-1 Product,Product,,,,,,,,,,,,,,,,,,,,,,,,,,,,Product,,,,,,,,,,,,,,,,,,,,,,,,,,,,,,,,,,,,,,,,,,,,,,,,,,,,,,,,,,,,,,,,,,,,,,,,,,,,,,,,,,,,,,,,,,,,,,,,,,,,,,,,,,,,,,,,,,,,,,,,,,,,,,,,,,,,,,,,,,,,,,,,,,,,,,,,,,,,,,,,,,,,,,,,,,,,,,,,,,,,,,,,,,,,,,,,,,,,,
,,,,,,XTP242,,,,,XTP242,"42"" XTP XTENDER PRO Fence - XTP242",,,,Bow Products (BOWPR),Bow Products,,,XTP242,,,"Bow Products, Product, XTP242, Unmapped Dimension 1 42 in",PRODUCT,XTP242 Product With 42 in,"Product, 42 in",,,Unmapped Dimension 1: 42 in,,,,,,,,,,,,,,,,,,,,,,,,,Product,Unmapped Dimension 1,42,in,,,,,,,,,,,,,,,,,,,,,,,,,,,,,,,,,,,,,,,,,,,,,,,,,,,,,,,,,,,,,,,,,,,,,,,,,,,,,,,,,,,,,,,,,,,,,,,,,,,,,,,,,,,,,,,,,,,,,,,,,,,,,,,,,,,,,,,,,,,,,,,,,,,,,,,,,,,,,,,,,,,,,,,,,,,,,,,,,,,,,,,,,,,,,,,,,,
,,,,,,AAS-P,Tools & Equipment,Power Tool Accessories,Power Tool Accessories,,AAS-P,AAS-P Align-A-Saw Plate Only,,,,Woodpeckers Inc (WOODP),Woodpeckers Inc,,,AAS-P,,Tools & Equipment>Power Tool Accessories>Power Tool Accessories,"Woodpeckers Inc, Power Tool Accessories, AAS-P",POWER TOOL ACCESSORIES,AAS-P Power Tool Accessories,Power Tool Accessories,,,,,,,,,,,,,,,,,,,,,,,,,,,,Power Tool Accessories,,,,,,,,,,,,,,,,,,,,,,,,,,,,,,,,,,,,,,,,,,,,,,,,,,,,,,,,,,,,,,,,,,,,,,,,,,,,,,,,,,,,,,,,,,,,,,,,,,,,,,,,,,,,,,,,,,,,,,,,,,,,,,,,,,,,,,,,,,,,,,,,,,,,,,,,,,,,,,,,,,,,,,,,,,,,,,,,,,,,,,,,,,,,,,,,,,,,,
,,,,,,SSCMS,,,,,SSCMS,SSCMS Stealthstop Miter Sled,,,,Woodpeckers Inc (WOODP),Woodpeckers Inc,,,SSCMS,,,"Woodpeckers Inc, Product, SSCMS",PRODUCT,SSCMS Product,Product,,,,,,,,,,,,,,,,,,,,,,,,,,,,Product,,,,,,,,,,,,,,,,,,,,,,,,,,,,,,,,,,,,,,,,,,,,,,,,,,,,,,,,,,,,,,,,,,,,,,,,,,,,,,,,,,,,,,,,,,,,,,,,,,,,,,,,,,,,,,,,,,,,,,,,,,,,,,,,,,,,,,,,,,,,,,,,,,,,,,,,,,,,,,,,,,,,,,,,,,,,,,,,,,,,,,,,,,,,,,,,,,,,,
,,,,,,4225.201,,,,,4225.201,"4225.201 Oliver 6"" HH Jointer Paralleogram",,,,Oliver Machinery Company (OLIMA),Oliver Machinery Company,,,4225.201,,,"Oliver Machinery Company, Product, 4225.201, Unmapped Dimension 1 6 in",PRODUCT,4225.201 Product With 6 in,"Product, 6 in",,,Unmapped Dimension 1: 6 in,,,,,,,,,,,,,,,,,,,,,,,,,Product,Unmapped Dimension 1,6,in,,,,,,,,,,,,,,,,,,,,,,,,,,,,,,,,,,,,,,,,,,,,,,,,,,,,,,,,,,,,,,,,,,,,,,,,,,,,,,,,,,,,,,,,,,,,,,,,,,,,,,,,,,,,,,,,,,,,,,,,,,,,,,,,,,,,,,,,,,,,,,,,,,,,,,,,,,,,,,,,,,,,,,,,,,,,,,,,,,,,,,,,,,,,,,,,,,
,,,,,,KC-426C,,,,,KC-426C,"KC-426C 12"" Portable Planer",,,,King Canada Inc (KINCA),King Canada Inc,,,KC-426C,,,"King Canada Inc, Product, KC-426C, Unmapped Dimension 1 12 in",PRODUCT,KC-426C Product With 12 in,"Product, 12 in",,,Unmapped Dimension 1: 12 in,,,,,,,,,,,,,,,,,,,,,,,,,Product,Unmapped Dimension 1,12,in,,,,,,,,,,,,,,,,,,,,,,,,,,,,,,,,,,,,,,,,,,,,,,,,,,,,,,,,,,,,,,,,,,,,,,,,,,,,,,,,,,,,,,,,,,,,,,,,,,,,,,,,,,,,,,,,,,,,,,,,,,,,,,,,,,,,,,,,,,,,,,,,,,,,,,,,,,,,,,,,,,,,,,,,,,,,,,,,,,,,,,,,,,,,,,,,,,
,,,,,,10045.201,,,,,10045.201,"10045.201 Oliver 13"" Benchtop Planer 2HP,115V 1Ph",,,,Oliver Machinery Company (OLIMA),Oliver Machinery Company,,,10045.201,,,"Oliver Machinery Company, Product, 10045.201, Unmapped Dimension 1 13 in",PRODUCT,"10045.201 Product With 13 in, 115 V","Product, 13 in, 115 V",,,Unmapped Dimension 1: 13 in,Voltage Rating: 115 V,,,,,,,,,,,,,,,,,,,,,,,,Product,Unmapped Dimension 1,13,in,Voltage Rating,115,V,,,,,,,,,,,,,,,,,,,,,,,,,,,,,,,,,,,,,,,,,,,,,,,,,,,,,,,,,,,,,,,,,,,,,,,,,,,,,,,,,,,,,,,,,,,,,,,,,,,,,,,,,,,,,,,,,,,,,,,,,,,,,,,,,,,,,,,,,,,,,,,,,,,,,,,,,,,,,,,,,,,,,,,,,,,,,,,,,,,,,,,,,,,,,,,
,,,,,,10014.201,,,,,10014.201,"10014.201 Oliver 15"" Planer 3HP 1Ph 220V",,,,Oliver Machinery Company (OLIMA),Oliver Machinery Company,,,10014.201,,,"Oliver Machinery Company, Product, 10014.201, Unmapped Dimension 1 15 in",PRODUCT,"10014.201 Product With 15 in, 220 V","Product, 15 in, 220 V",,,Unmapped Dimension 1: 15 in,Voltage Rating: 220 V,,,,,,,,,,,,,,,,,,,,,,,,Product,Unmapped Dimension 1,15,in,Voltage Rating,220,V,,,,,,,,,,,,,,,,,,,,,,,,,,,,,,,,,,,,,,,,,,,,,,,,,,,,,,,,,,,,,,,,,,,,,,,,,,,,,,,,,,,,,,,,,,,,,,,,,,,,,,,,,,,,,,,,,,,,,,,,,,,,,,,,,,,,,,,,,,,,,,,,,,,,,,,,,,,,,,,,,,,,,,,,,,,,,,,,,,,,,,,,,,,,,,,
,,,,,,4430.201,,,,,4430.201,"4430.201 Oliver 20"" Planer 5HP 1Ph 230V",,,,Oliver Machinery Company (OLIMA),Oliver Machinery Company,,,4430.201,,,"Oliver Machinery Company, Product, 4430.201, Unmapped Dimension 1 20 in",PRODUCT,"4430.201 Product With 20 in, 230 V","Product, 20 in, 230 V",,,Unmapped Dimension 1: 20 in,Voltage Rating: 230 V,,,,,,,,,,,,,,,,,,,,,,,,Product,Unmapped Dimension 1,20,in,Voltage Rating,230,V,,,,,,,,,,,,,,,,,,,,,,,,,,,,,,,,,,,,,,,,,,,,,,,,,,,,,,,,,,,,,,,,,,,,,,,,,,,,,,,,,,,,,,,,,,,,,,,,,,,,,,,,,,,,,,,,,,,,,,,,,,,,,,,,,,,,,,,,,,,,,,,,,,,,,,,,,,,,,,,,,,,,,,,,,,,,,,,,,,,,,,,,,,,,,,,
,,,,,,10055.201,,,,,10055.201,"10055.201 Oliver 15"" Benchtop Planer 2.5HP 1Ph 230V",,,,Oliver Machinery Company (OLIMA),Oliver Machinery Company,,,10055.201,,,"Oliver Machinery Company, Product, 10055.201, Unmapped Dimension 1 15 in",PRODUCT,"10055.201 Product With 15 in, 230 V","Product, 15 in, 230 V",,,Unmapped Dimension 1: 15 in,Voltage Rating: 230 V,,,,,,,,,,,,,,,,,,,,,,,,Product,Unmapped Dimension 1,15,in,Voltage Rating,230,V,,,,,,,,,,,,,,,,,,,,,,,,,,,,,,,,,,,,,,,,,,,,,,,,,,,,,,,,,,,,,,,,,,,,,,,,,,,,,,,,,,,,,,,,,,,,,,,,,,,,,,,,,,,,,,,,,,,,,,,,,,,,,,,,,,,,,,,,,,,,,,,,,,,,,,,,,,,,,,,,,,,,,,,,,,,,,,,,,,,,,,,,,,,,,,,
,,,,,,T27417,Tools & Equipment,Power Tools,Benchtop & Stationary Power Tools,,T27417,T27417 Grizzly OscillatingEdge - Belt and Spindle Sander,,,,Woodstock Intl (3658),Woodstock Intl,,,T27417,,Tools & Equipment>Power Tools>Benchtop & Stationary Power Tools,"Woodstock Intl, Benchtop & Stationary Power Tools, T27417",BENCHTOP & STATIONARY POWER TOOLS,T27417 Benchtop & Stationary Power Tools,Benchtop & Stationary Power Tools,,,,,,,,,,,,,,,,,,,,,,,,,,,,Benchtop & Stationary Power Tools,,,,,,,,,,,,,,,,,,,,,,,,,,,,,,,,,,,,,,,,,,,,,,,,,,,,,,,,,,,,,,,,,,,,,,,,,,,,,,,,,,,,,,,,,,,,,,,,,,,,,,,,,,,,,,,,,,,,,,,,,,,,,,,,,,,,,,,,,,,,,,,,,,,,,,,,,,,,,,,,,,,,,,,,,,,,,,,,,,,,,,,,,,,,,,,,,,,,,
