Mfg_Part_Num,Fine,Taxonomy_Confidence,Manufacturer_Confidence,Brand_Confidence,Supplier_vs_Manufacturer_Flag,Num_Attributes_Candidate,Num_Attributes_Fused,Num_Conflicts,Overall_Confidence,Overall_Confidence_Band,Needs_Review,Review_Reasons,Validation_Issues,Live_Evidence_Sources
DCB518ASTS06G,Sanding Belts,HIGH,HIGH,HIGH,False,3,5,0,0.546,MEDIUM,Yes,"evidence: GENUINE CONFLICT, not simulated: the official diablotools.com marketing copy and the mccoys.com body text both say 'premium aluminum oxide blend', but the same mccoys.com listing TITLE and the Amazon listing both say 'Zirconium' abrasive. Two disagreeing values from sources of similar authority -- routed to CONFLICT status rather than picked arbitrarily.",,3
3MABR-7100075678,Sanding Discs,HIGH,MEDIUM,MEDIUM,True,3,5,0,0.478,LOW,Yes,"Part_Manuf ('Jam Industrial Supply LLC (JAMIN)') resolved as SUPPLIER/DISTRIBUTOR, not manufacturer -- true manufacturer inferred from brand token '3M®' in Part_Desc | extraction: no dimension pattern matched | extraction: item type not confidently identified | evidence: This MPN as written (with the '3MABR-' internal prefix) is Unilog's internal SKU, not 3M's own part number -- it did not appear verbatim in any external source. Evidence below is matched on the product identity (3M Cubitron II Stikit Film Disc 775L, P150 grit) rather than the exact internal MPN string, and is scored down accordingly.",,1
3MABR-7100045865,Sanding Discs,HIGH,MEDIUM,MEDIUM,True,3,5,0,0.478,LOW,Yes,"Part_Manuf ('Jam Industrial Supply LLC (JAMIN)') resolved as SUPPLIER/DISTRIBUTOR, not manufacturer -- true manufacturer inferred from brand token '3M®' in Part_Desc | extraction: no dimension pattern matched | extraction: item type not confidently identified | evidence: Same product family as 3MABR-7100075678 (775L Stikit Cubitron II), different grit (P120). Evidence reused from the same official 3M page; same internal-MPN caveat applies.",,1
3MABR-7100048736,Sanding Discs,HIGH,MEDIUM,MEDIUM,True,3,3,0,0.43,LOW,Yes,"Part_Manuf ('Jam Industrial Supply LLC (JAMIN)') resolved as SUPPLIER/DISTRIBUTOR, not manufacturer -- true manufacturer inferred from brand token '3M®' in Part_Desc | extraction: no dimension pattern matched | extraction: item type not confidently identified | evidence: Same product family, P80 grit. No separate search run (would be identical evidence to the two siblings above) -- in a full production run this would be deduplicated by product-family key, not re-fetched. Marked UNVERIFIED here to be honest that THIS specific row wasn't independently confirmed in this session. | no live manufacturer-source evidence gathered for this row in this run -- attributes remain UNVERIFIED (regex/candidate layer only)",,0
3MABR-7100075690,Sanding Discs,HIGH,MEDIUM,MEDIUM,True,3,3,0,0.43,LOW,Yes,"Part_Manuf ('Jam Industrial Supply LLC (JAMIN)') resolved as SUPPLIER/DISTRIBUTOR, not manufacturer -- true manufacturer inferred from brand token '3M®' in Part_Desc | extraction: no dimension pattern matched | extraction: item type not confidently identified | no live manufacturer-source evidence gathered for this row in this run -- attributes remain UNVERIFIED (regex/candidate layer only)",,0
3MABR-7100075692,Sanding Discs,HIGH,MEDIUM,MEDIUM,True,3,3,0,0.43,LOW,Yes,"Part_Manuf ('Jam Industrial Supply LLC (JAMIN)') resolved as SUPPLIER/DISTRIBUTOR, not manufacturer -- true manufacturer inferred from brand token '3M®' in Part_Desc | extraction: no dimension pattern matched | extraction: item type not confidently identified | no live manufacturer-source evidence gathered for this row in this run -- attributes remain UNVERIFIED (regex/candidate layer only)",,0
3MABR-7100145365,Sanding Discs,HIGH,MEDIUM,MEDIUM,True,3,3,0,0.43,LOW,Yes,"Part_Manuf ('Jam Industrial Supply LLC (JAMIN)') resolved as SUPPLIER/DISTRIBUTOR, not manufacturer -- true manufacturer inferred from brand token '3M®' in Part_Desc | extraction: no dimension pattern matched | extraction: item type not confidently identified | no live manufacturer-source evidence gathered for this row in this run -- attributes remain UNVERIFIED (regex/candidate layer only)",,0
5B-332-080,,UNRESOLVED,LOW,LOW,True,2,2,0,0.115,LOW,Yes,"'Mirka Abrasives Inc (MIRUS)' not found in entity master | taxonomy: no rule matched, classification UNRESOLVED | extraction: dimension chain length has no schema mapping for '' | extraction: item type not confidently identified | no live manufacturer-source evidence gathered for this row in this run -- attributes remain UNVERIFIED (regex/candidate layer only)",,0
5B-332-120,,UNRESOLVED,LOW,LOW,True,2,2,0,0.115,LOW,Yes,"'Mirka Abrasives Inc (MIRUS)' not found in entity master | taxonomy: no rule matched, classification UNRESOLVED | extraction: dimension chain length has no schema mapping for '' | extraction: item type not confidently identified | no live manufacturer-source evidence gathered for this row in this run -- attributes remain UNVERIFIED (regex/candidate layer only)",,0
9A-570-240,,UNRESOLVED,LOW,LOW,True,2,2,0,0.09,LOW,Yes,"'Mirka Abrasives Inc (MIRUS)' not found in entity master | taxonomy: no rule matched, classification UNRESOLVED | extraction: dimension chain length has no schema mapping for '' | extraction: dimension chain length has no schema mapping for '' | extraction: item type not confidently identified | no live manufacturer-source evidence gathered for this row in this run -- attributes remain UNVERIFIED (regex/candidate layer only)",,0
9A-570-320,,UNRESOLVED,LOW,LOW,True,2,2,0,0.09,LOW,Yes,"'Mirka Abrasives Inc (MIRUS)' not found in entity master | taxonomy: no rule matched, classification UNRESOLVED | extraction: dimension chain length has no schema mapping for '' | extraction: dimension chain length has no schema mapping for '' | extraction: item type not confidently identified | no live manufacturer-source evidence gathered for this row in this run -- attributes remain UNVERIFIED (regex/candidate layer only)",,0
DBD090094101F,Cut-Off Discs,HIGH,HIGH,HIGH,False,2,5,0,0.558,MEDIUM,Yes,"evidence: Raw description only had a single '9""' token. Live evidence supplies Thickness and Arbor Size that could never have come from the description alone -- genuine enrichment, not just confirmation.",,2
DBDS12125A01F,Cut-Off Discs,HIGH,HIGH,HIGH,False,3,3,0,0.51,MEDIUM,Yes,no live manufacturer-source evidence gathered for this row in this run -- attributes remain UNVERIFIED (regex/candidate layer only),,0
DBDS12125G01F,Cut-Off Discs,HIGH,HIGH,HIGH,False,4,8,0,0.531,MEDIUM,Yes,"extraction: dimension chain length has no schema mapping for 'Cut-Off Discs' | extraction: dimension chain length has no schema mapping for 'Cut-Off Discs' | evidence: This is the case that resolves the raw description's ambiguous 2-token '12""x20mm' chain (which our schema correctly refused to guess). Two independent secondary sources agree on the full 3-part spec.",,3
DBDS14125A01F,Cut-Off Discs,HIGH,HIGH,HIGH,False,4,4,0,0.485,LOW,Yes,extraction: dimension chain length has no schema mapping for 'Cut-Off Discs' | extraction: dimension chain length has no schema mapping for 'Cut-Off Discs' | no live manufacturer-source evidence gathered for this row in this run -- attributes remain UNVERIFIED (regex/candidate layer only),,0
DBDS14125G01F,Cut-Off Discs,HIGH,HIGH,HIGH,False,4,4,0,0.485,LOW,Yes,extraction: dimension chain length has no schema mapping for 'Cut-Off Discs' | extraction: dimension chain length has no schema mapping for 'Cut-Off Discs' | no live manufacturer-source evidence gathered for this row in this run -- attributes remain UNVERIFIED (regex/candidate layer only),,0
49-94-0013,Cut-Off Discs,HIGH,HIGH,HIGH,False,4,4,0,0.532,MEDIUM,Yes,"evidence: No official milwaukeetool.com product page for this exact MPN surfaced in search results (neighboring MPNs on that domain did). Treated as UNVERIFIED-by-official-source, VERIFIED-by-secondary, not blank.",,1
49-94-0029,Cut-Off Discs,HIGH,HIGH,HIGH,False,5,5,0,0.51,MEDIUM,Yes,no live manufacturer-source evidence gathered for this row in this run -- attributes remain UNVERIFIED (regex/candidate layer only),,0
49-94-0033,Cut-Off Discs,HIGH,HIGH,HIGH,False,4,4,0,0.51,MEDIUM,Yes,no live manufacturer-source evidence gathered for this row in this run -- attributes remain UNVERIFIED (regex/candidate layer only),,0
49-94-0001,Cut-Off Discs,HIGH,HIGH,HIGH,False,4,4,0,0.51,MEDIUM,Yes,no live manufacturer-source evidence gathered for this row in this run -- attributes remain UNVERIFIED (regex/candidate layer only),,0
49-94-0039,Cut-Off Discs,HIGH,HIGH,HIGH,False,5,5,0,0.51,MEDIUM,Yes,no live manufacturer-source evidence gathered for this row in this run -- attributes remain UNVERIFIED (regex/candidate layer only),,0
49-94-0043,Cut-Off Discs,HIGH,HIGH,HIGH,False,4,4,0,0.51,MEDIUM,Yes,no live manufacturer-source evidence gathered for this row in this run -- attributes remain UNVERIFIED (regex/candidate layer only),,0
49-94-0048,Cut-Off Discs,HIGH,HIGH,HIGH,False,5,5,0,0.51,MEDIUM,Yes,no live manufacturer-source evidence gathered for this row in this run -- attributes remain UNVERIFIED (regex/candidate layer only),,0
49-94-0053,Cut-Off Discs,HIGH,HIGH,HIGH,False,4,4,0,0.51,MEDIUM,Yes,no live manufacturer-source evidence gathered for this row in this run -- attributes remain UNVERIFIED (regex/candidate layer only),,0
49-94-0058,Cut-Off Discs,HIGH,HIGH,HIGH,False,4,4,0,0.532,MEDIUM,No,,,1
49-94-0063,Cut-Off Discs,HIGH,HIGH,HIGH,False,5,5,0,0.51,MEDIUM,Yes,no live manufacturer-source evidence gathered for this row in this run -- attributes remain UNVERIFIED (regex/candidate layer only),,0
49-94-0068,Cut-Off Discs,HIGH,HIGH,HIGH,False,4,4,0,0.51,MEDIUM,Yes,no live manufacturer-source evidence gathered for this row in this run -- attributes remain UNVERIFIED (regex/candidate layer only),,0
49-94-0073,Cut-Off Discs,HIGH,HIGH,HIGH,False,4,4,0,0.51,MEDIUM,Yes,no live manufacturer-source evidence gathered for this row in this run -- attributes remain UNVERIFIED (regex/candidate layer only),,0
49-94-0101,Cut-Off Discs,HIGH,HIGH,HIGH,False,6,6,0,0.51,MEDIUM,Yes,no live manufacturer-source evidence gathered for this row in this run -- attributes remain UNVERIFIED (regex/candidate layer only),,0
49-94-0107,Cut-Off Discs,HIGH,HIGH,HIGH,False,5,5,0,0.51,MEDIUM,Yes,no live manufacturer-source evidence gathered for this row in this run -- attributes remain UNVERIFIED (regex/candidate layer only),,0
49-94-0117,Cut-Off Discs,HIGH,HIGH,HIGH,False,5,5,0,0.51,MEDIUM,Yes,no live manufacturer-source evidence gathered for this row in this run -- attributes remain UNVERIFIED (regex/candidate layer only),,0
49-94-0123,Cut-Off Discs,HIGH,HIGH,HIGH,False,5,5,0,0.51,MEDIUM,Yes,no live manufacturer-source evidence gathered for this row in this run -- attributes remain UNVERIFIED (regex/candidate layer only),,0
49-94-0023,Cut-Off Discs,HIGH,HIGH,HIGH,False,4,4,0,0.51,MEDIUM,Yes,no live manufacturer-source evidence gathered for this row in this run -- attributes remain UNVERIFIED (regex/candidate layer only),,0
49-94-0121,Cut-Off Discs,HIGH,HIGH,HIGH,False,6,6,0,0.51,MEDIUM,Yes,no live manufacturer-source evidence gathered for this row in this run -- attributes remain UNVERIFIED (regex/candidate layer only),,0
49-94-0127,Cut-Off Discs,HIGH,HIGH,HIGH,False,5,5,0,0.51,MEDIUM,Yes,no live manufacturer-source evidence gathered for this row in this run -- attributes remain UNVERIFIED (regex/candidate layer only),,0
49-94-0137,Cut-Off Discs,HIGH,HIGH,HIGH,False,5,5,0,0.51,MEDIUM,Yes,no live manufacturer-source evidence gathered for this row in this run -- attributes remain UNVERIFIED (regex/candidate layer only),,0
49-94-0160,Cut-Off Discs,HIGH,HIGH,HIGH,False,5,5,0,0.51,MEDIUM,Yes,no live manufacturer-source evidence gathered for this row in this run -- attributes remain UNVERIFIED (regex/candidate layer only),,0
49-94-0223,Cut-Off Discs,HIGH,HIGH,HIGH,False,5,5,0,0.51,MEDIUM,Yes,no live manufacturer-source evidence gathered for this row in this run -- attributes remain UNVERIFIED (regex/candidate layer only),,0
49-94-0445,Cut-Off Discs,HIGH,HIGH,HIGH,False,5,5,0,0.51,MEDIUM,Yes,no live manufacturer-source evidence gathered for this row in this run -- attributes remain UNVERIFIED (regex/candidate layer only),,0
49-94-0803,Cut & Grind Discs,HIGH,HIGH,HIGH,False,4,4,0,0.51,MEDIUM,Yes,no live manufacturer-source evidence gathered for this row in this run -- attributes remain UNVERIFIED (regex/candidate layer only),,0
49-94-0903,Cut & Grind Discs,HIGH,HIGH,HIGH,False,5,5,0,0.51,MEDIUM,Yes,no live manufacturer-source evidence gathered for this row in this run -- attributes remain UNVERIFIED (regex/candidate layer only),,0
49-94-0907,,UNRESOLVED,HIGH,HIGH,False,6,6,0,0.277,LOW,Yes,"taxonomy: no rule matched, classification UNRESOLVED | extraction: dimension chain length has no schema mapping for '' | extraction: dimension chain length has no schema mapping for '' | extraction: dimension chain length has no schema mapping for '' | extraction: dimension chain length has no schema mapping for '' | extraction: item type not confidently identified | no live manufacturer-source evidence gathered for this row in this run -- attributes remain UNVERIFIED (regex/candidate layer only)",MOBILE_DESC out of 60-80 char range (57),0
49-94-0923,Cut & Grind Discs,HIGH,HIGH,HIGH,False,5,5,0,0.51,MEDIUM,Yes,no live manufacturer-source evidence gathered for this row in this run -- attributes remain UNVERIFIED (regex/candidate layer only),,0
49-94-1900,Cut-Off Discs,HIGH,HIGH,HIGH,False,4,4,0,0.51,MEDIUM,Yes,no live manufacturer-source evidence gathered for this row in this run -- attributes remain UNVERIFIED (regex/candidate layer only),,0
49-94-1905,Cut-Off Discs,HIGH,HIGH,HIGH,False,4,4,0,0.51,MEDIUM,Yes,no live manufacturer-source evidence gathered for this row in this run -- attributes remain UNVERIFIED (regex/candidate layer only),,0
49-94-1915,Cut-Off Discs,HIGH,HIGH,HIGH,False,5,5,0,0.51,MEDIUM,Yes,no live manufacturer-source evidence gathered for this row in this run -- attributes remain UNVERIFIED (regex/candidate layer only),,0
49-94-1920,Cut-Off Discs,HIGH,HIGH,HIGH,False,5,5,0,0.51,MEDIUM,Yes,no live manufacturer-source evidence gathered for this row in this run -- attributes remain UNVERIFIED (regex/candidate layer only),,0
49-94-1925,Cut-Off Discs,HIGH,HIGH,HIGH,False,4,4,0,0.51,MEDIUM,Yes,no live manufacturer-source evidence gathered for this row in this run -- attributes remain UNVERIFIED (regex/candidate layer only),,0
49-94-1935,Cut-Off Discs,HIGH,HIGH,HIGH,False,4,4,0,0.51,MEDIUM,Yes,no live manufacturer-source evidence gathered for this row in this run -- attributes remain UNVERIFIED (regex/candidate layer only),,0
49-94-1940,Cut-Off Discs,HIGH,HIGH,HIGH,False,4,4,0,0.51,MEDIUM,Yes,no live manufacturer-source evidence gathered for this row in this run -- attributes remain UNVERIFIED (regex/candidate layer only),,0
49-94-0501,Grinding Wheels,HIGH,HIGH,HIGH,False,4,6,0,0.6,MEDIUM,Yes,"evidence: Full official page fetched directly. Fully verified, highest-authority case in the sample. Minor internal inconsistency noted but not surfaced as a conflict: body text says 'aluminum oxide grain', product bullet list says 'Advanced Zirconia Grain' -- both from the SAME official page. Recorded as CONFLICT since even an official source can be internally inconsistent.",,1
49-94-0503,Grinding Wheels,HIGH,HIGH,HIGH,False,4,4,0,0.51,MEDIUM,Yes,no live manufacturer-source evidence gathered for this row in this run -- attributes remain UNVERIFIED (regex/candidate layer only),,0
49-94-0523,Grinding Wheels,HIGH,HIGH,HIGH,False,4,4,0,0.51,MEDIUM,Yes,no live manufacturer-source evidence gathered for this row in this run -- attributes remain UNVERIFIED (regex/candidate layer only),,0
49-94-1955,Grinding Wheels,HIGH,HIGH,HIGH,False,4,5,0,0.546,MEDIUM,No,,,2
49-94-1965,Grinding Wheels,HIGH,HIGH,HIGH,False,4,4,0,0.51,MEDIUM,Yes,no live manufacturer-source evidence gathered for this row in this run -- attributes remain UNVERIFIED (regex/candidate layer only),,0
49-94-0513,Grinding Wheels,HIGH,HIGH,HIGH,False,4,4,0,0.51,MEDIUM,Yes,no live manufacturer-source evidence gathered for this row in this run -- attributes remain UNVERIFIED (regex/candidate layer only),,0
49-94-0533,Grinding Wheels,HIGH,HIGH,HIGH,False,4,4,0,0.51,MEDIUM,Yes,no live manufacturer-source evidence gathered for this row in this run -- attributes remain UNVERIFIED (regex/candidate layer only),,0
DFBLBLOMFN01G,Sanding Sponges,HIGH,HIGH,HIGH,False,1,3,0,0.55,MEDIUM,Yes,extraction: no dimension pattern matched,,2
1700-1PK-BB40,,UNRESOLVED,HIGH,HIGH,True,2,2,0,0.26,LOW,Yes,"Part_Manuf ('3 M Co (5293)') resolved as SUPPLIER/DISTRIBUTOR; legal manufacturer resolved from raw brand '3M' | taxonomy: no rule matched, classification UNRESOLVED | extraction: dimension chain length has no schema mapping for '' | extraction: dimension chain length has no schema mapping for '' | extraction: item type not confidently identified | no live manufacturer-source evidence gathered for this row in this run -- attributes remain UNVERIFIED (regex/candidate layer only)",,0
ASH-40-40-04,,UNRESOLVED,LOW,LOW,True,3,3,0,0.09,LOW,Yes,"'Emseal Joint Systems Ltd (EMSJO)' not found in entity master | taxonomy: no rule matched, classification UNRESOLVED | extraction: dimension chain length has no schema mapping for '' | extraction: dimension chain length has no schema mapping for '' | extraction: dimension chain length has no schema mapping for '' | extraction: item type not confidently identified | no live manufacturer-source evidence gathered for this row in this run -- attributes remain UNVERIFIED (regex/candidate layer only)",,0
KDFM404KPS,,UNRESOLVED,LOW,LOW,True,0,0,0,0.03,LOW,Yes,"'Appliance Dealers Cooperative (APPDE)' not found in entity master | taxonomy: no rule matched, classification UNRESOLVED | extraction: no dimension pattern matched | extraction: item type not confidently identified | no live manufacturer-source evidence gathered for this row in this run -- attributes remain UNVERIFIED (regex/candidate layer only)",MOBILE_DESC out of 60-80 char range (50),0
PDSH4816AF,,UNRESOLVED,LOW,LOW,True,0,0,0,0.03,LOW,Yes,"'Appliance Dealers Cooperative (APPDE)' not found in entity master | taxonomy: no rule matched, classification UNRESOLVED | extraction: no dimension pattern matched | extraction: item type not confidently identified | no live manufacturer-source evidence gathered for this row in this run -- attributes remain UNVERIFIED (regex/candidate layer only)",MOBILE_DESC out of 60-80 char range (50),0
PDT715SYVFS,,UNRESOLVED,LOW,LOW,True,0,0,0,0.03,LOW,Yes,"'Appliance Dealers Cooperative (APPDE)' not found in entity master | taxonomy: no rule matched, classification UNRESOLVED | extraction: no dimension pattern matched | extraction: item type not confidently identified | no live manufacturer-source evidence gathered for this row in this run -- attributes remain UNVERIFIED (regex/candidate layer only)",MOBILE_DESC out of 60-80 char range (51),0
LDPH5554D,,UNRESOLVED,LOW,LOW,True,0,0,0,0.03,LOW,Yes,"'Appliance Dealers Cooperative (APPDE)' not found in entity master | taxonomy: no rule matched, classification UNRESOLVED | extraction: no dimension pattern matched | extraction: item type not confidently identified | no live manufacturer-source evidence gathered for this row in this run -- attributes remain UNVERIFIED (regex/candidate layer only)",MOBILE_DESC out of 60-80 char range (49),0
WDTS7024RZ,,UNRESOLVED,LOW,LOW,True,0,0,0,0.03,LOW,Yes,"'Appliance Dealers Cooperative (APPDE)' not found in entity master | taxonomy: no rule matched, classification UNRESOLVED | extraction: no dimension pattern matched | extraction: item type not confidently identified | no live manufacturer-source evidence gathered for this row in this run -- attributes remain UNVERIFIED (regex/candidate layer only)",MOBILE_DESC out of 60-80 char range (50),0
PDD415PYYFS,,UNRESOLVED,LOW,LOW,True,0,0,0,0.03,LOW,Yes,"'Appliance Dealers Cooperative (APPDE)' not found in entity master | taxonomy: no rule matched, classification UNRESOLVED | extraction: no dimension pattern matched | extraction: item type not confidently identified | no live manufacturer-source evidence gathered for this row in this run -- attributes remain UNVERIFIED (regex/candidate layer only)",MOBILE_DESC out of 60-80 char range (51),0
KDTS424SBE,,UNRESOLVED,LOW,LOW,True,0,0,0,0.03,LOW,Yes,"'Appliance Dealers Cooperative (APPDE)' not found in entity master | taxonomy: no rule matched, classification UNRESOLVED | extraction: no dimension pattern matched | extraction: item type not confidently identified | no live manufacturer-source evidence gathered for this row in this run -- attributes remain UNVERIFIED (regex/candidate layer only)",MOBILE_DESC out of 60-80 char range (50),0
KDTS324SPS,,UNRESOLVED,LOW,LOW,True,0,0,0,0.03,LOW,Yes,"'Appliance Dealers Cooperative (APPDE)' not found in entity master | taxonomy: no rule matched, classification UNRESOLVED | extraction: no dimension pattern matched | extraction: item type not confidently identified | no live manufacturer-source evidence gathered for this row in this run -- attributes remain UNVERIFIED (regex/candidate layer only)",MOBILE_DESC out of 60-80 char range (50),0
KDPS624SJP,,UNRESOLVED,LOW,LOW,True,0,0,0,0.03,LOW,Yes,"'Appliance Dealers Cooperative (APPDE)' not found in entity master | taxonomy: no rule matched, classification UNRESOLVED | extraction: no dimension pattern matched | extraction: item type not confidently identified | no live manufacturer-source evidence gathered for this row in this run -- attributes remain UNVERIFIED (regex/candidate layer only)",MOBILE_DESC out of 60-80 char range (50),0
KDTS624SBE,,UNRESOLVED,LOW,LOW,True,0,0,0,0.03,LOW,Yes,"'Appliance Dealers Cooperative (APPDE)' not found in entity master | taxonomy: no rule matched, classification UNRESOLVED | extraction: no dimension pattern matched | extraction: item type not confidently identified | no live manufacturer-source evidence gathered for this row in this run -- attributes remain UNVERIFIED (regex/candidate layer only)",MOBILE_DESC out of 60-80 char range (50),0
D519127,,UNRESOLVED,LOW,LOW,True,1,1,0,0.14,LOW,Yes,"'V & V Appliance Parts Inc (VVAPP)' not found in entity master | taxonomy: no rule matched, classification UNRESOLVED | extraction: no dimension pattern matched | extraction: item type not confidently identified | no live manufacturer-source evidence gathered for this row in this run -- attributes remain UNVERIFIED (regex/candidate layer only)",MOBILE_DESC out of 60-80 char range (58),0
DF7004WE,,UNRESOLVED,LOW,LOW,True,0,0,0,0.03,LOW,Yes,"'Appliance Dealers Cooperative (APPDE)' not found in entity master | taxonomy: no rule matched, classification UNRESOLVED | extraction: no dimension pattern matched | extraction: item type not confidently identified | no live manufacturer-source evidence gathered for this row in this run -- attributes remain UNVERIFIED (regex/candidate layer only)",MOBILE_DESC out of 60-80 char range (48),0
DR7004BE,,UNRESOLVED,LOW,LOW,True,0,0,0,0.03,LOW,Yes,"'Appliance Dealers Cooperative (APPDE)' not found in entity master | taxonomy: no rule matched, classification UNRESOLVED | extraction: no dimension pattern matched | extraction: item type not confidently identified | no live manufacturer-source evidence gathered for this row in this run -- attributes remain UNVERIFIED (regex/candidate layer only)",MOBILE_DESC out of 60-80 char range (48),0
DV2000WE,,UNRESOLVED,LOW,LOW,True,0,0,0,0.03,LOW,Yes,"'Appliance Dealers Cooperative (APPDE)' not found in entity master | taxonomy: no rule matched, classification UNRESOLVED | extraction: no dimension pattern matched | extraction: item type not confidently identified | no live manufacturer-source evidence gathered for this row in this run -- attributes remain UNVERIFIED (regex/candidate layer only)",MOBILE_DESC out of 60-80 char range (48),0
DC5004WE,,UNRESOLVED,LOW,LOW,True,0,0,0,0.03,LOW,Yes,"'Appliance Dealers Cooperative (APPDE)' not found in entity master | taxonomy: no rule matched, classification UNRESOLVED | extraction: no dimension pattern matched | extraction: item type not confidently identified | no live manufacturer-source evidence gathered for this row in this run -- attributes remain UNVERIFIED (regex/candidate layer only)",MOBILE_DESC out of 60-80 char range (48),0
DC5004BE,,UNRESOLVED,LOW,LOW,True,0,0,0,0.03,LOW,Yes,"'Appliance Dealers Cooperative (APPDE)' not found in entity master | taxonomy: no rule matched, classification UNRESOLVED | extraction: no dimension pattern matched | extraction: item type not confidently identified | no live manufacturer-source evidence gathered for this row in this run -- attributes remain UNVERIFIED (regex/candidate layer only)",MOBILE_DESC out of 60-80 char range (48),0
WKE100HWA,,UNRESOLVED,LOW,LOW,True,0,0,0,0.03,LOW,Yes,"'Appliance Dealers Cooperative (APPDE)' not found in entity master | taxonomy: no rule matched, classification UNRESOLVED | extraction: no dimension pattern matched | extraction: item type not confidently identified | no live manufacturer-source evidence gathered for this row in this run -- attributes remain UNVERIFIED (regex/candidate layer only)",MOBILE_DESC out of 60-80 char range (49),0
FF7011WN,,UNRESOLVED,LOW,LOW,True,0,0,0,0.03,LOW,Yes,"'Appliance Dealers Cooperative (APPDE)' not found in entity master | taxonomy: no rule matched, classification UNRESOLVED | extraction: no dimension pattern matched | extraction: item type not confidently identified | no live manufacturer-source evidence gathered for this row in this run -- attributes remain UNVERIFIED (regex/candidate layer only)",MOBILE_DESC out of 60-80 char range (48),0
PTD70GBPTDG,,UNRESOLVED,LOW,LOW,True,0,0,0,0.03,LOW,Yes,"'Appliance Dealers Cooperative (APPDE)' not found in entity master | taxonomy: no rule matched, classification UNRESOLVED | extraction: no dimension pattern matched | extraction: item type not confidently identified | no live manufacturer-source evidence gathered for this row in this run -- attributes remain UNVERIFIED (regex/candidate layer only)",MOBILE_DESC out of 60-80 char range (51),0
PTD70GBSTWS,,UNRESOLVED,LOW,LOW,True,0,0,0,0.03,LOW,Yes,"'Appliance Dealers Cooperative (APPDE)' not found in entity master | taxonomy: no rule matched, classification UNRESOLVED | extraction: no dimension pattern matched | extraction: item type not confidently identified | no live manufacturer-source evidence gathered for this row in this run -- attributes remain UNVERIFIED (regex/candidate layer only)",MOBILE_DESC out of 60-80 char range (51),0
DR5004WG,,UNRESOLVED,LOW,LOW,True,0,0,0,0.03,LOW,Yes,"'Appliance Dealers Cooperative (APPDE)' not found in entity master | taxonomy: no rule matched, classification UNRESOLVED | extraction: no dimension pattern matched | extraction: item type not confidently identified | no live manufacturer-source evidence gathered for this row in this run -- attributes remain UNVERIFIED (regex/candidate layer only)",MOBILE_DESC out of 60-80 char range (48),0
DR7004BG,,UNRESOLVED,LOW,LOW,True,0,0,0,0.03,LOW,Yes,"'Appliance Dealers Cooperative (APPDE)' not found in entity master | taxonomy: no rule matched, classification UNRESOLVED | extraction: no dimension pattern matched | extraction: item type not confidently identified | no live manufacturer-source evidence gathered for this row in this run -- attributes remain UNVERIFIED (regex/candidate layer only)",MOBILE_DESC out of 60-80 char range (48),0
DR7004WG,,UNRESOLVED,LOW,LOW,True,0,0,0,0.03,LOW,Yes,"'Appliance Dealers Cooperative (APPDE)' not found in entity master | taxonomy: no rule matched, classification UNRESOLVED | extraction: no dimension pattern matched | extraction: item type not confidently identified | no live manufacturer-source evidence gathered for this row in this run -- attributes remain UNVERIFIED (regex/candidate layer only)",MOBILE_DESC out of 60-80 char range (48),0
DV2000WG,,UNRESOLVED,LOW,LOW,True,0,0,0,0.03,LOW,Yes,"'Appliance Dealers Cooperative (APPDE)' not found in entity master | taxonomy: no rule matched, classification UNRESOLVED | extraction: no dimension pattern matched | extraction: item type not confidently identified | no live manufacturer-source evidence gathered for this row in this run -- attributes remain UNVERIFIED (regex/candidate layer only)",MOBILE_DESC out of 60-80 char range (48),0
DC5004WG,,UNRESOLVED,LOW,LOW,True,0,0,0,0.03,LOW,Yes,"'Appliance Dealers Cooperative (APPDE)' not found in entity master | taxonomy: no rule matched, classification UNRESOLVED | extraction: no dimension pattern matched | extraction: item type not confidently identified | no live manufacturer-source evidence gathered for this row in this run -- attributes remain UNVERIFIED (regex/candidate layer only)",MOBILE_DESC out of 60-80 char range (48),0
DC5004BG,,UNRESOLVED,LOW,LOW,True,0,0,0,0.03,LOW,Yes,"'Appliance Dealers Cooperative (APPDE)' not found in entity master | taxonomy: no rule matched, classification UNRESOLVED | extraction: no dimension pattern matched | extraction: item type not confidently identified | no live manufacturer-source evidence gathered for this row in this run -- attributes remain UNVERIFIED (regex/candidate layer only)",MOBILE_DESC out of 60-80 char range (48),0
PTW705BSTWS,,UNRESOLVED,LOW,LOW,True,0,0,0,0.03,LOW,Yes,"'Appliance Dealers Cooperative (APPDE)' not found in entity master | taxonomy: no rule matched, classification UNRESOLVED | extraction: no dimension pattern matched | extraction: item type not confidently identified | no live manufacturer-source evidence gathered for this row in this run -- attributes remain UNVERIFIED (regex/candidate layer only)",MOBILE_DESC out of 60-80 char range (51),0
MVWP586GW,,UNRESOLVED,LOW,LOW,True,0,0,0,0.03,LOW,Yes,"'Appliance Dealers Cooperative (APPDE)' not found in entity master | taxonomy: no rule matched, classification UNRESOLVED | extraction: no dimension pattern matched | extraction: item type not confidently identified | no live manufacturer-source evidence gathered for this row in this run -- attributes remain UNVERIFIED (regex/candidate layer only)",MOBILE_DESC out of 60-80 char range (49),0
TV2000WN,,UNRESOLVED,LOW,LOW,True,0,0,0,0.03,LOW,Yes,"'Appliance Dealers Cooperative (APPDE)' not found in entity master | taxonomy: no rule matched, classification UNRESOLVED | extraction: no dimension pattern matched | extraction: item type not confidently identified | no live manufacturer-source evidence gathered for this row in this run -- attributes remain UNVERIFIED (regex/candidate layer only)",MOBILE_DESC out of 60-80 char range (48),0
TC5003BN,,UNRESOLVED,LOW,LOW,True,0,0,0,0.03,LOW,Yes,"'Appliance Dealers Cooperative (APPDE)' not found in entity master | taxonomy: no rule matched, classification UNRESOLVED | extraction: no dimension pattern matched | extraction: item type not confidently identified | no live manufacturer-source evidence gathered for this row in this run -- attributes remain UNVERIFIED (regex/candidate layer only)",MOBILE_DESC out of 60-80 char range (48),0
TR7006WN,,UNRESOLVED,LOW,LOW,True,0,0,0,0.03,LOW,Yes,"'Appliance Dealers Cooperative (APPDE)' not found in entity master | taxonomy: no rule matched, classification UNRESOLVED | extraction: no dimension pattern matched | extraction: item type not confidently identified | no live manufacturer-source evidence gathered for this row in this run -- attributes remain UNVERIFIED (regex/candidate layer only)",MOBILE_DESC out of 60-80 char range (48),0
TR7006BN,,UNRESOLVED,LOW,LOW,True,0,0,0,0.03,LOW,Yes,"'Appliance Dealers Cooperative (APPDE)' not found in entity master | taxonomy: no rule matched, classification UNRESOLVED | extraction: no dimension pattern matched | extraction: item type not confidently identified | no live manufacturer-source evidence gathered for this row in this run -- attributes remain UNVERIFIED (regex/candidate layer only)",MOBILE_DESC out of 60-80 char range (48),0
TR5006WN,,UNRESOLVED,LOW,LOW,True,0,0,0,0.03,LOW,Yes,"'Appliance Dealers Cooperative (APPDE)' not found in entity master | taxonomy: no rule matched, classification UNRESOLVED | extraction: no dimension pattern matched | extraction: item type not confidently identified | no live manufacturer-source evidence gathered for this row in this run -- attributes remain UNVERIFIED (regex/candidate layer only)",MOBILE_DESC out of 60-80 char range (48),0
05134545001,,UNRESOLVED,LOW,LOW,True,0,0,0,0.03,LOW,Yes,"'Wera Tools NA Inc (WERTO)' not found in entity master | taxonomy: no rule matched, classification UNRESOLVED | extraction: no dimension pattern matched | extraction: item type not confidently identified | no live manufacturer-source evidence gathered for this row in this run -- attributes remain UNVERIFIED (regex/candidate layer only)",MOBILE_DESC out of 60-80 char range (39),0
LNL65301,,UNRESOLVED,UNVERIFIED,UNVERIFIED,False,0,0,0,0.0,UNVERIFIED,Yes,"Part_Manuf is placeholder; no entity master match found | taxonomy: no rule matched, classification UNRESOLVED | extraction: no dimension pattern matched | extraction: item type not confidently identified | no live manufacturer-source evidence gathered for this row in this run -- attributes remain UNVERIFIED (regex/candidate layer only)",MOBILE_DESC out of 60-80 char range (17),0
25-A,,UNRESOLVED,LOW,LOW,True,0,0,0,0.03,LOW,Yes,"'Rees Cast Stone Company (REECA)' not found in entity master | taxonomy: no rule matched, classification UNRESOLVED | extraction: no dimension pattern matched | extraction: item type not confidently identified | no live manufacturer-source evidence gathered for this row in this run -- attributes remain UNVERIFIED (regex/candidate layer only)",MOBILE_DESC out of 60-80 char range (38),0
38-E,,UNRESOLVED,LOW,LOW,True,0,0,0,0.03,LOW,Yes,"'Rees Cast Stone Company (REECA)' not found in entity master | taxonomy: no rule matched, classification UNRESOLVED | extraction: no dimension pattern matched | extraction: item type not confidently identified | no live manufacturer-source evidence gathered for this row in this run -- attributes remain UNVERIFIED (regex/candidate layer only)",MOBILE_DESC out of 60-80 char range (38),0
59-J,,UNRESOLVED,LOW,LOW,True,0,0,0,0.03,LOW,Yes,"'Rees Cast Stone Company (REECA)' not found in entity master | taxonomy: no rule matched, classification UNRESOLVED | extraction: no dimension pattern matched | extraction: item type not confidently identified | no live manufacturer-source evidence gathered for this row in this run -- attributes remain UNVERIFIED (regex/candidate layer only)",MOBILE_DESC out of 60-80 char range (38),0
44-A,,UNRESOLVED,LOW,LOW,True,0,0,0,0.03,LOW,Yes,"'Rees Cast Stone Company (REECA)' not found in entity master | taxonomy: no rule matched, classification UNRESOLVED | extraction: no dimension pattern matched | extraction: item type not confidently identified | no live manufacturer-source evidence gathered for this row in this run -- attributes remain UNVERIFIED (regex/candidate layer only)",MOBILE_DESC out of 60-80 char range (38),0
543302126,Railing Kits,HIGH,HIGH,HIGH,True,2,2,0,0.51,MEDIUM,Yes,Part_Manuf ('U S Lumber (3073)') resolved as SUPPLIER/DISTRIBUTOR; legal manufacturer resolved from raw brand 'TREX' | extraction: item type not confidently identified | no live manufacturer-source evidence gathered for this row in this run -- attributes remain UNVERIFIED (regex/candidate layer only),,0
543302146,Railing Kits,HIGH,HIGH,HIGH,True,2,2,0,0.51,MEDIUM,Yes,Part_Manuf ('U S Lumber (3073)') resolved as SUPPLIER/DISTRIBUTOR; legal manufacturer resolved from raw brand 'TREX' | extraction: item type not confidently identified | no live manufacturer-source evidence gathered for this row in this run -- attributes remain UNVERIFIED (regex/candidate layer only),,0
73019603,Railing Kits,HIGH,MEDIUM,MEDIUM,False,2,2,0,0.43,LOW,Yes,Part_Manuf is placeholder; manufacturer inferred from description token 'RDI®' | extraction: item type not confidently identified | no live manufacturer-source evidence gathered for this row in this run -- attributes remain UNVERIFIED (regex/candidate layer only),,0
73019652,Railing Kits,HIGH,MEDIUM,MEDIUM,False,2,2,0,0.43,LOW,Yes,Part_Manuf is placeholder; manufacturer inferred from description token 'RDI®' | extraction: item type not confidently identified | no live manufacturer-source evidence gathered for this row in this run -- attributes remain UNVERIFIED (regex/candidate layer only),,0
73019517,Railing Kits,HIGH,MEDIUM,MEDIUM,False,2,2,0,0.43,LOW,Yes,Part_Manuf is placeholder; manufacturer inferred from description token 'RDI®' | extraction: item type not confidently identified | no live manufacturer-source evidence gathered for this row in this run -- attributes remain UNVERIFIED (regex/candidate layer only),,0
73019602,Railing Kits,HIGH,MEDIUM,MEDIUM,False,2,2,0,0.43,LOW,Yes,Part_Manuf is placeholder; manufacturer inferred from description token 'RDI®' | extraction: item type not confidently identified | no live manufacturer-source evidence gathered for this row in this run -- attributes remain UNVERIFIED (regex/candidate layer only),,0
73019651,Railing Kits,HIGH,MEDIUM,MEDIUM,False,2,2,0,0.43,LOW,Yes,Part_Manuf is placeholder; manufacturer inferred from description token 'RDI®' | extraction: item type not confidently identified | no live manufacturer-source evidence gathered for this row in this run -- attributes remain UNVERIFIED (regex/candidate layer only),,0
73019516,Railing Kits,HIGH,MEDIUM,MEDIUM,False,2,2,0,0.43,LOW,Yes,Part_Manuf is placeholder; manufacturer inferred from description token 'RDI®' | extraction: item type not confidently identified | no live manufacturer-source evidence gathered for this row in this run -- attributes remain UNVERIFIED (regex/candidate layer only),,0
543300256,Railing Kits,HIGH,HIGH,HIGH,True,1,1,0,0.51,MEDIUM,Yes,Part_Manuf ('Boise Cascade Building Materials (BOICA)') resolved as SUPPLIER/DISTRIBUTOR; legal manufacturer resolved from raw brand 'TREX' | extraction: item type not confidently identified | evidence: No successful live HTTP fetch occurred for this SKU during this session. Dimension facts extracted from candidate text via dim_parser regex at UNVERIFIED status. | no live manufacturer-source evidence gathered for this row in this run -- attributes remain UNVERIFIED (regex/candidate layer only),,0
543300276,Railing Kits,HIGH,HIGH,HIGH,True,1,1,0,0.51,MEDIUM,Yes,Part_Manuf ('Boise Cascade Building Materials (BOICA)') resolved as SUPPLIER/DISTRIBUTOR; legal manufacturer resolved from raw brand 'TREX' | extraction: item type not confidently identified | no live manufacturer-source evidence gathered for this row in this run -- attributes remain UNVERIFIED (regex/candidate layer only),,0
73045028,,UNRESOLVED,MEDIUM,MEDIUM,False,0,0,0,0.12,LOW,Yes,"Part_Manuf is placeholder; manufacturer inferred from description token 'RDI®' | taxonomy: no rule matched, classification UNRESOLVED | extraction: no dimension pattern matched | extraction: item type not confidently identified | no live manufacturer-source evidence gathered for this row in this run -- attributes remain UNVERIFIED (regex/candidate layer only)",,0
73045031,,UNRESOLVED,MEDIUM,MEDIUM,False,0,0,0,0.12,LOW,Yes,"Part_Manuf is placeholder; manufacturer inferred from description token 'RDI®' | taxonomy: no rule matched, classification UNRESOLVED | extraction: no dimension pattern matched | extraction: item type not confidently identified | no live manufacturer-source evidence gathered for this row in this run -- attributes remain UNVERIFIED (regex/candidate layer only)",,0
543340126,Deck Boards,HIGH,HIGH,HIGH,True,2,2,0,0.51,MEDIUM,Yes,Part_Manuf ('Boise Cascade Building Materials (BOICA)') resolved as SUPPLIER/DISTRIBUTOR; legal manufacturer resolved from raw brand 'TREX' | extraction: item type not confidently identified | no live manufacturer-source evidence gathered for this row in this run -- attributes remain UNVERIFIED (regex/candidate layer only),,0
543340127,Deck Boards,HIGH,HIGH,HIGH,True,2,2,0,0.51,MEDIUM,Yes,Part_Manuf ('Boise Cascade Building Materials (BOICA)') resolved as SUPPLIER/DISTRIBUTOR; legal manufacturer resolved from raw brand 'TREX' | extraction: item type not confidently identified | no live manufacturer-source evidence gathered for this row in this run -- attributes remain UNVERIFIED (regex/candidate layer only),,0
543340146,Deck Boards,HIGH,HIGH,HIGH,True,2,2,0,0.51,MEDIUM,Yes,Part_Manuf ('Boise Cascade Building Materials (BOICA)') resolved as SUPPLIER/DISTRIBUTOR; legal manufacturer resolved from raw brand 'TREX' | extraction: item type not confidently identified | no live manufacturer-source evidence gathered for this row in this run -- attributes remain UNVERIFIED (regex/candidate layer only),,0
543340147,Deck Boards,HIGH,HIGH,HIGH,True,2,2,0,0.51,MEDIUM,Yes,Part_Manuf ('Boise Cascade Building Materials (BOICA)') resolved as SUPPLIER/DISTRIBUTOR; legal manufacturer resolved from raw brand 'TREX' | extraction: item type not confidently identified | no live manufacturer-source evidence gathered for this row in this run -- attributes remain UNVERIFIED (regex/candidate layer only),,0
ADB15516CS,Deck Boards,HIGH,HIGH,HIGH,True,3,3,0,0.51,MEDIUM,Yes,Part_Manuf ('Parksite (6151)') resolved as SUPPLIER/DISTRIBUTOR; legal manufacturer resolved from raw brand 'TIMBERTECH' | extraction: item type not confidently identified | no live manufacturer-source evidence gathered for this row in this run -- attributes remain UNVERIFIED (regex/candidate layer only),,0
ADB15520CS,Deck Boards,HIGH,HIGH,HIGH,True,3,3,0,0.51,MEDIUM,Yes,Part_Manuf ('Parksite (6151)') resolved as SUPPLIER/DISTRIBUTOR; legal manufacturer resolved from raw brand 'TIMBERTECH' | extraction: item type not confidently identified | no live manufacturer-source evidence gathered for this row in this run -- attributes remain UNVERIFIED (regex/candidate layer only),,0
ADB15516EW,Deck Boards,HIGH,HIGH,HIGH,True,3,3,0,0.51,MEDIUM,Yes,Part_Manuf ('Parksite (6151)') resolved as SUPPLIER/DISTRIBUTOR; legal manufacturer resolved from raw brand 'TIMBERTECH' | extraction: item type not confidently identified | no live manufacturer-source evidence gathered for this row in this run -- attributes remain UNVERIFIED (regex/candidate layer only),,0
ADB15520EW,Deck Boards,HIGH,HIGH,HIGH,True,3,3,0,0.51,MEDIUM,Yes,Part_Manuf ('Parksite (6151)') resolved as SUPPLIER/DISTRIBUTOR; legal manufacturer resolved from raw brand 'TIMBERTECH' | extraction: item type not confidently identified | no live manufacturer-source evidence gathered for this row in this run -- attributes remain UNVERIFIED (regex/candidate layer only),,0
ADB15516MH,Deck Boards,HIGH,HIGH,HIGH,True,3,3,0,0.51,MEDIUM,Yes,Part_Manuf ('Parksite (6151)') resolved as SUPPLIER/DISTRIBUTOR; legal manufacturer resolved from raw brand 'TIMBERTECH' | extraction: item type not confidently identified | no live manufacturer-source evidence gathered for this row in this run -- attributes remain UNVERIFIED (regex/candidate layer only),,0
ADB15520MH,Deck Boards,HIGH,HIGH,HIGH,True,3,3,0,0.51,MEDIUM,Yes,Part_Manuf ('Parksite (6151)') resolved as SUPPLIER/DISTRIBUTOR; legal manufacturer resolved from raw brand 'TIMBERTECH' | extraction: item type not confidently identified | no live manufacturer-source evidence gathered for this row in this run -- attributes remain UNVERIFIED (regex/candidate layer only),,0
ADB15516WT,Deck Boards,HIGH,HIGH,HIGH,True,3,3,0,0.51,MEDIUM,Yes,Part_Manuf ('Parksite (6151)') resolved as SUPPLIER/DISTRIBUTOR; legal manufacturer resolved from raw brand 'TIMBERTECH' | extraction: item type not confidently identified | no live manufacturer-source evidence gathered for this row in this run -- attributes remain UNVERIFIED (regex/candidate layer only),,0
ADB15520WT,Deck Boards,HIGH,HIGH,HIGH,True,3,3,0,0.51,MEDIUM,Yes,Part_Manuf ('Parksite (6151)') resolved as SUPPLIER/DISTRIBUTOR; legal manufacturer resolved from raw brand 'TIMBERTECH' | extraction: item type not confidently identified | no live manufacturer-source evidence gathered for this row in this run -- attributes remain UNVERIFIED (regex/candidate layer only),,0
AGB15512CS,Deck Boards,HIGH,HIGH,HIGH,True,3,3,0,0.51,MEDIUM,Yes,Part_Manuf ('Parksite (6151)') resolved as SUPPLIER/DISTRIBUTOR; legal manufacturer resolved from raw brand 'TIMBERTECH' | extraction: item type not confidently identified | no live manufacturer-source evidence gathered for this row in this run -- attributes remain UNVERIFIED (regex/candidate layer only),,0
AGB15516CS,Deck Boards,HIGH,HIGH,HIGH,True,3,3,0,0.51,MEDIUM,Yes,Part_Manuf ('Parksite (6151)') resolved as SUPPLIER/DISTRIBUTOR; legal manufacturer resolved from raw brand 'TIMBERTECH' | extraction: item type not confidently identified | no live manufacturer-source evidence gathered for this row in this run -- attributes remain UNVERIFIED (regex/candidate layer only),,0
AGB15520CS,Deck Boards,HIGH,HIGH,HIGH,True,3,3,0,0.51,MEDIUM,Yes,Part_Manuf ('Parksite (6151)') resolved as SUPPLIER/DISTRIBUTOR; legal manufacturer resolved from raw brand 'TIMBERTECH' | extraction: item type not confidently identified | no live manufacturer-source evidence gathered for this row in this run -- attributes remain UNVERIFIED (regex/candidate layer only),,0
AGB15512EW,Deck Boards,HIGH,HIGH,HIGH,True,3,3,0,0.51,MEDIUM,Yes,Part_Manuf ('Parksite (6151)') resolved as SUPPLIER/DISTRIBUTOR; legal manufacturer resolved from raw brand 'TIMBERTECH' | extraction: item type not confidently identified | no live manufacturer-source evidence gathered for this row in this run -- attributes remain UNVERIFIED (regex/candidate layer only),,0
AGB15516EW,Deck Boards,HIGH,HIGH,HIGH,True,3,3,0,0.51,MEDIUM,Yes,Part_Manuf ('Parksite (6151)') resolved as SUPPLIER/DISTRIBUTOR; legal manufacturer resolved from raw brand 'TIMBERTECH' | extraction: item type not confidently identified | no live manufacturer-source evidence gathered for this row in this run -- attributes remain UNVERIFIED (regex/candidate layer only),,0
AGB15520EW,Deck Boards,HIGH,HIGH,HIGH,True,3,3,0,0.51,MEDIUM,Yes,Part_Manuf ('Parksite (6151)') resolved as SUPPLIER/DISTRIBUTOR; legal manufacturer resolved from raw brand 'TIMBERTECH' | extraction: item type not confidently identified | no live manufacturer-source evidence gathered for this row in this run -- attributes remain UNVERIFIED (regex/candidate layer only),,0
AGB15512MH,Deck Boards,HIGH,HIGH,HIGH,True,3,3,0,0.51,MEDIUM,Yes,Part_Manuf ('Parksite (6151)') resolved as SUPPLIER/DISTRIBUTOR; legal manufacturer resolved from raw brand 'TIMBERTECH' | extraction: item type not confidently identified | no live manufacturer-source evidence gathered for this row in this run -- attributes remain UNVERIFIED (regex/candidate layer only),,0
AGB15516MH,Deck Boards,HIGH,HIGH,HIGH,True,3,3,0,0.51,MEDIUM,Yes,Part_Manuf ('Parksite (6151)') resolved as SUPPLIER/DISTRIBUTOR; legal manufacturer resolved from raw brand 'TIMBERTECH' | extraction: item type not confidently identified | no live manufacturer-source evidence gathered for this row in this run -- attributes remain UNVERIFIED (regex/candidate layer only),,0
AGB15520MH,Deck Boards,HIGH,HIGH,HIGH,True,3,3,0,0.51,MEDIUM,Yes,Part_Manuf ('Parksite (6151)') resolved as SUPPLIER/DISTRIBUTOR; legal manufacturer resolved from raw brand 'TIMBERTECH' | extraction: item type not confidently identified | no live manufacturer-source evidence gathered for this row in this run -- attributes remain UNVERIFIED (regex/candidate layer only),,0
AGB15512WT,Deck Boards,HIGH,HIGH,HIGH,True,3,3,0,0.51,MEDIUM,Yes,Part_Manuf ('Parksite (6151)') resolved as SUPPLIER/DISTRIBUTOR; legal manufacturer resolved from raw brand 'TIMBERTECH' | extraction: item type not confidently identified | no live manufacturer-source evidence gathered for this row in this run -- attributes remain UNVERIFIED (regex/candidate layer only),,0
AGB15516WT,Deck Boards,HIGH,HIGH,HIGH,True,3,3,0,0.51,MEDIUM,Yes,Part_Manuf ('Parksite (6151)') resolved as SUPPLIER/DISTRIBUTOR; legal manufacturer resolved from raw brand 'TIMBERTECH' | extraction: item type not confidently identified | no live manufacturer-source evidence gathered for this row in this run -- attributes remain UNVERIFIED (regex/candidate layer only),,0
AGB15520WT,Deck Boards,HIGH,HIGH,HIGH,True,3,3,0,0.51,MEDIUM,Yes,Part_Manuf ('Parksite (6151)') resolved as SUPPLIER/DISTRIBUTOR; legal manufacturer resolved from raw brand 'TIMBERTECH' | extraction: item type not confidently identified | no live manufacturer-source evidence gathered for this row in this run -- attributes remain UNVERIFIED (regex/candidate layer only),,0
ADB15516AW,Deck Boards,HIGH,HIGH,HIGH,True,3,3,0,0.51,MEDIUM,Yes,Part_Manuf ('Parksite (6151)') resolved as SUPPLIER/DISTRIBUTOR; legal manufacturer resolved from raw brand 'TIMBERTECH' | extraction: item type not confidently identified | no live manufacturer-source evidence gathered for this row in this run -- attributes remain UNVERIFIED (regex/candidate layer only),,0
ADB15520AW,Deck Boards,HIGH,HIGH,HIGH,True,3,3,0,0.51,MEDIUM,Yes,Part_Manuf ('Parksite (6151)') resolved as SUPPLIER/DISTRIBUTOR; legal manufacturer resolved from raw brand 'TIMBERTECH' | extraction: item type not confidently identified | no live manufacturer-source evidence gathered for this row in this run -- attributes remain UNVERIFIED (regex/candidate layer only),,0
ADB15516CG,Deck Boards,HIGH,HIGH,HIGH,True,3,3,0,0.51,MEDIUM,Yes,Part_Manuf ('Parksite (6151)') resolved as SUPPLIER/DISTRIBUTOR; legal manufacturer resolved from raw brand 'TIMBERTECH' | extraction: item type not confidently identified | no live manufacturer-source evidence gathered for this row in this run -- attributes remain UNVERIFIED (regex/candidate layer only),,0
ADB15520CG,Deck Boards,HIGH,HIGH,HIGH,True,3,3,0,0.51,MEDIUM,Yes,Part_Manuf ('Parksite (6151)') resolved as SUPPLIER/DISTRIBUTOR; legal manufacturer resolved from raw brand 'TIMBERTECH' | extraction: item type not confidently identified | no live manufacturer-source evidence gathered for this row in this run -- attributes remain UNVERIFIED (regex/candidate layer only),,0
ADB15516FW,Deck Boards,HIGH,HIGH,HIGH,True,3,3,0,0.51,MEDIUM,Yes,Part_Manuf ('Parksite (6151)') resolved as SUPPLIER/DISTRIBUTOR; legal manufacturer resolved from raw brand 'TIMBERTECH' | extraction: item type not confidently identified | no live manufacturer-source evidence gathered for this row in this run -- attributes remain UNVERIFIED (regex/candidate layer only),,0
ADB15520FW,Deck Boards,HIGH,HIGH,HIGH,True,3,3,0,0.51,MEDIUM,Yes,Part_Manuf ('Parksite (6151)') resolved as SUPPLIER/DISTRIBUTOR; legal manufacturer resolved from raw brand 'TIMBERTECH' | extraction: item type not confidently identified | no live manufacturer-source evidence gathered for this row in this run -- attributes remain UNVERIFIED (regex/candidate layer only),,0
AGB15512AW,Deck Boards,HIGH,HIGH,HIGH,True,3,3,0,0.51,MEDIUM,Yes,Part_Manuf ('Parksite (6151)') resolved as SUPPLIER/DISTRIBUTOR; legal manufacturer resolved from raw brand 'TIMBERTECH' | extraction: item type not confidently identified | no live manufacturer-source evidence gathered for this row in this run -- attributes remain UNVERIFIED (regex/candidate layer only),,0
AGB15516AW,Deck Boards,HIGH,HIGH,HIGH,True,3,3,0,0.51,MEDIUM,Yes,Part_Manuf ('Parksite (6151)') resolved as SUPPLIER/DISTRIBUTOR; legal manufacturer resolved from raw brand 'TIMBERTECH' | extraction: item type not confidently identified | no live manufacturer-source evidence gathered for this row in this run -- attributes remain UNVERIFIED (regex/candidate layer only),,0
AGB15520AW,Deck Boards,HIGH,HIGH,HIGH,True,3,3,0,0.51,MEDIUM,Yes,Part_Manuf ('Parksite (6151)') resolved as SUPPLIER/DISTRIBUTOR; legal manufacturer resolved from raw brand 'TIMBERTECH' | extraction: item type not confidently identified | no live manufacturer-source evidence gathered for this row in this run -- attributes remain UNVERIFIED (regex/candidate layer only),,0
AGB15512CG,Deck Boards,HIGH,HIGH,HIGH,True,3,3,0,0.51,MEDIUM,Yes,Part_Manuf ('Parksite (6151)') resolved as SUPPLIER/DISTRIBUTOR; legal manufacturer resolved from raw brand 'TIMBERTECH' | extraction: item type not confidently identified | no live manufacturer-source evidence gathered for this row in this run -- attributes remain UNVERIFIED (regex/candidate layer only),,0
AGB15516CG,Deck Boards,HIGH,HIGH,HIGH,True,3,3,0,0.51,MEDIUM,Yes,Part_Manuf ('Parksite (6151)') resolved as SUPPLIER/DISTRIBUTOR; legal manufacturer resolved from raw brand 'TIMBERTECH' | extraction: item type not confidently identified | no live manufacturer-source evidence gathered for this row in this run -- attributes remain UNVERIFIED (regex/candidate layer only),,0
AGB15520CG,Deck Boards,HIGH,HIGH,HIGH,True,3,3,0,0.51,MEDIUM,Yes,Part_Manuf ('Parksite (6151)') resolved as SUPPLIER/DISTRIBUTOR; legal manufacturer resolved from raw brand 'TIMBERTECH' | extraction: item type not confidently identified | no live manufacturer-source evidence gathered for this row in this run -- attributes remain UNVERIFIED (regex/candidate layer only),,0
AGB15512FW,Deck Boards,HIGH,HIGH,HIGH,True,3,3,0,0.51,MEDIUM,Yes,Part_Manuf ('Parksite (6151)') resolved as SUPPLIER/DISTRIBUTOR; legal manufacturer resolved from raw brand 'TIMBERTECH' | extraction: item type not confidently identified | no live manufacturer-source evidence gathered for this row in this run -- attributes remain UNVERIFIED (regex/candidate layer only),,0
AGB15516FW,Deck Boards,HIGH,HIGH,HIGH,True,3,3,0,0.51,MEDIUM,Yes,Part_Manuf ('Parksite (6151)') resolved as SUPPLIER/DISTRIBUTOR; legal manufacturer resolved from raw brand 'TIMBERTECH' | extraction: item type not confidently identified | no live manufacturer-source evidence gathered for this row in this run -- attributes remain UNVERIFIED (regex/candidate layer only),,0
AGB15520FW,Deck Boards,HIGH,HIGH,HIGH,True,3,3,0,0.51,MEDIUM,Yes,Part_Manuf ('Parksite (6151)') resolved as SUPPLIER/DISTRIBUTOR; legal manufacturer resolved from raw brand 'TIMBERTECH' | extraction: item type not confidently identified | no live manufacturer-source evidence gathered for this row in this run -- attributes remain UNVERIFIED (regex/candidate layer only),,0
ADCB15516BS,Deck Boards,HIGH,HIGH,HIGH,True,3,3,0,0.51,MEDIUM,Yes,Part_Manuf ('Parksite (6151)') resolved as SUPPLIER/DISTRIBUTOR; legal manufacturer resolved from raw brand 'TIMBERTECH' | extraction: item type not confidently identified | no live manufacturer-source evidence gathered for this row in this run -- attributes remain UNVERIFIED (regex/candidate layer only),,0
ADCB15520BS,Deck Boards,HIGH,HIGH,HIGH,True,3,3,0,0.51,MEDIUM,Yes,Part_Manuf ('Parksite (6151)') resolved as SUPPLIER/DISTRIBUTOR; legal manufacturer resolved from raw brand 'TIMBERTECH' | extraction: item type not confidently identified | no live manufacturer-source evidence gathered for this row in this run -- attributes remain UNVERIFIED (regex/candidate layer only),,0
ADCB15516SG,Deck Boards,HIGH,HIGH,HIGH,True,3,3,0,0.51,MEDIUM,Yes,Part_Manuf ('Parksite (6151)') resolved as SUPPLIER/DISTRIBUTOR; legal manufacturer resolved from raw brand 'TIMBERTECH' | extraction: item type not confidently identified | no live manufacturer-source evidence gathered for this row in this run -- attributes remain UNVERIFIED (regex/candidate layer only),,0
ADCB15520SG,Deck Boards,HIGH,HIGH,HIGH,True,3,3,0,0.51,MEDIUM,Yes,Part_Manuf ('Parksite (6151)') resolved as SUPPLIER/DISTRIBUTOR; legal manufacturer resolved from raw brand 'TIMBERTECH' | extraction: item type not confidently identified | no live manufacturer-source evidence gathered for this row in this run -- attributes remain UNVERIFIED (regex/candidate layer only),,0
AGB15512BS,Deck Boards,HIGH,HIGH,HIGH,True,3,3,0,0.51,MEDIUM,Yes,Part_Manuf ('Parksite (6151)') resolved as SUPPLIER/DISTRIBUTOR; legal manufacturer resolved from raw brand 'TIMBERTECH' | extraction: item type not confidently identified | no live manufacturer-source evidence gathered for this row in this run -- attributes remain UNVERIFIED (regex/candidate layer only),,0
AGB15516BS,Deck Boards,HIGH,HIGH,HIGH,True,3,3,0,0.51,MEDIUM,Yes,Part_Manuf ('Parksite (6151)') resolved as SUPPLIER/DISTRIBUTOR; legal manufacturer resolved from raw brand 'TIMBERTECH' | extraction: item type not confidently identified | no live manufacturer-source evidence gathered for this row in this run -- attributes remain UNVERIFIED (regex/candidate layer only),,0
AGB15520BS,Deck Boards,HIGH,HIGH,HIGH,True,3,3,0,0.51,MEDIUM,Yes,Part_Manuf ('Parksite (6151)') resolved as SUPPLIER/DISTRIBUTOR; legal manufacturer resolved from raw brand 'TIMBERTECH' | extraction: item type not confidently identified | no live manufacturer-source evidence gathered for this row in this run -- attributes remain UNVERIFIED (regex/candidate layer only),,0
AGB15512SG,Deck Boards,HIGH,HIGH,HIGH,True,3,3,0,0.51,MEDIUM,Yes,Part_Manuf ('Parksite (6151)') resolved as SUPPLIER/DISTRIBUTOR; legal manufacturer resolved from raw brand 'TIMBERTECH' | extraction: item type not confidently identified | no live manufacturer-source evidence gathered for this row in this run -- attributes remain UNVERIFIED (regex/candidate layer only),,0
AGB15516SG,Deck Boards,HIGH,HIGH,HIGH,True,3,3,0,0.51,MEDIUM,Yes,Part_Manuf ('Parksite (6151)') resolved as SUPPLIER/DISTRIBUTOR; legal manufacturer resolved from raw brand 'TIMBERTECH' | extraction: item type not confidently identified | no live manufacturer-source evidence gathered for this row in this run -- attributes remain UNVERIFIED (regex/candidate layer only),,0
AGB15520SG,Deck Boards,HIGH,HIGH,HIGH,True,3,3,0,0.51,MEDIUM,Yes,Part_Manuf ('Parksite (6151)') resolved as SUPPLIER/DISTRIBUTOR; legal manufacturer resolved from raw brand 'TIMBERTECH' | extraction: item type not confidently identified | no live manufacturer-source evidence gathered for this row in this run -- attributes remain UNVERIFIED (regex/candidate layer only),,0
543140016,Deck Boards,HIGH,HIGH,HIGH,True,1,1,0,0.51,MEDIUM,Yes,Part_Manuf ('U S Lumber (3073)') resolved as SUPPLIER/DISTRIBUTOR; legal manufacturer resolved from raw brand 'TREX' | extraction: item type not confidently identified | evidence: No successful live HTTP fetch occurred for this SKU during this session. Dimension facts extracted from candidate text via dim_parser regex at UNVERIFIED status. | no live manufacturer-source evidence gathered for this row in this run -- attributes remain UNVERIFIED (regex/candidate layer only),,0
543140020,Deck Boards,HIGH,HIGH,HIGH,True,1,1,0,0.51,MEDIUM,Yes,Part_Manuf ('U S Lumber (3073)') resolved as SUPPLIER/DISTRIBUTOR; legal manufacturer resolved from raw brand 'TREX' | extraction: item type not confidently identified | evidence: No successful live HTTP fetch occurred for this SKU during this session. Dimension facts extracted from candidate text via dim_parser regex at UNVERIFIED status. | no live manufacturer-source evidence gathered for this row in this run -- attributes remain UNVERIFIED (regex/candidate layer only),,0
543142016,Deck Boards,HIGH,HIGH,HIGH,True,1,1,0,0.51,MEDIUM,Yes,Part_Manuf ('U S Lumber (3073)') resolved as SUPPLIER/DISTRIBUTOR; legal manufacturer resolved from raw brand 'TREX' | extraction: item type not confidently identified | no live manufacturer-source evidence gathered for this row in this run -- attributes remain UNVERIFIED (regex/candidate layer only),,0
543142020,Deck Boards,HIGH,HIGH,HIGH,True,1,1,0,0.51,MEDIUM,Yes,Part_Manuf ('U S Lumber (3073)') resolved as SUPPLIER/DISTRIBUTOR; legal manufacturer resolved from raw brand 'TREX' | extraction: item type not confidently identified | no live manufacturer-source evidence gathered for this row in this run -- attributes remain UNVERIFIED (regex/candidate layer only),,0
543144016,Deck Boards,HIGH,HIGH,HIGH,True,1,1,0,0.51,MEDIUM,Yes,Part_Manuf ('U S Lumber (3073)') resolved as SUPPLIER/DISTRIBUTOR; legal manufacturer resolved from raw brand 'TREX' | extraction: item type not confidently identified | no live manufacturer-source evidence gathered for this row in this run -- attributes remain UNVERIFIED (regex/candidate layer only),,0
543144020,Deck Boards,HIGH,HIGH,HIGH,True,1,1,0,0.51,MEDIUM,Yes,Part_Manuf ('U S Lumber (3073)') resolved as SUPPLIER/DISTRIBUTOR; legal manufacturer resolved from raw brand 'TREX' | extraction: item type not confidently identified | no live manufacturer-source evidence gathered for this row in this run -- attributes remain UNVERIFIED (regex/candidate layer only),,0
543143016,Deck Boards,HIGH,HIGH,HIGH,True,1,1,0,0.51,MEDIUM,Yes,Part_Manuf ('U S Lumber (3073)') resolved as SUPPLIER/DISTRIBUTOR; legal manufacturer resolved from raw brand 'TREX' | extraction: item type not confidently identified | no live manufacturer-source evidence gathered for this row in this run -- attributes remain UNVERIFIED (regex/candidate layer only),,0
543143020,Deck Boards,HIGH,HIGH,HIGH,True,1,1,0,0.51,MEDIUM,Yes,Part_Manuf ('U S Lumber (3073)') resolved as SUPPLIER/DISTRIBUTOR; legal manufacturer resolved from raw brand 'TREX' | extraction: item type not confidently identified | no live manufacturer-source evidence gathered for this row in this run -- attributes remain UNVERIFIED (regex/candidate layer only),,0
543141016,Deck Boards,HIGH,HIGH,HIGH,True,1,1,0,0.51,MEDIUM,Yes,Part_Manuf ('U S Lumber (3073)') resolved as SUPPLIER/DISTRIBUTOR; legal manufacturer resolved from raw brand 'TREX' | extraction: item type not confidently identified | no live manufacturer-source evidence gathered for this row in this run -- attributes remain UNVERIFIED (regex/candidate layer only),,0
543141020,Deck Boards,HIGH,HIGH,HIGH,True,1,1,0,0.51,MEDIUM,Yes,Part_Manuf ('U S Lumber (3073)') resolved as SUPPLIER/DISTRIBUTOR; legal manufacturer resolved from raw brand 'TREX' | extraction: item type not confidently identified | no live manufacturer-source evidence gathered for this row in this run -- attributes remain UNVERIFIED (regex/candidate layer only),,0
543140412,Deck Boards,HIGH,HIGH,HIGH,True,1,1,0,0.51,MEDIUM,Yes,Part_Manuf ('U S Lumber (3073)') resolved as SUPPLIER/DISTRIBUTOR; legal manufacturer resolved from raw brand 'TREX' | extraction: item type not confidently identified | no live manufacturer-source evidence gathered for this row in this run -- attributes remain UNVERIFIED (regex/candidate layer only),,0
543140416,Deck Boards,HIGH,HIGH,HIGH,True,1,1,0,0.51,MEDIUM,Yes,Part_Manuf ('U S Lumber (3073)') resolved as SUPPLIER/DISTRIBUTOR; legal manufacturer resolved from raw brand 'TREX' | extraction: item type not confidently identified | no live manufacturer-source evidence gathered for this row in this run -- attributes remain UNVERIFIED (regex/candidate layer only),,0
543140420,Deck Boards,HIGH,HIGH,HIGH,True,1,1,0,0.51,MEDIUM,Yes,Part_Manuf ('U S Lumber (3073)') resolved as SUPPLIER/DISTRIBUTOR; legal manufacturer resolved from raw brand 'TREX' | extraction: item type not confidently identified | no live manufacturer-source evidence gathered for this row in this run -- attributes remain UNVERIFIED (regex/candidate layer only),,0
543142412,Deck Boards,HIGH,HIGH,HIGH,True,1,1,0,0.51,MEDIUM,Yes,Part_Manuf ('U S Lumber (3073)') resolved as SUPPLIER/DISTRIBUTOR; legal manufacturer resolved from raw brand 'TREX' | extraction: item type not confidently identified | no live manufacturer-source evidence gathered for this row in this run -- attributes remain UNVERIFIED (regex/candidate layer only),,0
543142416,Deck Boards,HIGH,HIGH,HIGH,True,1,1,0,0.51,MEDIUM,Yes,Part_Manuf ('U S Lumber (3073)') resolved as SUPPLIER/DISTRIBUTOR; legal manufacturer resolved from raw brand 'TREX' | extraction: item type not confidently identified | no live manufacturer-source evidence gathered for this row in this run -- attributes remain UNVERIFIED (regex/candidate layer only),,0
543142420,Deck Boards,HIGH,HIGH,HIGH,True,1,1,0,0.51,MEDIUM,Yes,Part_Manuf ('U S Lumber (3073)') resolved as SUPPLIER/DISTRIBUTOR; legal manufacturer resolved from raw brand 'TREX' | extraction: item type not confidently identified | no live manufacturer-source evidence gathered for this row in this run -- attributes remain UNVERIFIED (regex/candidate layer only),,0
543144412,Deck Boards,HIGH,HIGH,HIGH,True,1,1,0,0.51,MEDIUM,Yes,Part_Manuf ('U S Lumber (3073)') resolved as SUPPLIER/DISTRIBUTOR; legal manufacturer resolved from raw brand 'TREX' | extraction: item type not confidently identified | no live manufacturer-source evidence gathered for this row in this run -- attributes remain UNVERIFIED (regex/candidate layer only),,0
543144416,Deck Boards,HIGH,HIGH,HIGH,True,1,1,0,0.51,MEDIUM,Yes,Part_Manuf ('U S Lumber (3073)') resolved as SUPPLIER/DISTRIBUTOR; legal manufacturer resolved from raw brand 'TREX' | extraction: item type not confidently identified | no live manufacturer-source evidence gathered for this row in this run -- attributes remain UNVERIFIED (regex/candidate layer only),,0
543144420,Deck Boards,HIGH,HIGH,HIGH,True,1,1,0,0.51,MEDIUM,Yes,Part_Manuf ('U S Lumber (3073)') resolved as SUPPLIER/DISTRIBUTOR; legal manufacturer resolved from raw brand 'TREX' | extraction: item type not confidently identified | no live manufacturer-source evidence gathered for this row in this run -- attributes remain UNVERIFIED (regex/candidate layer only),,0
543143412,Deck Boards,HIGH,HIGH,HIGH,True,1,1,0,0.51,MEDIUM,Yes,Part_Manuf ('U S Lumber (3073)') resolved as SUPPLIER/DISTRIBUTOR; legal manufacturer resolved from raw brand 'TREX' | extraction: item type not confidently identified | no live manufacturer-source evidence gathered for this row in this run -- attributes remain UNVERIFIED (regex/candidate layer only),,0
543143416,Deck Boards,HIGH,HIGH,HIGH,True,1,1,0,0.51,MEDIUM,Yes,Part_Manuf ('U S Lumber (3073)') resolved as SUPPLIER/DISTRIBUTOR; legal manufacturer resolved from raw brand 'TREX' | extraction: item type not confidently identified | no live manufacturer-source evidence gathered for this row in this run -- attributes remain UNVERIFIED (regex/candidate layer only),,0
543143420,Deck Boards,HIGH,HIGH,HIGH,True,1,1,0,0.51,MEDIUM,Yes,Part_Manuf ('U S Lumber (3073)') resolved as SUPPLIER/DISTRIBUTOR; legal manufacturer resolved from raw brand 'TREX' | extraction: item type not confidently identified | no live manufacturer-source evidence gathered for this row in this run -- attributes remain UNVERIFIED (regex/candidate layer only),,0
543141412,Deck Boards,HIGH,HIGH,HIGH,True,1,1,0,0.51,MEDIUM,Yes,Part_Manuf ('U S Lumber (3073)') resolved as SUPPLIER/DISTRIBUTOR; legal manufacturer resolved from raw brand 'TREX' | extraction: item type not confidently identified | no live manufacturer-source evidence gathered for this row in this run -- attributes remain UNVERIFIED (regex/candidate layer only),,0
543141416,Deck Boards,HIGH,HIGH,HIGH,True,1,1,0,0.51,MEDIUM,Yes,Part_Manuf ('U S Lumber (3073)') resolved as SUPPLIER/DISTRIBUTOR; legal manufacturer resolved from raw brand 'TREX' | extraction: item type not confidently identified | no live manufacturer-source evidence gathered for this row in this run -- attributes remain UNVERIFIED (regex/candidate layer only),,0
543141420,Deck Boards,HIGH,HIGH,HIGH,True,1,1,0,0.51,MEDIUM,Yes,Part_Manuf ('U S Lumber (3073)') resolved as SUPPLIER/DISTRIBUTOR; legal manufacturer resolved from raw brand 'TREX' | extraction: item type not confidently identified | no live manufacturer-source evidence gathered for this row in this run -- attributes remain UNVERIFIED (regex/candidate layer only),,0
1513703,Deck Boards,HIGH,HIGH,HIGH,True,1,1,0,0.51,MEDIUM,Yes,Part_Manuf ('Boise Cascade Building Materials (BOICA)') resolved as SUPPLIER/DISTRIBUTOR; legal manufacturer resolved from raw brand 'TREX' | extraction: item type not confidently identified | no live manufacturer-source evidence gathered for this row in this run -- attributes remain UNVERIFIED (regex/candidate layer only),,0
1513704,Deck Boards,HIGH,HIGH,HIGH,True,1,1,0,0.51,MEDIUM,Yes,Part_Manuf ('Boise Cascade Building Materials (BOICA)') resolved as SUPPLIER/DISTRIBUTOR; legal manufacturer resolved from raw brand 'TREX' | extraction: item type not confidently identified | no live manufacturer-source evidence gathered for this row in this run -- attributes remain UNVERIFIED (regex/candidate layer only),,0
1513705,Deck Boards,HIGH,HIGH,HIGH,True,1,1,0,0.51,MEDIUM,Yes,Part_Manuf ('Boise Cascade Building Materials (BOICA)') resolved as SUPPLIER/DISTRIBUTOR; legal manufacturer resolved from raw brand 'TREX' | extraction: item type not confidently identified | no live manufacturer-source evidence gathered for this row in this run -- attributes remain UNVERIFIED (regex/candidate layer only),,0
1513706,Deck Boards,HIGH,HIGH,HIGH,True,1,1,0,0.51,MEDIUM,Yes,Part_Manuf ('Boise Cascade Building Materials (BOICA)') resolved as SUPPLIER/DISTRIBUTOR; legal manufacturer resolved from raw brand 'TREX' | extraction: item type not confidently identified | no live manufacturer-source evidence gathered for this row in this run -- attributes remain UNVERIFIED (regex/candidate layer only),,0
1513707,Deck Boards,HIGH,HIGH,HIGH,True,1,1,0,0.51,MEDIUM,Yes,Part_Manuf ('Boise Cascade Building Materials (BOICA)') resolved as SUPPLIER/DISTRIBUTOR; legal manufacturer resolved from raw brand 'TREX' | extraction: item type not confidently identified | no live manufacturer-source evidence gathered for this row in this run -- attributes remain UNVERIFIED (regex/candidate layer only),,0
1513708,Deck Boards,HIGH,HIGH,HIGH,True,1,1,0,0.51,MEDIUM,Yes,Part_Manuf ('Boise Cascade Building Materials (BOICA)') resolved as SUPPLIER/DISTRIBUTOR; legal manufacturer resolved from raw brand 'TREX' | extraction: item type not confidently identified | no live manufacturer-source evidence gathered for this row in this run -- attributes remain UNVERIFIED (regex/candidate layer only),,0
1513709,Deck Boards,HIGH,HIGH,HIGH,True,1,1,0,0.51,MEDIUM,Yes,Part_Manuf ('Boise Cascade Building Materials (BOICA)') resolved as SUPPLIER/DISTRIBUTOR; legal manufacturer resolved from raw brand 'TREX' | extraction: item type not confidently identified | no live manufacturer-source evidence gathered for this row in this run -- attributes remain UNVERIFIED (regex/candidate layer only),,0
1513710,Deck Boards,HIGH,HIGH,HIGH,True,1,1,0,0.51,MEDIUM,Yes,Part_Manuf ('Boise Cascade Building Materials (BOICA)') resolved as SUPPLIER/DISTRIBUTOR; legal manufacturer resolved from raw brand 'TREX' | extraction: item type not confidently identified | no live manufacturer-source evidence gathered for this row in this run -- attributes remain UNVERIFIED (regex/candidate layer only),,0
1513711,Deck Boards,HIGH,HIGH,HIGH,True,1,1,0,0.51,MEDIUM,Yes,Part_Manuf ('Boise Cascade Building Materials (BOICA)') resolved as SUPPLIER/DISTRIBUTOR; legal manufacturer resolved from raw brand 'TREX' | extraction: item type not confidently identified | no live manufacturer-source evidence gathered for this row in this run -- attributes remain UNVERIFIED (regex/candidate layer only),,0
1513712,Deck Boards,HIGH,HIGH,HIGH,True,1,1,0,0.51,MEDIUM,Yes,Part_Manuf ('Boise Cascade Building Materials (BOICA)') resolved as SUPPLIER/DISTRIBUTOR; legal manufacturer resolved from raw brand 'TREX' | extraction: item type not confidently identified | no live manufacturer-source evidence gathered for this row in this run -- attributes remain UNVERIFIED (regex/candidate layer only),,0
1513717,Deck Boards,HIGH,HIGH,HIGH,True,1,1,0,0.51,MEDIUM,Yes,Part_Manuf ('Boise Cascade Building Materials (BOICA)') resolved as SUPPLIER/DISTRIBUTOR; legal manufacturer resolved from raw brand 'TREX' | extraction: item type not confidently identified | no live manufacturer-source evidence gathered for this row in this run -- attributes remain UNVERIFIED (regex/candidate layer only),,0
1513718,Deck Boards,HIGH,HIGH,HIGH,True,1,1,0,0.51,MEDIUM,Yes,Part_Manuf ('Boise Cascade Building Materials (BOICA)') resolved as SUPPLIER/DISTRIBUTOR; legal manufacturer resolved from raw brand 'TREX' | extraction: item type not confidently identified | no live manufacturer-source evidence gathered for this row in this run -- attributes remain UNVERIFIED (regex/candidate layer only),,0
1513719,Deck Boards,HIGH,HIGH,HIGH,True,1,1,0,0.51,MEDIUM,Yes,Part_Manuf ('Boise Cascade Building Materials (BOICA)') resolved as SUPPLIER/DISTRIBUTOR; legal manufacturer resolved from raw brand 'TREX' | extraction: item type not confidently identified | no live manufacturer-source evidence gathered for this row in this run -- attributes remain UNVERIFIED (regex/candidate layer only),,0
1513720,Deck Boards,HIGH,HIGH,HIGH,True,1,1,0,0.51,MEDIUM,Yes,Part_Manuf ('Boise Cascade Building Materials (BOICA)') resolved as SUPPLIER/DISTRIBUTOR; legal manufacturer resolved from raw brand 'TREX' | extraction: item type not confidently identified | no live manufacturer-source evidence gathered for this row in this run -- attributes remain UNVERIFIED (regex/candidate layer only),,0
1513721,Deck Boards,HIGH,HIGH,HIGH,True,1,1,0,0.51,MEDIUM,Yes,Part_Manuf ('Boise Cascade Building Materials (BOICA)') resolved as SUPPLIER/DISTRIBUTOR; legal manufacturer resolved from raw brand 'TREX' | extraction: item type not confidently identified | no live manufacturer-source evidence gathered for this row in this run -- attributes remain UNVERIFIED (regex/candidate layer only),,0
1513724,Deck Boards,HIGH,HIGH,HIGH,True,1,1,0,0.51,MEDIUM,Yes,Part_Manuf ('Boise Cascade Building Materials (BOICA)') resolved as SUPPLIER/DISTRIBUTOR; legal manufacturer resolved from raw brand 'TREX' | extraction: item type not confidently identified | no live manufacturer-source evidence gathered for this row in this run -- attributes remain UNVERIFIED (regex/candidate layer only),,0
1513725,Deck Boards,HIGH,HIGH,HIGH,True,1,1,0,0.51,MEDIUM,Yes,Part_Manuf ('Boise Cascade Building Materials (BOICA)') resolved as SUPPLIER/DISTRIBUTOR; legal manufacturer resolved from raw brand 'TREX' | extraction: item type not confidently identified | no live manufacturer-source evidence gathered for this row in this run -- attributes remain UNVERIFIED (regex/candidate layer only),,0
1513726,Deck Boards,HIGH,HIGH,HIGH,True,1,1,0,0.51,MEDIUM,Yes,Part_Manuf ('Boise Cascade Building Materials (BOICA)') resolved as SUPPLIER/DISTRIBUTOR; legal manufacturer resolved from raw brand 'TREX' | extraction: item type not confidently identified | no live manufacturer-source evidence gathered for this row in this run -- attributes remain UNVERIFIED (regex/candidate layer only),,0
1513727,Deck Boards,HIGH,HIGH,HIGH,True,1,1,0,0.51,MEDIUM,Yes,Part_Manuf ('Boise Cascade Building Materials (BOICA)') resolved as SUPPLIER/DISTRIBUTOR; legal manufacturer resolved from raw brand 'TREX' | extraction: item type not confidently identified | no live manufacturer-source evidence gathered for this row in this run -- attributes remain UNVERIFIED (regex/candidate layer only),,0
1513728,Deck Boards,HIGH,HIGH,HIGH,True,1,1,0,0.51,MEDIUM,Yes,Part_Manuf ('Boise Cascade Building Materials (BOICA)') resolved as SUPPLIER/DISTRIBUTOR; legal manufacturer resolved from raw brand 'TREX' | extraction: item type not confidently identified | no live manufacturer-source evidence gathered for this row in this run -- attributes remain UNVERIFIED (regex/candidate layer only),,0
543076016,Deck Boards,HIGH,HIGH,HIGH,True,1,1,0,0.51,MEDIUM,Yes,Part_Manuf ('Boise Cascade Building Materials (BOICA)') resolved as SUPPLIER/DISTRIBUTOR; legal manufacturer resolved from raw brand 'TREX' | extraction: item type not confidently identified | no live manufacturer-source evidence gathered for this row in this run -- attributes remain UNVERIFIED (regex/candidate layer only),,0
543076020,Deck Boards,HIGH,HIGH,HIGH,True,1,1,0,0.51,MEDIUM,Yes,Part_Manuf ('Boise Cascade Building Materials (BOICA)') resolved as SUPPLIER/DISTRIBUTOR; legal manufacturer resolved from raw brand 'TREX' | extraction: item type not confidently identified | no live manufacturer-source evidence gathered for this row in this run -- attributes remain UNVERIFIED (regex/candidate layer only),,0
543076412,Deck Boards,HIGH,HIGH,HIGH,True,1,1,0,0.51,MEDIUM,Yes,Part_Manuf ('Boise Cascade Building Materials (BOICA)') resolved as SUPPLIER/DISTRIBUTOR; legal manufacturer resolved from raw brand 'TREX' | extraction: item type not confidently identified | no live manufacturer-source evidence gathered for this row in this run -- attributes remain UNVERIFIED (regex/candidate layer only),,0
543076416,Deck Boards,HIGH,HIGH,HIGH,True,1,1,0,0.51,MEDIUM,Yes,Part_Manuf ('Boise Cascade Building Materials (BOICA)') resolved as SUPPLIER/DISTRIBUTOR; legal manufacturer resolved from raw brand 'TREX' | extraction: item type not confidently identified | no live manufacturer-source evidence gathered for this row in this run -- attributes remain UNVERIFIED (regex/candidate layer only),,0
543076420,Deck Boards,HIGH,HIGH,HIGH,True,1,1,0,0.51,MEDIUM,Yes,Part_Manuf ('Boise Cascade Building Materials (BOICA)') resolved as SUPPLIER/DISTRIBUTOR; legal manufacturer resolved from raw brand 'TREX' | extraction: item type not confidently identified | no live manufacturer-source evidence gathered for this row in this run -- attributes remain UNVERIFIED (regex/candidate layer only),,0
1516870,Deck Boards,HIGH,HIGH,HIGH,True,1,1,0,0.51,MEDIUM,Yes,Part_Manuf ('Boise Cascade Building Materials (BOICA)') resolved as SUPPLIER/DISTRIBUTOR; legal manufacturer resolved from raw brand 'TREX' | extraction: item type not confidently identified | no live manufacturer-source evidence gathered for this row in this run -- attributes remain UNVERIFIED (regex/candidate layer only),,0
1516871,Deck Boards,HIGH,HIGH,HIGH,True,1,1,0,0.51,MEDIUM,Yes,Part_Manuf ('Boise Cascade Building Materials (BOICA)') resolved as SUPPLIER/DISTRIBUTOR; legal manufacturer resolved from raw brand 'TREX' | extraction: item type not confidently identified | no live manufacturer-source evidence gathered for this row in this run -- attributes remain UNVERIFIED (regex/candidate layer only),,0
1516872,Deck Boards,HIGH,HIGH,HIGH,True,1,1,0,0.51,MEDIUM,Yes,Part_Manuf ('Boise Cascade Building Materials (BOICA)') resolved as SUPPLIER/DISTRIBUTOR; legal manufacturer resolved from raw brand 'TREX' | extraction: item type not confidently identified | no live manufacturer-source evidence gathered for this row in this run -- attributes remain UNVERIFIED (regex/candidate layer only),,0
1516873,Deck Boards,HIGH,HIGH,HIGH,True,1,1,0,0.51,MEDIUM,Yes,Part_Manuf ('Boise Cascade Building Materials (BOICA)') resolved as SUPPLIER/DISTRIBUTOR; legal manufacturer resolved from raw brand 'TREX' | extraction: item type not confidently identified | no live manufacturer-source evidence gathered for this row in this run -- attributes remain UNVERIFIED (regex/candidate layer only),,0
1516874,Deck Boards,HIGH,HIGH,HIGH,True,1,1,0,0.51,MEDIUM,Yes,Part_Manuf ('Boise Cascade Building Materials (BOICA)') resolved as SUPPLIER/DISTRIBUTOR; legal manufacturer resolved from raw brand 'TREX' | extraction: item type not confidently identified | no live manufacturer-source evidence gathered for this row in this run -- attributes remain UNVERIFIED (regex/candidate layer only),,0
1516879,Deck Boards,HIGH,HIGH,HIGH,True,1,1,0,0.51,MEDIUM,Yes,Part_Manuf ('Boise Cascade Building Materials (BOICA)') resolved as SUPPLIER/DISTRIBUTOR; legal manufacturer resolved from raw brand 'TREX' | extraction: item type not confidently identified | no live manufacturer-source evidence gathered for this row in this run -- attributes remain UNVERIFIED (regex/candidate layer only),,0
1516880,Deck Boards,HIGH,HIGH,HIGH,True,1,1,0,0.51,MEDIUM,Yes,Part_Manuf ('Boise Cascade Building Materials (BOICA)') resolved as SUPPLIER/DISTRIBUTOR; legal manufacturer resolved from raw brand 'TREX' | extraction: item type not confidently identified | no live manufacturer-source evidence gathered for this row in this run -- attributes remain UNVERIFIED (regex/candidate layer only),,0
1516881,Deck Boards,HIGH,HIGH,HIGH,True,1,1,0,0.51,MEDIUM,Yes,Part_Manuf ('Boise Cascade Building Materials (BOICA)') resolved as SUPPLIER/DISTRIBUTOR; legal manufacturer resolved from raw brand 'TREX' | extraction: item type not confidently identified | no live manufacturer-source evidence gathered for this row in this run -- attributes remain UNVERIFIED (regex/candidate layer only),,0
1516882,Deck Boards,HIGH,HIGH,HIGH,True,1,1,0,0.51,MEDIUM,Yes,Part_Manuf ('Boise Cascade Building Materials (BOICA)') resolved as SUPPLIER/DISTRIBUTOR; legal manufacturer resolved from raw brand 'TREX' | extraction: item type not confidently identified | no live manufacturer-source evidence gathered for this row in this run -- attributes remain UNVERIFIED (regex/candidate layer only),,0
1516883,Deck Boards,HIGH,HIGH,HIGH,True,1,1,0,0.51,MEDIUM,Yes,Part_Manuf ('Boise Cascade Building Materials (BOICA)') resolved as SUPPLIER/DISTRIBUTOR; legal manufacturer resolved from raw brand 'TREX' | extraction: item type not confidently identified | no live manufacturer-source evidence gathered for this row in this run -- attributes remain UNVERIFIED (regex/candidate layer only),,0
543005016,Deck Boards,HIGH,HIGH,HIGH,True,1,1,0,0.51,MEDIUM,Yes,Part_Manuf ('Boise Cascade Building Materials (BOICA)') resolved as SUPPLIER/DISTRIBUTOR; legal manufacturer resolved from raw brand 'TREX' | extraction: item type not confidently identified | no live manufacturer-source evidence gathered for this row in this run -- attributes remain UNVERIFIED (regex/candidate layer only),,0
543005020,Deck Boards,HIGH,HIGH,HIGH,True,1,1,0,0.51,MEDIUM,Yes,Part_Manuf ('Boise Cascade Building Materials (BOICA)') resolved as SUPPLIER/DISTRIBUTOR; legal manufacturer resolved from raw brand 'TREX' | extraction: item type not confidently identified | no live manufacturer-source evidence gathered for this row in this run -- attributes remain UNVERIFIED (regex/candidate layer only),,0
543005412,Deck Boards,HIGH,HIGH,HIGH,True,1,1,0,0.51,MEDIUM,Yes,Part_Manuf ('Boise Cascade Building Materials (BOICA)') resolved as SUPPLIER/DISTRIBUTOR; legal manufacturer resolved from raw brand 'TREX' | extraction: item type not confidently identified | no live manufacturer-source evidence gathered for this row in this run -- attributes remain UNVERIFIED (regex/candidate layer only),,0
543005416,Deck Boards,HIGH,HIGH,HIGH,True,1,1,0,0.51,MEDIUM,Yes,Part_Manuf ('Boise Cascade Building Materials (BOICA)') resolved as SUPPLIER/DISTRIBUTOR; legal manufacturer resolved from raw brand 'TREX' | extraction: item type not confidently identified | no live manufacturer-source evidence gathered for this row in this run -- attributes remain UNVERIFIED (regex/candidate layer only),,0
543005420,Deck Boards,HIGH,HIGH,HIGH,True,1,1,0,0.51,MEDIUM,Yes,Part_Manuf ('Boise Cascade Building Materials (BOICA)') resolved as SUPPLIER/DISTRIBUTOR; legal manufacturer resolved from raw brand 'TREX' | extraction: item type not confidently identified | no live manufacturer-source evidence gathered for this row in this run -- attributes remain UNVERIFIED (regex/candidate layer only),,0
1516891,Deck Boards,HIGH,HIGH,HIGH,True,1,1,0,0.51,MEDIUM,Yes,Part_Manuf ('Boise Cascade Building Materials (BOICA)') resolved as SUPPLIER/DISTRIBUTOR; legal manufacturer resolved from raw brand 'TREX' | extraction: item type not confidently identified | no live manufacturer-source evidence gathered for this row in this run -- attributes remain UNVERIFIED (regex/candidate layer only),,0
1516892,Deck Boards,HIGH,HIGH,HIGH,True,1,1,0,0.51,MEDIUM,Yes,Part_Manuf ('Boise Cascade Building Materials (BOICA)') resolved as SUPPLIER/DISTRIBUTOR; legal manufacturer resolved from raw brand 'TREX' | extraction: item type not confidently identified | no live manufacturer-source evidence gathered for this row in this run -- attributes remain UNVERIFIED (regex/candidate layer only),,0
1516893,Deck Boards,HIGH,HIGH,HIGH,True,1,1,0,0.51,MEDIUM,Yes,Part_Manuf ('Boise Cascade Building Materials (BOICA)') resolved as SUPPLIER/DISTRIBUTOR; legal manufacturer resolved from raw brand 'TREX' | extraction: item type not confidently identified | no live manufacturer-source evidence gathered for this row in this run -- attributes remain UNVERIFIED (regex/candidate layer only),,0
1516894,Deck Boards,HIGH,HIGH,HIGH,True,1,1,0,0.51,MEDIUM,Yes,Part_Manuf ('Boise Cascade Building Materials (BOICA)') resolved as SUPPLIER/DISTRIBUTOR; legal manufacturer resolved from raw brand 'TREX' | extraction: item type not confidently identified | no live manufacturer-source evidence gathered for this row in this run -- attributes remain UNVERIFIED (regex/candidate layer only),,0
1516895,Deck Boards,HIGH,HIGH,HIGH,True,1,1,0,0.51,MEDIUM,Yes,Part_Manuf ('Boise Cascade Building Materials (BOICA)') resolved as SUPPLIER/DISTRIBUTOR; legal manufacturer resolved from raw brand 'TREX' | extraction: item type not confidently identified | no live manufacturer-source evidence gathered for this row in this run -- attributes remain UNVERIFIED (regex/candidate layer only),,0
543007016,Deck Boards,HIGH,HIGH,HIGH,True,1,1,0,0.51,MEDIUM,Yes,Part_Manuf ('Boise Cascade Building Materials (BOICA)') resolved as SUPPLIER/DISTRIBUTOR; legal manufacturer resolved from raw brand 'TREX' | extraction: item type not confidently identified | no live manufacturer-source evidence gathered for this row in this run -- attributes remain UNVERIFIED (regex/candidate layer only),,0
543007020,Deck Boards,HIGH,HIGH,HIGH,True,1,1,0,0.51,MEDIUM,Yes,Part_Manuf ('Boise Cascade Building Materials (BOICA)') resolved as SUPPLIER/DISTRIBUTOR; legal manufacturer resolved from raw brand 'TREX' | extraction: item type not confidently identified | no live manufacturer-source evidence gathered for this row in this run -- attributes remain UNVERIFIED (regex/candidate layer only),,0
543007412,Deck Boards,HIGH,HIGH,HIGH,True,1,1,0,0.51,MEDIUM,Yes,Part_Manuf ('Boise Cascade Building Materials (BOICA)') resolved as SUPPLIER/DISTRIBUTOR; legal manufacturer resolved from raw brand 'TREX' | extraction: item type not confidently identified | no live manufacturer-source evidence gathered for this row in this run -- attributes remain UNVERIFIED (regex/candidate layer only),,0
543007416,Deck Boards,HIGH,HIGH,HIGH,True,1,1,0,0.51,MEDIUM,Yes,Part_Manuf ('Boise Cascade Building Materials (BOICA)') resolved as SUPPLIER/DISTRIBUTOR; legal manufacturer resolved from raw brand 'TREX' | extraction: item type not confidently identified | no live manufacturer-source evidence gathered for this row in this run -- attributes remain UNVERIFIED (regex/candidate layer only),,0
543007420,Deck Boards,HIGH,HIGH,HIGH,True,1,1,0,0.51,MEDIUM,Yes,Part_Manuf ('Boise Cascade Building Materials (BOICA)') resolved as SUPPLIER/DISTRIBUTOR; legal manufacturer resolved from raw brand 'TREX' | extraction: item type not confidently identified | no live manufacturer-source evidence gathered for this row in this run -- attributes remain UNVERIFIED (regex/candidate layer only),,0
ADR5117512CS,Fascia Boards,HIGH,HIGH,HIGH,True,3,3,0,0.51,MEDIUM,Yes,Part_Manuf ('Parksite (6151)') resolved as SUPPLIER/DISTRIBUTOR; legal manufacturer resolved from raw brand 'TIMBERTECH' | extraction: item type not confidently identified | no live manufacturer-source evidence gathered for this row in this run -- attributes remain UNVERIFIED (regex/candidate layer only),,0
ADR5117512MH,Fascia Boards,HIGH,HIGH,HIGH,True,3,3,0,0.51,MEDIUM,Yes,Part_Manuf ('Parksite (6151)') resolved as SUPPLIER/DISTRIBUTOR; legal manufacturer resolved from raw brand 'TIMBERTECH' | extraction: item type not confidently identified | no live manufacturer-source evidence gathered for this row in this run -- attributes remain UNVERIFIED (regex/candidate layer only),,0
ADR5117512WT,Fascia Boards,HIGH,HIGH,HIGH,True,3,3,0,0.51,MEDIUM,Yes,Part_Manuf ('Parksite (6151)') resolved as SUPPLIER/DISTRIBUTOR; legal manufacturer resolved from raw brand 'TIMBERTECH' | extraction: item type not confidently identified | no live manufacturer-source evidence gathered for this row in this run -- attributes remain UNVERIFIED (regex/candidate layer only),,0
ADR5117512AW,Fascia Boards,HIGH,HIGH,HIGH,True,3,3,0,0.51,MEDIUM,Yes,Part_Manuf ('Parksite (6151)') resolved as SUPPLIER/DISTRIBUTOR; legal manufacturer resolved from raw brand 'TIMBERTECH' | extraction: item type not confidently identified | no live manufacturer-source evidence gathered for this row in this run -- attributes remain UNVERIFIED (regex/candidate layer only),,0
ADR5117512CG,Fascia Boards,HIGH,HIGH,HIGH,True,3,3,0,0.51,MEDIUM,Yes,Part_Manuf ('Parksite (6151)') resolved as SUPPLIER/DISTRIBUTOR; legal manufacturer resolved from raw brand 'TIMBERTECH' | extraction: item type not confidently identified | no live manufacturer-source evidence gathered for this row in this run -- attributes remain UNVERIFIED (regex/candidate layer only),,0
ADR5117512FW,Fascia Boards,HIGH,HIGH,HIGH,True,3,3,0,0.51,MEDIUM,Yes,Part_Manuf ('Parksite (6151)') resolved as SUPPLIER/DISTRIBUTOR; legal manufacturer resolved from raw brand 'TIMBERTECH' | extraction: item type not confidently identified | no live manufacturer-source evidence gathered for this row in this run -- attributes remain UNVERIFIED (regex/candidate layer only),,0
1508395,Fascia Boards,HIGH,HIGH,HIGH,True,3,3,0,0.51,MEDIUM,Yes,Part_Manuf ('Parksite (6151)') resolved as SUPPLIER/DISTRIBUTOR; legal manufacturer resolved from raw brand 'TIMBERTECH' | extraction: item type not confidently identified | no live manufacturer-source evidence gathered for this row in this run -- attributes remain UNVERIFIED (regex/candidate layer only),,0
1508396,Fascia Boards,HIGH,HIGH,HIGH,True,3,3,0,0.51,MEDIUM,Yes,Part_Manuf ('Parksite (6151)') resolved as SUPPLIER/DISTRIBUTOR; legal manufacturer resolved from raw brand 'TIMBERTECH' | extraction: item type not confidently identified | no live manufacturer-source evidence gathered for this row in this run -- attributes remain UNVERIFIED (regex/candidate layer only),,0
ADCR5117512BS,Fascia Boards,HIGH,HIGH,HIGH,True,3,3,0,0.51,MEDIUM,Yes,Part_Manuf ('Parksite (6151)') resolved as SUPPLIER/DISTRIBUTOR; legal manufacturer resolved from raw brand 'TIMBERTECH' | extraction: item type not confidently identified | no live manufacturer-source evidence gathered for this row in this run -- attributes remain UNVERIFIED (regex/candidate layer only),,0
ADCR5117512SG,Fascia Boards,HIGH,HIGH,HIGH,True,3,3,0,0.51,MEDIUM,Yes,Part_Manuf ('Parksite (6151)') resolved as SUPPLIER/DISTRIBUTOR; legal manufacturer resolved from raw brand 'TIMBERTECH' | extraction: item type not confidently identified | no live manufacturer-source evidence gathered for this row in this run -- attributes remain UNVERIFIED (regex/candidate layer only),,0
543140908,Deck Boards,HIGH,HIGH,HIGH,True,3,3,0,0.51,MEDIUM,Yes,Part_Manuf ('U S Lumber (3073)') resolved as SUPPLIER/DISTRIBUTOR; legal manufacturer resolved from raw brand 'TREX' | extraction: item type not confidently identified | no live manufacturer-source evidence gathered for this row in this run -- attributes remain UNVERIFIED (regex/candidate layer only),,0
543142908,Deck Boards,HIGH,HIGH,HIGH,True,3,3,0,0.51,MEDIUM,Yes,Part_Manuf ('U S Lumber (3073)') resolved as SUPPLIER/DISTRIBUTOR; legal manufacturer resolved from raw brand 'TREX' | extraction: item type not confidently identified | no live manufacturer-source evidence gathered for this row in this run -- attributes remain UNVERIFIED (regex/candidate layer only),,0
543143908,Deck Boards,HIGH,HIGH,HIGH,True,3,3,0,0.51,MEDIUM,Yes,Part_Manuf ('U S Lumber (3073)') resolved as SUPPLIER/DISTRIBUTOR; legal manufacturer resolved from raw brand 'TREX' | extraction: item type not confidently identified | no live manufacturer-source evidence gathered for this row in this run -- attributes remain UNVERIFIED (regex/candidate layer only),,0
543140912,Deck Boards,HIGH,HIGH,HIGH,True,3,3,0,0.51,MEDIUM,Yes,Part_Manuf ('U S Lumber (3073)') resolved as SUPPLIER/DISTRIBUTOR; legal manufacturer resolved from raw brand 'TREX' | extraction: item type not confidently identified | no live manufacturer-source evidence gathered for this row in this run -- attributes remain UNVERIFIED (regex/candidate layer only),,0
543142912,Deck Boards,HIGH,HIGH,HIGH,True,3,3,0,0.51,MEDIUM,Yes,Part_Manuf ('U S Lumber (3073)') resolved as SUPPLIER/DISTRIBUTOR; legal manufacturer resolved from raw brand 'TREX' | extraction: item type not confidently identified | no live manufacturer-source evidence gathered for this row in this run -- attributes remain UNVERIFIED (regex/candidate layer only),,0
543143912,Deck Boards,HIGH,HIGH,HIGH,True,3,3,0,0.51,MEDIUM,Yes,Part_Manuf ('U S Lumber (3073)') resolved as SUPPLIER/DISTRIBUTOR; legal manufacturer resolved from raw brand 'TREX' | extraction: item type not confidently identified | no live manufacturer-source evidence gathered for this row in this run -- attributes remain UNVERIFIED (regex/candidate layer only),,0
1513715,Deck Boards,HIGH,HIGH,HIGH,True,3,3,0,0.51,MEDIUM,Yes,Part_Manuf ('Boise Cascade Building Materials (BOICA)') resolved as SUPPLIER/DISTRIBUTOR; legal manufacturer resolved from raw brand 'TREX' | extraction: item type not confidently identified | no live manufacturer-source evidence gathered for this row in this run -- attributes remain UNVERIFIED (regex/candidate layer only),,0
1513716,Deck Boards,HIGH,HIGH,HIGH,True,3,3,0,0.51,MEDIUM,Yes,Part_Manuf ('Boise Cascade Building Materials (BOICA)') resolved as SUPPLIER/DISTRIBUTOR; legal manufacturer resolved from raw brand 'TREX' | extraction: item type not confidently identified | no live manufacturer-source evidence gathered for this row in this run -- attributes remain UNVERIFIED (regex/candidate layer only),,0
1513722,Fascia Boards,HIGH,HIGH,HIGH,True,3,3,0,0.51,MEDIUM,Yes,Part_Manuf ('Boise Cascade Building Materials (BOICA)') resolved as SUPPLIER/DISTRIBUTOR; legal manufacturer resolved from raw brand 'TREX' | extraction: item type not confidently identified | no live manufacturer-source evidence gathered for this row in this run -- attributes remain UNVERIFIED (regex/candidate layer only),,0
1513723,Fascia Boards,HIGH,HIGH,HIGH,True,3,3,0,0.51,MEDIUM,Yes,Part_Manuf ('Boise Cascade Building Materials (BOICA)') resolved as SUPPLIER/DISTRIBUTOR; legal manufacturer resolved from raw brand 'TREX' | extraction: item type not confidently identified | no live manufacturer-source evidence gathered for this row in this run -- attributes remain UNVERIFIED (regex/candidate layer only),,0
1513729,Fascia Boards,HIGH,HIGH,HIGH,True,3,3,0,0.51,MEDIUM,Yes,Part_Manuf ('Boise Cascade Building Materials (BOICA)') resolved as SUPPLIER/DISTRIBUTOR; legal manufacturer resolved from raw brand 'TREX' | extraction: item type not confidently identified | no live manufacturer-source evidence gathered for this row in this run -- attributes remain UNVERIFIED (regex/candidate layer only),,0
1513730,Fascia Boards,HIGH,HIGH,HIGH,True,3,3,0,0.51,MEDIUM,Yes,Part_Manuf ('Boise Cascade Building Materials (BOICA)') resolved as SUPPLIER/DISTRIBUTOR; legal manufacturer resolved from raw brand 'TREX' | extraction: item type not confidently identified | no live manufacturer-source evidence gathered for this row in this run -- attributes remain UNVERIFIED (regex/candidate layer only),,0
543076916,Fascia Boards,HIGH,HIGH,HIGH,True,3,3,0,0.51,MEDIUM,Yes,Part_Manuf ('Boise Cascade Building Materials (BOICA)') resolved as SUPPLIER/DISTRIBUTOR; legal manufacturer resolved from raw brand 'TREX' | extraction: item type not confidently identified | no live manufacturer-source evidence gathered for this row in this run -- attributes remain UNVERIFIED (regex/candidate layer only),,0
1516876,Fascia Boards,HIGH,HIGH,HIGH,True,3,3,0,0.51,MEDIUM,Yes,Part_Manuf ('Boise Cascade Building Materials (BOICA)') resolved as SUPPLIER/DISTRIBUTOR; legal manufacturer resolved from raw brand 'TREX' | extraction: item type not confidently identified | no live manufacturer-source evidence gathered for this row in this run -- attributes remain UNVERIFIED (regex/candidate layer only),,0
543076936,Fascia Boards,HIGH,HIGH,HIGH,True,3,3,0,0.51,MEDIUM,Yes,Part_Manuf ('Boise Cascade Building Materials (BOICA)') resolved as SUPPLIER/DISTRIBUTOR; legal manufacturer resolved from raw brand 'TREX' | extraction: item type not confidently identified | no live manufacturer-source evidence gathered for this row in this run -- attributes remain UNVERIFIED (regex/candidate layer only),,0
1516878,Fascia Boards,HIGH,HIGH,HIGH,True,3,3,0,0.51,MEDIUM,Yes,Part_Manuf ('Boise Cascade Building Materials (BOICA)') resolved as SUPPLIER/DISTRIBUTOR; legal manufacturer resolved from raw brand 'TREX' | extraction: item type not confidently identified | no live manufacturer-source evidence gathered for this row in this run -- attributes remain UNVERIFIED (regex/candidate layer only),,0
1516884,Fascia Boards,HIGH,HIGH,HIGH,True,3,3,0,0.51,MEDIUM,Yes,Part_Manuf ('Boise Cascade Building Materials (BOICA)') resolved as SUPPLIER/DISTRIBUTOR; legal manufacturer resolved from raw brand 'TREX' | extraction: item type not confidently identified | no live manufacturer-source evidence gathered for this row in this run -- attributes remain UNVERIFIED (regex/candidate layer only),,0
1516885,Fascia Boards,HIGH,HIGH,HIGH,True,3,3,0,0.51,MEDIUM,Yes,Part_Manuf ('Boise Cascade Building Materials (BOICA)') resolved as SUPPLIER/DISTRIBUTOR; legal manufacturer resolved from raw brand 'TREX' | extraction: item type not confidently identified | no live manufacturer-source evidence gathered for this row in this run -- attributes remain UNVERIFIED (regex/candidate layer only),,0
543005916,Fascia Boards,HIGH,HIGH,HIGH,True,3,3,0,0.51,MEDIUM,Yes,Part_Manuf ('Boise Cascade Building Materials (BOICA)') resolved as SUPPLIER/DISTRIBUTOR; legal manufacturer resolved from raw brand 'TREX' | extraction: item type not confidently identified | no live manufacturer-source evidence gathered for this row in this run -- attributes remain UNVERIFIED (regex/candidate layer only),,0
1516902,Fascia Boards,HIGH,HIGH,HIGH,True,3,3,0,0.51,MEDIUM,Yes,Part_Manuf ('Boise Cascade Building Materials (BOICA)') resolved as SUPPLIER/DISTRIBUTOR; legal manufacturer resolved from raw brand 'TREX' | extraction: item type not confidently identified | no live manufacturer-source evidence gathered for this row in this run -- attributes remain UNVERIFIED (regex/candidate layer only),,0
543007916,Fascia Boards,HIGH,HIGH,HIGH,True,3,3,0,0.51,MEDIUM,Yes,Part_Manuf ('Boise Cascade Building Materials (BOICA)') resolved as SUPPLIER/DISTRIBUTOR; legal manufacturer resolved from raw brand 'TREX' | extraction: item type not confidently identified | no live manufacturer-source evidence gathered for this row in this run -- attributes remain UNVERIFIED (regex/candidate layer only),,0
543005936,Fascia Boards,HIGH,HIGH,HIGH,True,3,3,0,0.51,MEDIUM,Yes,Part_Manuf ('Boise Cascade Building Materials (BOICA)') resolved as SUPPLIER/DISTRIBUTOR; legal manufacturer resolved from raw brand 'TREX' | extraction: item type not confidently identified | no live manufacturer-source evidence gathered for this row in this run -- attributes remain UNVERIFIED (regex/candidate layer only),,0
1516905,Fascia Boards,HIGH,HIGH,HIGH,True,3,3,0,0.51,MEDIUM,Yes,Part_Manuf ('Boise Cascade Building Materials (BOICA)') resolved as SUPPLIER/DISTRIBUTOR; legal manufacturer resolved from raw brand 'TREX' | extraction: item type not confidently identified | no live manufacturer-source evidence gathered for this row in this run -- attributes remain UNVERIFIED (regex/candidate layer only),,0
543007936,Fascia Boards,HIGH,HIGH,HIGH,True,3,3,0,0.51,MEDIUM,Yes,Part_Manuf ('Boise Cascade Building Materials (BOICA)') resolved as SUPPLIER/DISTRIBUTOR; legal manufacturer resolved from raw brand 'TREX' | extraction: item type not confidently identified | no live manufacturer-source evidence gathered for this row in this run -- attributes remain UNVERIFIED (regex/candidate layer only),,0
543144908,Deck Boards,HIGH,HIGH,HIGH,True,3,3,0,0.51,MEDIUM,Yes,Part_Manuf ('U S Lumber (3073)') resolved as SUPPLIER/DISTRIBUTOR; legal manufacturer resolved from raw brand 'TREX' | extraction: item type not confidently identified | no live manufacturer-source evidence gathered for this row in this run -- attributes remain UNVERIFIED (regex/candidate layer only),,0
543141908,Deck Boards,HIGH,HIGH,HIGH,True,3,3,0,0.51,MEDIUM,Yes,Part_Manuf ('U S Lumber (3073)') resolved as SUPPLIER/DISTRIBUTOR; legal manufacturer resolved from raw brand 'TREX' | extraction: item type not confidently identified | no live manufacturer-source evidence gathered for this row in this run -- attributes remain UNVERIFIED (regex/candidate layer only),,0
543144912,Deck Boards,HIGH,HIGH,HIGH,True,3,3,0,0.51,MEDIUM,Yes,Part_Manuf ('U S Lumber (3073)') resolved as SUPPLIER/DISTRIBUTOR; legal manufacturer resolved from raw brand 'TREX' | extraction: item type not confidently identified | no live manufacturer-source evidence gathered for this row in this run -- attributes remain UNVERIFIED (regex/candidate layer only),,0
543141912,Deck Boards,HIGH,HIGH,HIGH,True,3,3,0,0.51,MEDIUM,Yes,Part_Manuf ('U S Lumber (3073)') resolved as SUPPLIER/DISTRIBUTOR; legal manufacturer resolved from raw brand 'TREX' | extraction: item type not confidently identified | no live manufacturer-source evidence gathered for this row in this run -- attributes remain UNVERIFIED (regex/candidate layer only),,0
1513713,Deck Boards,HIGH,HIGH,HIGH,True,3,3,0,0.51,MEDIUM,Yes,Part_Manuf ('Boise Cascade Building Materials (BOICA)') resolved as SUPPLIER/DISTRIBUTOR; legal manufacturer resolved from raw brand 'TREX' | extraction: item type not confidently identified | no live manufacturer-source evidence gathered for this row in this run -- attributes remain UNVERIFIED (regex/candidate layer only),,0
1513714,Deck Boards,HIGH,HIGH,HIGH,True,3,3,0,0.51,MEDIUM,Yes,Part_Manuf ('Boise Cascade Building Materials (BOICA)') resolved as SUPPLIER/DISTRIBUTOR; legal manufacturer resolved from raw brand 'TREX' | extraction: item type not confidently identified | no live manufacturer-source evidence gathered for this row in this run -- attributes remain UNVERIFIED (regex/candidate layer only),,0
73012503,,UNRESOLVED,MEDIUM,MEDIUM,False,2,2,0,0.18,LOW,Yes,"Part_Manuf is placeholder; manufacturer inferred from description token 'RDI®' | taxonomy: no rule matched, classification UNRESOLVED | extraction: dimension chain length has no schema mapping for '' | extraction: dimension chain length has no schema mapping for '' | extraction: item type not confidently identified | no live manufacturer-source evidence gathered for this row in this run -- attributes remain UNVERIFIED (regex/candidate layer only)",,0
73018131,,UNRESOLVED,MEDIUM,MEDIUM,False,3,3,0,0.197,LOW,Yes,"Part_Manuf is placeholder; manufacturer inferred from description token 'RDI®' | taxonomy: no rule matched, classification UNRESOLVED | extraction: dimension chain length has no schema mapping for '' | extraction: dimension chain length has no schema mapping for '' | extraction: item type not confidently identified | no live manufacturer-source evidence gathered for this row in this run -- attributes remain UNVERIFIED (regex/candidate layer only)",,0
73018091,,UNRESOLVED,MEDIUM,MEDIUM,False,2,2,0,0.18,LOW,Yes,"Part_Manuf is placeholder; manufacturer inferred from description token 'RDI®' | taxonomy: no rule matched, classification UNRESOLVED | extraction: dimension chain length has no schema mapping for '' | extraction: dimension chain length has no schema mapping for '' | extraction: item type not confidently identified | no live manufacturer-source evidence gathered for this row in this run -- attributes remain UNVERIFIED (regex/candidate layer only)",,0
73018066,,UNRESOLVED,MEDIUM,MEDIUM,False,3,3,0,0.197,LOW,Yes,"Part_Manuf is placeholder; manufacturer inferred from description token 'RDI®' | taxonomy: no rule matched, classification UNRESOLVED | extraction: dimension chain length has no schema mapping for '' | extraction: dimension chain length has no schema mapping for '' | extraction: item type not confidently identified | no live manufacturer-source evidence gathered for this row in this run -- attributes remain UNVERIFIED (regex/candidate layer only)",,0
73018076,Post Sleeves & Accessories,HIGH,MEDIUM,MEDIUM,False,1,1,0,0.43,LOW,Yes,Part_Manuf is placeholder; manufacturer inferred from description token 'RDI®' | extraction: item type not confidently identified | no live manufacturer-source evidence gathered for this row in this run -- attributes remain UNVERIFIED (regex/candidate layer only),,0
61109087,,UNRESOLVED,MEDIUM,MEDIUM,False,2,2,0,0.18,LOW,Yes,"Part_Manuf is placeholder; manufacturer inferred from description token 'RDI®' | taxonomy: no rule matched, classification UNRESOLVED | extraction: dimension chain length has no schema mapping for '' | extraction: dimension chain length has no schema mapping for '' | extraction: item type not confidently identified | no live manufacturer-source evidence gathered for this row in this run -- attributes remain UNVERIFIED (regex/candidate layer only)",,0
73018731,Post Sleeves & Accessories,HIGH,MEDIUM,MEDIUM,False,1,1,0,0.43,LOW,Yes,Part_Manuf is placeholder; manufacturer inferred from description token 'RDI®' | extraction: item type not confidently identified | no live manufacturer-source evidence gathered for this row in this run -- attributes remain UNVERIFIED (regex/candidate layer only),,0
61109090,Post Sleeves & Accessories,HIGH,MEDIUM,MEDIUM,False,1,1,0,0.43,LOW,Yes,Part_Manuf is placeholder; manufacturer inferred from description token 'RDI®' | extraction: item type not confidently identified | no live manufacturer-source evidence gathered for this row in this run -- attributes remain UNVERIFIED (regex/candidate layer only),,0
73053603,Post Sleeves & Accessories,HIGH,MEDIUM,MEDIUM,False,1,1,0,0.43,LOW,Yes,Part_Manuf is placeholder; manufacturer inferred from description token 'RDI®' | extraction: item type not confidently identified | no live manufacturer-source evidence gathered for this row in this run -- attributes remain UNVERIFIED (regex/candidate layer only),,0
73053608,Post Sleeves & Accessories,HIGH,MEDIUM,MEDIUM,False,1,1,0,0.43,LOW,Yes,Part_Manuf is placeholder; manufacturer inferred from description token 'RDI®' | extraction: item type not confidently identified | no live manufacturer-source evidence gathered for this row in this run -- attributes remain UNVERIFIED (regex/candidate layer only),,0
543340896,Railing Kits,HIGH,HIGH,HIGH,True,3,3,0,0.46,LOW,Yes,Part_Manuf ('Boise Cascade Building Materials (BOICA)') resolved as SUPPLIER/DISTRIBUTOR; legal manufacturer resolved from raw brand 'TREX' | extraction: dimension chain length has no schema mapping for 'Railing Kits' | extraction: dimension chain length has no schema mapping for 'Railing Kits' | extraction: dimension chain length has no schema mapping for 'Railing Kits' | extraction: item type not confidently identified | no live manufacturer-source evidence gathered for this row in this run -- attributes remain UNVERIFIED (regex/candidate layer only),,0
543340898,Railing Kits,HIGH,HIGH,HIGH,True,3,3,0,0.46,LOW,Yes,Part_Manuf ('Boise Cascade Building Materials (BOICA)') resolved as SUPPLIER/DISTRIBUTOR; legal manufacturer resolved from raw brand 'TREX' | extraction: dimension chain length has no schema mapping for 'Railing Kits' | extraction: dimension chain length has no schema mapping for 'Railing Kits' | extraction: dimension chain length has no schema mapping for 'Railing Kits' | extraction: item type not confidently identified | no live manufacturer-source evidence gathered for this row in this run -- attributes remain UNVERIFIED (regex/candidate layer only),,0
73272TBK,,UNRESOLVED,LOW,LOW,True,3,3,0,0.12,LOW,Yes,"'Palmer Donavin Mfg Company (PALDO)' not found in entity master | taxonomy: no rule matched, classification UNRESOLVED | extraction: dimension chain length has no schema mapping for '' | extraction: dimension chain length has no schema mapping for '' | extraction: dimension chain length has no schema mapping for '' | extraction: item type not confidently identified | no live manufacturer-source evidence gathered for this row in this run -- attributes remain UNVERIFIED (regex/candidate layer only)",MOBILE_DESC out of 60-80 char range (59),0
543302127,Railing Kits,HIGH,HIGH,HIGH,True,2,2,0,0.51,MEDIUM,Yes,Part_Manuf ('U S Lumber (3073)') resolved as SUPPLIER/DISTRIBUTOR; legal manufacturer resolved from raw brand 'TREX' | extraction: item type not confidently identified | no live manufacturer-source evidence gathered for this row in this run -- attributes remain UNVERIFIED (regex/candidate layer only),,0
543302147,Railing Kits,HIGH,HIGH,HIGH,True,2,2,0,0.51,MEDIUM,Yes,Part_Manuf ('U S Lumber (3073)') resolved as SUPPLIER/DISTRIBUTOR; legal manufacturer resolved from raw brand 'TREX' | extraction: item type not confidently identified | no live manufacturer-source evidence gathered for this row in this run -- attributes remain UNVERIFIED (regex/candidate layer only),,0
73019599,Railing Kits,HIGH,MEDIUM,MEDIUM,False,2,2,0,0.43,LOW,Yes,Part_Manuf is placeholder; manufacturer inferred from description token 'RDI®' | extraction: item type not confidently identified | no live manufacturer-source evidence gathered for this row in this run -- attributes remain UNVERIFIED (regex/candidate layer only),,0
73019648,Railing Kits,HIGH,MEDIUM,MEDIUM,False,2,2,0,0.43,LOW,Yes,Part_Manuf is placeholder; manufacturer inferred from description token 'RDI®' | extraction: item type not confidently identified | no live manufacturer-source evidence gathered for this row in this run -- attributes remain UNVERIFIED (regex/candidate layer only),,0
73019598,Railing Kits,HIGH,MEDIUM,MEDIUM,False,2,2,0,0.43,LOW,Yes,Part_Manuf is placeholder; manufacturer inferred from description token 'RDI®' | extraction: item type not confidently identified | no live manufacturer-source evidence gathered for this row in this run -- attributes remain UNVERIFIED (regex/candidate layer only),,0
73019647,Railing Kits,HIGH,MEDIUM,MEDIUM,False,2,2,0,0.43,LOW,Yes,Part_Manuf is placeholder; manufacturer inferred from description token 'RDI®' | extraction: item type not confidently identified | no live manufacturer-source evidence gathered for this row in this run -- attributes remain UNVERIFIED (regex/candidate layer only),,0
543300257,Railing Kits,HIGH,HIGH,HIGH,True,1,1,0,0.51,MEDIUM,Yes,Part_Manuf ('Boise Cascade Building Materials (BOICA)') resolved as SUPPLIER/DISTRIBUTOR; legal manufacturer resolved from raw brand 'TREX' | extraction: item type not confidently identified | no live manufacturer-source evidence gathered for this row in this run -- attributes remain UNVERIFIED (regex/candidate layer only),,0
543300277,Railing Kits,HIGH,HIGH,HIGH,True,1,1,0,0.51,MEDIUM,Yes,Part_Manuf ('Boise Cascade Building Materials (BOICA)') resolved as SUPPLIER/DISTRIBUTOR; legal manufacturer resolved from raw brand 'TREX' | extraction: item type not confidently identified | no live manufacturer-source evidence gathered for this row in this run -- attributes remain UNVERIFIED (regex/candidate layer only),,0
SPB-44BPL,,UNRESOLVED,UNVERIFIED,UNVERIFIED,False,3,3,0,0.06,LOW,Yes,"Part_Manuf is placeholder; no entity master match found | taxonomy: no rule matched, classification UNRESOLVED | extraction: dimension chain length has no schema mapping for '' | extraction: dimension chain length has no schema mapping for '' | extraction: dimension chain length has no schema mapping for '' | extraction: item type not confidently identified | no live manufacturer-source evidence gathered for this row in this run -- attributes remain UNVERIFIED (regex/candidate layer only)",,0
925219,,UNRESOLVED,LOW,LOW,True,2,2,0,0.09,LOW,Yes,"'Palmer Donavin Mfg Company (PALDO)' not found in entity master | taxonomy: no rule matched, classification UNRESOLVED | extraction: dimension chain length has no schema mapping for '' | extraction: dimension chain length has no schema mapping for '' | extraction: item type not confidently identified | no live manufacturer-source evidence gathered for this row in this run -- attributes remain UNVERIFIED (regex/candidate layer only)",,0
27233,,UNRESOLVED,LOW,LOW,True,0,0,0,0.06,LOW,Yes,"'A J Manufacturing Inc (AJMAN)' not found in entity master | taxonomy: no rule matched, classification UNRESOLVED | extraction: no dimension pattern matched | extraction: item type not confidently identified | no live manufacturer-source evidence gathered for this row in this run -- attributes remain UNVERIFIED (regex/candidate layer only)",MOBILE_DESC out of 60-80 char range (42),0
1517602,,UNRESOLVED,HIGH,HIGH,True,0,0,0,0.2,LOW,Yes,"Part_Manuf ('United Window & Door Manufacturing (UNIWI)') resolved as SUPPLIER/DISTRIBUTOR; legal manufacturer resolved from raw brand 'United Window & Door' | taxonomy: no rule matched, classification UNRESOLVED | extraction: no dimension pattern matched | extraction: item type not confidently identified | no live manufacturer-source evidence gathered for this row in this run -- attributes remain UNVERIFIED (regex/candidate layer only)",,0
1517603,,UNRESOLVED,HIGH,HIGH,True,0,0,0,0.2,LOW,Yes,"Part_Manuf ('United Window & Door Manufacturing (UNIWI)') resolved as SUPPLIER/DISTRIBUTOR; legal manufacturer resolved from raw brand 'United Window & Door' | taxonomy: no rule matched, classification UNRESOLVED | extraction: no dimension pattern matched | extraction: item type not confidently identified | no live manufacturer-source evidence gathered for this row in this run -- attributes remain UNVERIFIED (regex/candidate layer only)",,0
1517604,,UNRESOLVED,HIGH,HIGH,True,0,0,0,0.2,LOW,Yes,"Part_Manuf ('United Window & Door Manufacturing (UNIWI)') resolved as SUPPLIER/DISTRIBUTOR; legal manufacturer resolved from raw brand 'United Window & Door' | taxonomy: no rule matched, classification UNRESOLVED | extraction: no dimension pattern matched | extraction: item type not confidently identified | no live manufacturer-source evidence gathered for this row in this run -- attributes remain UNVERIFIED (regex/candidate layer only)",,0
1517605,,UNRESOLVED,HIGH,HIGH,True,0,0,0,0.2,LOW,Yes,"Part_Manuf ('United Window & Door Manufacturing (UNIWI)') resolved as SUPPLIER/DISTRIBUTOR; legal manufacturer resolved from raw brand 'United Window & Door' | taxonomy: no rule matched, classification UNRESOLVED | extraction: no dimension pattern matched | extraction: item type not confidently identified | no live manufacturer-source evidence gathered for this row in this run -- attributes remain UNVERIFIED (regex/candidate layer only)",,0
FS C01 2004S,,UNRESOLVED,LOW,LOW,True,3,3,0,0.09,LOW,Yes,"'Velux America Inc (VELAM)' not found in entity master | taxonomy: no rule matched, classification UNRESOLVED | extraction: dimension chain length has no schema mapping for '' | extraction: dimension chain length has no schema mapping for '' | extraction: dimension chain length has no schema mapping for '' | extraction: item type not confidently identified | no live manufacturer-source evidence gathered for this row in this run -- attributes remain UNVERIFIED (regex/candidate layer only)",,0
FS C04 2004S,,UNRESOLVED,LOW,LOW,True,3,3,0,0.09,LOW,Yes,"'Velux America Inc (VELAM)' not found in entity master | taxonomy: no rule matched, classification UNRESOLVED | extraction: dimension chain length has no schema mapping for '' | extraction: dimension chain length has no schema mapping for '' | extraction: dimension chain length has no schema mapping for '' | extraction: item type not confidently identified | no live manufacturer-source evidence gathered for this row in this run -- attributes remain UNVERIFIED (regex/candidate layer only)",,0
FS C06 2004S,,UNRESOLVED,LOW,LOW,True,3,3,0,0.09,LOW,Yes,"'Velux America Inc (VELAM)' not found in entity master | taxonomy: no rule matched, classification UNRESOLVED | extraction: dimension chain length has no schema mapping for '' | extraction: dimension chain length has no schema mapping for '' | extraction: dimension chain length has no schema mapping for '' | extraction: item type not confidently identified | no live manufacturer-source evidence gathered for this row in this run -- attributes remain UNVERIFIED (regex/candidate layer only)",,0
1501831,,UNRESOLVED,LOW,LOW,True,2,2,0,0.12,LOW,Yes,"'ProVia (PRODO)' not found in entity master | taxonomy: no rule matched, classification UNRESOLVED | extraction: dimension chain length has no schema mapping for '' | extraction: dimension chain length has no schema mapping for '' | extraction: item type not confidently identified | no live manufacturer-source evidence gathered for this row in this run -- attributes remain UNVERIFIED (regex/candidate layer only)",,0
1501832,,UNRESOLVED,LOW,LOW,True,2,2,0,0.12,LOW,Yes,"'ProVia (PRODO)' not found in entity master | taxonomy: no rule matched, classification UNRESOLVED | extraction: dimension chain length has no schema mapping for '' | extraction: dimension chain length has no schema mapping for '' | extraction: item type not confidently identified | no live manufacturer-source evidence gathered for this row in this run -- attributes remain UNVERIFIED (regex/candidate layer only)",,0
1515974,,UNRESOLVED,HIGH,HIGH,False,0,0,0,0.2,LOW,Yes,"Part_Manuf is placeholder; manufacturer resolved from raw brand 'United Window & Door' | taxonomy: no rule matched, classification UNRESOLVED | extraction: no dimension pattern matched | extraction: item type not confidently identified | no live manufacturer-source evidence gathered for this row in this run -- attributes remain UNVERIFIED (regex/candidate layer only)",,0
640383,,UNRESOLVED,LOW,LOW,True,2,2,0,0.09,LOW,Yes,"'Certainteed Gypsum (2765)' not found in entity master | taxonomy: no rule matched, classification UNRESOLVED | extraction: dimension chain length has no schema mapping for '' | extraction: dimension chain length has no schema mapping for '' | extraction: item type not confidently identified | no live manufacturer-source evidence gathered for this row in this run -- attributes remain UNVERIFIED (regex/candidate layer only)",,0
653258,,UNRESOLVED,LOW,LOW,True,2,2,0,0.09,LOW,Yes,"'Certainteed Gypsum (2765)' not found in entity master | taxonomy: no rule matched, classification UNRESOLVED | extraction: dimension chain length has no schema mapping for '' | extraction: dimension chain length has no schema mapping for '' | extraction: item type not confidently identified | no live manufacturer-source evidence gathered for this row in this run -- attributes remain UNVERIFIED (regex/candidate layer only)",,0
413S-DBA-36,,UNRESOLVED,LOW,LOW,True,1,1,0,0.12,LOW,Yes,"'Hager Hinge Co (4189)' not found in entity master | taxonomy: no rule matched, classification UNRESOLVED | extraction: dimension chain length has no schema mapping for '' | extraction: item type not confidently identified | no live manufacturer-source evidence gathered for this row in this run -- attributes remain UNVERIFIED (regex/candidate layer only)",,0
413S-DBA-72,,UNRESOLVED,LOW,LOW,True,1,1,0,0.12,LOW,Yes,"'Hager Hinge Co (4189)' not found in entity master | taxonomy: no rule matched, classification UNRESOLVED | extraction: dimension chain length has no schema mapping for '' | extraction: item type not confidently identified | no live manufacturer-source evidence gathered for this row in this run -- attributes remain UNVERIFIED (regex/candidate layer only)",,0
1511506,,UNRESOLVED,LOW,LOW,True,2,2,0,0.09,LOW,Yes,"'Huber Eng Wood LLC (3158)' not found in entity master | taxonomy: no rule matched, classification UNRESOLVED | extraction: dimension chain length has no schema mapping for '' | extraction: dimension chain length has no schema mapping for '' | extraction: item type not confidently identified | no live manufacturer-source evidence gathered for this row in this run -- attributes remain UNVERIFIED (regex/candidate layer only)",,0
1513577,,UNRESOLVED,LOW,LOW,True,3,3,0,0.12,LOW,Yes,"'Westwood Lumber Sales (WESLU)' not found in entity master | taxonomy: no rule matched, classification UNRESOLVED | extraction: dimension chain length has no schema mapping for '' | extraction: dimension chain length has no schema mapping for '' | extraction: dimension chain length has no schema mapping for '' | extraction: item type not confidently identified | no live manufacturer-source evidence gathered for this row in this run -- attributes remain UNVERIFIED (regex/candidate layer only)",,0
1513578,,UNRESOLVED,LOW,LOW,True,3,3,0,0.12,LOW,Yes,"'Westwood Lumber Sales (WESLU)' not found in entity master | taxonomy: no rule matched, classification UNRESOLVED | extraction: dimension chain length has no schema mapping for '' | extraction: dimension chain length has no schema mapping for '' | extraction: dimension chain length has no schema mapping for '' | extraction: item type not confidently identified | no live manufacturer-source evidence gathered for this row in this run -- attributes remain UNVERIFIED (regex/candidate layer only)",,0
1513579,,UNRESOLVED,LOW,LOW,True,0,0,0,0.06,LOW,Yes,"'Westwood Lumber Sales (WESLU)' not found in entity master | taxonomy: no rule matched, classification UNRESOLVED | extraction: no dimension pattern matched | extraction: item type not confidently identified | no live manufacturer-source evidence gathered for this row in this run -- attributes remain UNVERIFIED (regex/candidate layer only)",,0
1513580,,UNRESOLVED,LOW,LOW,True,3,3,0,0.12,LOW,Yes,"'Westwood Lumber Sales (WESLU)' not found in entity master | taxonomy: no rule matched, classification UNRESOLVED | extraction: dimension chain length has no schema mapping for '' | extraction: dimension chain length has no schema mapping for '' | extraction: dimension chain length has no schema mapping for '' | extraction: item type not confidently identified | no live manufacturer-source evidence gathered for this row in this run -- attributes remain UNVERIFIED (regex/candidate layer only)",,0
1501767,,UNRESOLVED,UNVERIFIED,UNVERIFIED,False,2,2,0,0.06,LOW,Yes,"Part_Manuf is placeholder; no entity master match found | taxonomy: no rule matched, classification UNRESOLVED | extraction: dimension chain length has no schema mapping for '' | extraction: dimension chain length has no schema mapping for '' | extraction: item type not confidently identified | no live manufacturer-source evidence gathered for this row in this run -- attributes remain UNVERIFIED (regex/candidate layer only)",,0
PP-8BL,,UNRESOLVED,LOW,LOW,True,1,1,0,0.09,LOW,Yes,"'Premier Metals (PREME)' not found in entity master | taxonomy: no rule matched, classification UNRESOLVED | extraction: dimension chain length has no schema mapping for '' | extraction: item type not confidently identified | no live manufacturer-source evidence gathered for this row in this run -- attributes remain UNVERIFIED (regex/candidate layer only)",MOBILE_DESC out of 60-80 char range (58),0
PP-10BL,,UNRESOLVED,LOW,LOW,True,1,1,0,0.09,LOW,Yes,"'Premier Metals (PREME)' not found in entity master | taxonomy: no rule matched, classification UNRESOLVED | extraction: dimension chain length has no schema mapping for '' | extraction: item type not confidently identified | no live manufacturer-source evidence gathered for this row in this run -- attributes remain UNVERIFIED (regex/candidate layer only)",,0
PP-12BL,,UNRESOLVED,LOW,LOW,True,1,1,0,0.09,LOW,Yes,"'Premier Metals (PREME)' not found in entity master | taxonomy: no rule matched, classification UNRESOLVED | extraction: dimension chain length has no schema mapping for '' | extraction: item type not confidently identified | no live manufacturer-source evidence gathered for this row in this run -- attributes remain UNVERIFIED (regex/candidate layer only)",,0
PP-8CH,,UNRESOLVED,LOW,LOW,True,1,1,0,0.09,LOW,Yes,"'Premier Metals (PREME)' not found in entity master | taxonomy: no rule matched, classification UNRESOLVED | extraction: dimension chain length has no schema mapping for '' | extraction: item type not confidently identified | no live manufacturer-source evidence gathered for this row in this run -- attributes remain UNVERIFIED (regex/candidate layer only)",MOBILE_DESC out of 60-80 char range (58),0
PP-10CH,,UNRESOLVED,LOW,LOW,True,1,1,0,0.09,LOW,Yes,"'Premier Metals (PREME)' not found in entity master | taxonomy: no rule matched, classification UNRESOLVED | extraction: dimension chain length has no schema mapping for '' | extraction: item type not confidently identified | no live manufacturer-source evidence gathered for this row in this run -- attributes remain UNVERIFIED (regex/candidate layer only)",,0
PP-12CH,,UNRESOLVED,LOW,LOW,True,1,1,0,0.09,LOW,Yes,"'Premier Metals (PREME)' not found in entity master | taxonomy: no rule matched, classification UNRESOLVED | extraction: dimension chain length has no schema mapping for '' | extraction: item type not confidently identified | no live manufacturer-source evidence gathered for this row in this run -- attributes remain UNVERIFIED (regex/candidate layer only)",,0
PP-8WH,,UNRESOLVED,LOW,LOW,True,1,1,0,0.09,LOW,Yes,"'Premier Metals (PREME)' not found in entity master | taxonomy: no rule matched, classification UNRESOLVED | extraction: dimension chain length has no schema mapping for '' | extraction: item type not confidently identified | no live manufacturer-source evidence gathered for this row in this run -- attributes remain UNVERIFIED (regex/candidate layer only)",MOBILE_DESC out of 60-80 char range (58),0
PP-10WH,,UNRESOLVED,LOW,LOW,True,1,1,0,0.09,LOW,Yes,"'Premier Metals (PREME)' not found in entity master | taxonomy: no rule matched, classification UNRESOLVED | extraction: dimension chain length has no schema mapping for '' | extraction: item type not confidently identified | no live manufacturer-source evidence gathered for this row in this run -- attributes remain UNVERIFIED (regex/candidate layer only)",,0
1504345,,UNRESOLVED,LOW,LOW,True,0,0,0,0.03,LOW,Yes,"'Palmer Donavin Mfg Company (PALDO)' not found in entity master | taxonomy: no rule matched, classification UNRESOLVED | extraction: no dimension pattern matched | extraction: item type not confidently identified | no live manufacturer-source evidence gathered for this row in this run -- attributes remain UNVERIFIED (regex/candidate layer only)",MOBILE_DESC out of 60-80 char range (44),0
2733,,UNRESOLVED,LOW,LOW,True,2,2,0,0.09,LOW,Yes,"'Palmer Donavin Mfg Company (PALDO)' not found in entity master | taxonomy: no rule matched, classification UNRESOLVED | extraction: dimension chain length has no schema mapping for '' | extraction: dimension chain length has no schema mapping for '' | extraction: item type not confidently identified | no live manufacturer-source evidence gathered for this row in this run -- attributes remain UNVERIFIED (regex/candidate layer only)",,0
7547,,UNRESOLVED,UNVERIFIED,UNVERIFIED,False,0,0,0,0.0,UNVERIFIED,Yes,"Part_Manuf is placeholder; no entity master match found | taxonomy: no rule matched, classification UNRESOLVED | extraction: no dimension pattern matched | extraction: item type not confidently identified | no live manufacturer-source evidence gathered for this row in this run -- attributes remain UNVERIFIED (regex/candidate layer only)",MOBILE_DESC out of 60-80 char range (13),0
8912220,,UNRESOLVED,LOW,LOW,True,2,2,0,0.12,LOW,Yes,"'Boise Cascade Building Materials (BOICA)' not found in entity master | taxonomy: no rule matched, classification UNRESOLVED | extraction: dimension chain length has no schema mapping for '' | extraction: dimension chain length has no schema mapping for '' | extraction: item type not confidently identified | no live manufacturer-source evidence gathered for this row in this run -- attributes remain UNVERIFIED (regex/candidate layer only)",,0
8904015,,UNRESOLVED,LOW,LOW,True,2,2,0,0.12,LOW,Yes,"'Boise Cascade Building Materials (BOICA)' not found in entity master | taxonomy: no rule matched, classification UNRESOLVED | extraction: dimension chain length has no schema mapping for '' | extraction: dimension chain length has no schema mapping for '' | extraction: item type not confidently identified | no live manufacturer-source evidence gathered for this row in this run -- attributes remain UNVERIFIED (regex/candidate layer only)",,0
25796,,UNRESOLVED,LOW,LOW,True,2,2,0,0.12,LOW,Yes,"'U S Lumber (3073)' not found in entity master | taxonomy: no rule matched, classification UNRESOLVED | extraction: dimension chain length has no schema mapping for '' | extraction: dimension chain length has no schema mapping for '' | extraction: item type not confidently identified | no live manufacturer-source evidence gathered for this row in this run -- attributes remain UNVERIFIED (regex/candidate layer only)",,0
40503,,UNRESOLVED,LOW,LOW,True,2,2,0,0.12,LOW,Yes,"'U S Lumber (3073)' not found in entity master | taxonomy: no rule matched, classification UNRESOLVED | extraction: dimension chain length has no schema mapping for '' | extraction: dimension chain length has no schema mapping for '' | extraction: item type not confidently identified | no live manufacturer-source evidence gathered for this row in this run -- attributes remain UNVERIFIED (regex/candidate layer only)",,0
25825,,UNRESOLVED,LOW,LOW,True,2,2,0,0.12,LOW,Yes,"'U S Lumber (3073)' not found in entity master | taxonomy: no rule matched, classification UNRESOLVED | extraction: dimension chain length has no schema mapping for '' | extraction: dimension chain length has no schema mapping for '' | extraction: item type not confidently identified | no live manufacturer-source evidence gathered for this row in this run -- attributes remain UNVERIFIED (regex/candidate layer only)",,0
25822,,UNRESOLVED,LOW,LOW,True,2,2,0,0.12,LOW,Yes,"'U S Lumber (3073)' not found in entity master | taxonomy: no rule matched, classification UNRESOLVED | extraction: dimension chain length has no schema mapping for '' | extraction: dimension chain length has no schema mapping for '' | extraction: item type not confidently identified | no live manufacturer-source evidence gathered for this row in this run -- attributes remain UNVERIFIED (regex/candidate layer only)",,0
543650101,,UNRESOLVED,HIGH,HIGH,True,0,0,0,0.2,LOW,Yes,"Part_Manuf ('Boise Cascade Building Materials (BOICA)') resolved as SUPPLIER/DISTRIBUTOR; legal manufacturer resolved from raw brand 'TREX' | taxonomy: no rule matched, classification UNRESOLVED | extraction: no dimension pattern matched | extraction: item type not confidently identified | no live manufacturer-source evidence gathered for this row in this run -- attributes remain UNVERIFIED (regex/candidate layer only)",MOBILE_DESC out of 60-80 char range (45),0
543650010,,UNRESOLVED,HIGH,HIGH,True,0,0,0,0.2,LOW,Yes,"Part_Manuf ('Boise Cascade Building Materials (BOICA)') resolved as SUPPLIER/DISTRIBUTOR; legal manufacturer resolved from raw brand 'TREX' | taxonomy: no rule matched, classification UNRESOLVED | extraction: no dimension pattern matched | extraction: item type not confidently identified | no live manufacturer-source evidence gathered for this row in this run -- attributes remain UNVERIFIED (regex/candidate layer only)",MOBILE_DESC out of 60-80 char range (45),0
543650048,,UNRESOLVED,HIGH,HIGH,True,1,1,0,0.26,LOW,Yes,"Part_Manuf ('Boise Cascade Building Materials (BOICA)') resolved as SUPPLIER/DISTRIBUTOR; legal manufacturer resolved from raw brand 'TREX' | taxonomy: no rule matched, classification UNRESOLVED | extraction: dimension chain length has no schema mapping for '' | extraction: item type not confidently identified | no live manufacturer-source evidence gathered for this row in this run -- attributes remain UNVERIFIED (regex/candidate layer only)",,0
1506969,,UNRESOLVED,UNVERIFIED,UNVERIFIED,False,2,2,0,0.06,LOW,Yes,"Part_Manuf is placeholder; no entity master match found | taxonomy: no rule matched, classification UNRESOLVED | extraction: dimension chain length has no schema mapping for '' | extraction: dimension chain length has no schema mapping for '' | extraction: item type not confidently identified | no live manufacturer-source evidence gathered for this row in this run -- attributes remain UNVERIFIED (regex/candidate layer only)",,0
1514681,,UNRESOLVED,UNVERIFIED,UNVERIFIED,False,2,2,0,0.06,LOW,Yes,"Part_Manuf is placeholder; no entity master match found | taxonomy: no rule matched, classification UNRESOLVED | extraction: dimension chain length has no schema mapping for '' | extraction: dimension chain length has no schema mapping for '' | extraction: item type not confidently identified | no live manufacturer-source evidence gathered for this row in this run -- attributes remain UNVERIFIED (regex/candidate layer only)",,0
1514726,,UNRESOLVED,UNVERIFIED,UNVERIFIED,False,2,2,0,0.06,LOW,Yes,"Part_Manuf is placeholder; no entity master match found | taxonomy: no rule matched, classification UNRESOLVED | extraction: dimension chain length has no schema mapping for '' | extraction: dimension chain length has no schema mapping for '' | extraction: item type not confidently identified | no live manufacturer-source evidence gathered for this row in this run -- attributes remain UNVERIFIED (regex/candidate layer only)",,0
1728ABL,,UNRESOLVED,LOW,LOW,True,2,2,0,0.09,LOW,Yes,"'Palmer Donavin Mfg Company (PALDO)' not found in entity master | taxonomy: no rule matched, classification UNRESOLVED | extraction: dimension chain length has no schema mapping for '' | extraction: dimension chain length has no schema mapping for '' | extraction: item type not confidently identified | no live manufacturer-source evidence gathered for this row in this run -- attributes remain UNVERIFIED (regex/candidate layer only)",,0
402-R,Batteries & Chargers,HIGH,LOW,LOW,True,0,0,0,0.23,LOW,Yes,'MillerTech Energy Solutions (MILTE)' not found in entity master | extraction: no dimension pattern matched | extraction: item type not confidently identified | evidence: Candidate facts extracted from raw Part_Desc text via regex at UNVERIFIED status. | no live manufacturer-source evidence gathered for this row in this run -- attributes remain UNVERIFIED (regex/candidate layer only),MOBILE_DESC out of 60-80 char range (56),0
SL1672,,UNRESOLVED,HIGH,HIGH,False,0,0,0,0.2,LOW,Yes,"Part_Manuf is placeholder; manufacturer resolved from raw brand 'Schumacher' | taxonomy: no rule matched, classification UNRESOLVED | extraction: no dimension pattern matched | extraction: item type not confidently identified | no live manufacturer-source evidence gathered for this row in this run -- attributes remain UNVERIFIED (regex/candidate layer only)",,0
BM-DW20-YLW-6,Batteries & Chargers,HIGH,MEDIUM,MEDIUM,True,0,0,0,0.32,LOW,Yes,"Part_Manuf ('Metalmark Industrial Inc (METIN)') resolved as SUPPLIER/DISTRIBUTOR, not manufacturer -- true manufacturer inferred from brand token 'DEWALT®' in Part_Desc | extraction: no dimension pattern matched | extraction: item type not confidently identified | no live manufacturer-source evidence gathered for this row in this run -- attributes remain UNVERIFIED (regex/candidate layer only)",,0
BHA1-UPC,,UNRESOLVED,LOW,LOW,True,0,0,0,0.06,LOW,Yes,"'Southwire/g Turner (6603)' not found in entity master | taxonomy: no rule matched, classification UNRESOLVED | extraction: no dimension pattern matched | extraction: item type not confidently identified | no live manufacturer-source evidence gathered for this row in this run -- attributes remain UNVERIFIED (regex/candidate layer only)",MOBILE_DESC out of 60-80 char range (48),0
G1941-UPC,,UNRESOLVED,LOW,LOW,True,1,1,0,0.12,LOW,Yes,"'Southwire/g Turner (6603)' not found in entity master | taxonomy: no rule matched, classification UNRESOLVED | extraction: dimension chain length has no schema mapping for '' | extraction: item type not confidently identified | no live manufacturer-source evidence gathered for this row in this run -- attributes remain UNVERIFIED (regex/candidate layer only)",,0
G1950-UPC,,UNRESOLVED,LOW,LOW,True,2,2,0,0.12,LOW,Yes,"'Southwire/g Turner (6603)' not found in entity master | taxonomy: no rule matched, classification UNRESOLVED | extraction: dimension chain length has no schema mapping for '' | extraction: dimension chain length has no schema mapping for '' | extraction: item type not confidently identified | no live manufacturer-source evidence gathered for this row in this run -- attributes remain UNVERIFIED (regex/candidate layer only)",,0
A410RCAR,,UNRESOLVED,LOW,LOW,True,2,2,0,0.12,LOW,Yes,"'Thomas & Betts (7405)' not found in entity master | taxonomy: no rule matched, classification UNRESOLVED | extraction: dimension chain length has no schema mapping for '' | extraction: dimension chain length has no schema mapping for '' | extraction: item type not confidently identified | no live manufacturer-source evidence gathered for this row in this run -- attributes remain UNVERIFIED (regex/candidate layer only)",,0
G1951-UPC,,UNRESOLVED,LOW,LOW,True,2,2,0,0.12,LOW,Yes,"'Southwire/g Turner (6603)' not found in entity master | taxonomy: no rule matched, classification UNRESOLVED | extraction: dimension chain length has no schema mapping for '' | extraction: dimension chain length has no schema mapping for '' | extraction: item type not confidently identified | no live manufacturer-source evidence gathered for this row in this run -- attributes remain UNVERIFIED (regex/candidate layer only)",,0
52C3-5/8-UPC,,UNRESOLVED,LOW,LOW,True,2,2,0,0.12,LOW,Yes,"'Southwire/g Turner (6603)' not found in entity master | taxonomy: no rule matched, classification UNRESOLVED | extraction: dimension chain length has no schema mapping for '' | extraction: dimension chain length has no schema mapping for '' | extraction: item type not confidently identified | no live manufacturer-source evidence gathered for this row in this run -- attributes remain UNVERIFIED (regex/candidate layer only)",,0
52C14-5/8-UPC,,UNRESOLVED,LOW,LOW,True,2,2,0,0.12,LOW,Yes,"'Southwire/g Turner (6603)' not found in entity master | taxonomy: no rule matched, classification UNRESOLVED | extraction: dimension chain length has no schema mapping for '' | extraction: dimension chain length has no schema mapping for '' | extraction: item type not confidently identified | no live manufacturer-source evidence gathered for this row in this run -- attributes remain UNVERIFIED (regex/candidate layer only)",MOBILE_DESC out of 60-80 char range (53),0
52C3-UPC,,UNRESOLVED,LOW,LOW,True,2,2,0,0.12,LOW,Yes,"'Southwire/g Turner (6603)' not found in entity master | taxonomy: no rule matched, classification UNRESOLVED | extraction: dimension chain length has no schema mapping for '' | extraction: dimension chain length has no schema mapping for '' | extraction: item type not confidently identified | no live manufacturer-source evidence gathered for this row in this run -- attributes remain UNVERIFIED (regex/candidate layer only)",,0
54151-F-UPC,,UNRESOLVED,LOW,LOW,True,3,3,0,0.12,LOW,Yes,"'Southwire/g Turner (6603)' not found in entity master | taxonomy: no rule matched, classification UNRESOLVED | extraction: dimension chain length has no schema mapping for '' | extraction: dimension chain length has no schema mapping for '' | extraction: dimension chain length has no schema mapping for '' | extraction: item type not confidently identified | no live manufacturer-source evidence gathered for this row in this run -- attributes remain UNVERIFIED (regex/candidate layer only)",,0
54151-HUR-UPC,,UNRESOLVED,LOW,LOW,True,3,3,0,0.12,LOW,Yes,"'Southwire/g Turner (6603)' not found in entity master | taxonomy: no rule matched, classification UNRESOLVED | extraction: dimension chain length has no schema mapping for '' | extraction: dimension chain length has no schema mapping for '' | extraction: dimension chain length has no schema mapping for '' | extraction: item type not confidently identified | no live manufacturer-source evidence gathered for this row in this run -- attributes remain UNVERIFIED (regex/candidate layer only)",MOBILE_DESC out of 60-80 char range (53),0
54151-JR-UPC,,UNRESOLVED,LOW,LOW,True,3,3,0,0.12,LOW,Yes,"'Southwire/g Turner (6603)' not found in entity master | taxonomy: no rule matched, classification UNRESOLVED | extraction: dimension chain length has no schema mapping for '' | extraction: dimension chain length has no schema mapping for '' | extraction: dimension chain length has no schema mapping for '' | extraction: item type not confidently identified | no live manufacturer-source evidence gathered for this row in this run -- attributes remain UNVERIFIED (regex/candidate layer only)",,0
54171-R-UPC,,UNRESOLVED,LOW,LOW,True,0,0,0,0.06,LOW,Yes,"'Southwire/g Turner (6603)' not found in entity master | taxonomy: no rule matched, classification UNRESOLVED | extraction: no dimension pattern matched | extraction: item type not confidently identified | no live manufacturer-source evidence gathered for this row in this run -- attributes remain UNVERIFIED (regex/candidate layer only)",MOBILE_DESC out of 60-80 char range (51),0
52151-S-UPC,,UNRESOLVED,LOW,LOW,True,3,3,0,0.12,LOW,Yes,"'Southwire/g Turner (6603)' not found in entity master | taxonomy: no rule matched, classification UNRESOLVED | extraction: dimension chain length has no schema mapping for '' | extraction: dimension chain length has no schema mapping for '' | extraction: dimension chain length has no schema mapping for '' | extraction: item type not confidently identified | no live manufacturer-source evidence gathered for this row in this run -- attributes remain UNVERIFIED (regex/candidate layer only)",,0
72171-3/4-1W-UPC,,UNRESOLVED,LOW,LOW,True,3,3,0,0.12,LOW,Yes,"'Southwire/g Turner (6603)' not found in entity master | taxonomy: no rule matched, classification UNRESOLVED | extraction: dimension chain length has no schema mapping for '' | extraction: dimension chain length has no schema mapping for '' | extraction: dimension chain length has no schema mapping for '' | extraction: item type not confidently identified | no live manufacturer-source evidence gathered for this row in this run -- attributes remain UNVERIFIED (regex/candidate layer only)",MOBILE_DESC out of 60-80 char range (56),0
5522-5EV,,UNRESOLVED,LOW,LOW,True,0,0,0,0.03,LOW,Yes,"'Cooper Wiring Devices (3560)' not found in entity master | taxonomy: no rule matched, classification UNRESOLVED | extraction: no dimension pattern matched | extraction: item type not confidently identified | no live manufacturer-source evidence gathered for this row in this run -- attributes remain UNVERIFIED (regex/candidate layer only)",MOBILE_DESC out of 60-80 char range (40),0
AYCL-153PH-LA,,UNRESOLVED,LOW,LOW,True,0,0,0,0.03,LOW,Yes,"'Fenton Bros Electric Inc (FENBR)' not found in entity master | taxonomy: no rule matched, classification UNRESOLVED | extraction: no dimension pattern matched | extraction: item type not confidently identified | no live manufacturer-source evidence gathered for this row in this run -- attributes remain UNVERIFIED (regex/candidate layer only)",MOBILE_DESC out of 60-80 char range (48),0
AYCL-153PH-WH,,UNRESOLVED,LOW,LOW,True,0,0,0,0.03,LOW,Yes,"'Fenton Bros Electric Inc (FENBR)' not found in entity master | taxonomy: no rule matched, classification UNRESOLVED | extraction: no dimension pattern matched | extraction: item type not confidently identified | no live manufacturer-source evidence gathered for this row in this run -- attributes remain UNVERIFIED (regex/candidate layer only)",MOBILE_DESC out of 60-80 char range (48),0
D23LP-R02-1RW,,UNRESOLVED,LOW,LOW,True,0,0,0,0.06,LOW,Yes,"'Leviton Mfg Co (4927)' not found in entity master | taxonomy: no rule matched, classification UNRESOLVED | extraction: no dimension pattern matched | extraction: item type not confidently identified | no live manufacturer-source evidence gathered for this row in this run -- attributes remain UNVERIFIED (regex/candidate layer only)",MOBILE_DESC out of 60-80 char range (47),0
TNOCD002,,UNRESOLVED,LOW,LOW,True,1,1,0,0.17,LOW,Yes,"'Prime Wire & Cable (3562)' not found in entity master | taxonomy: no rule matched, classification UNRESOLVED | extraction: no dimension pattern matched | extraction: item type not confidently identified | no live manufacturer-source evidence gathered for this row in this run -- attributes remain UNVERIFIED (regex/candidate layer only)",,0
TNDHD002,,UNRESOLVED,LOW,LOW,True,1,1,0,0.17,LOW,Yes,"'Prime Wire & Cable (3562)' not found in entity master | taxonomy: no rule matched, classification UNRESOLVED | extraction: no dimension pattern matched | extraction: item type not confidently identified | no live manufacturer-source evidence gathered for this row in this run -- attributes remain UNVERIFIED (regex/candidate layer only)",,0
TNIDP12,,UNRESOLVED,LOW,LOW,True,1,1,0,0.17,LOW,Yes,"'Prime Wire & Cable (3562)' not found in entity master | taxonomy: no rule matched, classification UNRESOLVED | extraction: no dimension pattern matched | extraction: item type not confidently identified | no live manufacturer-source evidence gathered for this row in this run -- attributes remain UNVERIFIED (regex/candidate layer only)",,0
TNIW24,,UNRESOLVED,LOW,LOW,True,1,1,0,0.17,LOW,Yes,"'Prime Wire & Cable (3562)' not found in entity master | taxonomy: no rule matched, classification UNRESOLVED | extraction: no dimension pattern matched | extraction: item type not confidently identified | no live manufacturer-source evidence gathered for this row in this run -- attributes remain UNVERIFIED (regex/candidate layer only)",,0
65-1222,,UNRESOLVED,LOW,LOW,True,1,1,0,0.09,LOW,Yes,"'Satco Prod Inc (5573)' not found in entity master | taxonomy: no rule matched, classification UNRESOLVED | extraction: dimension chain length has no schema mapping for '' | extraction: item type not confidently identified | no live manufacturer-source evidence gathered for this row in this run -- attributes remain UNVERIFIED (regex/candidate layer only)",MOBILE_DESC out of 60-80 char range (59),0
65-1224,,UNRESOLVED,LOW,LOW,True,1,1,0,0.12,LOW,Yes,"'Satco Prod Inc (5573)' not found in entity master | taxonomy: no rule matched, classification UNRESOLVED | extraction: dimension chain length has no schema mapping for '' | extraction: item type not confidently identified | no live manufacturer-source evidence gathered for this row in this run -- attributes remain UNVERIFIED (regex/candidate layer only)",,0
45297BK,,UNRESOLVED,LOW,LOW,True,0,0,0,0.03,LOW,Yes,"'Kichler Lighting (KICLI)' not found in entity master | taxonomy: no rule matched, classification UNRESOLVED | extraction: no dimension pattern matched | extraction: item type not confidently identified | no live manufacturer-source evidence gathered for this row in this run -- attributes remain UNVERIFIED (regex/candidate layer only)",MOBILE_DESC out of 60-80 char range (34),0
45573BK,,UNRESOLVED,LOW,LOW,True,0,0,0,0.03,LOW,Yes,"'Kichler Lighting (KICLI)' not found in entity master | taxonomy: no rule matched, classification UNRESOLVED | extraction: no dimension pattern matched | extraction: item type not confidently identified | no live manufacturer-source evidence gathered for this row in this run -- attributes remain UNVERIFIED (regex/candidate layer only)",MOBILE_DESC out of 60-80 char range (34),0
37418A,,UNRESOLVED,LOW,LOW,True,0,0,0,0.03,LOW,Yes,"'Kichler Lighting (KICLI)' not found in entity master | taxonomy: no rule matched, classification UNRESOLVED | extraction: no dimension pattern matched | extraction: item type not confidently identified | no live manufacturer-source evidence gathered for this row in this run -- attributes remain UNVERIFIED (regex/candidate layer only)",MOBILE_DESC out of 60-80 char range (33),0
37423A,,UNRESOLVED,LOW,LOW,True,0,0,0,0.03,LOW,Yes,"'Kichler Lighting (KICLI)' not found in entity master | taxonomy: no rule matched, classification UNRESOLVED | extraction: no dimension pattern matched | extraction: item type not confidently identified | no live manufacturer-source evidence gathered for this row in this run -- attributes remain UNVERIFIED (regex/candidate layer only)",MOBILE_DESC out of 60-80 char range (33),0
45496BKCLR,,UNRESOLVED,LOW,LOW,True,0,0,0,0.03,LOW,Yes,"'Kichler Lighting (KICLI)' not found in entity master | taxonomy: no rule matched, classification UNRESOLVED | extraction: no dimension pattern matched | extraction: item type not confidently identified | no live manufacturer-source evidence gathered for this row in this run -- attributes remain UNVERIFIED (regex/candidate layer only)",MOBILE_DESC out of 60-80 char range (37),0
45973BK,,UNRESOLVED,LOW,LOW,True,0,0,0,0.03,LOW,Yes,"'Kichler Lighting (KICLI)' not found in entity master | taxonomy: no rule matched, classification UNRESOLVED | extraction: no dimension pattern matched | extraction: item type not confidently identified | no live manufacturer-source evidence gathered for this row in this run -- attributes remain UNVERIFIED (regex/candidate layer only)",MOBILE_DESC out of 60-80 char range (34),0
55155BK,,UNRESOLVED,LOW,LOW,True,0,0,0,0.03,LOW,Yes,"'Kichler Lighting (KICLI)' not found in entity master | taxonomy: no rule matched, classification UNRESOLVED | extraction: no dimension pattern matched | extraction: item type not confidently identified | no live manufacturer-source evidence gathered for this row in this run -- attributes remain UNVERIFIED (regex/candidate layer only)",MOBILE_DESC out of 60-80 char range (34),0
55157CPZ,,UNRESOLVED,LOW,LOW,True,0,0,0,0.03,LOW,Yes,"'Kichler Lighting (KICLI)' not found in entity master | taxonomy: no rule matched, classification UNRESOLVED | extraction: no dimension pattern matched | extraction: item type not confidently identified | no live manufacturer-source evidence gathered for this row in this run -- attributes remain UNVERIFIED (regex/candidate layer only)",MOBILE_DESC out of 60-80 char range (35),0
55184BK,,UNRESOLVED,LOW,LOW,True,0,0,0,0.03,LOW,Yes,"'Kichler Lighting (KICLI)' not found in entity master | taxonomy: no rule matched, classification UNRESOLVED | extraction: no dimension pattern matched | extraction: item type not confidently identified | no live manufacturer-source evidence gathered for this row in this run -- attributes remain UNVERIFIED (regex/candidate layer only)",MOBILE_DESC out of 60-80 char range (34),0
55185BK,,UNRESOLVED,LOW,LOW,True,0,0,0,0.03,LOW,Yes,"'Kichler Lighting (KICLI)' not found in entity master | taxonomy: no rule matched, classification UNRESOLVED | extraction: no dimension pattern matched | extraction: item type not confidently identified | no live manufacturer-source evidence gathered for this row in this run -- attributes remain UNVERIFIED (regex/candidate layer only)",MOBILE_DESC out of 60-80 char range (34),0
55186CH,,UNRESOLVED,LOW,LOW,True,0,0,0,0.03,LOW,Yes,"'Kichler Lighting (KICLI)' not found in entity master | taxonomy: no rule matched, classification UNRESOLVED | extraction: no dimension pattern matched | extraction: item type not confidently identified | no live manufacturer-source evidence gathered for this row in this run -- attributes remain UNVERIFIED (regex/candidate layer only)",MOBILE_DESC out of 60-80 char range (34),0
55210NI,,UNRESOLVED,LOW,LOW,True,0,0,0,0.03,LOW,Yes,"'Kichler Lighting (KICLI)' not found in entity master | taxonomy: no rule matched, classification UNRESOLVED | extraction: no dimension pattern matched | extraction: item type not confidently identified | no live manufacturer-source evidence gathered for this row in this run -- attributes remain UNVERIFIED (regex/candidate layer only)",MOBILE_DESC out of 60-80 char range (34),0
55211BK,,UNRESOLVED,LOW,LOW,True,0,0,0,0.03,LOW,Yes,"'Kichler Lighting (KICLI)' not found in entity master | taxonomy: no rule matched, classification UNRESOLVED | extraction: no dimension pattern matched | extraction: item type not confidently identified | no live manufacturer-source evidence gathered for this row in this run -- attributes remain UNVERIFIED (regex/candidate layer only)",MOBILE_DESC out of 60-80 char range (34),0
55211NI,,UNRESOLVED,LOW,LOW,True,0,0,0,0.03,LOW,Yes,"'Kichler Lighting (KICLI)' not found in entity master | taxonomy: no rule matched, classification UNRESOLVED | extraction: no dimension pattern matched | extraction: item type not confidently identified | no live manufacturer-source evidence gathered for this row in this run -- attributes remain UNVERIFIED (regex/candidate layer only)",MOBILE_DESC out of 60-80 char range (34),0
55212NI,,UNRESOLVED,LOW,LOW,True,0,0,0,0.03,LOW,Yes,"'Kichler Lighting (KICLI)' not found in entity master | taxonomy: no rule matched, classification UNRESOLVED | extraction: no dimension pattern matched | extraction: item type not confidently identified | no live manufacturer-source evidence gathered for this row in this run -- attributes remain UNVERIFIED (regex/candidate layer only)",MOBILE_DESC out of 60-80 char range (34),0
55226BKLFU,,UNRESOLVED,LOW,LOW,True,0,0,0,0.03,LOW,Yes,"'Kichler Lighting (KICLI)' not found in entity master | taxonomy: no rule matched, classification UNRESOLVED | extraction: no dimension pattern matched | extraction: item type not confidently identified | no live manufacturer-source evidence gathered for this row in this run -- attributes remain UNVERIFIED (regex/candidate layer only)",MOBILE_DESC out of 60-80 char range (37),0
55239CPZLED,,UNRESOLVED,LOW,LOW,True,0,0,0,0.03,LOW,Yes,"'Kichler Lighting (KICLI)' not found in entity master | taxonomy: no rule matched, classification UNRESOLVED | extraction: no dimension pattern matched | extraction: item type not confidently identified | no live manufacturer-source evidence gathered for this row in this run -- attributes remain UNVERIFIED (regex/candidate layer only)",MOBILE_DESC out of 60-80 char range (38),0
44072DBK,,UNRESOLVED,LOW,LOW,True,0,0,0,0.03,LOW,Yes,"'Kichler Lighting (KICLI)' not found in entity master | taxonomy: no rule matched, classification UNRESOLVED | extraction: no dimension pattern matched | extraction: item type not confidently identified | no live manufacturer-source evidence gathered for this row in this run -- attributes remain UNVERIFIED (regex/candidate layer only)",MOBILE_DESC out of 60-80 char range (35),0
44073NI,,UNRESOLVED,LOW,LOW,True,0,0,0,0.03,LOW,Yes,"'Kichler Lighting (KICLI)' not found in entity master | taxonomy: no rule matched, classification UNRESOLVED | extraction: no dimension pattern matched | extraction: item type not confidently identified | no live manufacturer-source evidence gathered for this row in this run -- attributes remain UNVERIFIED (regex/candidate layer only)",MOBILE_DESC out of 60-80 char range (34),0
52033BK,,UNRESOLVED,LOW,LOW,True,0,0,0,0.03,LOW,Yes,"'Kichler Lighting (KICLI)' not found in entity master | taxonomy: no rule matched, classification UNRESOLVED | extraction: no dimension pattern matched | extraction: item type not confidently identified | no live manufacturer-source evidence gathered for this row in this run -- attributes remain UNVERIFIED (regex/candidate layer only)",MOBILE_DESC out of 60-80 char range (34),0
84322WH,,UNRESOLVED,LOW,LOW,True,0,0,0,0.03,LOW,Yes,"'Kichler Lighting (KICLI)' not found in entity master | taxonomy: no rule matched, classification UNRESOLVED | extraction: no dimension pattern matched | extraction: item type not confidently identified | no live manufacturer-source evidence gathered for this row in this run -- attributes remain UNVERIFIED (regex/candidate layer only)",MOBILE_DESC out of 60-80 char range (34),0
52404BK,,UNRESOLVED,LOW,LOW,True,0,0,0,0.03,LOW,Yes,"'Kichler Lighting (KICLI)' not found in entity master | taxonomy: no rule matched, classification UNRESOLVED | extraction: no dimension pattern matched | extraction: item type not confidently identified | no live manufacturer-source evidence gathered for this row in this run -- attributes remain UNVERIFIED (regex/candidate layer only)",MOBILE_DESC out of 60-80 char range (34),0
34686A,,UNRESOLVED,LOW,LOW,True,0,0,0,0.03,LOW,Yes,"'Kichler Lighting (KICLI)' not found in entity master | taxonomy: no rule matched, classification UNRESOLVED | extraction: no dimension pattern matched | extraction: item type not confidently identified | no live manufacturer-source evidence gathered for this row in this run -- attributes remain UNVERIFIED (regex/candidate layer only)",MOBILE_DESC out of 60-80 char range (33),0
34687A,,UNRESOLVED,LOW,LOW,True,0,0,0,0.03,LOW,Yes,"'Kichler Lighting (KICLI)' not found in entity master | taxonomy: no rule matched, classification UNRESOLVED | extraction: no dimension pattern matched | extraction: item type not confidently identified | no live manufacturer-source evidence gathered for this row in this run -- attributes remain UNVERIFIED (regex/candidate layer only)",MOBILE_DESC out of 60-80 char range (33),0
34688A,,UNRESOLVED,UNVERIFIED,UNVERIFIED,False,0,0,0,0.0,UNVERIFIED,Yes,"Part_Manuf is placeholder; no entity master match found | taxonomy: no rule matched, classification UNRESOLVED | extraction: no dimension pattern matched | extraction: item type not confidently identified | no live manufacturer-source evidence gathered for this row in this run -- attributes remain UNVERIFIED (regex/candidate layer only)",MOBILE_DESC out of 60-80 char range (15),0
43671BKCLR,,UNRESOLVED,LOW,LOW,True,0,0,0,0.03,LOW,Yes,"'Kichler Lighting (KICLI)' not found in entity master | taxonomy: no rule matched, classification UNRESOLVED | extraction: no dimension pattern matched | extraction: item type not confidently identified | no live manufacturer-source evidence gathered for this row in this run -- attributes remain UNVERIFIED (regex/candidate layer only)",MOBILE_DESC out of 60-80 char range (37),0
52616BK,,UNRESOLVED,LOW,LOW,True,0,0,0,0.03,LOW,Yes,"'Kichler Lighting (KICLI)' not found in entity master | taxonomy: no rule matched, classification UNRESOLVED | extraction: no dimension pattern matched | extraction: item type not confidently identified | no live manufacturer-source evidence gathered for this row in this run -- attributes remain UNVERIFIED (regex/candidate layer only)",MOBILE_DESC out of 60-80 char range (34),0
52616NI,,UNRESOLVED,LOW,LOW,True,0,0,0,0.03,LOW,Yes,"'Kichler Lighting (KICLI)' not found in entity master | taxonomy: no rule matched, classification UNRESOLVED | extraction: no dimension pattern matched | extraction: item type not confidently identified | no live manufacturer-source evidence gathered for this row in this run -- attributes remain UNVERIFIED (regex/candidate layer only)",MOBILE_DESC out of 60-80 char range (34),0
52678BK,,UNRESOLVED,LOW,LOW,True,0,0,0,0.03,LOW,Yes,"'Kichler Lighting (KICLI)' not found in entity master | taxonomy: no rule matched, classification UNRESOLVED | extraction: no dimension pattern matched | extraction: item type not confidently identified | no live manufacturer-source evidence gathered for this row in this run -- attributes remain UNVERIFIED (regex/candidate layer only)",MOBILE_DESC out of 60-80 char range (34),0
52680CPZ,,UNRESOLVED,LOW,LOW,True,0,0,0,0.03,LOW,Yes,"'Kichler Lighting (KICLI)' not found in entity master | taxonomy: no rule matched, classification UNRESOLVED | extraction: no dimension pattern matched | extraction: item type not confidently identified | no live manufacturer-source evidence gathered for this row in this run -- attributes remain UNVERIFIED (regex/candidate layer only)",MOBILE_DESC out of 60-80 char range (35),0
52772BK,,UNRESOLVED,LOW,LOW,True,0,0,0,0.03,LOW,Yes,"'Kichler Lighting (KICLI)' not found in entity master | taxonomy: no rule matched, classification UNRESOLVED | extraction: no dimension pattern matched | extraction: item type not confidently identified | no live manufacturer-source evidence gathered for this row in this run -- attributes remain UNVERIFIED (regex/candidate layer only)",MOBILE_DESC out of 60-80 char range (34),0
82399,,UNRESOLVED,LOW,LOW,True,0,0,0,0.03,LOW,Yes,"'Kichler Lighting (KICLI)' not found in entity master | taxonomy: no rule matched, classification UNRESOLVED | extraction: no dimension pattern matched | extraction: item type not confidently identified | no live manufacturer-source evidence gathered for this row in this run -- attributes remain UNVERIFIED (regex/candidate layer only)",MOBILE_DESC out of 60-80 char range (32),0
65-771R3,,UNRESOLVED,LOW,LOW,True,0,0,0,0.03,LOW,Yes,"'Satco Prod Inc (5573)' not found in entity master | taxonomy: no rule matched, classification UNRESOLVED | extraction: no dimension pattern matched | extraction: item type not confidently identified | no live manufacturer-source evidence gathered for this row in this run -- attributes remain UNVERIFIED (regex/candidate layer only)",MOBILE_DESC out of 60-80 char range (33),0
42955BK,,UNRESOLVED,LOW,LOW,True,0,0,0,0.03,LOW,Yes,"'Kichler Lighting (KICLI)' not found in entity master | taxonomy: no rule matched, classification UNRESOLVED | extraction: no dimension pattern matched | extraction: item type not confidently identified | no live manufacturer-source evidence gathered for this row in this run -- attributes remain UNVERIFIED (regex/candidate layer only)",MOBILE_DESC out of 60-80 char range (34),0
42275BK,,UNRESOLVED,LOW,LOW,True,0,0,0,0.03,LOW,Yes,"'Kichler Lighting (KICLI)' not found in entity master | taxonomy: no rule matched, classification UNRESOLVED | extraction: no dimension pattern matched | extraction: item type not confidently identified | no live manufacturer-source evidence gathered for this row in this run -- attributes remain UNVERIFIED (regex/candidate layer only)",MOBILE_DESC out of 60-80 char range (34),0
62-1850,,UNRESOLVED,LOW,LOW,True,1,1,0,0.09,LOW,Yes,"'Satco Prod Inc (5573)' not found in entity master | taxonomy: no rule matched, classification UNRESOLVED | extraction: dimension chain length has no schema mapping for '' | extraction: item type not confidently identified | no live manufacturer-source evidence gathered for this row in this run -- attributes remain UNVERIFIED (regex/candidate layer only)",,0
62-1852,,UNRESOLVED,LOW,LOW,True,1,1,0,0.09,LOW,Yes,"'Satco Prod Inc (5573)' not found in entity master | taxonomy: no rule matched, classification UNRESOLVED | extraction: dimension chain length has no schema mapping for '' | extraction: item type not confidently identified | no live manufacturer-source evidence gathered for this row in this run -- attributes remain UNVERIFIED (regex/candidate layer only)",,0
62-1875,,UNRESOLVED,LOW,LOW,True,1,1,0,0.09,LOW,Yes,"'Satco Prod Inc (5573)' not found in entity master | taxonomy: no rule matched, classification UNRESOLVED | extraction: dimension chain length has no schema mapping for '' | extraction: item type not confidently identified | no live manufacturer-source evidence gathered for this row in this run -- attributes remain UNVERIFIED (regex/candidate layer only)",,0
62-1876,,UNRESOLVED,LOW,LOW,True,1,1,0,0.09,LOW,Yes,"'Satco Prod Inc (5573)' not found in entity master | taxonomy: no rule matched, classification UNRESOLVED | extraction: dimension chain length has no schema mapping for '' | extraction: item type not confidently identified | no live manufacturer-source evidence gathered for this row in this run -- attributes remain UNVERIFIED (regex/candidate layer only)",,0
42296BK,,UNRESOLVED,LOW,LOW,True,0,0,0,0.03,LOW,Yes,"'Kichler Lighting (KICLI)' not found in entity master | taxonomy: no rule matched, classification UNRESOLVED | extraction: no dimension pattern matched | extraction: item type not confidently identified | no live manufacturer-source evidence gathered for this row in this run -- attributes remain UNVERIFIED (regex/candidate layer only)",MOBILE_DESC out of 60-80 char range (34),0
43913BK,,UNRESOLVED,LOW,LOW,True,0,0,0,0.03,LOW,Yes,"'Kichler Lighting (KICLI)' not found in entity master | taxonomy: no rule matched, classification UNRESOLVED | extraction: no dimension pattern matched | extraction: item type not confidently identified | no live manufacturer-source evidence gathered for this row in this run -- attributes remain UNVERIFIED (regex/candidate layer only)",MOBILE_DESC out of 60-80 char range (34),0
HLSMS9129FS1E,,UNRESOLVED,LOW,LOW,True,1,1,0,0.09,LOW,Yes,"'Cooper Lighting (7638)' not found in entity master | taxonomy: no rule matched, classification UNRESOLVED | extraction: dimension chain length has no schema mapping for '' | extraction: item type not confidently identified | no live manufacturer-source evidence gathered for this row in this run -- attributes remain UNVERIFIED (regex/candidate layer only)",,0
64-110,,UNRESOLVED,LOW,LOW,True,1,1,0,0.09,LOW,Yes,"'Satco Prod Inc (5573)' not found in entity master | taxonomy: no rule matched, classification UNRESOLVED | extraction: dimension chain length has no schema mapping for '' | extraction: item type not confidently identified | no live manufacturer-source evidence gathered for this row in this run -- attributes remain UNVERIFIED (regex/candidate layer only)",MOBILE_DESC out of 60-80 char range (59),0
603571,,UNRESOLVED,LOW,LOW,True,1,1,0,0.12,LOW,Yes,"'Phillips Lighting (5831)' not found in entity master | taxonomy: no rule matched, classification UNRESOLVED | extraction: dimension chain length has no schema mapping for '' | extraction: item type not confidently identified | no live manufacturer-source evidence gathered for this row in this run -- attributes remain UNVERIFIED (regex/candidate layer only)",,0
65-572R1,,UNRESOLVED,LOW,LOW,True,2,2,0,0.09,LOW,Yes,"'Satco Prod Inc (5573)' not found in entity master | taxonomy: no rule matched, classification UNRESOLVED | extraction: dimension chain length has no schema mapping for '' | extraction: dimension chain length has no schema mapping for '' | extraction: item type not confidently identified | no live manufacturer-source evidence gathered for this row in this run -- attributes remain UNVERIFIED (regex/candidate layer only)",,0
52476AVI,,UNRESOLVED,LOW,LOW,True,0,0,0,0.03,LOW,Yes,"'Kichler Lighting (KICLI)' not found in entity master | taxonomy: no rule matched, classification UNRESOLVED | extraction: no dimension pattern matched | extraction: item type not confidently identified | no live manufacturer-source evidence gathered for this row in this run -- attributes remain UNVERIFIED (regex/candidate layer only)",MOBILE_DESC out of 60-80 char range (35),0
42199BK,,UNRESOLVED,LOW,LOW,True,0,0,0,0.03,LOW,Yes,"'Kichler Lighting (KICLI)' not found in entity master | taxonomy: no rule matched, classification UNRESOLVED | extraction: no dimension pattern matched | extraction: item type not confidently identified | no live manufacturer-source evidence gathered for this row in this run -- attributes remain UNVERIFIED (regex/candidate layer only)",MOBILE_DESC out of 60-80 char range (34),0
42199BKCS,,UNRESOLVED,LOW,LOW,True,0,0,0,0.03,LOW,Yes,"'Kichler Lighting (KICLI)' not found in entity master | taxonomy: no rule matched, classification UNRESOLVED | extraction: no dimension pattern matched | extraction: item type not confidently identified | no live manufacturer-source evidence gathered for this row in this run -- attributes remain UNVERIFIED (regex/candidate layer only)",MOBILE_DESC out of 60-80 char range (36),0
42200BK,,UNRESOLVED,LOW,LOW,True,0,0,0,0.03,LOW,Yes,"'Kichler Lighting (KICLI)' not found in entity master | taxonomy: no rule matched, classification UNRESOLVED | extraction: no dimension pattern matched | extraction: item type not confidently identified | no live manufacturer-source evidence gathered for this row in this run -- attributes remain UNVERIFIED (regex/candidate layer only)",MOBILE_DESC out of 60-80 char range (34),0
42200BKCS,,UNRESOLVED,LOW,LOW,True,0,0,0,0.03,LOW,Yes,"'Kichler Lighting (KICLI)' not found in entity master | taxonomy: no rule matched, classification UNRESOLVED | extraction: no dimension pattern matched | extraction: item type not confidently identified | no live manufacturer-source evidence gathered for this row in this run -- attributes remain UNVERIFIED (regex/candidate layer only)",MOBILE_DESC out of 60-80 char range (36),0
43851BK,,UNRESOLVED,LOW,LOW,True,0,0,0,0.03,LOW,Yes,"'Kichler Lighting (KICLI)' not found in entity master | taxonomy: no rule matched, classification UNRESOLVED | extraction: no dimension pattern matched | extraction: item type not confidently identified | no live manufacturer-source evidence gathered for this row in this run -- attributes remain UNVERIFIED (regex/candidate layer only)",MOBILE_DESC out of 60-80 char range (34),0
43852BK,,UNRESOLVED,LOW,LOW,True,0,0,0,0.03,LOW,Yes,"'Kichler Lighting (KICLI)' not found in entity master | taxonomy: no rule matched, classification UNRESOLVED | extraction: no dimension pattern matched | extraction: item type not confidently identified | no live manufacturer-source evidence gathered for this row in this run -- attributes remain UNVERIFIED (regex/candidate layer only)",MOBILE_DESC out of 60-80 char range (34),0
43853BK,,UNRESOLVED,LOW,LOW,True,0,0,0,0.03,LOW,Yes,"'Kichler Lighting (KICLI)' not found in entity master | taxonomy: no rule matched, classification UNRESOLVED | extraction: no dimension pattern matched | extraction: item type not confidently identified | no live manufacturer-source evidence gathered for this row in this run -- attributes remain UNVERIFIED (regex/candidate layer only)",MOBILE_DESC out of 60-80 char range (34),0
43905BK,,UNRESOLVED,LOW,LOW,True,0,0,0,0.03,LOW,Yes,"'Kichler Lighting (KICLI)' not found in entity master | taxonomy: no rule matched, classification UNRESOLVED | extraction: no dimension pattern matched | extraction: item type not confidently identified | no live manufacturer-source evidence gathered for this row in this run -- attributes remain UNVERIFIED (regex/candidate layer only)",MOBILE_DESC out of 60-80 char range (34),0
43911BK,,UNRESOLVED,LOW,LOW,True,0,0,0,0.03,LOW,Yes,"'Kichler Lighting (KICLI)' not found in entity master | taxonomy: no rule matched, classification UNRESOLVED | extraction: no dimension pattern matched | extraction: item type not confidently identified | no live manufacturer-source evidence gathered for this row in this run -- attributes remain UNVERIFIED (regex/candidate layer only)",MOBILE_DESC out of 60-80 char range (34),0
52529BK,,UNRESOLVED,LOW,LOW,True,0,0,0,0.03,LOW,Yes,"'Kichler Lighting (KICLI)' not found in entity master | taxonomy: no rule matched, classification UNRESOLVED | extraction: no dimension pattern matched | extraction: item type not confidently identified | no live manufacturer-source evidence gathered for this row in this run -- attributes remain UNVERIFIED (regex/candidate layer only)",MOBILE_DESC out of 60-80 char range (34),0
52662BKCLR,,UNRESOLVED,LOW,LOW,True,0,0,0,0.03,LOW,Yes,"'Kichler Lighting (KICLI)' not found in entity master | taxonomy: no rule matched, classification UNRESOLVED | extraction: no dimension pattern matched | extraction: item type not confidently identified | no live manufacturer-source evidence gathered for this row in this run -- attributes remain UNVERIFIED (regex/candidate layer only)",MOBILE_DESC out of 60-80 char range (37),0
52734CPZ,,UNRESOLVED,LOW,LOW,True,0,0,0,0.03,LOW,Yes,"'Kichler Lighting (KICLI)' not found in entity master | taxonomy: no rule matched, classification UNRESOLVED | extraction: no dimension pattern matched | extraction: item type not confidently identified | no live manufacturer-source evidence gathered for this row in this run -- attributes remain UNVERIFIED (regex/candidate layer only)",MOBILE_DESC out of 60-80 char range (35),0
82400,,UNRESOLVED,LOW,LOW,True,0,0,0,0.03,LOW,Yes,"'Kichler Lighting (KICLI)' not found in entity master | taxonomy: no rule matched, classification UNRESOLVED | extraction: no dimension pattern matched | extraction: item type not confidently identified | no live manufacturer-source evidence gathered for this row in this run -- attributes remain UNVERIFIED (regex/candidate layer only)",MOBILE_DESC out of 60-80 char range (32),0
S11606,,UNRESOLVED,LOW,LOW,True,1,1,0,0.09,LOW,Yes,"'Satco Prod Inc (5573)' not found in entity master | taxonomy: no rule matched, classification UNRESOLVED | extraction: dimension chain length has no schema mapping for '' | extraction: item type not confidently identified | no live manufacturer-source evidence gathered for this row in this run -- attributes remain UNVERIFIED (regex/candidate layer only)",MOBILE_DESC out of 60-80 char range (58),0
S11828,,UNRESOLVED,LOW,LOW,True,1,1,0,0.09,LOW,Yes,"'Satco Prod Inc (5573)' not found in entity master | taxonomy: no rule matched, classification UNRESOLVED | extraction: dimension chain length has no schema mapping for '' | extraction: item type not confidently identified | no live manufacturer-source evidence gathered for this row in this run -- attributes remain UNVERIFIED (regex/candidate layer only)",MOBILE_DESC out of 60-80 char range (58),0
801274,,UNRESOLVED,LOW,LOW,True,1,1,0,0.12,LOW,Yes,"'Phillips Lighting (5831)' not found in entity master | taxonomy: no rule matched, classification UNRESOLVED | extraction: dimension chain length has no schema mapping for '' | extraction: item type not confidently identified | no live manufacturer-source evidence gathered for this row in this run -- attributes remain UNVERIFIED (regex/candidate layer only)",,0
S11860,,UNRESOLVED,LOW,LOW,True,1,1,0,0.09,LOW,Yes,"'Satco Prod Inc (5573)' not found in entity master | taxonomy: no rule matched, classification UNRESOLVED | extraction: dimension chain length has no schema mapping for '' | extraction: item type not confidently identified | no live manufacturer-source evidence gathered for this row in this run -- attributes remain UNVERIFIED (regex/candidate layer only)",MOBILE_DESC out of 60-80 char range (58),0
S11562,,UNRESOLVED,LOW,LOW,True,1,1,0,0.09,LOW,Yes,"'Satco Prod Inc (5573)' not found in entity master | taxonomy: no rule matched, classification UNRESOLVED | extraction: dimension chain length has no schema mapping for '' | extraction: item type not confidently identified | no live manufacturer-source evidence gathered for this row in this run -- attributes remain UNVERIFIED (regex/candidate layer only)",MOBILE_DESC out of 60-80 char range (58),0
S11646,,UNRESOLVED,LOW,LOW,True,1,1,0,0.09,LOW,Yes,"'Satco Prod Inc (5573)' not found in entity master | taxonomy: no rule matched, classification UNRESOLVED | extraction: dimension chain length has no schema mapping for '' | extraction: item type not confidently identified | no live manufacturer-source evidence gathered for this row in this run -- attributes remain UNVERIFIED (regex/candidate layer only)",MOBILE_DESC out of 60-80 char range (58),0
S11801R1,,UNRESOLVED,LOW,LOW,True,1,1,0,0.09,LOW,Yes,"'Satco Prod Inc (5573)' not found in entity master | taxonomy: no rule matched, classification UNRESOLVED | extraction: dimension chain length has no schema mapping for '' | extraction: item type not confidently identified | no live manufacturer-source evidence gathered for this row in this run -- attributes remain UNVERIFIED (regex/candidate layer only)",,0
S11848,,UNRESOLVED,LOW,LOW,True,1,1,0,0.09,LOW,Yes,"'Satco Prod Inc (5573)' not found in entity master | taxonomy: no rule matched, classification UNRESOLVED | extraction: dimension chain length has no schema mapping for '' | extraction: item type not confidently identified | no live manufacturer-source evidence gathered for this row in this run -- attributes remain UNVERIFIED (regex/candidate layer only)",MOBILE_DESC out of 60-80 char range (59),0
S11849,,UNRESOLVED,LOW,LOW,True,1,1,0,0.09,LOW,Yes,"'Satco Prod Inc (5573)' not found in entity master | taxonomy: no rule matched, classification UNRESOLVED | extraction: dimension chain length has no schema mapping for '' | extraction: item type not confidently identified | no live manufacturer-source evidence gathered for this row in this run -- attributes remain UNVERIFIED (regex/candidate layer only)",MOBILE_DESC out of 60-80 char range (59),0
HLBSL609FS5,,UNRESOLVED,LOW,LOW,True,1,1,0,0.09,LOW,Yes,"'Cooper Lighting (7638)' not found in entity master | taxonomy: no rule matched, classification UNRESOLVED | extraction: dimension chain length has no schema mapping for '' | extraction: item type not confidently identified | no live manufacturer-source evidence gathered for this row in this run -- attributes remain UNVERIFIED (regex/candidate layer only)",,0
WF4REGSWW590CRIMW,,UNRESOLVED,LOW,LOW,True,1,1,0,0.09,LOW,Yes,"'Lithonia Lighting (2776)' not found in entity master | taxonomy: no rule matched, classification UNRESOLVED | extraction: dimension chain length has no schema mapping for '' | extraction: item type not confidently identified | no live manufacturer-source evidence gathered for this row in this run -- attributes remain UNVERIFIED (regex/candidate layer only)",,0
43849WH5CCT,,UNRESOLVED,LOW,LOW,True,0,0,0,0.03,LOW,Yes,"'Kichler Lighting (KICLI)' not found in entity master | taxonomy: no rule matched, classification UNRESOLVED | extraction: no dimension pattern matched | extraction: item type not confidently identified | no live manufacturer-source evidence gathered for this row in this run -- attributes remain UNVERIFIED (regex/candidate layer only)",MOBILE_DESC out of 60-80 char range (38),0
62-1777,,UNRESOLVED,LOW,LOW,True,1,1,0,0.09,LOW,Yes,"'Satco Prod Inc (5573)' not found in entity master | taxonomy: no rule matched, classification UNRESOLVED | extraction: dimension chain length has no schema mapping for '' | extraction: item type not confidently identified | no live manufacturer-source evidence gathered for this row in this run -- attributes remain UNVERIFIED (regex/candidate layer only)",,0
62-1778,,UNRESOLVED,LOW,LOW,True,1,1,0,0.09,LOW,Yes,"'Satco Prod Inc (5573)' not found in entity master | taxonomy: no rule matched, classification UNRESOLVED | extraction: dimension chain length has no schema mapping for '' | extraction: item type not confidently identified | no live manufacturer-source evidence gathered for this row in this run -- attributes remain UNVERIFIED (regex/candidate layer only)",,0
62-1784,,UNRESOLVED,LOW,LOW,True,2,2,0,0.09,LOW,Yes,"'Satco Prod Inc (5573)' not found in entity master | taxonomy: no rule matched, classification UNRESOLVED | extraction: dimension chain length has no schema mapping for '' | extraction: dimension chain length has no schema mapping for '' | extraction: item type not confidently identified | no live manufacturer-source evidence gathered for this row in this run -- attributes remain UNVERIFIED (regex/candidate layer only)",,0
62-1787,,UNRESOLVED,LOW,LOW,True,1,1,0,0.09,LOW,Yes,"'Satco Prod Inc (5573)' not found in entity master | taxonomy: no rule matched, classification UNRESOLVED | extraction: dimension chain length has no schema mapping for '' | extraction: item type not confidently identified | no live manufacturer-source evidence gathered for this row in this run -- attributes remain UNVERIFIED (regex/candidate layer only)",,0
62-1788,,UNRESOLVED,LOW,LOW,True,1,1,0,0.09,LOW,Yes,"'Satco Prod Inc (5573)' not found in entity master | taxonomy: no rule matched, classification UNRESOLVED | extraction: dimension chain length has no schema mapping for '' | extraction: item type not confidently identified | no live manufacturer-source evidence gathered for this row in this run -- attributes remain UNVERIFIED (regex/candidate layer only)",,0
SHOP/4X2/840/V1,,UNRESOLVED,LOW,LOW,True,1,1,0,0.12,LOW,Yes,"'Feit Electric (3468)' not found in entity master | taxonomy: no rule matched, classification UNRESOLVED | extraction: dimension chain length has no schema mapping for '' | extraction: item type not confidently identified | no live manufacturer-source evidence gathered for this row in this run -- attributes remain UNVERIFIED (regex/candidate layer only)",MOBILE_DESC out of 60-80 char range (54),0
45495BKCLR,,UNRESOLVED,LOW,LOW,True,0,0,0,0.03,LOW,Yes,"'Kichler Lighting (KICLI)' not found in entity master | taxonomy: no rule matched, classification UNRESOLVED | extraction: no dimension pattern matched | extraction: item type not confidently identified | no live manufacturer-source evidence gathered for this row in this run -- attributes remain UNVERIFIED (regex/candidate layer only)",MOBILE_DESC out of 60-80 char range (37),0
55209NI,,UNRESOLVED,LOW,LOW,True,0,0,0,0.03,LOW,Yes,"'Kichler Lighting (KICLI)' not found in entity master | taxonomy: no rule matched, classification UNRESOLVED | extraction: no dimension pattern matched | extraction: item type not confidently identified | no live manufacturer-source evidence gathered for this row in this run -- attributes remain UNVERIFIED (regex/candidate layer only)",MOBILE_DESC out of 60-80 char range (34),0
65-1210,,UNRESOLVED,LOW,LOW,True,1,1,0,0.09,LOW,Yes,"'Satco Prod Inc (5573)' not found in entity master | taxonomy: no rule matched, classification UNRESOLVED | extraction: dimension chain length has no schema mapping for '' | extraction: item type not confidently identified | no live manufacturer-source evidence gathered for this row in this run -- attributes remain UNVERIFIED (regex/candidate layer only)",MOBILE_DESC out of 60-80 char range (59),0
65-1211,,UNRESOLVED,LOW,LOW,True,1,1,0,0.09,LOW,Yes,"'Satco Prod Inc (5573)' not found in entity master | taxonomy: no rule matched, classification UNRESOLVED | extraction: dimension chain length has no schema mapping for '' | extraction: item type not confidently identified | no live manufacturer-source evidence gathered for this row in this run -- attributes remain UNVERIFIED (regex/candidate layer only)",MOBILE_DESC out of 60-80 char range (59),0
141465,,UNRESOLVED,LOW,LOW,True,1,1,0,0.12,LOW,Yes,"'Phillips Lighting (5831)' not found in entity master | taxonomy: no rule matched, classification UNRESOLVED | extraction: dimension chain length has no schema mapping for '' | extraction: item type not confidently identified | no live manufacturer-source evidence gathered for this row in this run -- attributes remain UNVERIFIED (regex/candidate layer only)",,0
391227,,UNRESOLVED,LOW,LOW,True,1,1,0,0.12,LOW,Yes,"'Phillips Lighting (5831)' not found in entity master | taxonomy: no rule matched, classification UNRESOLVED | extraction: dimension chain length has no schema mapping for '' | extraction: item type not confidently identified | no live manufacturer-source evidence gathered for this row in this run -- attributes remain UNVERIFIED (regex/candidate layer only)",,0
392225,,UNRESOLVED,LOW,LOW,True,1,1,0,0.12,LOW,Yes,"'Phillips Lighting (5831)' not found in entity master | taxonomy: no rule matched, classification UNRESOLVED | extraction: dimension chain length has no schema mapping for '' | extraction: item type not confidently identified | no live manufacturer-source evidence gathered for this row in this run -- attributes remain UNVERIFIED (regex/candidate layer only)",,0
S3539,,UNRESOLVED,LOW,LOW,True,0,0,0,0.06,LOW,Yes,"'Satco Prod Inc (5573)' not found in entity master | taxonomy: no rule matched, classification UNRESOLVED | extraction: no dimension pattern matched | extraction: item type not confidently identified | no live manufacturer-source evidence gathered for this row in this run -- attributes remain UNVERIFIED (regex/candidate layer only)",MOBILE_DESC out of 60-80 char range (37),0
S3496,,UNRESOLVED,LOW,LOW,True,0,0,0,0.06,LOW,Yes,"'Satco Prod Inc (5573)' not found in entity master | taxonomy: no rule matched, classification UNRESOLVED | extraction: no dimension pattern matched | extraction: item type not confidently identified | no live manufacturer-source evidence gathered for this row in this run -- attributes remain UNVERIFIED (regex/candidate layer only)",MOBILE_DESC out of 60-80 char range (37),0
467316,,UNRESOLVED,LOW,LOW,True,0,0,0,0.06,LOW,Yes,"'Phillips Lighting (5831)' not found in entity master | taxonomy: no rule matched, classification UNRESOLVED | extraction: no dimension pattern matched | extraction: item type not confidently identified | no live manufacturer-source evidence gathered for this row in this run -- attributes remain UNVERIFIED (regex/candidate layer only)",MOBILE_DESC out of 60-80 char range (43),0
S3709,,UNRESOLVED,LOW,LOW,True,0,0,0,0.06,LOW,Yes,"'Satco Prod Inc (5573)' not found in entity master | taxonomy: no rule matched, classification UNRESOLVED | extraction: no dimension pattern matched | extraction: item type not confidently identified | no live manufacturer-source evidence gathered for this row in this run -- attributes remain UNVERIFIED (regex/candidate layer only)",MOBILE_DESC out of 60-80 char range (37),0
S4720,,UNRESOLVED,LOW,LOW,True,0,0,0,0.06,LOW,Yes,"'Satco Prod Inc (5573)' not found in entity master | taxonomy: no rule matched, classification UNRESOLVED | extraction: no dimension pattern matched | extraction: item type not confidently identified | no live manufacturer-source evidence gathered for this row in this run -- attributes remain UNVERIFIED (regex/candidate layer only)",MOBILE_DESC out of 60-80 char range (37),0
S3720,,UNRESOLVED,LOW,LOW,True,0,0,0,0.06,LOW,Yes,"'Satco Prod Inc (5573)' not found in entity master | taxonomy: no rule matched, classification UNRESOLVED | extraction: no dimension pattern matched | extraction: item type not confidently identified | no live manufacturer-source evidence gathered for this row in this run -- attributes remain UNVERIFIED (regex/candidate layer only)",MOBILE_DESC out of 60-80 char range (37),0
S3702,,UNRESOLVED,LOW,LOW,True,0,0,0,0.06,LOW,Yes,"'Satco Prod Inc (5573)' not found in entity master | taxonomy: no rule matched, classification UNRESOLVED | extraction: no dimension pattern matched | extraction: item type not confidently identified | no live manufacturer-source evidence gathered for this row in this run -- attributes remain UNVERIFIED (regex/candidate layer only)",MOBILE_DESC out of 60-80 char range (37),0
S3703,,UNRESOLVED,LOW,LOW,True,0,0,0,0.06,LOW,Yes,"'Satco Prod Inc (5573)' not found in entity master | taxonomy: no rule matched, classification UNRESOLVED | extraction: no dimension pattern matched | extraction: item type not confidently identified | no live manufacturer-source evidence gathered for this row in this run -- attributes remain UNVERIFIED (regex/candidate layer only)",MOBILE_DESC out of 60-80 char range (37),0
S3797,,UNRESOLVED,LOW,LOW,True,0,0,0,0.06,LOW,Yes,"'Satco Prod Inc (5573)' not found in entity master | taxonomy: no rule matched, classification UNRESOLVED | extraction: no dimension pattern matched | extraction: item type not confidently identified | no live manufacturer-source evidence gathered for this row in this run -- attributes remain UNVERIFIED (regex/candidate layer only)",MOBILE_DESC out of 60-80 char range (37),0
S4724,,UNRESOLVED,LOW,LOW,True,0,0,0,0.06,LOW,Yes,"'Satco Prod Inc (5573)' not found in entity master | taxonomy: no rule matched, classification UNRESOLVED | extraction: no dimension pattern matched | extraction: item type not confidently identified | no live manufacturer-source evidence gathered for this row in this run -- attributes remain UNVERIFIED (regex/candidate layer only)",MOBILE_DESC out of 60-80 char range (37),0
S4717,,UNRESOLVED,LOW,LOW,True,0,0,0,0.06,LOW,Yes,"'Satco Prod Inc (5573)' not found in entity master | taxonomy: no rule matched, classification UNRESOLVED | extraction: no dimension pattern matched | extraction: item type not confidently identified | no live manufacturer-source evidence gathered for this row in this run -- attributes remain UNVERIFIED (regex/candidate layer only)",MOBILE_DESC out of 60-80 char range (37),0
S3794,,UNRESOLVED,LOW,LOW,True,0,0,0,0.06,LOW,Yes,"'Satco Prod Inc (5573)' not found in entity master | taxonomy: no rule matched, classification UNRESOLVED | extraction: no dimension pattern matched | extraction: item type not confidently identified | no live manufacturer-source evidence gathered for this row in this run -- attributes remain UNVERIFIED (regex/candidate layer only)",MOBILE_DESC out of 60-80 char range (37),0
S3795,,UNRESOLVED,LOW,LOW,True,0,0,0,0.06,LOW,Yes,"'Satco Prod Inc (5573)' not found in entity master | taxonomy: no rule matched, classification UNRESOLVED | extraction: no dimension pattern matched | extraction: item type not confidently identified | no live manufacturer-source evidence gathered for this row in this run -- attributes remain UNVERIFIED (regex/candidate layer only)",MOBILE_DESC out of 60-80 char range (37),0
S4726,,UNRESOLVED,LOW,LOW,True,0,0,0,0.06,LOW,Yes,"'Satco Prod Inc (5573)' not found in entity master | taxonomy: no rule matched, classification UNRESOLVED | extraction: no dimension pattern matched | extraction: item type not confidently identified | no live manufacturer-source evidence gathered for this row in this run -- attributes remain UNVERIFIED (regex/candidate layer only)",MOBILE_DESC out of 60-80 char range (37),0
S11429,,UNRESOLVED,LOW,LOW,True,0,0,0,0.06,LOW,Yes,"'Satco Prod Inc (5573)' not found in entity master | taxonomy: no rule matched, classification UNRESOLVED | extraction: no dimension pattern matched | extraction: item type not confidently identified | no live manufacturer-source evidence gathered for this row in this run -- attributes remain UNVERIFIED (regex/candidate layer only)",MOBILE_DESC out of 60-80 char range (38),0
S21354,,UNRESOLVED,LOW,LOW,True,0,0,0,0.03,LOW,Yes,"'Satco Prod Inc (5573)' not found in entity master | taxonomy: no rule matched, classification UNRESOLVED | extraction: no dimension pattern matched | extraction: item type not confidently identified | no live manufacturer-source evidence gathered for this row in this run -- attributes remain UNVERIFIED (regex/candidate layer only)",MOBILE_DESC out of 60-80 char range (31),0
S21363,,UNRESOLVED,LOW,LOW,True,0,0,0,0.03,LOW,Yes,"'Satco Prod Inc (5573)' not found in entity master | taxonomy: no rule matched, classification UNRESOLVED | extraction: no dimension pattern matched | extraction: item type not confidently identified | no live manufacturer-source evidence gathered for this row in this run -- attributes remain UNVERIFIED (regex/candidate layer only)",MOBILE_DESC out of 60-80 char range (31),0
S11445,,UNRESOLVED,LOW,LOW,True,0,0,0,0.03,LOW,Yes,"'Satco Prod Inc (5573)' not found in entity master | taxonomy: no rule matched, classification UNRESOLVED | extraction: no dimension pattern matched | extraction: item type not confidently identified | no live manufacturer-source evidence gathered for this row in this run -- attributes remain UNVERIFIED (regex/candidate layer only)",MOBILE_DESC out of 60-80 char range (31),0
567313,,UNRESOLVED,LOW,LOW,True,0,0,0,0.06,LOW,Yes,"'Phillips Lighting (5831)' not found in entity master | taxonomy: no rule matched, classification UNRESOLVED | extraction: no dimension pattern matched | extraction: item type not confidently identified | no live manufacturer-source evidence gathered for this row in this run -- attributes remain UNVERIFIED (regex/candidate layer only)",MOBILE_DESC out of 60-80 char range (43),0
586875,,UNRESOLVED,LOW,LOW,True,0,0,0,0.06,LOW,Yes,"'Phillips Lighting (5831)' not found in entity master | taxonomy: no rule matched, classification UNRESOLVED | extraction: no dimension pattern matched | extraction: item type not confidently identified | no live manufacturer-source evidence gathered for this row in this run -- attributes remain UNVERIFIED (regex/candidate layer only)",MOBILE_DESC out of 60-80 char range (43),0
576355,,UNRESOLVED,LOW,LOW,True,0,0,0,0.06,LOW,Yes,"'Phillips Lighting (5831)' not found in entity master | taxonomy: no rule matched, classification UNRESOLVED | extraction: no dimension pattern matched | extraction: item type not confidently identified | no live manufacturer-source evidence gathered for this row in this run -- attributes remain UNVERIFIED (regex/candidate layer only)",MOBILE_DESC out of 60-80 char range (43),0
576363,,UNRESOLVED,LOW,LOW,True,0,0,0,0.06,LOW,Yes,"'Phillips Lighting (5831)' not found in entity master | taxonomy: no rule matched, classification UNRESOLVED | extraction: no dimension pattern matched | extraction: item type not confidently identified | no live manufacturer-source evidence gathered for this row in this run -- attributes remain UNVERIFIED (regex/candidate layer only)",MOBILE_DESC out of 60-80 char range (43),0
565374,,UNRESOLVED,LOW,LOW,True,0,0,0,0.06,LOW,Yes,"'Phillips Lighting (5831)' not found in entity master | taxonomy: no rule matched, classification UNRESOLVED | extraction: no dimension pattern matched | extraction: item type not confidently identified | no live manufacturer-source evidence gathered for this row in this run -- attributes remain UNVERIFIED (regex/candidate layer only)",MOBILE_DESC out of 60-80 char range (43),0
565390,,UNRESOLVED,LOW,LOW,True,0,0,0,0.06,LOW,Yes,"'Phillips Lighting (5831)' not found in entity master | taxonomy: no rule matched, classification UNRESOLVED | extraction: no dimension pattern matched | extraction: item type not confidently identified | no live manufacturer-source evidence gathered for this row in this run -- attributes remain UNVERIFIED (regex/candidate layer only)",MOBILE_DESC out of 60-80 char range (43),0
576371,,UNRESOLVED,LOW,LOW,True,0,0,0,0.06,LOW,Yes,"'Phillips Lighting (5831)' not found in entity master | taxonomy: no rule matched, classification UNRESOLVED | extraction: no dimension pattern matched | extraction: item type not confidently identified | no live manufacturer-source evidence gathered for this row in this run -- attributes remain UNVERIFIED (regex/candidate layer only)",MOBILE_DESC out of 60-80 char range (43),0
576496,,UNRESOLVED,LOW,LOW,True,0,0,0,0.06,LOW,Yes,"'Phillips Lighting (5831)' not found in entity master | taxonomy: no rule matched, classification UNRESOLVED | extraction: no dimension pattern matched | extraction: item type not confidently identified | no live manufacturer-source evidence gathered for this row in this run -- attributes remain UNVERIFIED (regex/candidate layer only)",MOBILE_DESC out of 60-80 char range (43),0
564856,,UNRESOLVED,LOW,LOW,True,0,0,0,0.06,LOW,Yes,"'Phillips Lighting (5831)' not found in entity master | taxonomy: no rule matched, classification UNRESOLVED | extraction: no dimension pattern matched | extraction: item type not confidently identified | no live manufacturer-source evidence gathered for this row in this run -- attributes remain UNVERIFIED (regex/candidate layer only)",MOBILE_DESC out of 60-80 char range (43),0
565796,,UNRESOLVED,LOW,LOW,True,0,0,0,0.06,LOW,Yes,"'Phillips Lighting (5831)' not found in entity master | taxonomy: no rule matched, classification UNRESOLVED | extraction: no dimension pattern matched | extraction: item type not confidently identified | no live manufacturer-source evidence gathered for this row in this run -- attributes remain UNVERIFIED (regex/candidate layer only)",MOBILE_DESC out of 60-80 char range (43),0
576389,,UNRESOLVED,LOW,LOW,True,0,0,0,0.06,LOW,Yes,"'Phillips Lighting (5831)' not found in entity master | taxonomy: no rule matched, classification UNRESOLVED | extraction: no dimension pattern matched | extraction: item type not confidently identified | no live manufacturer-source evidence gathered for this row in this run -- attributes remain UNVERIFIED (regex/candidate layer only)",MOBILE_DESC out of 60-80 char range (43),0
564492,,UNRESOLVED,LOW,LOW,True,0,0,0,0.06,LOW,Yes,"'Phillips Lighting (5831)' not found in entity master | taxonomy: no rule matched, classification UNRESOLVED | extraction: no dimension pattern matched | extraction: item type not confidently identified | no live manufacturer-source evidence gathered for this row in this run -- attributes remain UNVERIFIED (regex/candidate layer only)",MOBILE_DESC out of 60-80 char range (43),0
603449,,UNRESOLVED,LOW,LOW,True,0,0,0,0.06,LOW,Yes,"'Phillips Lighting (5831)' not found in entity master | taxonomy: no rule matched, classification UNRESOLVED | extraction: no dimension pattern matched | extraction: item type not confidently identified | no live manufacturer-source evidence gathered for this row in this run -- attributes remain UNVERIFIED (regex/candidate layer only)",MOBILE_DESC out of 60-80 char range (39),0
586909,,UNRESOLVED,LOW,LOW,True,0,0,0,0.06,LOW,Yes,"'Phillips Lighting (5831)' not found in entity master | taxonomy: no rule matched, classification UNRESOLVED | extraction: no dimension pattern matched | extraction: item type not confidently identified | no live manufacturer-source evidence gathered for this row in this run -- attributes remain UNVERIFIED (regex/candidate layer only)",MOBILE_DESC out of 60-80 char range (43),0
566364,,UNRESOLVED,LOW,LOW,True,0,0,0,0.06,LOW,Yes,"'Phillips Lighting (5831)' not found in entity master | taxonomy: no rule matched, classification UNRESOLVED | extraction: no dimension pattern matched | extraction: item type not confidently identified | no live manufacturer-source evidence gathered for this row in this run -- attributes remain UNVERIFIED (regex/candidate layer only)",MOBILE_DESC out of 60-80 char range (43),0
576397,,UNRESOLVED,LOW,LOW,True,0,0,0,0.06,LOW,Yes,"'Phillips Lighting (5831)' not found in entity master | taxonomy: no rule matched, classification UNRESOLVED | extraction: no dimension pattern matched | extraction: item type not confidently identified | no live manufacturer-source evidence gathered for this row in this run -- attributes remain UNVERIFIED (regex/candidate layer only)",MOBILE_DESC out of 60-80 char range (43),0
571497,,UNRESOLVED,LOW,LOW,True,0,0,0,0.06,LOW,Yes,"'Phillips Lighting (5831)' not found in entity master | taxonomy: no rule matched, classification UNRESOLVED | extraction: no dimension pattern matched | extraction: item type not confidently identified | no live manufacturer-source evidence gathered for this row in this run -- attributes remain UNVERIFIED (regex/candidate layer only)",MOBILE_DESC out of 60-80 char range (43),0
576306,,UNRESOLVED,LOW,LOW,True,0,0,0,0.06,LOW,Yes,"'Phillips Lighting (5831)' not found in entity master | taxonomy: no rule matched, classification UNRESOLVED | extraction: no dimension pattern matched | extraction: item type not confidently identified | no live manufacturer-source evidence gathered for this row in this run -- attributes remain UNVERIFIED (regex/candidate layer only)",MOBILE_DESC out of 60-80 char range (43),0
588533,,UNRESOLVED,LOW,LOW,True,0,0,0,0.06,LOW,Yes,"'Phillips Lighting (5831)' not found in entity master | taxonomy: no rule matched, classification UNRESOLVED | extraction: no dimension pattern matched | extraction: item type not confidently identified | no live manufacturer-source evidence gathered for this row in this run -- attributes remain UNVERIFIED (regex/candidate layer only)",MOBILE_DESC out of 60-80 char range (43),0
576520,,UNRESOLVED,LOW,LOW,True,0,0,0,0.06,LOW,Yes,"'Phillips Lighting (5831)' not found in entity master | taxonomy: no rule matched, classification UNRESOLVED | extraction: no dimension pattern matched | extraction: item type not confidently identified | no live manufacturer-source evidence gathered for this row in this run -- attributes remain UNVERIFIED (regex/candidate layer only)",MOBILE_DESC out of 60-80 char range (43),0
574004,,UNRESOLVED,LOW,LOW,True,0,0,0,0.06,LOW,Yes,"'Phillips Lighting (5831)' not found in entity master | taxonomy: no rule matched, classification UNRESOLVED | extraction: no dimension pattern matched | extraction: item type not confidently identified | no live manufacturer-source evidence gathered for this row in this run -- attributes remain UNVERIFIED (regex/candidate layer only)",MOBILE_DESC out of 60-80 char range (43),0
574012,,UNRESOLVED,LOW,LOW,True,0,0,0,0.06,LOW,Yes,"'Phillips Lighting (5831)' not found in entity master | taxonomy: no rule matched, classification UNRESOLVED | extraction: no dimension pattern matched | extraction: item type not confidently identified | no live manufacturer-source evidence gathered for this row in this run -- attributes remain UNVERIFIED (regex/candidate layer only)",MOBILE_DESC out of 60-80 char range (43),0
573971,,UNRESOLVED,LOW,LOW,True,0,0,0,0.06,LOW,Yes,"'Phillips Lighting (5831)' not found in entity master | taxonomy: no rule matched, classification UNRESOLVED | extraction: no dimension pattern matched | extraction: item type not confidently identified | no live manufacturer-source evidence gathered for this row in this run -- attributes remain UNVERIFIED (regex/candidate layer only)",MOBILE_DESC out of 60-80 char range (43),0
573989,,UNRESOLVED,LOW,LOW,True,0,0,0,0.06,LOW,Yes,"'Phillips Lighting (5831)' not found in entity master | taxonomy: no rule matched, classification UNRESOLVED | extraction: no dimension pattern matched | extraction: item type not confidently identified | no live manufacturer-source evidence gathered for this row in this run -- attributes remain UNVERIFIED (regex/candidate layer only)",MOBILE_DESC out of 60-80 char range (43),0
576769,,UNRESOLVED,LOW,LOW,True,0,0,0,0.06,LOW,Yes,"'Phillips Lighting (5831)' not found in entity master | taxonomy: no rule matched, classification UNRESOLVED | extraction: no dimension pattern matched | extraction: item type not confidently identified | no live manufacturer-source evidence gathered for this row in this run -- attributes remain UNVERIFIED (regex/candidate layer only)",MOBILE_DESC out of 60-80 char range (43),0
567446,,UNRESOLVED,LOW,LOW,True,0,0,0,0.06,LOW,Yes,"'Phillips Lighting (5831)' not found in entity master | taxonomy: no rule matched, classification UNRESOLVED | extraction: no dimension pattern matched | extraction: item type not confidently identified | no live manufacturer-source evidence gathered for this row in this run -- attributes remain UNVERIFIED (regex/candidate layer only)",MOBILE_DESC out of 60-80 char range (43),0
573997,,UNRESOLVED,LOW,LOW,True,0,0,0,0.06,LOW,Yes,"'Phillips Lighting (5831)' not found in entity master | taxonomy: no rule matched, classification UNRESOLVED | extraction: no dimension pattern matched | extraction: item type not confidently identified | no live manufacturer-source evidence gathered for this row in this run -- attributes remain UNVERIFIED (regex/candidate layer only)",MOBILE_DESC out of 60-80 char range (43),0
571463,,UNRESOLVED,LOW,LOW,True,0,0,0,0.06,LOW,Yes,"'Phillips Lighting (5831)' not found in entity master | taxonomy: no rule matched, classification UNRESOLVED | extraction: no dimension pattern matched | extraction: item type not confidently identified | no live manufacturer-source evidence gathered for this row in this run -- attributes remain UNVERIFIED (regex/candidate layer only)",MOBILE_DESC out of 60-80 char range (43),0
576512,,UNRESOLVED,LOW,LOW,True,0,0,0,0.06,LOW,Yes,"'Phillips Lighting (5831)' not found in entity master | taxonomy: no rule matched, classification UNRESOLVED | extraction: no dimension pattern matched | extraction: item type not confidently identified | no live manufacturer-source evidence gathered for this row in this run -- attributes remain UNVERIFIED (regex/candidate layer only)",MOBILE_DESC out of 60-80 char range (43),0
581181,,UNRESOLVED,LOW,LOW,True,0,0,0,0.06,LOW,Yes,"'Phillips Lighting (5831)' not found in entity master | taxonomy: no rule matched, classification UNRESOLVED | extraction: no dimension pattern matched | extraction: item type not confidently identified | no live manufacturer-source evidence gathered for this row in this run -- attributes remain UNVERIFIED (regex/candidate layer only)",MOBILE_DESC out of 60-80 char range (43),0
GT-CB-100C,,UNRESOLVED,LOW,LOW,True,0,0,0,0.06,LOW,Yes,"'Keystone (5702)' not found in entity master | taxonomy: no rule matched, classification UNRESOLVED | extraction: no dimension pattern matched | extraction: item type not confidently identified | no live manufacturer-source evidence gathered for this row in this run -- attributes remain UNVERIFIED (regex/candidate layer only)",MOBILE_DESC out of 60-80 char range (38),0
566430,,UNRESOLVED,LOW,LOW,True,0,0,0,0.06,LOW,Yes,"'Phillips Lighting (5831)' not found in entity master | taxonomy: no rule matched, classification UNRESOLVED | extraction: no dimension pattern matched | extraction: item type not confidently identified | no live manufacturer-source evidence gathered for this row in this run -- attributes remain UNVERIFIED (regex/candidate layer only)",MOBILE_DESC out of 60-80 char range (43),0
568337,,UNRESOLVED,LOW,LOW,True,0,0,0,0.06,LOW,Yes,"'Phillips Lighting (5831)' not found in entity master | taxonomy: no rule matched, classification UNRESOLVED | extraction: no dimension pattern matched | extraction: item type not confidently identified | no live manufacturer-source evidence gathered for this row in this run -- attributes remain UNVERIFIED (regex/candidate layer only)",MOBILE_DESC out of 60-80 char range (43),0
565788,,UNRESOLVED,LOW,LOW,True,0,0,0,0.06,LOW,Yes,"'Phillips Lighting (5831)' not found in entity master | taxonomy: no rule matched, classification UNRESOLVED | extraction: no dimension pattern matched | extraction: item type not confidently identified | no live manufacturer-source evidence gathered for this row in this run -- attributes remain UNVERIFIED (regex/candidate layer only)",MOBILE_DESC out of 60-80 char range (43),0
565770,,UNRESOLVED,LOW,LOW,True,0,0,0,0.06,LOW,Yes,"'Phillips Lighting (5831)' not found in entity master | taxonomy: no rule matched, classification UNRESOLVED | extraction: no dimension pattern matched | extraction: item type not confidently identified | no live manufacturer-source evidence gathered for this row in this run -- attributes remain UNVERIFIED (regex/candidate layer only)",MOBILE_DESC out of 60-80 char range (43),0
573436,,UNRESOLVED,LOW,LOW,True,0,0,0,0.06,LOW,Yes,"'Phillips Lighting (5831)' not found in entity master | taxonomy: no rule matched, classification UNRESOLVED | extraction: no dimension pattern matched | extraction: item type not confidently identified | no live manufacturer-source evidence gathered for this row in this run -- attributes remain UNVERIFIED (regex/candidate layer only)",MOBILE_DESC out of 60-80 char range (43),0
576538,,UNRESOLVED,LOW,LOW,True,0,0,0,0.06,LOW,Yes,"'Phillips Lighting (5831)' not found in entity master | taxonomy: no rule matched, classification UNRESOLVED | extraction: no dimension pattern matched | extraction: item type not confidently identified | no live manufacturer-source evidence gathered for this row in this run -- attributes remain UNVERIFIED (regex/candidate layer only)",MOBILE_DESC out of 60-80 char range (43),0
573451,,UNRESOLVED,LOW,LOW,True,0,0,0,0.06,LOW,Yes,"'Phillips Lighting (5831)' not found in entity master | taxonomy: no rule matched, classification UNRESOLVED | extraction: no dimension pattern matched | extraction: item type not confidently identified | no live manufacturer-source evidence gathered for this row in this run -- attributes remain UNVERIFIED (regex/candidate layer only)",MOBILE_DESC out of 60-80 char range (43),0
586883,,UNRESOLVED,LOW,LOW,True,0,0,0,0.06,LOW,Yes,"'Phillips Lighting (5831)' not found in entity master | taxonomy: no rule matched, classification UNRESOLVED | extraction: no dimension pattern matched | extraction: item type not confidently identified | no live manufacturer-source evidence gathered for this row in this run -- attributes remain UNVERIFIED (regex/candidate layer only)",MOBILE_DESC out of 60-80 char range (43),0
586859,,UNRESOLVED,LOW,LOW,True,0,0,0,0.06,LOW,Yes,"'Phillips Lighting (5831)' not found in entity master | taxonomy: no rule matched, classification UNRESOLVED | extraction: no dimension pattern matched | extraction: item type not confidently identified | no live manufacturer-source evidence gathered for this row in this run -- attributes remain UNVERIFIED (regex/candidate layer only)",MOBILE_DESC out of 60-80 char range (43),0
576488,,UNRESOLVED,LOW,LOW,True,0,0,0,0.06,LOW,Yes,"'Phillips Lighting (5831)' not found in entity master | taxonomy: no rule matched, classification UNRESOLVED | extraction: no dimension pattern matched | extraction: item type not confidently identified | no live manufacturer-source evidence gathered for this row in this run -- attributes remain UNVERIFIED (regex/candidate layer only)",MOBILE_DESC out of 60-80 char range (43),0
575217,,UNRESOLVED,LOW,LOW,True,0,0,0,0.06,LOW,Yes,"'Phillips Lighting (5831)' not found in entity master | taxonomy: no rule matched, classification UNRESOLVED | extraction: no dimension pattern matched | extraction: item type not confidently identified | no live manufacturer-source evidence gathered for this row in this run -- attributes remain UNVERIFIED (regex/candidate layer only)",MOBILE_DESC out of 60-80 char range (43),0
586479,,UNRESOLVED,LOW,LOW,True,0,0,0,0.06,LOW,Yes,"'Phillips Lighting (5831)' not found in entity master | taxonomy: no rule matched, classification UNRESOLVED | extraction: no dimension pattern matched | extraction: item type not confidently identified | no live manufacturer-source evidence gathered for this row in this run -- attributes remain UNVERIFIED (regex/candidate layer only)",MOBILE_DESC out of 60-80 char range (43),0
571471,,UNRESOLVED,LOW,LOW,True,0,0,0,0.06,LOW,Yes,"'Phillips Lighting (5831)' not found in entity master | taxonomy: no rule matched, classification UNRESOLVED | extraction: no dimension pattern matched | extraction: item type not confidently identified | no live manufacturer-source evidence gathered for this row in this run -- attributes remain UNVERIFIED (regex/candidate layer only)",MOBILE_DESC out of 60-80 char range (43),0
570762,,UNRESOLVED,LOW,LOW,True,0,0,0,0.06,LOW,Yes,"'Phillips Lighting (5831)' not found in entity master | taxonomy: no rule matched, classification UNRESOLVED | extraction: no dimension pattern matched | extraction: item type not confidently identified | no live manufacturer-source evidence gathered for this row in this run -- attributes remain UNVERIFIED (regex/candidate layer only)",MOBILE_DESC out of 60-80 char range (43),0
533352,,UNRESOLVED,LOW,LOW,True,0,0,0,0.06,LOW,Yes,"'Phillips Lighting (5831)' not found in entity master | taxonomy: no rule matched, classification UNRESOLVED | extraction: no dimension pattern matched | extraction: item type not confidently identified | no live manufacturer-source evidence gathered for this row in this run -- attributes remain UNVERIFIED (regex/candidate layer only)",MOBILE_DESC out of 60-80 char range (43),0
573519,,UNRESOLVED,LOW,LOW,True,0,0,0,0.06,LOW,Yes,"'Phillips Lighting (5831)' not found in entity master | taxonomy: no rule matched, classification UNRESOLVED | extraction: no dimension pattern matched | extraction: item type not confidently identified | no live manufacturer-source evidence gathered for this row in this run -- attributes remain UNVERIFIED (regex/candidate layer only)",MOBILE_DESC out of 60-80 char range (43),0
573378,,UNRESOLVED,LOW,LOW,True,0,0,0,0.06,LOW,Yes,"'Phillips Lighting (5831)' not found in entity master | taxonomy: no rule matched, classification UNRESOLVED | extraction: no dimension pattern matched | extraction: item type not confidently identified | no live manufacturer-source evidence gathered for this row in this run -- attributes remain UNVERIFIED (regex/candidate layer only)",MOBILE_DESC out of 60-80 char range (43),0
565622,,UNRESOLVED,LOW,LOW,True,0,0,0,0.06,LOW,Yes,"'Phillips Lighting (5831)' not found in entity master | taxonomy: no rule matched, classification UNRESOLVED | extraction: no dimension pattern matched | extraction: item type not confidently identified | no live manufacturer-source evidence gathered for this row in this run -- attributes remain UNVERIFIED (regex/candidate layer only)",MOBILE_DESC out of 60-80 char range (43),0
586891,,UNRESOLVED,LOW,LOW,True,0,0,0,0.06,LOW,Yes,"'Phillips Lighting (5831)' not found in entity master | taxonomy: no rule matched, classification UNRESOLVED | extraction: no dimension pattern matched | extraction: item type not confidently identified | no live manufacturer-source evidence gathered for this row in this run -- attributes remain UNVERIFIED (regex/candidate layer only)",MOBILE_DESC out of 60-80 char range (43),0
585448,,UNRESOLVED,LOW,LOW,True,0,0,0,0.06,LOW,Yes,"'Phillips Lighting (5831)' not found in entity master | taxonomy: no rule matched, classification UNRESOLVED | extraction: no dimension pattern matched | extraction: item type not confidently identified | no live manufacturer-source evidence gathered for this row in this run -- attributes remain UNVERIFIED (regex/candidate layer only)",MOBILE_DESC out of 60-80 char range (43),0
573444,,UNRESOLVED,LOW,LOW,True,0,0,0,0.06,LOW,Yes,"'Phillips Lighting (5831)' not found in entity master | taxonomy: no rule matched, classification UNRESOLVED | extraction: no dimension pattern matched | extraction: item type not confidently identified | no live manufacturer-source evidence gathered for this row in this run -- attributes remain UNVERIFIED (regex/candidate layer only)",MOBILE_DESC out of 60-80 char range (43),0
566687,,UNRESOLVED,LOW,LOW,True,0,0,0,0.06,LOW,Yes,"'Phillips Lighting (5831)' not found in entity master | taxonomy: no rule matched, classification UNRESOLVED | extraction: no dimension pattern matched | extraction: item type not confidently identified | no live manufacturer-source evidence gathered for this row in this run -- attributes remain UNVERIFIED (regex/candidate layer only)",MOBILE_DESC out of 60-80 char range (43),0
564385,,UNRESOLVED,LOW,LOW,True,0,0,0,0.06,LOW,Yes,"'Phillips Lighting (5831)' not found in entity master | taxonomy: no rule matched, classification UNRESOLVED | extraction: no dimension pattern matched | extraction: item type not confidently identified | no live manufacturer-source evidence gathered for this row in this run -- attributes remain UNVERIFIED (regex/candidate layer only)",MOBILE_DESC out of 60-80 char range (43),0
566661,,UNRESOLVED,LOW,LOW,True,0,0,0,0.06,LOW,Yes,"'Phillips Lighting (5831)' not found in entity master | taxonomy: no rule matched, classification UNRESOLVED | extraction: no dimension pattern matched | extraction: item type not confidently identified | no live manufacturer-source evidence gathered for this row in this run -- attributes remain UNVERIFIED (regex/candidate layer only)",MOBILE_DESC out of 60-80 char range (43),0
564898,,UNRESOLVED,LOW,LOW,True,0,0,0,0.06,LOW,Yes,"'Phillips Lighting (5831)' not found in entity master | taxonomy: no rule matched, classification UNRESOLVED | extraction: no dimension pattern matched | extraction: item type not confidently identified | no live manufacturer-source evidence gathered for this row in this run -- attributes remain UNVERIFIED (regex/candidate layer only)",MOBILE_DESC out of 60-80 char range (43),0
538319,,UNRESOLVED,LOW,LOW,True,0,0,0,0.06,LOW,Yes,"'Phillips Lighting (5831)' not found in entity master | taxonomy: no rule matched, classification UNRESOLVED | extraction: no dimension pattern matched | extraction: item type not confidently identified | no live manufacturer-source evidence gathered for this row in this run -- attributes remain UNVERIFIED (regex/candidate layer only)",MOBILE_DESC out of 60-80 char range (43),0
576009,,UNRESOLVED,LOW,LOW,True,0,0,0,0.06,LOW,Yes,"'Phillips Lighting (5831)' not found in entity master | taxonomy: no rule matched, classification UNRESOLVED | extraction: no dimension pattern matched | extraction: item type not confidently identified | no live manufacturer-source evidence gathered for this row in this run -- attributes remain UNVERIFIED (regex/candidate layer only)",MOBILE_DESC out of 60-80 char range (43),0
564450,,UNRESOLVED,LOW,LOW,True,0,0,0,0.06,LOW,Yes,"'Phillips Lighting (5831)' not found in entity master | taxonomy: no rule matched, classification UNRESOLVED | extraction: no dimension pattern matched | extraction: item type not confidently identified | no live manufacturer-source evidence gathered for this row in this run -- attributes remain UNVERIFIED (regex/candidate layer only)",MOBILE_DESC out of 60-80 char range (43),0
572669,,UNRESOLVED,LOW,LOW,True,0,0,0,0.06,LOW,Yes,"'Phillips Lighting (5831)' not found in entity master | taxonomy: no rule matched, classification UNRESOLVED | extraction: no dimension pattern matched | extraction: item type not confidently identified | no live manufacturer-source evidence gathered for this row in this run -- attributes remain UNVERIFIED (regex/candidate layer only)",MOBILE_DESC out of 60-80 char range (43),0
564906,,UNRESOLVED,LOW,LOW,True,0,0,0,0.06,LOW,Yes,"'Phillips Lighting (5831)' not found in entity master | taxonomy: no rule matched, classification UNRESOLVED | extraction: no dimension pattern matched | extraction: item type not confidently identified | no live manufacturer-source evidence gathered for this row in this run -- attributes remain UNVERIFIED (regex/candidate layer only)",MOBILE_DESC out of 60-80 char range (43),0
573410,,UNRESOLVED,LOW,LOW,True,0,0,0,0.06,LOW,Yes,"'Phillips Lighting (5831)' not found in entity master | taxonomy: no rule matched, classification UNRESOLVED | extraction: no dimension pattern matched | extraction: item type not confidently identified | no live manufacturer-source evidence gathered for this row in this run -- attributes remain UNVERIFIED (regex/candidate layer only)",MOBILE_DESC out of 60-80 char range (43),0
576504,,UNRESOLVED,LOW,LOW,True,0,0,0,0.06,LOW,Yes,"'Phillips Lighting (5831)' not found in entity master | taxonomy: no rule matched, classification UNRESOLVED | extraction: no dimension pattern matched | extraction: item type not confidently identified | no live manufacturer-source evidence gathered for this row in this run -- attributes remain UNVERIFIED (regex/candidate layer only)",MOBILE_DESC out of 60-80 char range (43),0
576017,,UNRESOLVED,LOW,LOW,True,0,0,0,0.06,LOW,Yes,"'Phillips Lighting (5831)' not found in entity master | taxonomy: no rule matched, classification UNRESOLVED | extraction: no dimension pattern matched | extraction: item type not confidently identified | no live manufacturer-source evidence gathered for this row in this run -- attributes remain UNVERIFIED (regex/candidate layer only)",MOBILE_DESC out of 60-80 char range (43),0
574392,,UNRESOLVED,LOW,LOW,True,0,0,0,0.06,LOW,Yes,"'Phillips Lighting (5831)' not found in entity master | taxonomy: no rule matched, classification UNRESOLVED | extraction: no dimension pattern matched | extraction: item type not confidently identified | no live manufacturer-source evidence gathered for this row in this run -- attributes remain UNVERIFIED (regex/candidate layer only)",MOBILE_DESC out of 60-80 char range (43),0
576751,,UNRESOLVED,LOW,LOW,True,0,0,0,0.06,LOW,Yes,"'Phillips Lighting (5831)' not found in entity master | taxonomy: no rule matched, classification UNRESOLVED | extraction: no dimension pattern matched | extraction: item type not confidently identified | no live manufacturer-source evidence gathered for this row in this run -- attributes remain UNVERIFIED (regex/candidate layer only)",MOBILE_DESC out of 60-80 char range (43),0
583161,,UNRESOLVED,LOW,LOW,True,0,0,0,0.06,LOW,Yes,"'Phillips Lighting (5831)' not found in entity master | taxonomy: no rule matched, classification UNRESOLVED | extraction: no dimension pattern matched | extraction: item type not confidently identified | no live manufacturer-source evidence gathered for this row in this run -- attributes remain UNVERIFIED (regex/candidate layer only)",MOBILE_DESC out of 60-80 char range (43),0
566695,,UNRESOLVED,LOW,LOW,True,0,0,0,0.06,LOW,Yes,"'Phillips Lighting (5831)' not found in entity master | taxonomy: no rule matched, classification UNRESOLVED | extraction: no dimension pattern matched | extraction: item type not confidently identified | no live manufacturer-source evidence gathered for this row in this run -- attributes remain UNVERIFIED (regex/candidate layer only)",MOBILE_DESC out of 60-80 char range (43),0
577007,,UNRESOLVED,LOW,LOW,True,0,0,0,0.06,LOW,Yes,"'Phillips Lighting (5831)' not found in entity master | taxonomy: no rule matched, classification UNRESOLVED | extraction: no dimension pattern matched | extraction: item type not confidently identified | no live manufacturer-source evidence gathered for this row in this run -- attributes remain UNVERIFIED (regex/candidate layer only)",MOBILE_DESC out of 60-80 char range (43),0
566653,,UNRESOLVED,LOW,LOW,True,0,0,0,0.06,LOW,Yes,"'Phillips Lighting (5831)' not found in entity master | taxonomy: no rule matched, classification UNRESOLVED | extraction: no dimension pattern matched | extraction: item type not confidently identified | no live manufacturer-source evidence gathered for this row in this run -- attributes remain UNVERIFIED (regex/candidate layer only)",MOBILE_DESC out of 60-80 char range (43),0
566679,,UNRESOLVED,LOW,LOW,True,0,0,0,0.06,LOW,Yes,"'Phillips Lighting (5831)' not found in entity master | taxonomy: no rule matched, classification UNRESOLVED | extraction: no dimension pattern matched | extraction: item type not confidently identified | no live manufacturer-source evidence gathered for this row in this run -- attributes remain UNVERIFIED (regex/candidate layer only)",MOBILE_DESC out of 60-80 char range (43),0
573311,,UNRESOLVED,LOW,LOW,True,0,0,0,0.06,LOW,Yes,"'Phillips Lighting (5831)' not found in entity master | taxonomy: no rule matched, classification UNRESOLVED | extraction: no dimension pattern matched | extraction: item type not confidently identified | no live manufacturer-source evidence gathered for this row in this run -- attributes remain UNVERIFIED (regex/candidate layer only)",MOBILE_DESC out of 60-80 char range (43),0
573394,,UNRESOLVED,LOW,LOW,True,0,0,0,0.06,LOW,Yes,"'Phillips Lighting (5831)' not found in entity master | taxonomy: no rule matched, classification UNRESOLVED | extraction: no dimension pattern matched | extraction: item type not confidently identified | no live manufacturer-source evidence gathered for this row in this run -- attributes remain UNVERIFIED (regex/candidate layer only)",MOBILE_DESC out of 60-80 char range (43),0
573329,,UNRESOLVED,LOW,LOW,True,0,0,0,0.06,LOW,Yes,"'Phillips Lighting (5831)' not found in entity master | taxonomy: no rule matched, classification UNRESOLVED | extraction: no dimension pattern matched | extraction: item type not confidently identified | no live manufacturer-source evidence gathered for this row in this run -- attributes remain UNVERIFIED (regex/candidate layer only)",MOBILE_DESC out of 60-80 char range (43),0
564930,,UNRESOLVED,LOW,LOW,True,0,0,0,0.06,LOW,Yes,"'Phillips Lighting (5831)' not found in entity master | taxonomy: no rule matched, classification UNRESOLVED | extraction: no dimension pattern matched | extraction: item type not confidently identified | no live manufacturer-source evidence gathered for this row in this run -- attributes remain UNVERIFIED (regex/candidate layer only)",MOBILE_DESC out of 60-80 char range (43),0
565000,,UNRESOLVED,LOW,LOW,True,0,0,0,0.06,LOW,Yes,"'Phillips Lighting (5831)' not found in entity master | taxonomy: no rule matched, classification UNRESOLVED | extraction: no dimension pattern matched | extraction: item type not confidently identified | no live manufacturer-source evidence gathered for this row in this run -- attributes remain UNVERIFIED (regex/candidate layer only)",MOBILE_DESC out of 60-80 char range (43),0
564922,,UNRESOLVED,LOW,LOW,True,0,0,0,0.06,LOW,Yes,"'Phillips Lighting (5831)' not found in entity master | taxonomy: no rule matched, classification UNRESOLVED | extraction: no dimension pattern matched | extraction: item type not confidently identified | no live manufacturer-source evidence gathered for this row in this run -- attributes remain UNVERIFIED (regex/candidate layer only)",MOBILE_DESC out of 60-80 char range (43),0
573295,,UNRESOLVED,LOW,LOW,True,0,0,0,0.06,LOW,Yes,"'Phillips Lighting (5831)' not found in entity master | taxonomy: no rule matched, classification UNRESOLVED | extraction: no dimension pattern matched | extraction: item type not confidently identified | no live manufacturer-source evidence gathered for this row in this run -- attributes remain UNVERIFIED (regex/candidate layer only)",MOBILE_DESC out of 60-80 char range (43),0
564914,,UNRESOLVED,LOW,LOW,True,0,0,0,0.06,LOW,Yes,"'Phillips Lighting (5831)' not found in entity master | taxonomy: no rule matched, classification UNRESOLVED | extraction: no dimension pattern matched | extraction: item type not confidently identified | no live manufacturer-source evidence gathered for this row in this run -- attributes remain UNVERIFIED (regex/candidate layer only)",MOBILE_DESC out of 60-80 char range (43),0
573485,,UNRESOLVED,LOW,LOW,True,0,0,0,0.06,LOW,Yes,"'Phillips Lighting (5831)' not found in entity master | taxonomy: no rule matched, classification UNRESOLVED | extraction: no dimension pattern matched | extraction: item type not confidently identified | no live manufacturer-source evidence gathered for this row in this run -- attributes remain UNVERIFIED (regex/candidate layer only)",MOBILE_DESC out of 60-80 char range (43),0
573337,,UNRESOLVED,LOW,LOW,True,0,0,0,0.06,LOW,Yes,"'Phillips Lighting (5831)' not found in entity master | taxonomy: no rule matched, classification UNRESOLVED | extraction: no dimension pattern matched | extraction: item type not confidently identified | no live manufacturer-source evidence gathered for this row in this run -- attributes remain UNVERIFIED (regex/candidate layer only)",MOBILE_DESC out of 60-80 char range (43),0
544874,,UNRESOLVED,LOW,LOW,True,0,0,0,0.06,LOW,Yes,"'Phillips Lighting (5831)' not found in entity master | taxonomy: no rule matched, classification UNRESOLVED | extraction: no dimension pattern matched | extraction: item type not confidently identified | no live manufacturer-source evidence gathered for this row in this run -- attributes remain UNVERIFIED (regex/candidate layer only)",MOBILE_DESC out of 60-80 char range (43),0
570846,,UNRESOLVED,LOW,LOW,True,0,0,0,0.06,LOW,Yes,"'Phillips Lighting (5831)' not found in entity master | taxonomy: no rule matched, classification UNRESOLVED | extraction: no dimension pattern matched | extraction: item type not confidently identified | no live manufacturer-source evidence gathered for this row in this run -- attributes remain UNVERIFIED (regex/candidate layer only)",MOBILE_DESC out of 60-80 char range (43),0
565473,,UNRESOLVED,LOW,LOW,True,0,0,0,0.06,LOW,Yes,"'Phillips Lighting (5831)' not found in entity master | taxonomy: no rule matched, classification UNRESOLVED | extraction: no dimension pattern matched | extraction: item type not confidently identified | no live manufacturer-source evidence gathered for this row in this run -- attributes remain UNVERIFIED (regex/candidate layer only)",MOBILE_DESC out of 60-80 char range (43),0
573402,,UNRESOLVED,LOW,LOW,True,0,0,0,0.06,LOW,Yes,"'Phillips Lighting (5831)' not found in entity master | taxonomy: no rule matched, classification UNRESOLVED | extraction: no dimension pattern matched | extraction: item type not confidently identified | no live manufacturer-source evidence gathered for this row in this run -- attributes remain UNVERIFIED (regex/candidate layer only)",MOBILE_DESC out of 60-80 char range (43),0
573352,,UNRESOLVED,LOW,LOW,True,0,0,0,0.06,LOW,Yes,"'Phillips Lighting (5831)' not found in entity master | taxonomy: no rule matched, classification UNRESOLVED | extraction: no dimension pattern matched | extraction: item type not confidently identified | no live manufacturer-source evidence gathered for this row in this run -- attributes remain UNVERIFIED (regex/candidate layer only)",MOBILE_DESC out of 60-80 char range (43),0
573428,,UNRESOLVED,LOW,LOW,True,0,0,0,0.06,LOW,Yes,"'Phillips Lighting (5831)' not found in entity master | taxonomy: no rule matched, classification UNRESOLVED | extraction: no dimension pattern matched | extraction: item type not confidently identified | no live manufacturer-source evidence gathered for this row in this run -- attributes remain UNVERIFIED (regex/candidate layer only)",MOBILE_DESC out of 60-80 char range (43),0
573386,,UNRESOLVED,LOW,LOW,True,0,0,0,0.06,LOW,Yes,"'Phillips Lighting (5831)' not found in entity master | taxonomy: no rule matched, classification UNRESOLVED | extraction: no dimension pattern matched | extraction: item type not confidently identified | no live manufacturer-source evidence gathered for this row in this run -- attributes remain UNVERIFIED (regex/candidate layer only)",MOBILE_DESC out of 60-80 char range (43),0
564948,,UNRESOLVED,LOW,LOW,True,0,0,0,0.06,LOW,Yes,"'Phillips Lighting (5831)' not found in entity master | taxonomy: no rule matched, classification UNRESOLVED | extraction: no dimension pattern matched | extraction: item type not confidently identified | no live manufacturer-source evidence gathered for this row in this run -- attributes remain UNVERIFIED (regex/candidate layer only)",MOBILE_DESC out of 60-80 char range (43),0
573303,,UNRESOLVED,LOW,LOW,True,0,0,0,0.06,LOW,Yes,"'Phillips Lighting (5831)' not found in entity master | taxonomy: no rule matched, classification UNRESOLVED | extraction: no dimension pattern matched | extraction: item type not confidently identified | no live manufacturer-source evidence gathered for this row in this run -- attributes remain UNVERIFIED (regex/candidate layer only)",MOBILE_DESC out of 60-80 char range (43),0
573188,,UNRESOLVED,LOW,LOW,True,0,0,0,0.06,LOW,Yes,"'Phillips Lighting (5831)' not found in entity master | taxonomy: no rule matched, classification UNRESOLVED | extraction: no dimension pattern matched | extraction: item type not confidently identified | no live manufacturer-source evidence gathered for this row in this run -- attributes remain UNVERIFIED (regex/candidate layer only)",MOBILE_DESC out of 60-80 char range (43),0
573469,,UNRESOLVED,LOW,LOW,True,0,0,0,0.06,LOW,Yes,"'Phillips Lighting (5831)' not found in entity master | taxonomy: no rule matched, classification UNRESOLVED | extraction: no dimension pattern matched | extraction: item type not confidently identified | no live manufacturer-source evidence gathered for this row in this run -- attributes remain UNVERIFIED (regex/candidate layer only)",MOBILE_DESC out of 60-80 char range (43),0
565671,,UNRESOLVED,LOW,LOW,True,0,0,0,0.06,LOW,Yes,"'Phillips Lighting (5831)' not found in entity master | taxonomy: no rule matched, classification UNRESOLVED | extraction: no dimension pattern matched | extraction: item type not confidently identified | no live manufacturer-source evidence gathered for this row in this run -- attributes remain UNVERIFIED (regex/candidate layer only)",MOBILE_DESC out of 60-80 char range (43),0
573204,,UNRESOLVED,LOW,LOW,True,0,0,0,0.06,LOW,Yes,"'Phillips Lighting (5831)' not found in entity master | taxonomy: no rule matched, classification UNRESOLVED | extraction: no dimension pattern matched | extraction: item type not confidently identified | no live manufacturer-source evidence gathered for this row in this run -- attributes remain UNVERIFIED (regex/candidate layer only)",MOBILE_DESC out of 60-80 char range (43),0
581199,,UNRESOLVED,LOW,LOW,True,0,0,0,0.06,LOW,Yes,"'Phillips Lighting (5831)' not found in entity master | taxonomy: no rule matched, classification UNRESOLVED | extraction: no dimension pattern matched | extraction: item type not confidently identified | no live manufacturer-source evidence gathered for this row in this run -- attributes remain UNVERIFIED (regex/candidate layer only)",MOBILE_DESC out of 60-80 char range (43),0
565887,,UNRESOLVED,LOW,LOW,True,0,0,0,0.06,LOW,Yes,"'Phillips Lighting (5831)' not found in entity master | taxonomy: no rule matched, classification UNRESOLVED | extraction: no dimension pattern matched | extraction: item type not confidently identified | no live manufacturer-source evidence gathered for this row in this run -- attributes remain UNVERIFIED (regex/candidate layer only)",MOBILE_DESC out of 60-80 char range (43),0
586867,,UNRESOLVED,LOW,LOW,True,0,0,0,0.06,LOW,Yes,"'Phillips Lighting (5831)' not found in entity master | taxonomy: no rule matched, classification UNRESOLVED | extraction: no dimension pattern matched | extraction: item type not confidently identified | no live manufacturer-source evidence gathered for this row in this run -- attributes remain UNVERIFIED (regex/candidate layer only)",MOBILE_DESC out of 60-80 char range (43),0
568451,,UNRESOLVED,LOW,LOW,True,0,0,0,0.06,LOW,Yes,"'Phillips Lighting (5831)' not found in entity master | taxonomy: no rule matched, classification UNRESOLVED | extraction: no dimension pattern matched | extraction: item type not confidently identified | no live manufacturer-source evidence gathered for this row in this run -- attributes remain UNVERIFIED (regex/candidate layer only)",MOBILE_DESC out of 60-80 char range (43),0
568444,,UNRESOLVED,LOW,LOW,True,0,0,0,0.06,LOW,Yes,"'Phillips Lighting (5831)' not found in entity master | taxonomy: no rule matched, classification UNRESOLVED | extraction: no dimension pattern matched | extraction: item type not confidently identified | no live manufacturer-source evidence gathered for this row in this run -- attributes remain UNVERIFIED (regex/candidate layer only)",MOBILE_DESC out of 60-80 char range (43),0
573196,,UNRESOLVED,LOW,LOW,True,0,0,0,0.06,LOW,Yes,"'Phillips Lighting (5831)' not found in entity master | taxonomy: no rule matched, classification UNRESOLVED | extraction: no dimension pattern matched | extraction: item type not confidently identified | no live manufacturer-source evidence gathered for this row in this run -- attributes remain UNVERIFIED (regex/candidate layer only)",MOBILE_DESC out of 60-80 char range (43),0
564500,,UNRESOLVED,LOW,LOW,True,0,0,0,0.06,LOW,Yes,"'Phillips Lighting (5831)' not found in entity master | taxonomy: no rule matched, classification UNRESOLVED | extraction: no dimension pattern matched | extraction: item type not confidently identified | no live manufacturer-source evidence gathered for this row in this run -- attributes remain UNVERIFIED (regex/candidate layer only)",MOBILE_DESC out of 60-80 char range (43),0
571513,,UNRESOLVED,LOW,LOW,True,0,0,0,0.06,LOW,Yes,"'Phillips Lighting (5831)' not found in entity master | taxonomy: no rule matched, classification UNRESOLVED | extraction: no dimension pattern matched | extraction: item type not confidently identified | no live manufacturer-source evidence gathered for this row in this run -- attributes remain UNVERIFIED (regex/candidate layer only)",MOBILE_DESC out of 60-80 char range (43),0
588566,,UNRESOLVED,LOW,LOW,True,0,0,0,0.06,LOW,Yes,"'Phillips Lighting (5831)' not found in entity master | taxonomy: no rule matched, classification UNRESOLVED | extraction: no dimension pattern matched | extraction: item type not confidently identified | no live manufacturer-source evidence gathered for this row in this run -- attributes remain UNVERIFIED (regex/candidate layer only)",MOBILE_DESC out of 60-80 char range (43),0
565655,,UNRESOLVED,LOW,LOW,True,0,0,0,0.06,LOW,Yes,"'Phillips Lighting (5831)' not found in entity master | taxonomy: no rule matched, classification UNRESOLVED | extraction: no dimension pattern matched | extraction: item type not confidently identified | no live manufacturer-source evidence gathered for this row in this run -- attributes remain UNVERIFIED (regex/candidate layer only)",MOBILE_DESC out of 60-80 char range (43),0
565812,,UNRESOLVED,LOW,LOW,True,0,0,0,0.06,LOW,Yes,"'Phillips Lighting (5831)' not found in entity master | taxonomy: no rule matched, classification UNRESOLVED | extraction: no dimension pattern matched | extraction: item type not confidently identified | no live manufacturer-source evidence gathered for this row in this run -- attributes remain UNVERIFIED (regex/candidate layer only)",MOBILE_DESC out of 60-80 char range (43),0
586917,,UNRESOLVED,LOW,LOW,True,0,0,0,0.06,LOW,Yes,"'Phillips Lighting (5831)' not found in entity master | taxonomy: no rule matched, classification UNRESOLVED | extraction: no dimension pattern matched | extraction: item type not confidently identified | no live manufacturer-source evidence gathered for this row in this run -- attributes remain UNVERIFIED (regex/candidate layer only)",MOBILE_DESC out of 60-80 char range (43),0
46719,,UNRESOLVED,LOW,LOW,True,0,0,0,0.03,LOW,Yes,"'Maxsa Innovations (MAXIN)' not found in entity master | taxonomy: no rule matched, classification UNRESOLVED | extraction: no dimension pattern matched | extraction: item type not confidently identified | no live manufacturer-source evidence gathered for this row in this run -- attributes remain UNVERIFIED (regex/candidate layer only)",MOBILE_DESC out of 60-80 char range (33),0
59061BSL,,UNRESOLVED,LOW,LOW,True,0,0,0,0.03,LOW,Yes,"'Kichler Lighting (KICLI)' not found in entity master | taxonomy: no rule matched, classification UNRESOLVED | extraction: no dimension pattern matched | extraction: item type not confidently identified | no live manufacturer-source evidence gathered for this row in this run -- attributes remain UNVERIFIED (regex/candidate layer only)",MOBILE_DESC out of 60-80 char range (35),0
59062BSL,,UNRESOLVED,LOW,LOW,True,0,0,0,0.03,LOW,Yes,"'Kichler Lighting (KICLI)' not found in entity master | taxonomy: no rule matched, classification UNRESOLVED | extraction: no dimension pattern matched | extraction: item type not confidently identified | no live manufacturer-source evidence gathered for this row in this run -- attributes remain UNVERIFIED (regex/candidate layer only)",MOBILE_DESC out of 60-80 char range (35),0
59124BKT,,UNRESOLVED,LOW,LOW,True,0,0,0,0.03,LOW,Yes,"'Kichler Lighting (KICLI)' not found in entity master | taxonomy: no rule matched, classification UNRESOLVED | extraction: no dimension pattern matched | extraction: item type not confidently identified | no live manufacturer-source evidence gathered for this row in this run -- attributes remain UNVERIFIED (regex/candidate layer only)",MOBILE_DESC out of 60-80 char range (35),0
59025BK,,UNRESOLVED,LOW,LOW,True,0,0,0,0.03,LOW,Yes,"'Kichler Lighting (KICLI)' not found in entity master | taxonomy: no rule matched, classification UNRESOLVED | extraction: no dimension pattern matched | extraction: item type not confidently identified | no live manufacturer-source evidence gathered for this row in this run -- attributes remain UNVERIFIED (regex/candidate layer only)",MOBILE_DESC out of 60-80 char range (34),0
DCL183,,UNRESOLVED,HIGH,HIGH,False,0,0,0,0.2,LOW,Yes,"taxonomy: no rule matched, classification UNRESOLVED | extraction: no dimension pattern matched | extraction: item type not confidently identified | no live manufacturer-source evidence gathered for this row in this run -- attributes remain UNVERIFIED (regex/candidate layer only)",MOBILE_DESC out of 60-80 char range (54),0
73020,,UNRESOLVED,LOW,LOW,True,0,0,0,0.03,LOW,Yes,"'Streamlight (7277)' not found in entity master | taxonomy: no rule matched, classification UNRESOLVED | extraction: no dimension pattern matched | extraction: item type not confidently identified | no live manufacturer-source evidence gathered for this row in this run -- attributes remain UNVERIFIED (regex/candidate layer only)",MOBILE_DESC out of 60-80 char range (27),0
NEB-FLT-1021,,UNRESOLVED,LOW,LOW,True,0,0,0,0.03,LOW,Yes,"'ACG Brands (1154)' not found in entity master | taxonomy: no rule matched, classification UNRESOLVED | extraction: no dimension pattern matched | extraction: item type not confidently identified | no live manufacturer-source evidence gathered for this row in this run -- attributes remain UNVERIFIED (regex/candidate layer only)",MOBILE_DESC out of 60-80 char range (33),0
NEB-FLT-0053,,UNRESOLVED,LOW,LOW,True,0,0,0,0.03,LOW,Yes,"'ACG Brands (1154)' not found in entity master | taxonomy: no rule matched, classification UNRESOLVED | extraction: no dimension pattern matched | extraction: item type not confidently identified | no live manufacturer-source evidence gathered for this row in this run -- attributes remain UNVERIFIED (regex/candidate layer only)",MOBILE_DESC out of 60-80 char range (33),0
97708,,UNRESOLVED,LOW,LOW,True,0,0,0,0.06,LOW,Yes,"'Police Security (9470)' not found in entity master | taxonomy: no rule matched, classification UNRESOLVED | extraction: no dimension pattern matched | extraction: item type not confidently identified | no live manufacturer-source evidence gathered for this row in this run -- attributes remain UNVERIFIED (regex/candidate layer only)",MOBILE_DESC out of 60-80 char range (48),0
WORK6000XLTPPLUG,,UNRESOLVED,LOW,LOW,True,0,0,0,0.06,LOW,Yes,"'Feit Electric (3468)' not found in entity master | taxonomy: no rule matched, classification UNRESOLVED | extraction: no dimension pattern matched | extraction: item type not confidently identified | no live manufacturer-source evidence gathered for this row in this run -- attributes remain UNVERIFIED (regex/candidate layer only)",MOBILE_DESC out of 60-80 char range (55),0
HOM2040M200PRB,,UNRESOLVED,LOW,LOW,True,0,0,0,0.03,LOW,Yes,"'Square D Con Prod Dv (6825)' not found in entity master | taxonomy: no rule matched, classification UNRESOLVED | extraction: no dimension pattern matched | extraction: item type not confidently identified | no live manufacturer-source evidence gathered for this row in this run -- attributes remain UNVERIFIED (regex/candidate layer only)",MOBILE_DESC out of 60-80 char range (45),0
HOM3060L225PGC,,UNRESOLVED,LOW,LOW,True,0,0,0,0.06,LOW,Yes,"'Square D Con Prod Dv (6825)' not found in entity master | taxonomy: no rule matched, classification UNRESOLVED | extraction: no dimension pattern matched | extraction: item type not confidently identified | no live manufacturer-source evidence gathered for this row in this run -- attributes remain UNVERIFIED (regex/candidate layer only)",MOBILE_DESC out of 60-80 char range (55),0
QO612L100RBCP,,UNRESOLVED,LOW,LOW,True,0,0,0,0.06,LOW,Yes,"'Square D Con Prod Dv (6825)' not found in entity master | taxonomy: no rule matched, classification UNRESOLVED | extraction: no dimension pattern matched | extraction: item type not confidently identified | no live manufacturer-source evidence gathered for this row in this run -- attributes remain UNVERIFIED (regex/candidate layer only)",MOBILE_DESC out of 60-80 char range (54),0
13093005,,UNRESOLVED,LOW,LOW,True,1,1,0,0.14,LOW,Yes,"'Southwire/g Turner (6603)' not found in entity master | taxonomy: no rule matched, classification UNRESOLVED | extraction: no dimension pattern matched | extraction: item type not confidently identified | no live manufacturer-source evidence gathered for this row in this run -- attributes remain UNVERIFIED (regex/candidate layer only)",MOBILE_DESC out of 60-80 char range (56),0
12-4 SO,,UNRESOLVED,UNVERIFIED,UNVERIFIED,False,0,0,0,0.0,UNVERIFIED,Yes,"Part_Manuf is placeholder; no entity master match found | taxonomy: no rule matched, classification UNRESOLVED | extraction: no dimension pattern matched | extraction: item type not confidently identified | no live manufacturer-source evidence gathered for this row in this run -- attributes remain UNVERIFIED (regex/candidate layer only)",MOBILE_DESC out of 60-80 char range (16),0
96263-46-06,,UNRESOLVED,LOW,LOW,True,0,0,0,0.03,LOW,Yes,"'Woods Wire Southwire (7579)' not found in entity master | taxonomy: no rule matched, classification UNRESOLVED | extraction: no dimension pattern matched | extraction: item type not confidently identified | no live manufacturer-source evidence gathered for this row in this run -- attributes remain UNVERIFIED (regex/candidate layer only)",MOBILE_DESC out of 60-80 char range (42),0
R50003-ID,,UNRESOLVED,LOW,LOW,True,1,1,0,0.09,LOW,Yes,"'Southwire/g Turner (6603)' not found in entity master | taxonomy: no rule matched, classification UNRESOLVED | extraction: dimension chain length has no schema mapping for '' | extraction: item type not confidently identified | no live manufacturer-source evidence gathered for this row in this run -- attributes remain UNVERIFIED (regex/candidate layer only)",,0
10-4 SO,,UNRESOLVED,LOW,LOW,True,0,0,0,0.03,LOW,Yes,"'Southwire/g Turner (6603)' not found in entity master | taxonomy: no rule matched, classification UNRESOLVED | extraction: no dimension pattern matched | extraction: item type not confidently identified | no live manufacturer-source evidence gathered for this row in this run -- attributes remain UNVERIFIED (regex/candidate layer only)",MOBILE_DESC out of 60-80 char range (36),0
23346-0408,,UNRESOLVED,UNVERIFIED,UNVERIFIED,False,0,0,0,0.0,UNVERIFIED,Yes,"Part_Manuf is placeholder; no entity master match found | taxonomy: no rule matched, classification UNRESOLVED | extraction: no dimension pattern matched | extraction: item type not confidently identified | no live manufacturer-source evidence gathered for this row in this run -- attributes remain UNVERIFIED (regex/candidate layer only)",MOBILE_DESC out of 60-80 char range (19),0
2/2/4 UD ALUM,,UNRESOLVED,LOW,LOW,True,1,1,0,0.14,LOW,Yes,"'Southwire/g Turner (6603)' not found in entity master | taxonomy: no rule matched, classification UNRESOLVED | extraction: no dimension pattern matched | extraction: item type not confidently identified | no live manufacturer-source evidence gathered for this row in this run -- attributes remain UNVERIFIED (regex/candidate layer only)",,0
55418901,,UNRESOLVED,LOW,LOW,True,1,1,0,0.14,LOW,Yes,"'Southwire/g Turner (6603)' not found in entity master | taxonomy: no rule matched, classification UNRESOLVED | extraction: no dimension pattern matched | extraction: item type not confidently identified | no live manufacturer-source evidence gathered for this row in this run -- attributes remain UNVERIFIED (regex/candidate layer only)",MOBILE_DESC out of 60-80 char range (56),0
CG50K,,UNRESOLVED,LOW,LOW,True,2,2,0,0.115,LOW,Yes,"'Fenton Bros Electric Inc (FENBR)' not found in entity master | taxonomy: no rule matched, classification UNRESOLVED | extraction: dimension chain length has no schema mapping for '' | extraction: item type not confidently identified | no live manufacturer-source evidence gathered for this row in this run -- attributes remain UNVERIFIED (regex/candidate layer only)",,0
R02-D215P-1RW,,UNRESOLVED,LOW,LOW,True,0,0,0,0.06,LOW,Yes,"'Leviton Mfg Co (4927)' not found in entity master | taxonomy: no rule matched, classification UNRESOLVED | extraction: no dimension pattern matched | extraction: item type not confidently identified | no live manufacturer-source evidence gathered for this row in this run -- attributes remain UNVERIFIED (regex/candidate layer only)",MOBILE_DESC out of 60-80 char range (47),0
PBUC013,,UNRESOLVED,LOW,LOW,True,0,0,0,0.06,LOW,Yes,"'Prime Wire & Cable (3562)' not found in entity master | taxonomy: no rule matched, classification UNRESOLVED | extraction: no dimension pattern matched | extraction: item type not confidently identified | no live manufacturer-source evidence gathered for this row in this run -- attributes remain UNVERIFIED (regex/candidate layer only)",MOBILE_DESC out of 60-80 char range (43),0
R00-GFNT1-00K,,UNRESOLVED,LOW,LOW,True,0,0,0,0.06,LOW,Yes,"'Leviton Mfg Co (4927)' not found in entity master | taxonomy: no rule matched, classification UNRESOLVED | extraction: no dimension pattern matched | extraction: item type not confidently identified | no live manufacturer-source evidence gathered for this row in this run -- attributes remain UNVERIFIED (regex/candidate layer only)",MOBILE_DESC out of 60-80 char range (47),0
R92-GFWT1-0KW,,UNRESOLVED,LOW,LOW,True,0,0,0,0.06,LOW,Yes,"'Leviton Mfg Co (4927)' not found in entity master | taxonomy: no rule matched, classification UNRESOLVED | extraction: no dimension pattern matched | extraction: item type not confidently identified | no live manufacturer-source evidence gathered for this row in this run -- attributes remain UNVERIFIED (regex/candidate layer only)",MOBILE_DESC out of 60-80 char range (47),0
R12-AGTR1-0KW,,UNRESOLVED,LOW,LOW,True,0,0,0,0.06,LOW,Yes,"'Leviton Mfg Co (4927)' not found in entity master | taxonomy: no rule matched, classification UNRESOLVED | extraction: no dimension pattern matched | extraction: item type not confidently identified | no live manufacturer-source evidence gathered for this row in this run -- attributes remain UNVERIFIED (regex/candidate layer only)",MOBILE_DESC out of 60-80 char range (47),0
R62-GFTA1-0KW,,UNRESOLVED,LOW,LOW,True,0,0,0,0.06,LOW,Yes,"'Leviton Mfg Co (4927)' not found in entity master | taxonomy: no rule matched, classification UNRESOLVED | extraction: no dimension pattern matched | extraction: item type not confidently identified | no live manufacturer-source evidence gathered for this row in this run -- attributes remain UNVERIFIED (regex/candidate layer only)",MOBILE_DESC out of 60-80 char range (47),0
165-04729-00C,,UNRESOLVED,LOW,LOW,True,1,1,0,0.17,LOW,Yes,"'Leviton Mfg Co (4927)' not found in entity master | taxonomy: no rule matched, classification UNRESOLVED | extraction: no dimension pattern matched | extraction: item type not confidently identified | no live manufacturer-source evidence gathered for this row in this run -- attributes remain UNVERIFIED (regex/candidate layer only)",,0
161-04720-00C,,UNRESOLVED,LOW,LOW,True,1,1,0,0.17,LOW,Yes,"'Leviton Mfg Co (4927)' not found in entity master | taxonomy: no rule matched, classification UNRESOLVED | extraction: no dimension pattern matched | extraction: item type not confidently identified | no live manufacturer-source evidence gathered for this row in this run -- attributes remain UNVERIFIED (regex/candidate layer only)",,0
R02-GUAC1-0BW,,UNRESOLVED,LOW,LOW,True,0,0,0,0.06,LOW,Yes,"'Leviton Mfg Co (4927)' not found in entity master | taxonomy: no rule matched, classification UNRESOLVED | extraction: no dimension pattern matched | extraction: item type not confidently identified | no live manufacturer-source evidence gathered for this row in this run -- attributes remain UNVERIFIED (regex/candidate layer only)",MOBILE_DESC out of 60-80 char range (47),0
R56-CBR15-00T,,UNRESOLVED,LOW,LOW,True,0,0,0,0.06,LOW,Yes,"'Leviton Mfg Co (4927)' not found in entity master | taxonomy: no rule matched, classification UNRESOLVED | extraction: no dimension pattern matched | extraction: item type not confidently identified | no live manufacturer-source evidence gathered for this row in this run -- attributes remain UNVERIFIED (regex/candidate layer only)",MOBILE_DESC out of 60-80 char range (47),0
R20-05378-P00,,UNRESOLVED,LOW,LOW,True,0,0,0,0.06,LOW,Yes,"'Leviton Mfg Co (4927)' not found in entity master | taxonomy: no rule matched, classification UNRESOLVED | extraction: no dimension pattern matched | extraction: item type not confidently identified | no live manufacturer-source evidence gathered for this row in this run -- attributes remain UNVERIFIED (regex/candidate layer only)",MOBILE_DESC out of 60-80 char range (47),0
WC1V12W-SG-UPC,,UNRESOLVED,LOW,LOW,True,0,0,0,0.06,LOW,Yes,"'Southwire/g Turner (6603)' not found in entity master | taxonomy: no rule matched, classification UNRESOLVED | extraction: no dimension pattern matched | extraction: item type not confidently identified | no live manufacturer-source evidence gathered for this row in this run -- attributes remain UNVERIFIED (regex/candidate layer only)",MOBILE_DESC out of 60-80 char range (54),0
R51-GSRA1-THD,,UNRESOLVED,LOW,LOW,True,0,0,0,0.06,LOW,Yes,"'Leviton Mfg Co (4927)' not found in entity master | taxonomy: no rule matched, classification UNRESOLVED | extraction: no dimension pattern matched | extraction: item type not confidently identified | no live manufacturer-source evidence gathered for this row in this run -- attributes remain UNVERIFIED (regex/candidate layer only)",MOBILE_DESC out of 60-80 char range (47),0
R62-CBR15-00W,,UNRESOLVED,LOW,LOW,True,0,0,0,0.06,LOW,Yes,"'Leviton Mfg Co (4927)' not found in entity master | taxonomy: no rule matched, classification UNRESOLVED | extraction: no dimension pattern matched | extraction: item type not confidently identified | no live manufacturer-source evidence gathered for this row in this run -- attributes remain UNVERIFIED (regex/candidate layer only)",MOBILE_DESC out of 60-80 char range (47),0
S03-05226-IS,,UNRESOLVED,LOW,LOW,True,0,0,0,0.06,LOW,Yes,"'Leviton Mfg Co (4927)' not found in entity master | taxonomy: no rule matched, classification UNRESOLVED | extraction: no dimension pattern matched | extraction: item type not confidently identified | no live manufacturer-source evidence gathered for this row in this run -- attributes remain UNVERIFIED (regex/candidate layer only)",MOBILE_DESC out of 60-80 char range (46),0
174-0CSB3-15W,,UNRESOLVED,LOW,LOW,True,0,0,0,0.03,LOW,Yes,"'Leviton Mfg Co (4927)' not found in entity master | taxonomy: no rule matched, classification UNRESOLVED | extraction: no dimension pattern matched | extraction: item type not confidently identified | no live manufacturer-source evidence gathered for this row in this run -- attributes remain UNVERIFIED (regex/candidate layer only)",MOBILE_DESC out of 60-80 char range (38),0
R50-0SL13-000,,UNRESOLVED,LOW,LOW,True,0,0,0,0.06,LOW,Yes,"'Leviton Mfg Co (4927)' not found in entity master | taxonomy: no rule matched, classification UNRESOLVED | extraction: no dimension pattern matched | extraction: item type not confidently identified | no live manufacturer-source evidence gathered for this row in this run -- attributes remain UNVERIFIED (regex/candidate layer only)",MOBILE_DESC out of 60-80 char range (47),0
R52-0PJ13-00W,,UNRESOLVED,LOW,LOW,True,0,0,0,0.06,LOW,Yes,"'Leviton Mfg Co (4927)' not found in entity master | taxonomy: no rule matched, classification UNRESOLVED | extraction: no dimension pattern matched | extraction: item type not confidently identified | no live manufacturer-source evidence gathered for this row in this run -- attributes remain UNVERIFIED (regex/candidate layer only)",MOBILE_DESC out of 60-80 char range (47),0
XOU2470BCGS,,UNRESOLVED,LOW,LOW,True,0,0,0,0.03,LOW,Yes,"'Appliance Dealers Cooperative (APPDE)' not found in entity master | taxonomy: no rule matched, classification UNRESOLVED | extraction: no dimension pattern matched | extraction: item type not confidently identified | no live manufacturer-source evidence gathered for this row in this run -- attributes remain UNVERIFIED (regex/candidate layer only)",MOBILE_DESC out of 60-80 char range (51),0
XOU24BCGSR,,UNRESOLVED,LOW,LOW,True,0,0,0,0.03,LOW,Yes,"'Appliance Dealers Cooperative (APPDE)' not found in entity master | taxonomy: no rule matched, classification UNRESOLVED | extraction: no dimension pattern matched | extraction: item type not confidently identified | no live manufacturer-source evidence gathered for this row in this run -- attributes remain UNVERIFIED (regex/candidate layer only)",MOBILE_DESC out of 60-80 char range (50),0
XOU24WDZGBR,,UNRESOLVED,LOW,LOW,True,0,0,0,0.03,LOW,Yes,"'Appliance Dealers Cooperative (APPDE)' not found in entity master | taxonomy: no rule matched, classification UNRESOLVED | extraction: no dimension pattern matched | extraction: item type not confidently identified | no live manufacturer-source evidence gathered for this row in this run -- attributes remain UNVERIFIED (regex/candidate layer only)",MOBILE_DESC out of 60-80 char range (51),0
C7CDAAS3PD3,,UNRESOLVED,LOW,LOW,True,0,0,0,0.03,LOW,Yes,"'Appliance Dealers Cooperative (APPDE)' not found in entity master | taxonomy: no rule matched, classification UNRESOLVED | extraction: no dimension pattern matched | extraction: item type not confidently identified | no live manufacturer-source evidence gathered for this row in this run -- attributes remain UNVERIFIED (regex/candidate layer only)",MOBILE_DESC out of 60-80 char range (51),0
C7CDAAS4PW3,,UNRESOLVED,LOW,LOW,True,0,0,0,0.03,LOW,Yes,"'Appliance Dealers Cooperative (APPDE)' not found in entity master | taxonomy: no rule matched, classification UNRESOLVED | extraction: no dimension pattern matched | extraction: item type not confidently identified | no live manufacturer-source evidence gathered for this row in this run -- attributes remain UNVERIFIED (regex/candidate layer only)",MOBILE_DESC out of 60-80 char range (51),0
C7CDABS2RS3,,UNRESOLVED,LOW,LOW,True,0,0,0,0.03,LOW,Yes,"'Appliance Dealers Cooperative (APPDE)' not found in entity master | taxonomy: no rule matched, classification UNRESOLVED | extraction: no dimension pattern matched | extraction: item type not confidently identified | no live manufacturer-source evidence gathered for this row in this run -- attributes remain UNVERIFIED (regex/candidate layer only)",MOBILE_DESC out of 60-80 char range (51),0
C7CDABS3RD3,,UNRESOLVED,LOW,LOW,True,0,0,0,0.03,LOW,Yes,"'Appliance Dealers Cooperative (APPDE)' not found in entity master | taxonomy: no rule matched, classification UNRESOLVED | extraction: no dimension pattern matched | extraction: item type not confidently identified | no live manufacturer-source evidence gathered for this row in this run -- attributes remain UNVERIFIED (regex/candidate layer only)",MOBILE_DESC out of 60-80 char range (51),0
C7CDABS4RW3,,UNRESOLVED,LOW,LOW,True,0,0,0,0.03,LOW,Yes,"'Appliance Dealers Cooperative (APPDE)' not found in entity master | taxonomy: no rule matched, classification UNRESOLVED | extraction: no dimension pattern matched | extraction: item type not confidently identified | no live manufacturer-source evidence gathered for this row in this run -- attributes remain UNVERIFIED (regex/candidate layer only)",MOBILE_DESC out of 60-80 char range (51),0
C7CEBBS2RS3,,UNRESOLVED,LOW,LOW,True,0,0,0,0.03,LOW,Yes,"'Appliance Dealers Cooperative (APPDE)' not found in entity master | taxonomy: no rule matched, classification UNRESOLVED | extraction: no dimension pattern matched | extraction: item type not confidently identified | no live manufacturer-source evidence gathered for this row in this run -- attributes remain UNVERIFIED (regex/candidate layer only)",MOBILE_DESC out of 60-80 char range (51),0
C7CEBBS4RW3,,UNRESOLVED,LOW,LOW,True,0,0,0,0.03,LOW,Yes,"'Appliance Dealers Cooperative (APPDE)' not found in entity master | taxonomy: no rule matched, classification UNRESOLVED | extraction: no dimension pattern matched | extraction: item type not confidently identified | no live manufacturer-source evidence gathered for this row in this run -- attributes remain UNVERIFIED (regex/candidate layer only)",MOBILE_DESC out of 60-80 char range (51),0
C7CESAS2RS3,,UNRESOLVED,LOW,LOW,True,0,0,0,0.03,LOW,Yes,"'Appliance Dealers Cooperative (APPDE)' not found in entity master | taxonomy: no rule matched, classification UNRESOLVED | extraction: no dimension pattern matched | extraction: item type not confidently identified | no live manufacturer-source evidence gathered for this row in this run -- attributes remain UNVERIFIED (regex/candidate layer only)",MOBILE_DESC out of 60-80 char range (51),0
C7CESAS3RD3,,UNRESOLVED,LOW,LOW,True,0,0,0,0.03,LOW,Yes,"'Appliance Dealers Cooperative (APPDE)' not found in entity master | taxonomy: no rule matched, classification UNRESOLVED | extraction: no dimension pattern matched | extraction: item type not confidently identified | no live manufacturer-source evidence gathered for this row in this run -- attributes remain UNVERIFIED (regex/candidate layer only)",MOBILE_DESC out of 60-80 char range (51),0
C7CESAS4RW3,,UNRESOLVED,LOW,LOW,True,0,0,0,0.03,LOW,Yes,"'Appliance Dealers Cooperative (APPDE)' not found in entity master | taxonomy: no rule matched, classification UNRESOLVED | extraction: no dimension pattern matched | extraction: item type not confidently identified | no live manufacturer-source evidence gathered for this row in this run -- attributes remain UNVERIFIED (regex/candidate layer only)",MOBILE_DESC out of 60-80 char range (51),0
WOSP30100SS,,UNRESOLVED,LOW,LOW,True,0,0,0,0.03,LOW,Yes,"'Appliance Dealers Cooperative (APPDE)' not found in entity master | taxonomy: no rule matched, classification UNRESOLVED | extraction: no dimension pattern matched | extraction: item type not confidently identified | no live manufacturer-source evidence gathered for this row in this run -- attributes remain UNVERIFIED (regex/candidate layer only)",MOBILE_DESC out of 60-80 char range (51),0
MSER2090S,,UNRESOLVED,LOW,LOW,True,0,0,0,0.03,LOW,Yes,"'Appliance Dealers Cooperative (APPDE)' not found in entity master | taxonomy: no rule matched, classification UNRESOLVED | extraction: no dimension pattern matched | extraction: item type not confidently identified | no live manufacturer-source evidence gathered for this row in this run -- attributes remain UNVERIFIED (regex/candidate layer only)",MOBILE_DESC out of 60-80 char range (49),0
GCST16S1WSS,,UNRESOLVED,LOW,LOW,True,0,0,0,0.03,LOW,Yes,"'Appliance Dealers Cooperative (APPDE)' not found in entity master | taxonomy: no rule matched, classification UNRESOLVED | extraction: no dimension pattern matched | extraction: item type not confidently identified | no live manufacturer-source evidence gathered for this row in this run -- attributes remain UNVERIFIED (regex/candidate layer only)",MOBILE_DESC out of 60-80 char range (51),0
PCWK15C1WSS,,UNRESOLVED,LOW,LOW,True,0,0,0,0.03,LOW,Yes,"'Appliance Dealers Cooperative (APPDE)' not found in entity master | taxonomy: no rule matched, classification UNRESOLVED | extraction: no dimension pattern matched | extraction: item type not confidently identified | no live manufacturer-source evidence gathered for this row in this run -- attributes remain UNVERIFIED (regex/candidate layer only)",MOBILE_DESC out of 60-80 char range (51),0
SMC2266KS,,UNRESOLVED,LOW,LOW,True,0,0,0,0.03,LOW,Yes,"'Appliance Dealers Cooperative (APPDE)' not found in entity master | taxonomy: no rule matched, classification UNRESOLVED | extraction: no dimension pattern matched | extraction: item type not confidently identified | no live manufacturer-source evidence gathered for this row in this run -- attributes remain UNVERIFIED (regex/candidate layer only)",MOBILE_DESC out of 60-80 char range (49),0
SMD2479JS,,UNRESOLVED,LOW,LOW,True,0,0,0,0.03,LOW,Yes,"'Appliance Dealers Cooperative (APPDE)' not found in entity master | taxonomy: no rule matched, classification UNRESOLVED | extraction: no dimension pattern matched | extraction: item type not confidently identified | no live manufacturer-source evidence gathered for this row in this run -- attributes remain UNVERIFIED (regex/candidate layer only)",MOBILE_DESC out of 60-80 char range (49),0
PEP9030DTBB,,UNRESOLVED,LOW,LOW,True,1,1,0,0.09,LOW,Yes,"'Appliance Dealers Cooperative (APPDE)' not found in entity master | taxonomy: no rule matched, classification UNRESOLVED | extraction: dimension chain length has no schema mapping for '' | extraction: item type not confidently identified | no live manufacturer-source evidence gathered for this row in this run -- attributes remain UNVERIFIED (regex/candidate layer only)",,0
CES700P3MD1,,UNRESOLVED,LOW,LOW,True,1,1,0,0.09,LOW,Yes,"'Appliance Dealers Cooperative (APPDE)' not found in entity master | taxonomy: no rule matched, classification UNRESOLVED | extraction: dimension chain length has no schema mapping for '' | extraction: item type not confidently identified | no live manufacturer-source evidence gathered for this row in this run -- attributes remain UNVERIFIED (regex/candidate layer only)",,0
PS960YPFS,,UNRESOLVED,LOW,LOW,True,1,1,0,0.09,LOW,Yes,"'Appliance Dealers Cooperative (APPDE)' not found in entity master | taxonomy: no rule matched, classification UNRESOLVED | extraction: dimension chain length has no schema mapping for '' | extraction: item type not confidently identified | no live manufacturer-source evidence gathered for this row in this run -- attributes remain UNVERIFIED (regex/candidate layer only)",,0
PB900YVFS,,UNRESOLVED,LOW,LOW,True,1,1,0,0.09,LOW,Yes,"'Appliance Dealers Cooperative (APPDE)' not found in entity master | taxonomy: no rule matched, classification UNRESOLVED | extraction: dimension chain length has no schema mapping for '' | extraction: item type not confidently identified | no live manufacturer-source evidence gathered for this row in this run -- attributes remain UNVERIFIED (regex/candidate layer only)",,0
PCFE3080AF,,UNRESOLVED,LOW,LOW,True,1,1,0,0.09,LOW,Yes,"'Appliance Dealers Cooperative (APPDE)' not found in entity master | taxonomy: no rule matched, classification UNRESOLVED | extraction: dimension chain length has no schema mapping for '' | extraction: item type not confidently identified | no live manufacturer-source evidence gathered for this row in this run -- attributes remain UNVERIFIED (regex/candidate layer only)",,0
SLER30524SS,,UNRESOLVED,LOW,LOW,True,1,1,0,0.09,LOW,Yes,"'Appliance Dealers Cooperative (APPDE)' not found in entity master | taxonomy: no rule matched, classification UNRESOLVED | extraction: dimension chain length has no schema mapping for '' | extraction: item type not confidently identified | no live manufacturer-source evidence gathered for this row in this run -- attributes remain UNVERIFIED (regex/candidate layer only)",,0
LSEL6333ZE,,UNRESOLVED,LOW,LOW,True,1,1,0,0.09,LOW,Yes,"'Appliance Dealers Cooperative (APPDE)' not found in entity master | taxonomy: no rule matched, classification UNRESOLVED | extraction: dimension chain length has no schema mapping for '' | extraction: item type not confidently identified | no live manufacturer-source evidence gathered for this row in this run -- attributes remain UNVERIFIED (regex/candidate layer only)",,0
KSES530SBE,,UNRESOLVED,LOW,LOW,True,1,1,0,0.09,LOW,Yes,"'Appliance Dealers Cooperative (APPDE)' not found in entity master | taxonomy: no rule matched, classification UNRESOLVED | extraction: dimension chain length has no schema mapping for '' | extraction: item type not confidently identified | no live manufacturer-source evidence gathered for this row in this run -- attributes remain UNVERIFIED (regex/candidate layer only)",,0
GCFG3661AF,,UNRESOLVED,LOW,LOW,True,1,1,0,0.09,LOW,Yes,"'Appliance Dealers Cooperative (APPDE)' not found in entity master | taxonomy: no rule matched, classification UNRESOLVED | extraction: dimension chain length has no schema mapping for '' | extraction: item type not confidently identified | no live manufacturer-source evidence gathered for this row in this run -- attributes remain UNVERIFIED (regex/candidate layer only)",,0
WSGS7530RZ,,UNRESOLVED,LOW,LOW,True,1,1,0,0.09,LOW,Yes,"'Appliance Dealers Cooperative (APPDE)' not found in entity master | taxonomy: no rule matched, classification UNRESOLVED | extraction: dimension chain length has no schema mapping for '' | extraction: item type not confidently identified | no live manufacturer-source evidence gathered for this row in this run -- attributes remain UNVERIFIED (regex/candidate layer only)",,0
CHP90301TBB,,UNRESOLVED,LOW,LOW,True,0,0,0,0.03,LOW,Yes,"'Appliance Dealers Cooperative (APPDE)' not found in entity master | taxonomy: no rule matched, classification UNRESOLVED | extraction: no dimension pattern matched | extraction: item type not confidently identified | no live manufacturer-source evidence gathered for this row in this run -- attributes remain UNVERIFIED (regex/candidate layer only)",MOBILE_DESC out of 60-80 char range (51),0
CVM517P3RD1,,UNRESOLVED,LOW,LOW,True,0,0,0,0.03,LOW,Yes,"'Appliance Dealers Cooperative (APPDE)' not found in entity master | taxonomy: no rule matched, classification UNRESOLVED | extraction: no dimension pattern matched | extraction: item type not confidently identified | no live manufacturer-source evidence gathered for this row in this run -- attributes remain UNVERIFIED (regex/candidate layer only)",MOBILE_DESC out of 60-80 char range (51),0
PMOS1980AF,,UNRESOLVED,LOW,LOW,True,0,0,0,0.03,LOW,Yes,"'Appliance Dealers Cooperative (APPDE)' not found in entity master | taxonomy: no rule matched, classification UNRESOLVED | extraction: no dimension pattern matched | extraction: item type not confidently identified | no live manufacturer-source evidence gathered for this row in this run -- attributes remain UNVERIFIED (regex/candidate layer only)",MOBILE_DESC out of 60-80 char range (50),0
WMMS3330RZ,,UNRESOLVED,LOW,LOW,True,0,0,0,0.03,LOW,Yes,"'Appliance Dealers Cooperative (APPDE)' not found in entity master | taxonomy: no rule matched, classification UNRESOLVED | extraction: no dimension pattern matched | extraction: item type not confidently identified | no live manufacturer-source evidence gathered for this row in this run -- attributes remain UNVERIFIED (regex/candidate layer only)",MOBILE_DESC out of 60-80 char range (50),0
KMMF530PBE,,UNRESOLVED,LOW,LOW,True,0,0,0,0.03,LOW,Yes,"'Appliance Dealers Cooperative (APPDE)' not found in entity master | taxonomy: no rule matched, classification UNRESOLVED | extraction: no dimension pattern matched | extraction: item type not confidently identified | no live manufacturer-source evidence gathered for this row in this run -- attributes remain UNVERIFIED (regex/candidate layer only)",MOBILE_DESC out of 60-80 char range (50),0
JXGRILL1,,UNRESOLVED,LOW,LOW,True,0,0,0,0.03,LOW,Yes,"'Appliance Dealers Cooperative (APPDE)' not found in entity master | taxonomy: no rule matched, classification UNRESOLVED | extraction: no dimension pattern matched | extraction: item type not confidently identified | no live manufacturer-source evidence gathered for this row in this run -- attributes remain UNVERIFIED (regex/candidate layer only)",MOBILE_DESC out of 60-80 char range (48),0
C9TMA2S3PD3,,UNRESOLVED,LOW,LOW,True,0,0,0,0.03,LOW,Yes,"'Appliance Dealers Cooperative (APPDE)' not found in entity master | taxonomy: no rule matched, classification UNRESOLVED | extraction: no dimension pattern matched | extraction: item type not confidently identified | no live manufacturer-source evidence gathered for this row in this run -- attributes remain UNVERIFIED (regex/candidate layer only)",MOBILE_DESC out of 60-80 char range (51),0
C9TMA2S4PW3,,UNRESOLVED,LOW,LOW,True,0,0,0,0.03,LOW,Yes,"'Appliance Dealers Cooperative (APPDE)' not found in entity master | taxonomy: no rule matched, classification UNRESOLVED | extraction: no dimension pattern matched | extraction: item type not confidently identified | no live manufacturer-source evidence gathered for this row in this run -- attributes remain UNVERIFIED (regex/candidate layer only)",MOBILE_DESC out of 60-80 char range (51),0
C90AAAS2RS3,,UNRESOLVED,LOW,LOW,True,0,0,0,0.03,LOW,Yes,"'Appliance Dealers Cooperative (APPDE)' not found in entity master | taxonomy: no rule matched, classification UNRESOLVED | extraction: no dimension pattern matched | extraction: item type not confidently identified | no live manufacturer-source evidence gathered for this row in this run -- attributes remain UNVERIFIED (regex/candidate layer only)",MOBILE_DESC out of 60-80 char range (51),0
C9TMA2SP2PS3,,UNRESOLVED,LOW,LOW,True,0,0,0,0.03,LOW,Yes,"'Appliance Dealers Cooperative (APPDE)' not found in entity master | taxonomy: no rule matched, classification UNRESOLVED | extraction: no dimension pattern matched | extraction: item type not confidently identified | no live manufacturer-source evidence gathered for this row in this run -- attributes remain UNVERIFIED (regex/candidate layer only)",MOBILE_DESC out of 60-80 char range (52),0
GDE21EMKES,,UNRESOLVED,LOW,LOW,True,0,0,0,0.03,LOW,Yes,"'Appliance Dealers Cooperative (APPDE)' not found in entity master | taxonomy: no rule matched, classification UNRESOLVED | extraction: no dimension pattern matched | extraction: item type not confidently identified | no live manufacturer-source evidence gathered for this row in this run -- attributes remain UNVERIFIED (regex/candidate layer only)",MOBILE_DESC out of 60-80 char range (50),0
FCM16SLWW,,UNRESOLVED,LOW,LOW,True,0,0,0,0.03,LOW,Yes,"'Appliance Dealers Cooperative (APPDE)' not found in entity master | taxonomy: no rule matched, classification UNRESOLVED | extraction: no dimension pattern matched | extraction: item type not confidently identified | no live manufacturer-source evidence gathered for this row in this run -- attributes remain UNVERIFIED (regex/candidate layer only)",MOBILE_DESC out of 60-80 char range (49),0
GNE27JYMFS,,UNRESOLVED,LOW,LOW,True,0,0,0,0.03,LOW,Yes,"'Appliance Dealers Cooperative (APPDE)' not found in entity master | taxonomy: no rule matched, classification UNRESOLVED | extraction: no dimension pattern matched | extraction: item type not confidently identified | no live manufacturer-source evidence gathered for this row in this run -- attributes remain UNVERIFIED (regex/candidate layer only)",MOBILE_DESC out of 60-80 char range (50),0
CVE28DP3ND1,,UNRESOLVED,LOW,LOW,True,0,0,0,0.03,LOW,Yes,"'Appliance Dealers Cooperative (APPDE)' not found in entity master | taxonomy: no rule matched, classification UNRESOLVED | extraction: no dimension pattern matched | extraction: item type not confidently identified | no live manufacturer-source evidence gathered for this row in this run -- attributes remain UNVERIFIED (regex/candidate layer only)",MOBILE_DESC out of 60-80 char range (51),0
GNE25JMKES,,UNRESOLVED,LOW,LOW,True,0,0,0,0.03,LOW,Yes,"'Appliance Dealers Cooperative (APPDE)' not found in entity master | taxonomy: no rule matched, classification UNRESOLVED | extraction: no dimension pattern matched | extraction: item type not confidently identified | no live manufacturer-source evidence gathered for this row in this run -- attributes remain UNVERIFIED (regex/candidate layer only)",MOBILE_DESC out of 60-80 char range (50),0
PRFS2883AF,,UNRESOLVED,LOW,LOW,True,1,1,0,0.09,LOW,Yes,"'Appliance Dealers Cooperative (APPDE)' not found in entity master | taxonomy: no rule matched, classification UNRESOLVED | extraction: dimension chain length has no schema mapping for '' | extraction: item type not confidently identified | no live manufacturer-source evidence gathered for this row in this run -- attributes remain UNVERIFIED (regex/candidate layer only)",,0
PAD28BYTFS,,UNRESOLVED,LOW,LOW,True,0,0,0,0.03,LOW,Yes,"'Appliance Dealers Cooperative (APPDE)' not found in entity master | taxonomy: no rule matched, classification UNRESOLVED | extraction: no dimension pattern matched | extraction: item type not confidently identified | no live manufacturer-source evidence gathered for this row in this run -- attributes remain UNVERIFIED (regex/candidate layer only)",MOBILE_DESC out of 60-80 char range (50),0
PGE29BYTFS,,UNRESOLVED,LOW,LOW,True,0,0,0,0.03,LOW,Yes,"'Appliance Dealers Cooperative (APPDE)' not found in entity master | taxonomy: no rule matched, classification UNRESOLVED | extraction: no dimension pattern matched | extraction: item type not confidently identified | no live manufacturer-source evidence gathered for this row in this run -- attributes remain UNVERIFIED (regex/candidate layer only)",MOBILE_DESC out of 60-80 char range (50),0
ERFD19CGCS,,UNRESOLVED,LOW,LOW,True,0,0,0,0.03,LOW,Yes,"'Appliance Dealers Cooperative (APPDE)' not found in entity master | taxonomy: no rule matched, classification UNRESOLVED | extraction: no dimension pattern matched | extraction: item type not confidently identified | no live manufacturer-source evidence gathered for this row in this run -- attributes remain UNVERIFIED (regex/candidate layer only)",MOBILE_DESC out of 60-80 char range (50),0
LT18S2100W,,UNRESOLVED,LOW,LOW,True,0,0,0,0.03,LOW,Yes,"'Appliance Dealers Cooperative (APPDE)' not found in entity master | taxonomy: no rule matched, classification UNRESOLVED | extraction: no dimension pattern matched | extraction: item type not confidently identified | no live manufacturer-source evidence gathered for this row in this run -- attributes remain UNVERIFIED (regex/candidate layer only)",MOBILE_DESC out of 60-80 char range (50),0
LT18S2100SS,,UNRESOLVED,LOW,LOW,True,0,0,0,0.03,LOW,Yes,"'Appliance Dealers Cooperative (APPDE)' not found in entity master | taxonomy: no rule matched, classification UNRESOLVED | extraction: no dimension pattern matched | extraction: item type not confidently identified | no live manufacturer-source evidence gathered for this row in this run -- attributes remain UNVERIFIED (regex/candidate layer only)",MOBILE_DESC out of 60-80 char range (51),0
EUF17CDBW,,UNRESOLVED,LOW,LOW,True,0,0,0,0.03,LOW,Yes,"'Appliance Dealers Cooperative (APPDE)' not found in entity master | taxonomy: no rule matched, classification UNRESOLVED | extraction: no dimension pattern matched | extraction: item type not confidently identified | no live manufacturer-source evidence gathered for this row in this run -- attributes remain UNVERIFIED (regex/candidate layer only)",MOBILE_DESC out of 60-80 char range (49),0
EUF21CDBW,,UNRESOLVED,LOW,LOW,True,0,0,0,0.03,LOW,Yes,"'Appliance Dealers Cooperative (APPDE)' not found in entity master | taxonomy: no rule matched, classification UNRESOLVED | extraction: no dimension pattern matched | extraction: item type not confidently identified | no live manufacturer-source evidence gathered for this row in this run -- attributes remain UNVERIFIED (regex/candidate layer only)",MOBILE_DESC out of 60-80 char range (49),0
TP-1935,Benchtop & Stationary Power Tools,HIGH,UNVERIFIED,UNVERIFIED,False,0,0,0,0.2,LOW,Yes,Part_Manuf is placeholder; no entity master match found | extraction: no dimension pattern matched | extraction: item type not confidently identified | no live manufacturer-source evidence gathered for this row in this run -- attributes remain UNVERIFIED (regex/candidate layer only),,0
K527APBXR,,UNRESOLVED,LOW,LOW,True,2,2,0,0.09,LOW,Yes,"'Senco Products Inc (4650)' not found in entity master | taxonomy: no rule matched, classification UNRESOLVED | extraction: dimension chain length has no schema mapping for '' | extraction: dimension chain length has no schema mapping for '' | extraction: item type not confidently identified | no live manufacturer-source evidence gathered for this row in this run -- attributes remain UNVERIFIED (regex/candidate layer only)",,0
603150,Nails & Pins,HIGH,LOW,LOW,True,3,3,0,0.34,LOW,Yes,'National Nail Corp (7439)' not found in entity master | extraction: item type not confidently identified | evidence: Candidate facts extracted from raw Part_Desc text via regex at UNVERIFIED status. | no live manufacturer-source evidence gathered for this row in this run -- attributes remain UNVERIFIED (regex/candidate layer only),,0
d10cnk,Staples,HIGH,LOW,LOW,True,3,3,0,0.34,LOW,Yes,'Prebena (PREBE)' not found in entity master | extraction: item type not confidently identified | evidence: Candidate facts extracted from raw Part_Desc text via regex at UNVERIFIED status. | no live manufacturer-source evidence gathered for this row in this run -- attributes remain UNVERIFIED (regex/candidate layer only),,0
e28cnkha,Staples,HIGH,LOW,LOW,True,3,3,0,0.34,LOW,Yes,'Prebena (PREBE)' not found in entity master | extraction: item type not confidently identified | evidence: Candidate facts extracted from raw Part_Desc text via regex at UNVERIFIED status. | no live manufacturer-source evidence gathered for this row in this run -- attributes remain UNVERIFIED (regex/candidate layer only),,0
51334,,UNRESOLVED,LOW,LOW,True,1,1,0,0.09,LOW,Yes,"'Hunter Fan Co (4381)' not found in entity master | taxonomy: no rule matched, classification UNRESOLVED | extraction: dimension chain length has no schema mapping for '' | extraction: item type not confidently identified | no live manufacturer-source evidence gathered for this row in this run -- attributes remain UNVERIFIED (regex/candidate layer only)",MOBILE_DESC out of 60-80 char range (57),0
59210,,UNRESOLVED,LOW,LOW,True,1,1,0,0.12,LOW,Yes,"'Hunter Fan Co (4381)' not found in entity master | taxonomy: no rule matched, classification UNRESOLVED | extraction: dimension chain length has no schema mapping for '' | extraction: item type not confidently identified | no live manufacturer-source evidence gathered for this row in this run -- attributes remain UNVERIFIED (regex/candidate layer only)",,0
52485,,UNRESOLVED,LOW,LOW,True,1,1,0,0.09,LOW,Yes,"'Hunter Fan Co (4381)' not found in entity master | taxonomy: no rule matched, classification UNRESOLVED | extraction: dimension chain length has no schema mapping for '' | extraction: item type not confidently identified | no live manufacturer-source evidence gathered for this row in this run -- attributes remain UNVERIFIED (regex/candidate layer only)",MOBILE_DESC out of 60-80 char range (57),0
52486,,UNRESOLVED,LOW,LOW,True,1,1,0,0.09,LOW,Yes,"'Hunter Fan Co (4381)' not found in entity master | taxonomy: no rule matched, classification UNRESOLVED | extraction: dimension chain length has no schema mapping for '' | extraction: item type not confidently identified | no live manufacturer-source evidence gathered for this row in this run -- attributes remain UNVERIFIED (regex/candidate layer only)",MOBILE_DESC out of 60-80 char range (57),0
52487,,UNRESOLVED,LOW,LOW,True,1,1,0,0.09,LOW,Yes,"'Hunter Fan Co (4381)' not found in entity master | taxonomy: no rule matched, classification UNRESOLVED | extraction: dimension chain length has no schema mapping for '' | extraction: item type not confidently identified | no live manufacturer-source evidence gathered for this row in this run -- attributes remain UNVERIFIED (regex/candidate layer only)",MOBILE_DESC out of 60-80 char range (57),0
52488,,UNRESOLVED,LOW,LOW,True,1,1,0,0.09,LOW,Yes,"'Hunter Fan Co (4381)' not found in entity master | taxonomy: no rule matched, classification UNRESOLVED | extraction: dimension chain length has no schema mapping for '' | extraction: item type not confidently identified | no live manufacturer-source evidence gathered for this row in this run -- attributes remain UNVERIFIED (regex/candidate layer only)",MOBILE_DESC out of 60-80 char range (57),0
52655,,UNRESOLVED,LOW,LOW,True,1,1,0,0.09,LOW,Yes,"'Hunter Fan Co (4381)' not found in entity master | taxonomy: no rule matched, classification UNRESOLVED | extraction: dimension chain length has no schema mapping for '' | extraction: item type not confidently identified | no live manufacturer-source evidence gathered for this row in this run -- attributes remain UNVERIFIED (regex/candidate layer only)",MOBILE_DESC out of 60-80 char range (57),0
59261,,UNRESOLVED,LOW,LOW,True,1,1,0,0.09,LOW,Yes,"'Hunter Fan Co (4381)' not found in entity master | taxonomy: no rule matched, classification UNRESOLVED | extraction: dimension chain length has no schema mapping for '' | extraction: item type not confidently identified | no live manufacturer-source evidence gathered for this row in this run -- attributes remain UNVERIFIED (regex/candidate layer only)",MOBILE_DESC out of 60-80 char range (57),0
51731,,UNRESOLVED,LOW,LOW,True,1,1,0,0.09,LOW,Yes,"'Hunter Fan Co (4381)' not found in entity master | taxonomy: no rule matched, classification UNRESOLVED | extraction: dimension chain length has no schema mapping for '' | extraction: item type not confidently identified | no live manufacturer-source evidence gathered for this row in this run -- attributes remain UNVERIFIED (regex/candidate layer only)",MOBILE_DESC out of 60-80 char range (57),0
XLC10ZW,Cordless Power Tools,HIGH,HIGH,HIGH,False,2,4,0,0.6,MEDIUM,Yes,extraction: no dimension pattern matched | extraction: item type not confidently identified | evidence: Fetched live on makitatools.com during session.,MOBILE_DESC out of 60-80 char range (59),1
HS-DA,,UNRESOLVED,LOW,LOW,True,0,0,0,0.03,LOW,Yes,"'Sabre (9195)' not found in entity master | taxonomy: no rule matched, classification UNRESOLVED | extraction: no dimension pattern matched | extraction: item type not confidently identified | no live manufacturer-source evidence gathered for this row in this run -- attributes remain UNVERIFIED (regex/candidate layer only)",MOBILE_DESC out of 60-80 char range (21),0
73002252,Gate Hardware,HIGH,MEDIUM,MEDIUM,False,1,1,0,0.43,LOW,Yes,Part_Manuf is placeholder; manufacturer inferred from description token 'RDI®' | extraction: no dimension pattern matched | extraction: item type not confidently identified | evidence: Candidate facts extracted from raw Part_Desc text via regex at UNVERIFIED status. | no live manufacturer-source evidence gathered for this row in this run -- attributes remain UNVERIFIED (regex/candidate layer only),,0
48-22-8396R,,UNRESOLVED,HIGH,HIGH,False,0,0,0,0.2,LOW,Yes,"taxonomy: no rule matched, classification UNRESOLVED | extraction: no dimension pattern matched | extraction: item type not confidently identified | no live manufacturer-source evidence gathered for this row in this run -- attributes remain UNVERIFIED (regex/candidate layer only)",MOBILE_DESC out of 60-80 char range (48),0
48-22-8397R,,UNRESOLVED,HIGH,HIGH,False,0,0,0,0.2,LOW,Yes,"taxonomy: no rule matched, classification UNRESOLVED | extraction: no dimension pattern matched | extraction: item type not confidently identified | no live manufacturer-source evidence gathered for this row in this run -- attributes remain UNVERIFIED (regex/candidate layer only)",MOBILE_DESC out of 60-80 char range (48),0
DCGG581B,,UNRESOLVED,HIGH,HIGH,False,1,1,0,0.31,LOW,Yes,"taxonomy: no rule matched, classification UNRESOLVED | extraction: no dimension pattern matched | extraction: item type not confidently identified | no live manufacturer-source evidence gathered for this row in this run -- attributes remain UNVERIFIED (regex/candidate layer only)",,0
DCGG581GD1,,UNRESOLVED,HIGH,HIGH,False,2,2,0,0.31,LOW,Yes,"taxonomy: no rule matched, classification UNRESOLVED | extraction: no dimension pattern matched | extraction: item type not confidently identified | no live manufacturer-source evidence gathered for this row in this run -- attributes remain UNVERIFIED (regex/candidate layer only)",,0
DWST41092,,UNRESOLVED,HIGH,HIGH,False,1,1,0,0.26,LOW,Yes,"taxonomy: no rule matched, classification UNRESOLVED | extraction: dimension chain length has no schema mapping for '' | extraction: item type not confidently identified | no live manufacturer-source evidence gathered for this row in this run -- attributes remain UNVERIFIED (regex/candidate layer only)",MOBILE_DESC out of 60-80 char range (57),0
156436WHT,,UNRESOLVED,LOW,LOW,True,3,3,0,0.12,LOW,Yes,"'Palmer Donavin Mfg Company (PALDO)' not found in entity master | taxonomy: no rule matched, classification UNRESOLVED | extraction: dimension chain length has no schema mapping for '' | extraction: dimension chain length has no schema mapping for '' | extraction: dimension chain length has no schema mapping for '' | extraction: item type not confidently identified | no live manufacturer-source evidence gathered for this row in this run -- attributes remain UNVERIFIED (regex/candidate layer only)",,0
173950TBK,,UNRESOLVED,LOW,LOW,True,3,3,0,0.09,LOW,Yes,"'Palmer Donavin Mfg Company (PALDO)' not found in entity master | taxonomy: no rule matched, classification UNRESOLVED | extraction: dimension chain length has no schema mapping for '' | extraction: dimension chain length has no schema mapping for '' | extraction: dimension chain length has no schema mapping for '' | extraction: item type not confidently identified | no live manufacturer-source evidence gathered for this row in this run -- attributes remain UNVERIFIED (regex/candidate layer only)",,0
173951TBK,,UNRESOLVED,LOW,LOW,True,3,3,0,0.09,LOW,Yes,"'Palmer Donavin Mfg Company (PALDO)' not found in entity master | taxonomy: no rule matched, classification UNRESOLVED | extraction: dimension chain length has no schema mapping for '' | extraction: dimension chain length has no schema mapping for '' | extraction: dimension chain length has no schema mapping for '' | extraction: item type not confidently identified | no live manufacturer-source evidence gathered for this row in this run -- attributes remain UNVERIFIED (regex/candidate layer only)",,0
173952TBK,,UNRESOLVED,LOW,LOW,True,2,2,0,0.09,LOW,Yes,"'Palmer Donavin Mfg Company (PALDO)' not found in entity master | taxonomy: no rule matched, classification UNRESOLVED | extraction: dimension chain length has no schema mapping for '' | extraction: dimension chain length has no schema mapping for '' | extraction: item type not confidently identified | no live manufacturer-source evidence gathered for this row in this run -- attributes remain UNVERIFIED (regex/candidate layer only)",,0
1624157,,UNRESOLVED,HIGH,HIGH,False,0,0,0,0.2,LOW,Yes,"Part_Manuf is placeholder; manufacturer resolved from raw brand 'ANDERSEN' | taxonomy: no rule matched, classification UNRESOLVED | extraction: no dimension pattern matched | extraction: item type not confidently identified | no live manufacturer-source evidence gathered for this row in this run -- attributes remain UNVERIFIED (regex/candidate layer only)",MOBILE_DESC out of 60-80 char range (53),0
40025,,UNRESOLVED,HIGH,HIGH,False,0,0,0,0.2,LOW,Yes,"taxonomy: no rule matched, classification UNRESOLVED | extraction: no dimension pattern matched | extraction: item type not confidently identified | no live manufacturer-source evidence gathered for this row in this run -- attributes remain UNVERIFIED (regex/candidate layer only)",MOBILE_DESC out of 60-80 char range (51),0
48-22-3301,,UNRESOLVED,HIGH,HIGH,False,0,0,0,0.2,LOW,Yes,"taxonomy: no rule matched, classification UNRESOLVED | extraction: no dimension pattern matched | extraction: item type not confidently identified | no live manufacturer-source evidence gathered for this row in this run -- attributes remain UNVERIFIED (regex/candidate layer only)",MOBILE_DESC out of 60-80 char range (47),0
48-22-3302,,UNRESOLVED,HIGH,HIGH,False,0,0,0,0.2,LOW,Yes,"taxonomy: no rule matched, classification UNRESOLVED | extraction: no dimension pattern matched | extraction: item type not confidently identified | no live manufacturer-source evidence gathered for this row in this run -- attributes remain UNVERIFIED (regex/candidate layer only)",MOBILE_DESC out of 60-80 char range (47),0
48-22-3303,,UNRESOLVED,HIGH,HIGH,False,0,0,0,0.2,LOW,Yes,"taxonomy: no rule matched, classification UNRESOLVED | extraction: no dimension pattern matched | extraction: item type not confidently identified | no live manufacturer-source evidence gathered for this row in this run -- attributes remain UNVERIFIED (regex/candidate layer only)",MOBILE_DESC out of 60-80 char range (47),0
TSDKAP218-G2,,UNRESOLVED,LOW,LOW,True,0,0,0,0.03,LOW,Yes,"'Edge Eyewear Inc (EDGSA)' not found in entity master | taxonomy: no rule matched, classification UNRESOLVED | extraction: no dimension pattern matched | extraction: item type not confidently identified | no live manufacturer-source evidence gathered for this row in this run -- attributes remain UNVERIFIED (regex/candidate layer only)",MOBILE_DESC out of 60-80 char range (39),0
XPAP418,,UNRESOLVED,LOW,LOW,True,0,0,0,0.03,LOW,Yes,"'Edge Eyewear Inc (EDGSA)' not found in entity master | taxonomy: no rule matched, classification UNRESOLVED | extraction: no dimension pattern matched | extraction: item type not confidently identified | no live manufacturer-source evidence gathered for this row in this run -- attributes remain UNVERIFIED (regex/candidate layer only)",MOBILE_DESC out of 60-80 char range (34),0
XDAP419,,UNRESOLVED,LOW,LOW,True,0,0,0,0.03,LOW,Yes,"'Edge Eyewear Inc (EDGSA)' not found in entity master | taxonomy: no rule matched, classification UNRESOLVED | extraction: no dimension pattern matched | extraction: item type not confidently identified | no live manufacturer-source evidence gathered for this row in this run -- attributes remain UNVERIFIED (regex/candidate layer only)",MOBILE_DESC out of 60-80 char range (34),0
XB11PCVS,,UNRESOLVED,LOW,LOW,True,0,0,0,0.03,LOW,Yes,"'Edge Eyewear Inc (EDGSA)' not found in entity master | taxonomy: no rule matched, classification UNRESOLVED | extraction: no dimension pattern matched | extraction: item type not confidently identified | no live manufacturer-source evidence gathered for this row in this run -- attributes remain UNVERIFIED (regex/candidate layer only)",MOBILE_DESC out of 60-80 char range (35),0
KB121VS,,UNRESOLVED,LOW,LOW,True,0,0,0,0.03,LOW,Yes,"'Edge Eyewear Inc (EDGSA)' not found in entity master | taxonomy: no rule matched, classification UNRESOLVED | extraction: no dimension pattern matched | extraction: item type not confidently identified | no live manufacturer-source evidence gathered for this row in this run -- attributes remain UNVERIFIED (regex/candidate layer only)",MOBILE_DESC out of 60-80 char range (34),0
KB126VS,,UNRESOLVED,LOW,LOW,True,0,0,0,0.03,LOW,Yes,"'Edge Eyewear Inc (EDGSA)' not found in entity master | taxonomy: no rule matched, classification UNRESOLVED | extraction: no dimension pattern matched | extraction: item type not confidently identified | no live manufacturer-source evidence gathered for this row in this run -- attributes remain UNVERIFIED (regex/candidate layer only)",MOBILE_DESC out of 60-80 char range (34),0
TC121VS,,UNRESOLVED,LOW,LOW,True,0,0,0,0.03,LOW,Yes,"'Edge Eyewear Inc (EDGSA)' not found in entity master | taxonomy: no rule matched, classification UNRESOLVED | extraction: no dimension pattern matched | extraction: item type not confidently identified | no live manufacturer-source evidence gathered for this row in this run -- attributes remain UNVERIFIED (regex/candidate layer only)",MOBILE_DESC out of 60-80 char range (34),0
TC126VS,,UNRESOLVED,LOW,LOW,True,0,0,0,0.03,LOW,Yes,"'Edge Eyewear Inc (EDGSA)' not found in entity master | taxonomy: no rule matched, classification UNRESOLVED | extraction: no dimension pattern matched | extraction: item type not confidently identified | no live manufacturer-source evidence gathered for this row in this run -- attributes remain UNVERIFIED (regex/candidate layer only)",MOBILE_DESC out of 60-80 char range (34),0
MK113MPAP,,UNRESOLVED,LOW,LOW,True,0,0,0,0.03,LOW,Yes,"'Edge Eyewear Inc (EDGSA)' not found in entity master | taxonomy: no rule matched, classification UNRESOLVED | extraction: no dimension pattern matched | extraction: item type not confidently identified | no live manufacturer-source evidence gathered for this row in this run -- attributes remain UNVERIFIED (regex/candidate layer only)",MOBILE_DESC out of 60-80 char range (36),0
LS117MPAP,,UNRESOLVED,LOW,LOW,True,0,0,0,0.03,LOW,Yes,"'Edge Eyewear Inc (EDGSA)' not found in entity master | taxonomy: no rule matched, classification UNRESOLVED | extraction: no dimension pattern matched | extraction: item type not confidently identified | no live manufacturer-source evidence gathered for this row in this run -- attributes remain UNVERIFIED (regex/candidate layer only)",MOBILE_DESC out of 60-80 char range (36),0
FE-EFX-6L,,UNRESOLVED,LOW,LOW,True,0,0,0,0.03,LOW,Yes,"'Ohio Firewatch Protection Inc (HOLFS)' not found in entity master | taxonomy: no rule matched, classification UNRESOLVED | extraction: no dimension pattern matched | extraction: item type not confidently identified | no live manufacturer-source evidence gathered for this row in this run -- attributes remain UNVERIFIED (regex/candidate layer only)",MOBILE_DESC out of 60-80 char range (49),0
FE-EFX-9L,,UNRESOLVED,LOW,LOW,True,0,0,0,0.03,LOW,Yes,"'Ohio Firewatch Protection Inc (HOLFS)' not found in entity master | taxonomy: no rule matched, classification UNRESOLVED | extraction: no dimension pattern matched | extraction: item type not confidently identified | no live manufacturer-source evidence gathered for this row in this run -- attributes remain UNVERIFIED (regex/candidate layer only)",MOBILE_DESC out of 60-80 char range (49),0
1046793,,UNRESOLVED,LOW,LOW,True,0,0,0,0.06,LOW,Yes,"'First Alert - B R K Brands (2754)' not found in entity master | taxonomy: no rule matched, classification UNRESOLVED | extraction: no dimension pattern matched | extraction: item type not confidently identified | no live manufacturer-source evidence gathered for this row in this run -- attributes remain UNVERIFIED (regex/candidate layer only)",MOBILE_DESC out of 60-80 char range (57),0
1046870,,UNRESOLVED,LOW,LOW,True,0,0,0,0.06,LOW,Yes,"'First Alert - B R K Brands (2754)' not found in entity master | taxonomy: no rule matched, classification UNRESOLVED | extraction: no dimension pattern matched | extraction: item type not confidently identified | no live manufacturer-source evidence gathered for this row in this run -- attributes remain UNVERIFIED (regex/candidate layer only)",MOBILE_DESC out of 60-80 char range (49),0
M701B-21L,,UNRESOLVED,HIGH,HIGH,False,0,0,0,0.2,LOW,Yes,"taxonomy: no rule matched, classification UNRESOLVED | extraction: no dimension pattern matched | extraction: item type not confidently identified | no live manufacturer-source evidence gathered for this row in this run -- attributes remain UNVERIFIED (regex/candidate layer only)",MOBILE_DESC out of 60-80 char range (46),0
M701B-21M,,UNRESOLVED,HIGH,HIGH,False,0,0,0,0.2,LOW,Yes,"taxonomy: no rule matched, classification UNRESOLVED | extraction: no dimension pattern matched | extraction: item type not confidently identified | no live manufacturer-source evidence gathered for this row in this run -- attributes remain UNVERIFIED (regex/candidate layer only)",MOBILE_DESC out of 60-80 char range (46),0
M701B-21S,,UNRESOLVED,HIGH,HIGH,False,0,0,0,0.2,LOW,Yes,"taxonomy: no rule matched, classification UNRESOLVED | extraction: no dimension pattern matched | extraction: item type not confidently identified | no live manufacturer-source evidence gathered for this row in this run -- attributes remain UNVERIFIED (regex/candidate layer only)",MOBILE_DESC out of 60-80 char range (46),0
M701B-21XL,,UNRESOLVED,HIGH,HIGH,False,0,0,0,0.2,LOW,Yes,"taxonomy: no rule matched, classification UNRESOLVED | extraction: no dimension pattern matched | extraction: item type not confidently identified | no live manufacturer-source evidence gathered for this row in this run -- attributes remain UNVERIFIED (regex/candidate layer only)",MOBILE_DESC out of 60-80 char range (47),0
MWUG42010124,,UNRESOLVED,LOW,LOW,True,0,0,0,0.03,LOW,Yes,"'Tech Gear 5.7 Inc (TECGE)' not found in entity master | taxonomy: no rule matched, classification UNRESOLVED | extraction: no dimension pattern matched | extraction: item type not confidently identified | no live manufacturer-source evidence gathered for this row in this run -- attributes remain UNVERIFIED (regex/candidate layer only)",MOBILE_DESC out of 60-80 char range (40),0
MWUG42010224,,UNRESOLVED,LOW,LOW,True,0,0,0,0.03,LOW,Yes,"'Tech Gear 5.7 Inc (TECGE)' not found in entity master | taxonomy: no rule matched, classification UNRESOLVED | extraction: no dimension pattern matched | extraction: item type not confidently identified | no live manufacturer-source evidence gathered for this row in this run -- attributes remain UNVERIFIED (regex/candidate layer only)",MOBILE_DESC out of 60-80 char range (40),0
MWUG42010324,,UNRESOLVED,LOW,LOW,True,0,0,0,0.03,LOW,Yes,"'Tech Gear 5.7 Inc (TECGE)' not found in entity master | taxonomy: no rule matched, classification UNRESOLVED | extraction: no dimension pattern matched | extraction: item type not confidently identified | no live manufacturer-source evidence gathered for this row in this run -- attributes remain UNVERIFIED (regex/candidate layer only)",MOBILE_DESC out of 60-80 char range (40),0
MWUG42010424,,UNRESOLVED,LOW,LOW,True,0,0,0,0.03,LOW,Yes,"'Tech Gear 5.7 Inc (TECGE)' not found in entity master | taxonomy: no rule matched, classification UNRESOLVED | extraction: no dimension pattern matched | extraction: item type not confidently identified | no live manufacturer-source evidence gathered for this row in this run -- attributes remain UNVERIFIED (regex/candidate layer only)",MOBILE_DESC out of 60-80 char range (40),0
MWUG42010524,,UNRESOLVED,LOW,LOW,True,0,0,0,0.03,LOW,Yes,"'Tech Gear 5.7 Inc (TECGE)' not found in entity master | taxonomy: no rule matched, classification UNRESOLVED | extraction: no dimension pattern matched | extraction: item type not confidently identified | no live manufacturer-source evidence gathered for this row in this run -- attributes remain UNVERIFIED (regex/candidate layer only)",MOBILE_DESC out of 60-80 char range (40),0
MWUG42010624,,UNRESOLVED,LOW,LOW,True,0,0,0,0.03,LOW,Yes,"'Tech Gear 5.7 Inc (TECGE)' not found in entity master | taxonomy: no rule matched, classification UNRESOLVED | extraction: no dimension pattern matched | extraction: item type not confidently identified | no live manufacturer-source evidence gathered for this row in this run -- attributes remain UNVERIFIED (regex/candidate layer only)",MOBILE_DESC out of 60-80 char range (40),0
MWUG36010225,,UNRESOLVED,LOW,LOW,True,0,0,0,0.03,LOW,Yes,"'Tech Gear 5.7 Inc (TECGE)' not found in entity master | taxonomy: no rule matched, classification UNRESOLVED | extraction: no dimension pattern matched | extraction: item type not confidently identified | no live manufacturer-source evidence gathered for this row in this run -- attributes remain UNVERIFIED (regex/candidate layer only)",MOBILE_DESC out of 60-80 char range (40),0
MWUG36010325,,UNRESOLVED,LOW,LOW,True,0,0,0,0.03,LOW,Yes,"'Tech Gear 5.7 Inc (TECGE)' not found in entity master | taxonomy: no rule matched, classification UNRESOLVED | extraction: no dimension pattern matched | extraction: item type not confidently identified | no live manufacturer-source evidence gathered for this row in this run -- attributes remain UNVERIFIED (regex/candidate layer only)",MOBILE_DESC out of 60-80 char range (40),0
MWUG36010425,,UNRESOLVED,LOW,LOW,True,0,0,0,0.03,LOW,Yes,"'Tech Gear 5.7 Inc (TECGE)' not found in entity master | taxonomy: no rule matched, classification UNRESOLVED | extraction: no dimension pattern matched | extraction: item type not confidently identified | no live manufacturer-source evidence gathered for this row in this run -- attributes remain UNVERIFIED (regex/candidate layer only)",MOBILE_DESC out of 60-80 char range (40),0
MWUG36010525,,UNRESOLVED,LOW,LOW,True,0,0,0,0.03,LOW,Yes,"'Tech Gear 5.7 Inc (TECGE)' not found in entity master | taxonomy: no rule matched, classification UNRESOLVED | extraction: no dimension pattern matched | extraction: item type not confidently identified | no live manufacturer-source evidence gathered for this row in this run -- attributes remain UNVERIFIED (regex/candidate layer only)",MOBILE_DESC out of 60-80 char range (40),0
MWUG36010625,,UNRESOLVED,LOW,LOW,True,0,0,0,0.03,LOW,Yes,"'Tech Gear 5.7 Inc (TECGE)' not found in entity master | taxonomy: no rule matched, classification UNRESOLVED | extraction: no dimension pattern matched | extraction: item type not confidently identified | no live manufacturer-source evidence gathered for this row in this run -- attributes remain UNVERIFIED (regex/candidate layer only)",MOBILE_DESC out of 60-80 char range (40),0
DPG15,,UNRESOLVED,MEDIUM,MEDIUM,True,0,0,0,0.12,LOW,Yes,"Part_Manuf ('Radians (7363)') resolved as SUPPLIER/DISTRIBUTOR, not manufacturer -- true manufacturer inferred from brand token 'DEWALT®' in Part_Desc | taxonomy: no rule matched, classification UNRESOLVED | extraction: no dimension pattern matched | extraction: item type not confidently identified | no live manufacturer-source evidence gathered for this row in this run -- attributes remain UNVERIFIED (regex/candidate layer only)",MOBILE_DESC out of 60-80 char range (53),0
F200B-21L,,UNRESOLVED,HIGH,HIGH,False,2,2,0,0.31,LOW,Yes,"taxonomy: no rule matched, classification UNRESOLVED | extraction: no dimension pattern matched | extraction: item type not confidently identified | no live manufacturer-source evidence gathered for this row in this run -- attributes remain UNVERIFIED (regex/candidate layer only)",,0
F200B-21M,,UNRESOLVED,HIGH,HIGH,False,2,2,0,0.31,LOW,Yes,"taxonomy: no rule matched, classification UNRESOLVED | extraction: no dimension pattern matched | extraction: item type not confidently identified | no live manufacturer-source evidence gathered for this row in this run -- attributes remain UNVERIFIED (regex/candidate layer only)",,0
M200B-21L,,UNRESOLVED,HIGH,HIGH,False,2,2,0,0.31,LOW,Yes,"taxonomy: no rule matched, classification UNRESOLVED | extraction: no dimension pattern matched | extraction: item type not confidently identified | no live manufacturer-source evidence gathered for this row in this run -- attributes remain UNVERIFIED (regex/candidate layer only)",,0
M200B-21M,,UNRESOLVED,HIGH,HIGH,False,2,2,0,0.31,LOW,Yes,"taxonomy: no rule matched, classification UNRESOLVED | extraction: no dimension pattern matched | extraction: item type not confidently identified | no live manufacturer-source evidence gathered for this row in this run -- attributes remain UNVERIFIED (regex/candidate layer only)",,0
M200B-21XL,,UNRESOLVED,HIGH,HIGH,False,2,2,0,0.31,LOW,Yes,"taxonomy: no rule matched, classification UNRESOLVED | extraction: no dimension pattern matched | extraction: item type not confidently identified | no live manufacturer-source evidence gathered for this row in this run -- attributes remain UNVERIFIED (regex/candidate layer only)",,0
M200G-21L,,UNRESOLVED,HIGH,HIGH,False,2,2,0,0.31,LOW,Yes,"taxonomy: no rule matched, classification UNRESOLVED | extraction: no dimension pattern matched | extraction: item type not confidently identified | no live manufacturer-source evidence gathered for this row in this run -- attributes remain UNVERIFIED (regex/candidate layer only)",,0
M200G-21M,,UNRESOLVED,HIGH,HIGH,False,2,2,0,0.31,LOW,Yes,"taxonomy: no rule matched, classification UNRESOLVED | extraction: no dimension pattern matched | extraction: item type not confidently identified | no live manufacturer-source evidence gathered for this row in this run -- attributes remain UNVERIFIED (regex/candidate layer only)",,0
M200G-21XL,,UNRESOLVED,HIGH,HIGH,False,2,2,0,0.31,LOW,Yes,"taxonomy: no rule matched, classification UNRESOLVED | extraction: no dimension pattern matched | extraction: item type not confidently identified | no live manufacturer-source evidence gathered for this row in this run -- attributes remain UNVERIFIED (regex/candidate layer only)",,0
48-11-2330,,UNRESOLVED,HIGH,HIGH,False,0,0,0,0.2,LOW,Yes,"taxonomy: no rule matched, classification UNRESOLVED | extraction: no dimension pattern matched | extraction: item type not confidently identified | no live manufacturer-source evidence gathered for this row in this run -- attributes remain UNVERIFIED (regex/candidate layer only)",MOBILE_DESC out of 60-80 char range (47),0
DCBP250C,,UNRESOLVED,HIGH,HIGH,False,1,1,0,0.31,LOW,Yes,"taxonomy: no rule matched, classification UNRESOLVED | extraction: no dimension pattern matched | extraction: item type not confidently identified | no live manufacturer-source evidence gathered for this row in this run -- attributes remain UNVERIFIED (regex/candidate layer only)",,0
5328,,UNRESOLVED,UNVERIFIED,UNVERIFIED,False,0,0,0,0.0,UNVERIFIED,Yes,"Part_Manuf is placeholder; no entity master match found | taxonomy: no rule matched, classification UNRESOLVED | extraction: no dimension pattern matched | extraction: item type not confidently identified | no live manufacturer-source evidence gathered for this row in this run -- attributes remain UNVERIFIED (regex/candidate layer only)",MOBILE_DESC out of 60-80 char range (13),0
3200-20,,UNRESOLVED,HIGH,HIGH,False,0,0,0,0.2,LOW,Yes,"taxonomy: no rule matched, classification UNRESOLVED | extraction: no dimension pattern matched | extraction: item type not confidently identified | no live manufacturer-source evidence gathered for this row in this run -- attributes remain UNVERIFIED (regex/candidate layer only)",MOBILE_DESC out of 60-80 char range (44),0
3202-20,,UNRESOLVED,HIGH,HIGH,False,0,0,0,0.2,LOW,Yes,"taxonomy: no rule matched, classification UNRESOLVED | extraction: no dimension pattern matched | extraction: item type not confidently identified | no live manufacturer-source evidence gathered for this row in this run -- attributes remain UNVERIFIED (regex/candidate layer only)",MOBILE_DESC out of 60-80 char range (44),0
3203-20,,UNRESOLVED,HIGH,HIGH,False,0,0,0,0.2,LOW,Yes,"taxonomy: no rule matched, classification UNRESOLVED | extraction: no dimension pattern matched | extraction: item type not confidently identified | no live manufacturer-source evidence gathered for this row in this run -- attributes remain UNVERIFIED (regex/candidate layer only)",MOBILE_DESC out of 60-80 char range (44),0
BC-12300,,UNRESOLVED,LOW,LOW,True,1,1,0,0.09,LOW,Yes,"'Woodpeckers Inc (WOODP)' not found in entity master | taxonomy: no rule matched, classification UNRESOLVED | extraction: dimension chain length has no schema mapping for '' | extraction: item type not confidently identified | no live manufacturer-source evidence gathered for this row in this run -- attributes remain UNVERIFIED (regex/candidate layer only)",,0
BC-24600,,UNRESOLVED,LOW,LOW,True,1,1,0,0.09,LOW,Yes,"'Woodpeckers Inc (WOODP)' not found in entity master | taxonomy: no rule matched, classification UNRESOLVED | extraction: dimension chain length has no schema mapping for '' | extraction: item type not confidently identified | no live manufacturer-source evidence gathered for this row in this run -- attributes remain UNVERIFIED (regex/candidate layer only)",,0
DW08302CG,,UNRESOLVED,HIGH,HIGH,False,0,0,0,0.2,LOW,Yes,"taxonomy: no rule matched, classification UNRESOLVED | extraction: no dimension pattern matched | extraction: item type not confidently identified | no live manufacturer-source evidence gathered for this row in this run -- attributes remain UNVERIFIED (regex/candidate layer only)",MOBILE_DESC out of 60-80 char range (57),0
GCL165-42GL,,UNRESOLVED,HIGH,HIGH,False,0,0,0,0.2,LOW,Yes,"taxonomy: no rule matched, classification UNRESOLVED | extraction: no dimension pattern matched | extraction: item type not confidently identified | no live manufacturer-source evidence gathered for this row in this run -- attributes remain UNVERIFIED (regex/candidate layer only)",MOBILE_DESC out of 60-80 char range (52),0
DW08802CG,,UNRESOLVED,HIGH,HIGH,False,0,0,0,0.2,LOW,Yes,"taxonomy: no rule matched, classification UNRESOLVED | extraction: no dimension pattern matched | extraction: item type not confidently identified | no live manufacturer-source evidence gathered for this row in this run -- attributes remain UNVERIFIED (regex/candidate layer only)",MOBILE_DESC out of 60-80 char range (57),0
DW088CG,,UNRESOLVED,HIGH,HIGH,False,0,0,0,0.2,LOW,Yes,"taxonomy: no rule matched, classification UNRESOLVED | extraction: no dimension pattern matched | extraction: item type not confidently identified | no live manufacturer-source evidence gathered for this row in this run -- attributes remain UNVERIFIED (regex/candidate layer only)",MOBILE_DESC out of 60-80 char range (55),0
DW089CG,,UNRESOLVED,HIGH,HIGH,False,1,1,0,0.26,LOW,Yes,"taxonomy: no rule matched, classification UNRESOLVED | extraction: dimension chain length has no schema mapping for '' | extraction: item type not confidently identified | no live manufacturer-source evidence gathered for this row in this run -- attributes remain UNVERIFIED (regex/candidate layer only)",MOBILE_DESC out of 60-80 char range (55),0
DCLE34520GB,Cordless Power Tools,HIGH,HIGH,HIGH,False,2,2,0,0.51,MEDIUM,Yes,extraction: no dimension pattern matched | extraction: item type not confidently identified | no live manufacturer-source evidence gathered for this row in this run -- attributes remain UNVERIFIED (regex/candidate layer only),,0
DCLE34031B,Cordless Power Tools,HIGH,HIGH,HIGH,False,2,2,0,0.51,MEDIUM,Yes,extraction: no dimension pattern matched | extraction: item type not confidently identified | no live manufacturer-source evidence gathered for this row in this run -- attributes remain UNVERIFIED (regex/candidate layer only),,0
DW0822CG,,UNRESOLVED,HIGH,HIGH,False,0,0,0,0.2,LOW,Yes,"taxonomy: no rule matched, classification UNRESOLVED | extraction: no dimension pattern matched | extraction: item type not confidently identified | no live manufacturer-source evidence gathered for this row in this run -- attributes remain UNVERIFIED (regex/candidate layer only)",MOBILE_DESC out of 60-80 char range (56),0
25459,,UNRESOLVED,LOW,LOW,True,1,1,0,0.09,LOW,Yes,"'U S Tape Company (6694)' not found in entity master | taxonomy: no rule matched, classification UNRESOLVED | extraction: dimension chain length has no schema mapping for '' | extraction: item type not confidently identified | no live manufacturer-source evidence gathered for this row in this run -- attributes remain UNVERIFIED (regex/candidate layer only)",,0
35459,,UNRESOLVED,LOW,LOW,True,1,1,0,0.09,LOW,Yes,"'U S Tape Company (6694)' not found in entity master | taxonomy: no rule matched, classification UNRESOLVED | extraction: dimension chain length has no schema mapping for '' | extraction: item type not confidently identified | no live manufacturer-source evidence gathered for this row in this run -- attributes remain UNVERIFIED (regex/candidate layer only)",,0
25759,,UNRESOLVED,LOW,LOW,True,1,1,0,0.09,LOW,Yes,"'U S Tape Company (6694)' not found in entity master | taxonomy: no rule matched, classification UNRESOLVED | extraction: dimension chain length has no schema mapping for '' | extraction: item type not confidently identified | no live manufacturer-source evidence gathered for this row in this run -- attributes remain UNVERIFIED (regex/candidate layer only)",,0
35112,,UNRESOLVED,LOW,LOW,True,1,1,0,0.09,LOW,Yes,"'U S Tape Company (6694)' not found in entity master | taxonomy: no rule matched, classification UNRESOLVED | extraction: dimension chain length has no schema mapping for '' | extraction: item type not confidently identified | no live manufacturer-source evidence gathered for this row in this run -- attributes remain UNVERIFIED (regex/candidate layer only)",,0
35115,,UNRESOLVED,LOW,LOW,True,1,1,0,0.09,LOW,Yes,"'U S Tape Company (6694)' not found in entity master | taxonomy: no rule matched, classification UNRESOLVED | extraction: dimension chain length has no schema mapping for '' | extraction: item type not confidently identified | no live manufacturer-source evidence gathered for this row in this run -- attributes remain UNVERIFIED (regex/candidate layer only)",,0
25168,,UNRESOLVED,LOW,LOW,True,1,1,0,0.12,LOW,Yes,"'U S Tape Company (6694)' not found in entity master | taxonomy: no rule matched, classification UNRESOLVED | extraction: dimension chain length has no schema mapping for '' | extraction: item type not confidently identified | no live manufacturer-source evidence gathered for this row in this run -- attributes remain UNVERIFIED (regex/candidate layer only)",MOBILE_DESC out of 60-80 char range (52),0
35468,,UNRESOLVED,LOW,LOW,True,1,1,0,0.09,LOW,Yes,"'U S Tape Company (6694)' not found in entity master | taxonomy: no rule matched, classification UNRESOLVED | extraction: dimension chain length has no schema mapping for '' | extraction: item type not confidently identified | no live manufacturer-source evidence gathered for this row in this run -- attributes remain UNVERIFIED (regex/candidate layer only)",,0
35494,,UNRESOLVED,LOW,LOW,True,1,1,0,0.09,LOW,Yes,"'U S Tape Company (6694)' not found in entity master | taxonomy: no rule matched, classification UNRESOLVED | extraction: dimension chain length has no schema mapping for '' | extraction: item type not confidently identified | no live manufacturer-source evidence gathered for this row in this run -- attributes remain UNVERIFIED (regex/candidate layer only)",,0
MLSQ0120,,UNRESOLVED,HIGH,HIGH,False,1,1,0,0.26,LOW,Yes,"taxonomy: no rule matched, classification UNRESOLVED | extraction: dimension chain length has no schema mapping for '' | extraction: item type not confidently identified | no live manufacturer-source evidence gathered for this row in this run -- attributes remain UNVERIFIED (regex/candidate layer only)",,0
MLSQ1120,,UNRESOLVED,HIGH,HIGH,False,1,1,0,0.26,LOW,Yes,"taxonomy: no rule matched, classification UNRESOLVED | extraction: dimension chain length has no schema mapping for '' | extraction: item type not confidently identified | no live manufacturer-source evidence gathered for this row in this run -- attributes remain UNVERIFIED (regex/candidate layer only)",,0
55227,Bits,HIGH,LOW,LOW,True,1,1,0,0.34,LOW,Yes,'Amana Tool Corp (AMATO)' not found in entity master | extraction: item type not confidently identified | no live manufacturer-source evidence gathered for this row in this run -- attributes remain UNVERIFIED (regex/candidate layer only),MOBILE_DESC out of 60-80 char range (45),0
37300952,,UNRESOLVED,UNVERIFIED,UNVERIFIED,False,1,1,0,0.06,LOW,Yes,"Part_Manuf is placeholder; no entity master match found | taxonomy: no rule matched, classification UNRESOLVED | extraction: dimension chain length has no schema mapping for '' | extraction: item type not confidently identified | no live manufacturer-source evidence gathered for this row in this run -- attributes remain UNVERIFIED (regex/candidate layer only)",MOBILE_DESC out of 60-80 char range (46),0
6008,Bits,HIGH,HIGH,HIGH,False,0,0,0,0.4,LOW,Yes,extraction: no dimension pattern matched | no live manufacturer-source evidence gathered for this row in this run -- attributes remain UNVERIFIED (regex/candidate layer only),MOBILE_DESC out of 60-80 char range (59),0
6009,Bits,HIGH,HIGH,HIGH,False,0,0,0,0.4,LOW,Yes,extraction: no dimension pattern matched | no live manufacturer-source evidence gathered for this row in this run -- attributes remain UNVERIFIED (regex/candidate layer only),MOBILE_DESC out of 60-80 char range (59),0
3000A,Bits,HIGH,HIGH,HIGH,False,0,0,0,0.4,LOW,Yes,extraction: no dimension pattern matched | no live manufacturer-source evidence gathered for this row in this run -- attributes remain UNVERIFIED (regex/candidate layer only),,0
MID6630201US,Cordless Power Tools,HIGH,LOW,LOW,True,0,0,0,0.23,LOW,Yes,'Mirka Abrasives Inc (MIRUS)' not found in entity master | extraction: no dimension pattern matched | extraction: item type not confidently identified | evidence: Candidate facts extracted from raw Part_Desc text via regex at UNVERIFIED status. | no live manufacturer-source evidence gathered for this row in this run -- attributes remain UNVERIFIED (regex/candidate layer only),MOBILE_DESC out of 60-80 char range (55),0
DCF6202,,UNRESOLVED,HIGH,HIGH,False,0,0,0,0.2,LOW,Yes,"taxonomy: no rule matched, classification UNRESOLVED | extraction: no dimension pattern matched | extraction: item type not confidently identified | no live manufacturer-source evidence gathered for this row in this run -- attributes remain UNVERIFIED (regex/candidate layer only)",MOBILE_DESC out of 60-80 char range (55),0
25468,,UNRESOLVED,LOW,LOW,True,1,1,0,0.09,LOW,Yes,"'U S Tape Company (6694)' not found in entity master | taxonomy: no rule matched, classification UNRESOLVED | extraction: dimension chain length has no schema mapping for '' | extraction: item type not confidently identified | no live manufacturer-source evidence gathered for this row in this run -- attributes remain UNVERIFIED (regex/candidate layer only)",,0
25762,,UNRESOLVED,LOW,LOW,True,1,1,0,0.09,LOW,Yes,"'U S Tape Company (6694)' not found in entity master | taxonomy: no rule matched, classification UNRESOLVED | extraction: dimension chain length has no schema mapping for '' | extraction: item type not confidently identified | no live manufacturer-source evidence gathered for this row in this run -- attributes remain UNVERIFIED (regex/candidate layer only)",,0
21839NN,Files & Rasps,HIGH,HIGH,HIGH,False,1,1,0,0.51,MEDIUM,Yes,Part_Manuf is placeholder; manufacturer resolved from raw brand 'Nicholson' | no live manufacturer-source evidence gathered for this row in this run -- attributes remain UNVERIFIED (regex/candidate layer only),,0
VN56920,Saw Blades,HIGH,HIGH,HIGH,False,1,4,2,0.478,LOW,Yes,"evidence: INSUFFICIENT/CONFLICTING EVIDENCE CASE, deliberately selected. Two problems surface here, both real: (1) BRAND CONFLICT -- the official marshalltown.com page sells VN56920, but Amazon lists the same MPN under brand 'VAUGHAN' (a separate documented Vaughan & Bushnell Mfg. Co. trademark family, 'Bear Saw'). Marshalltown may distribute/license it, but nothing found confirms Marshalltown as the legal manufacturer of record. (2) CLASSIFICATION MISMATCH -- the raw description '10 1/2"" Saw Blade' was rule-classified as a power-tool 'Saw Blade' (Cutting Tools taxonomy), but the retrieved evidence shows this is actually a hand pull-saw REPLACEMENT BLADE (Bear Saw / interchangeable hand-tool blade), a completely different product family with no power-tool dimension schema (Diameter/Tooth Count/Arbor) applicable at all. Both are routed to review rather than resolved silently. | CONFLICT on 'Manufacturer (brand)': Human decision LEAVE_BLANK: Dual legal branding (Marshalltown seller vs Vaughan trademark) cannot be reconciled without manufacturer licensing documentation. | CONFLICT on 'Classpath': Human decision LEAVE_BLANK: Hand pull-saw replacement blade is out of scope for power-tool saw blade taxonomy schema. | taxonomy CONFLICT: Human decision LEAVE_BLANK: Hand pull-saw replacement blade is out of scope for power-tool saw blade taxonomy schema.",,2
133164,,UNRESOLVED,LOW,LOW,True,0,0,0,0.03,LOW,Yes,"'Wera Tools NA Inc (WERTO)' not found in entity master | taxonomy: no rule matched, classification UNRESOLVED | extraction: no dimension pattern matched | extraction: item type not confidently identified | no live manufacturer-source evidence gathered for this row in this run -- attributes remain UNVERIFIED (regex/candidate layer only)",MOBILE_DESC out of 60-80 char range (34),0
DWHT10993,,UNRESOLVED,HIGH,HIGH,False,0,0,0,0.2,LOW,Yes,"taxonomy: no rule matched, classification UNRESOLVED | extraction: no dimension pattern matched | extraction: item type not confidently identified | no live manufacturer-source evidence gathered for this row in this run -- attributes remain UNVERIFIED (regex/candidate layer only)",MOBILE_DESC out of 60-80 char range (57),0
DWHT10994,,UNRESOLVED,HIGH,HIGH,False,0,0,0,0.2,LOW,Yes,"taxonomy: no rule matched, classification UNRESOLVED | extraction: no dimension pattern matched | extraction: item type not confidently identified | no live manufacturer-source evidence gathered for this row in this run -- attributes remain UNVERIFIED (regex/candidate layer only)",MOBILE_DESC out of 60-80 char range (57),0
QB22RU,,UNRESOLVED,HIGH,HIGH,False,0,0,0,0.2,LOW,Yes,"taxonomy: no rule matched, classification UNRESOLVED | extraction: no dimension pattern matched | extraction: item type not confidently identified | no live manufacturer-source evidence gathered for this row in this run -- attributes remain UNVERIFIED (regex/candidate layer only)",MOBILE_DESC out of 60-80 char range (46),0
QB22KU,,UNRESOLVED,HIGH,HIGH,False,0,0,0,0.2,LOW,Yes,"taxonomy: no rule matched, classification UNRESOLVED | extraction: no dimension pattern matched | extraction: item type not confidently identified | no live manufacturer-source evidence gathered for this row in this run -- attributes remain UNVERIFIED (regex/candidate layer only)",MOBILE_DESC out of 60-80 char range (46),0
AVM6EV,,UNRESOLVED,LOW,LOW,True,0,0,0,0.03,LOW,Yes,"'Malco Prod (2370)' not found in entity master | taxonomy: no rule matched, classification UNRESOLVED | extraction: no dimension pattern matched | extraction: item type not confidently identified | no live manufacturer-source evidence gathered for this row in this run -- attributes remain UNVERIFIED (regex/candidate layer only)",MOBILE_DESC out of 60-80 char range (27),0
AVM6EV,,UNRESOLVED,LOW,LOW,True,0,0,0,0.03,LOW,Yes,"'Malco Prod (2370)' not found in entity master | taxonomy: no rule matched, classification UNRESOLVED | extraction: no dimension pattern matched | extraction: item type not confidently identified | no live manufacturer-source evidence gathered for this row in this run -- attributes remain UNVERIFIED (regex/candidate layer only)",MOBILE_DESC out of 60-80 char range (27),0
DSA0250B,,UNRESOLVED,HIGH,HIGH,False,1,1,0,0.26,LOW,Yes,"taxonomy: no rule matched, classification UNRESOLVED | extraction: dimension chain length has no schema mapping for '' | extraction: item type not confidently identified | no live manufacturer-source evidence gathered for this row in this run -- attributes remain UNVERIFIED (regex/candidate layer only)",,0
DSA0375B,,UNRESOLVED,HIGH,HIGH,False,1,1,0,0.26,LOW,Yes,"taxonomy: no rule matched, classification UNRESOLVED | extraction: dimension chain length has no schema mapping for '' | extraction: item type not confidently identified | no live manufacturer-source evidence gathered for this row in this run -- attributes remain UNVERIFIED (regex/candidate layer only)",,0
DSA0500B,,UNRESOLVED,HIGH,HIGH,False,1,1,0,0.26,LOW,Yes,"taxonomy: no rule matched, classification UNRESOLVED | extraction: dimension chain length has no schema mapping for '' | extraction: item type not confidently identified | no live manufacturer-source evidence gathered for this row in this run -- attributes remain UNVERIFIED (regex/candidate layer only)",,0
42-04-9107,,UNRESOLVED,HIGH,HIGH,False,1,1,0,0.26,LOW,Yes,"taxonomy: no rule matched, classification UNRESOLVED | extraction: dimension chain length has no schema mapping for '' | extraction: item type not confidently identified | no live manufacturer-source evidence gathered for this row in this run -- attributes remain UNVERIFIED (regex/candidate layer only)",,0
48-22-9491,,UNRESOLVED,HIGH,HIGH,False,1,1,0,0.31,LOW,Yes,"taxonomy: no rule matched, classification UNRESOLVED | extraction: no dimension pattern matched | extraction: item type not confidently identified | no live manufacturer-source evidence gathered for this row in this run -- attributes remain UNVERIFIED (regex/candidate layer only)",,0
DWMT45422,,UNRESOLVED,HIGH,HIGH,False,2,2,0,0.285,LOW,Yes,"taxonomy: no rule matched, classification UNRESOLVED | extraction: dimension chain length has no schema mapping for '' | extraction: item type not confidently identified | no live manufacturer-source evidence gathered for this row in this run -- attributes remain UNVERIFIED (regex/candidate layer only)",MOBILE_DESC out of 60-80 char range (57),0
DWMT45424,,UNRESOLVED,HIGH,HIGH,False,2,2,0,0.285,LOW,Yes,"taxonomy: no rule matched, classification UNRESOLVED | extraction: dimension chain length has no schema mapping for '' | extraction: item type not confidently identified | no live manufacturer-source evidence gathered for this row in this run -- attributes remain UNVERIFIED (regex/candidate layer only)",MOBILE_DESC out of 60-80 char range (57),0
48-22-9483,,UNRESOLVED,HIGH,HIGH,False,1,1,0,0.31,LOW,Yes,"taxonomy: no rule matched, classification UNRESOLVED | extraction: no dimension pattern matched | extraction: item type not confidently identified | no live manufacturer-source evidence gathered for this row in this run -- attributes remain UNVERIFIED (regex/candidate layer only)",,0
48-22-9484,,UNRESOLVED,HIGH,HIGH,False,1,1,0,0.31,LOW,Yes,"taxonomy: no rule matched, classification UNRESOLVED | extraction: no dimension pattern matched | extraction: item type not confidently identified | no live manufacturer-source evidence gathered for this row in this run -- attributes remain UNVERIFIED (regex/candidate layer only)",,0
48-22-9485,,UNRESOLVED,HIGH,HIGH,False,1,1,0,0.31,LOW,Yes,"taxonomy: no rule matched, classification UNRESOLVED | extraction: no dimension pattern matched | extraction: item type not confidently identified | no live manufacturer-source evidence gathered for this row in this run -- attributes remain UNVERIFIED (regex/candidate layer only)",,0
48-44-2770,,UNRESOLVED,HIGH,HIGH,False,0,0,0,0.2,LOW,Yes,"taxonomy: no rule matched, classification UNRESOLVED | extraction: no dimension pattern matched | extraction: item type not confidently identified | no live manufacturer-source evidence gathered for this row in this run -- attributes remain UNVERIFIED (regex/candidate layer only)",MOBILE_DESC out of 60-80 char range (47),0
IWHT48441RC,,UNRESOLVED,LOW,LOW,True,1,1,0,0.12,LOW,Yes,"'Irwin Industrial Tools (5863)' not found in entity master | taxonomy: no rule matched, classification UNRESOLVED | extraction: dimension chain length has no schema mapping for '' | extraction: item type not confidently identified | no live manufacturer-source evidence gathered for this row in this run -- attributes remain UNVERIFIED (regex/candidate layer only)",,0
XRU23SM1,Cordless Power Tools,HIGH,HIGH,HIGH,False,3,6,0,0.585,MEDIUM,Yes,extraction: item type not confidently identified | evidence: Official product page fetched directly from makitatools.com,,1
XRU15PT1,Cordless Power Tools,HIGH,HIGH,HIGH,False,0,0,0,0.4,LOW,Yes,extraction: no dimension pattern matched | extraction: item type not confidently identified | no live manufacturer-source evidence gathered for this row in this run -- attributes remain UNVERIFIED (regex/candidate layer only),,0
XRU23Z,Cordless Power Tools,HIGH,HIGH,HIGH,False,1,1,0,0.51,MEDIUM,Yes,extraction: no dimension pattern matched | extraction: item type not confidently identified | no live manufacturer-source evidence gathered for this row in this run -- attributes remain UNVERIFIED (regex/candidate layer only),,0
0887-20,Cordless Power Tools,HIGH,HIGH,HIGH,False,2,4,0,0.6,MEDIUM,Yes,extraction: no dimension pattern matched | extraction: item type not confidently identified | evidence: Fetched live on milwaukeetool.com during session.,,1
DCBL724B,Cordless Power Tools,HIGH,HIGH,HIGH,False,2,5,0,0.564,MEDIUM,Yes,extraction: no dimension pattern matched | extraction: item type not confidently identified | evidence: Fetched live on dewalt.com during session.,,1
2954-20,,UNRESOLVED,HIGH,HIGH,False,1,1,0,0.31,LOW,Yes,"taxonomy: no rule matched, classification UNRESOLVED | extraction: no dimension pattern matched | extraction: item type not confidently identified | no live manufacturer-source evidence gathered for this row in this run -- attributes remain UNVERIFIED (regex/candidate layer only)",,0
2955-20,,UNRESOLVED,HIGH,HIGH,False,1,1,0,0.31,LOW,Yes,"taxonomy: no rule matched, classification UNRESOLVED | extraction: no dimension pattern matched | extraction: item type not confidently identified | no live manufacturer-source evidence gathered for this row in this run -- attributes remain UNVERIFIED (regex/candidate layer only)",,0
9A-219-180,,UNRESOLVED,LOW,LOW,True,3,3,0,0.09,LOW,Yes,"'Mirka Abrasives Inc (MIRUS)' not found in entity master | taxonomy: no rule matched, classification UNRESOLVED | extraction: dimension chain length has no schema mapping for '' | extraction: dimension chain length has no schema mapping for '' | extraction: dimension chain length has no schema mapping for '' | extraction: item type not confidently identified | no live manufacturer-source evidence gathered for this row in this run -- attributes remain UNVERIFIED (regex/candidate layer only)",,0
9A-219-120RP,,UNRESOLVED,LOW,LOW,True,3,3,0,0.09,LOW,Yes,"'Mirka Abrasives Inc (MIRUS)' not found in entity master | taxonomy: no rule matched, classification UNRESOLVED | extraction: dimension chain length has no schema mapping for '' | extraction: dimension chain length has no schema mapping for '' | extraction: dimension chain length has no schema mapping for '' | extraction: item type not confidently identified | no live manufacturer-source evidence gathered for this row in this run -- attributes remain UNVERIFIED (regex/candidate layer only)",,0
3033-20,Cordless Power Tools,HIGH,HIGH,HIGH,False,2,5,0,0.582,MEDIUM,Yes,extraction: item type not confidently identified | evidence: Official product page fetched directly from milwaukeetool.com,,1
3033-21,Cordless Power Tools,HIGH,HIGH,HIGH,False,3,3,0,0.51,MEDIUM,Yes,extraction: item type not confidently identified | evidence: Candidate facts extracted from raw Part_Desc text via regex at UNVERIFIED status. | no live manufacturer-source evidence gathered for this row in this run -- attributes remain UNVERIFIED (regex/candidate layer only),,0
3034-20,Cordless Power Tools,HIGH,HIGH,HIGH,False,2,2,0,0.51,MEDIUM,Yes,extraction: item type not confidently identified | evidence: Candidate facts extracted from raw Part_Desc text via regex at UNVERIFIED status. | no live manufacturer-source evidence gathered for this row in this run -- attributes remain UNVERIFIED (regex/candidate layer only),,0
D25333K,Cordless Power Tools,HIGH,HIGH,HIGH,False,0,0,0,0.4,LOW,Yes,extraction: no dimension pattern matched | extraction: item type not confidently identified | evidence: Candidate facts extracted from raw Part_Desc text via regex at UNVERIFIED status. | no live manufacturer-source evidence gathered for this row in this run -- attributes remain UNVERIFIED (regex/candidate layer only),,0
DCD803B,Cordless Power Tools,HIGH,HIGH,HIGH,False,0,0,0,0.4,LOW,Yes,extraction: no dimension pattern matched | extraction: item type not confidently identified | no live manufacturer-source evidence gathered for this row in this run -- attributes remain UNVERIFIED (regex/candidate layer only),,0
DCF860B,Cordless Power Tools,HIGH,HIGH,HIGH,False,1,5,0,0.6,MEDIUM,Yes,extraction: no dimension pattern matched | extraction: item type not confidently identified | evidence: Official product page fetched directly from dewalt.com,,1
3401-20,Cordless Power Tools,HIGH,HIGH,HIGH,False,3,6,0,0.585,MEDIUM,Yes,extraction: no dimension pattern matched | extraction: item type not confidently identified | evidence: Official product page fetched directly from milwaukeetool.com,,1
KPTDR050A,Cordless Power Tools,HIGH,HIGH,HIGH,False,1,1,0,0.51,MEDIUM,Yes,extraction: no dimension pattern matched | extraction: item type not confidently identified | no live manufacturer-source evidence gathered for this row in this run -- attributes remain UNVERIFIED (regex/candidate layer only),,0
DCD1007B,Cordless Power Tools,HIGH,HIGH,HIGH,False,3,6,0,0.585,MEDIUM,Yes,extraction: item type not confidently identified | evidence: Official product page fetched directly from dewalt.com,,1
DCD799B,Cordless Power Tools,HIGH,HIGH,HIGH,False,0,0,0,0.4,LOW,Yes,extraction: no dimension pattern matched | extraction: item type not confidently identified | no live manufacturer-source evidence gathered for this row in this run -- attributes remain UNVERIFIED (regex/candidate layer only),,0
58006,Benchtop & Stationary Power Tools,HIGH,LOW,LOW,True,0,0,0,0.23,LOW,Yes,'King Canada Inc (KINCA)' not found in entity master | extraction: no dimension pattern matched | extraction: item type not confidently identified | no live manufacturer-source evidence gathered for this row in this run -- attributes remain UNVERIFIED (regex/candidate layer only),MOBILE_DESC out of 60-80 char range (57),0
2909-20,Power Fastening Tools,HIGH,HIGH,HIGH,False,1,1,0,0.51,MEDIUM,Yes,extraction: no dimension pattern matched | extraction: item type not confidently identified | evidence: Candidate facts extracted from raw Part_Desc text via regex at UNVERIFIED status. | no live manufacturer-source evidence gathered for this row in this run -- attributes remain UNVERIFIED (regex/candidate layer only),,0
2909-21,Power Fastening Tools,HIGH,HIGH,HIGH,False,2,2,0,0.51,MEDIUM,Yes,extraction: no dimension pattern matched | extraction: item type not confidently identified | no live manufacturer-source evidence gathered for this row in this run -- attributes remain UNVERIFIED (regex/candidate layer only),,0
918200,Power Fastening Tools,HIGH,LOW,LOW,True,1,1,0,0.34,LOW,Yes,'National Nail Corp (7439)' not found in entity master | extraction: no dimension pattern matched | extraction: item type not confidently identified | evidence: Candidate facts extracted from raw Part_Desc text via regex at UNVERIFIED status. | no live manufacturer-source evidence gathered for this row in this run -- attributes remain UNVERIFIED (regex/candidate layer only),,0
2541-20,Power Fastening Tools,HIGH,HIGH,HIGH,False,2,5,0,0.582,MEDIUM,Yes,extraction: no dimension pattern matched | extraction: item type not confidently identified | evidence: Official product page fetched directly from milwaukeetool.com,,1
DCN930B,Power Fastening Tools,HIGH,HIGH,HIGH,False,1,5,0,0.6,MEDIUM,Yes,extraction: no dimension pattern matched | extraction: item type not confidently identified | evidence: Official product page fetched directly from dewalt.com,,1
DCN930P1,Power Fastening Tools,HIGH,HIGH,HIGH,False,2,2,0,0.51,MEDIUM,Yes,extraction: no dimension pattern matched | extraction: item type not confidently identified | no live manufacturer-source evidence gathered for this row in this run -- attributes remain UNVERIFIED (regex/candidate layer only),,0
XNB04Z,Power Fastening Tools,HIGH,HIGH,HIGH,False,4,4,0,0.51,MEDIUM,Yes,extraction: item type not confidently identified | no live manufacturer-source evidence gathered for this row in this run -- attributes remain UNVERIFIED (regex/candidate layer only),MOBILE_DESC out of 60-80 char range (59),0
XNB05Z,Power Fastening Tools,HIGH,HIGH,HIGH,False,3,3,0,0.51,MEDIUM,Yes,extraction: item type not confidently identified | no live manufacturer-source evidence gathered for this row in this run -- attributes remain UNVERIFIED (regex/candidate layer only),MOBILE_DESC out of 60-80 char range (59),0
XNB06Z,Power Fastening Tools,HIGH,HIGH,HIGH,False,3,3,0,0.51,MEDIUM,Yes,extraction: item type not confidently identified | no live manufacturer-source evidence gathered for this row in this run -- attributes remain UNVERIFIED (regex/candidate layer only),MOBILE_DESC out of 60-80 char range (59),0
XNB07Z,Power Fastening Tools,HIGH,HIGH,HIGH,False,2,2,0,0.51,MEDIUM,Yes,extraction: no dimension pattern matched | extraction: item type not confidently identified | no live manufacturer-source evidence gathered for this row in this run -- attributes remain UNVERIFIED (regex/candidate layer only),MOBILE_DESC out of 60-80 char range (59),0
DZN930,,UNRESOLVED,HIGH,HIGH,False,0,0,0,0.2,LOW,Yes,"taxonomy: no rule matched, classification UNRESOLVED | extraction: no dimension pattern matched | extraction: item type not confidently identified | no live manufacturer-source evidence gathered for this row in this run -- attributes remain UNVERIFIED (regex/candidate layer only)",MOBILE_DESC out of 60-80 char range (54),0
220USB25U,Bits,HIGH,HIGH,HIGH,False,1,1,0,0.51,MEDIUM,Yes,extraction: no dimension pattern matched | extraction: item type not confidently identified | no live manufacturer-source evidence gathered for this row in this run -- attributes remain UNVERIFIED (regex/candidate layer only),,0
XRF03Z,Power Fastening Tools,HIGH,HIGH,HIGH,False,1,1,0,0.51,MEDIUM,Yes,extraction: no dimension pattern matched | extraction: item type not confidently identified | no live manufacturer-source evidence gathered for this row in this run -- attributes remain UNVERIFIED (regex/candidate layer only),MOBILE_DESC out of 60-80 char range (59),0
220USBP5U,Bits,HIGH,HIGH,HIGH,False,1,1,0,0.51,MEDIUM,Yes,extraction: no dimension pattern matched | extraction: item type not confidently identified | no live manufacturer-source evidence gathered for this row in this run -- attributes remain UNVERIFIED (regex/candidate layer only),,0
49-66-4567,Bits,HIGH,HIGH,HIGH,False,2,2,0,0.51,MEDIUM,Yes,extraction: item type not confidently identified | no live manufacturer-source evidence gathered for this row in this run -- attributes remain UNVERIFIED (regex/candidate layer only),,0
IBMG90K003,Bits,HIGH,HIGH,HIGH,False,2,2,0,0.51,MEDIUM,Yes,extraction: item type not confidently identified | no live manufacturer-source evidence gathered for this row in this run -- attributes remain UNVERIFIED (regex/candidate layer only),,0
IBPH250P15T,Bits,HIGH,HIGH,HIGH,False,2,2,0,0.51,MEDIUM,Yes,extraction: item type not confidently identified | no live manufacturer-source evidence gathered for this row in this run -- attributes remain UNVERIFIED (regex/candidate layer only),,0
DPH12B,,UNRESOLVED,HIGH,HIGH,False,1,1,0,0.26,LOW,Yes,"taxonomy: no rule matched, classification UNRESOLVED | extraction: dimension chain length has no schema mapping for '' | extraction: item type not confidently identified | no live manufacturer-source evidence gathered for this row in this run -- attributes remain UNVERIFIED (regex/candidate layer only)",,0
DPH135B,,UNRESOLVED,HIGH,HIGH,False,1,1,0,0.26,LOW,Yes,"taxonomy: no rule matched, classification UNRESOLVED | extraction: dimension chain length has no schema mapping for '' | extraction: item type not confidently identified | no live manufacturer-source evidence gathered for this row in this run -- attributes remain UNVERIFIED (regex/candidate layer only)",,0
DPH21B,,UNRESOLVED,HIGH,HIGH,False,1,1,0,0.26,LOW,Yes,"taxonomy: no rule matched, classification UNRESOLVED | extraction: dimension chain length has no schema mapping for '' | extraction: item type not confidently identified | no live manufacturer-source evidence gathered for this row in this run -- attributes remain UNVERIFIED (regex/candidate layer only)",,0
DPH22B,,UNRESOLVED,HIGH,HIGH,False,1,1,0,0.26,LOW,Yes,"taxonomy: no rule matched, classification UNRESOLVED | extraction: dimension chain length has no schema mapping for '' | extraction: item type not confidently identified | no live manufacturer-source evidence gathered for this row in this run -- attributes remain UNVERIFIED (regex/candidate layer only)",,0
DPH235B,,UNRESOLVED,HIGH,HIGH,False,1,1,0,0.26,LOW,Yes,"taxonomy: no rule matched, classification UNRESOLVED | extraction: dimension chain length has no schema mapping for '' | extraction: item type not confidently identified | no live manufacturer-source evidence gathered for this row in this run -- attributes remain UNVERIFIED (regex/candidate layer only)",,0
DPH26B,,UNRESOLVED,HIGH,HIGH,False,1,1,0,0.26,LOW,Yes,"taxonomy: no rule matched, classification UNRESOLVED | extraction: dimension chain length has no schema mapping for '' | extraction: item type not confidently identified | no live manufacturer-source evidence gathered for this row in this run -- attributes remain UNVERIFIED (regex/candidate layer only)",,0
DPH2R1B,,UNRESOLVED,HIGH,HIGH,False,1,1,0,0.26,LOW,Yes,"taxonomy: no rule matched, classification UNRESOLVED | extraction: dimension chain length has no schema mapping for '' | extraction: item type not confidently identified | no live manufacturer-source evidence gathered for this row in this run -- attributes remain UNVERIFIED (regex/candidate layer only)",,0
DPH31B,,UNRESOLVED,HIGH,HIGH,False,1,1,0,0.26,LOW,Yes,"taxonomy: no rule matched, classification UNRESOLVED | extraction: dimension chain length has no schema mapping for '' | extraction: item type not confidently identified | no live manufacturer-source evidence gathered for this row in this run -- attributes remain UNVERIFIED (regex/candidate layer only)",,0
DPH32B,,UNRESOLVED,HIGH,HIGH,False,1,1,0,0.26,LOW,Yes,"taxonomy: no rule matched, classification UNRESOLVED | extraction: dimension chain length has no schema mapping for '' | extraction: item type not confidently identified | no live manufacturer-source evidence gathered for this row in this run -- attributes remain UNVERIFIED (regex/candidate layer only)",,0
DPH335B,,UNRESOLVED,HIGH,HIGH,False,1,1,0,0.26,LOW,Yes,"taxonomy: no rule matched, classification UNRESOLVED | extraction: dimension chain length has no schema mapping for '' | extraction: item type not confidently identified | no live manufacturer-source evidence gathered for this row in this run -- attributes remain UNVERIFIED (regex/candidate layer only)",,0
DSQ12B,,UNRESOLVED,HIGH,HIGH,False,1,1,0,0.26,LOW,Yes,"taxonomy: no rule matched, classification UNRESOLVED | extraction: dimension chain length has no schema mapping for '' | extraction: item type not confidently identified | no live manufacturer-source evidence gathered for this row in this run -- attributes remain UNVERIFIED (regex/candidate layer only)",,0
DSQ22B,,UNRESOLVED,HIGH,HIGH,False,1,1,0,0.26,LOW,Yes,"taxonomy: no rule matched, classification UNRESOLVED | extraction: dimension chain length has no schema mapping for '' | extraction: item type not confidently identified | no live manufacturer-source evidence gathered for this row in this run -- attributes remain UNVERIFIED (regex/candidate layer only)",,0
DSQ26B,,UNRESOLVED,HIGH,HIGH,False,1,1,0,0.26,LOW,Yes,"taxonomy: no rule matched, classification UNRESOLVED | extraction: dimension chain length has no schema mapping for '' | extraction: item type not confidently identified | no live manufacturer-source evidence gathered for this row in this run -- attributes remain UNVERIFIED (regex/candidate layer only)",,0
DSQ32B,,UNRESOLVED,HIGH,HIGH,False,1,1,0,0.26,LOW,Yes,"taxonomy: no rule matched, classification UNRESOLVED | extraction: dimension chain length has no schema mapping for '' | extraction: item type not confidently identified | no live manufacturer-source evidence gathered for this row in this run -- attributes remain UNVERIFIED (regex/candidate layer only)",,0
DT102B,,UNRESOLVED,HIGH,HIGH,False,1,1,0,0.26,LOW,Yes,"taxonomy: no rule matched, classification UNRESOLVED | extraction: dimension chain length has no schema mapping for '' | extraction: item type not confidently identified | no live manufacturer-source evidence gathered for this row in this run -- attributes remain UNVERIFIED (regex/candidate layer only)",,0
DT152B,,UNRESOLVED,HIGH,HIGH,False,1,1,0,0.26,LOW,Yes,"taxonomy: no rule matched, classification UNRESOLVED | extraction: dimension chain length has no schema mapping for '' | extraction: item type not confidently identified | no live manufacturer-source evidence gathered for this row in this run -- attributes remain UNVERIFIED (regex/candidate layer only)",,0
DT1535B,,UNRESOLVED,HIGH,HIGH,False,1,1,0,0.26,LOW,Yes,"taxonomy: no rule matched, classification UNRESOLVED | extraction: dimension chain length has no schema mapping for '' | extraction: item type not confidently identified | no live manufacturer-source evidence gathered for this row in this run -- attributes remain UNVERIFIED (regex/candidate layer only)",,0
DT202B,,UNRESOLVED,HIGH,HIGH,False,1,1,0,0.26,LOW,Yes,"taxonomy: no rule matched, classification UNRESOLVED | extraction: dimension chain length has no schema mapping for '' | extraction: item type not confidently identified | no live manufacturer-source evidence gathered for this row in this run -- attributes remain UNVERIFIED (regex/candidate layer only)",,0
DT2035B,,UNRESOLVED,HIGH,HIGH,False,1,1,0,0.26,LOW,Yes,"taxonomy: no rule matched, classification UNRESOLVED | extraction: dimension chain length has no schema mapping for '' | extraction: item type not confidently identified | no live manufacturer-source evidence gathered for this row in this run -- attributes remain UNVERIFIED (regex/candidate layer only)",,0
DT206B,,UNRESOLVED,HIGH,HIGH,False,1,1,0,0.26,LOW,Yes,"taxonomy: no rule matched, classification UNRESOLVED | extraction: dimension chain length has no schema mapping for '' | extraction: item type not confidently identified | no live manufacturer-source evidence gathered for this row in this run -- attributes remain UNVERIFIED (regex/candidate layer only)",,0
DT252B,,UNRESOLVED,HIGH,HIGH,False,1,1,0,0.26,LOW,Yes,"taxonomy: no rule matched, classification UNRESOLVED | extraction: dimension chain length has no schema mapping for '' | extraction: item type not confidently identified | no live manufacturer-source evidence gathered for this row in this run -- attributes remain UNVERIFIED (regex/candidate layer only)",,0
DT2535B,,UNRESOLVED,HIGH,HIGH,False,1,1,0,0.26,LOW,Yes,"taxonomy: no rule matched, classification UNRESOLVED | extraction: dimension chain length has no schema mapping for '' | extraction: item type not confidently identified | no live manufacturer-source evidence gathered for this row in this run -- attributes remain UNVERIFIED (regex/candidate layer only)",,0
DT256B,,UNRESOLVED,HIGH,HIGH,False,1,1,0,0.26,LOW,Yes,"taxonomy: no rule matched, classification UNRESOLVED | extraction: dimension chain length has no schema mapping for '' | extraction: item type not confidently identified | no live manufacturer-source evidence gathered for this row in this run -- attributes remain UNVERIFIED (regex/candidate layer only)",,0
DT302B,,UNRESOLVED,HIGH,HIGH,False,1,1,0,0.26,LOW,Yes,"taxonomy: no rule matched, classification UNRESOLVED | extraction: dimension chain length has no schema mapping for '' | extraction: item type not confidently identified | no live manufacturer-source evidence gathered for this row in this run -- attributes remain UNVERIFIED (regex/candidate layer only)",,0
DT402B,,UNRESOLVED,HIGH,HIGH,False,1,1,0,0.26,LOW,Yes,"taxonomy: no rule matched, classification UNRESOLVED | extraction: dimension chain length has no schema mapping for '' | extraction: item type not confidently identified | no live manufacturer-source evidence gathered for this row in this run -- attributes remain UNVERIFIED (regex/candidate layer only)",,0
DDWSSB,,UNRESOLVED,HIGH,HIGH,False,0,0,0,0.2,LOW,Yes,"taxonomy: no rule matched, classification UNRESOLVED | extraction: no dimension pattern matched | extraction: item type not confidently identified | no live manufacturer-source evidence gathered for this row in this run -- attributes remain UNVERIFIED (regex/candidate layer only)",MOBILE_DESC out of 60-80 char range (35),0
191V02-0,,UNRESOLVED,HIGH,HIGH,False,0,0,0,0.2,LOW,Yes,"taxonomy: no rule matched, classification UNRESOLVED | extraction: no dimension pattern matched | extraction: item type not confidently identified | no live manufacturer-source evidence gathered for this row in this run -- attributes remain UNVERIFIED (regex/candidate layer only)",MOBILE_DESC out of 60-80 char range (47),0
XTS02Z,Power Fastening Tools,HIGH,HIGH,HIGH,False,3,7,0,0.587,MEDIUM,Yes,extraction: item type not confidently identified | evidence: Official product page fetched directly from makitatools.com,MOBILE_DESC out of 60-80 char range (59),1
DCF809D1,Cordless Power Tools,HIGH,HIGH,HIGH,False,3,3,0,0.51,MEDIUM,Yes,extraction: item type not confidently identified | no live manufacturer-source evidence gathered for this row in this run -- attributes remain UNVERIFIED (regex/candidate layer only),,0
2761-20,,UNRESOLVED,HIGH,HIGH,False,2,2,0,0.285,LOW,Yes,"taxonomy: no rule matched, classification UNRESOLVED | extraction: dimension chain length has no schema mapping for '' | extraction: item type not confidently identified | no live manufacturer-source evidence gathered for this row in this run -- attributes remain UNVERIFIED (regex/candidate layer only)",,0
2761-22,,UNRESOLVED,HIGH,HIGH,False,2,2,0,0.31,LOW,Yes,"taxonomy: no rule matched, classification UNRESOLVED | extraction: no dimension pattern matched | extraction: item type not confidently identified | no live manufacturer-source evidence gathered for this row in this run -- attributes remain UNVERIFIED (regex/candidate layer only)",,0
3450-20,Cordless Power Tools,HIGH,HIGH,HIGH,False,3,3,0,0.51,MEDIUM,Yes,extraction: no dimension pattern matched | extraction: item type not confidently identified | no live manufacturer-source evidence gathered for this row in this run -- attributes remain UNVERIFIED (regex/candidate layer only),,0
KPTDV025A,Cordless Power Tools,HIGH,HIGH,HIGH,False,1,1,0,0.51,MEDIUM,Yes,extraction: no dimension pattern matched | extraction: item type not confidently identified | no live manufacturer-source evidence gathered for this row in this run -- attributes remain UNVERIFIED (regex/candidate layer only),,0
3048-20,Cordless Power Tools,HIGH,HIGH,HIGH,False,2,2,0,0.51,MEDIUM,Yes,extraction: item type not confidently identified | no live manufacturer-source evidence gathered for this row in this run -- attributes remain UNVERIFIED (regex/candidate layer only),MOBILE_DESC out of 60-80 char range (57),0
3049-20,Cordless Power Tools,HIGH,HIGH,HIGH,False,2,2,0,0.51,MEDIUM,Yes,extraction: item type not confidently identified | no live manufacturer-source evidence gathered for this row in this run -- attributes remain UNVERIFIED (regex/candidate layer only),MOBILE_DESC out of 60-80 char range (57),0
2563-20,Cordless Power Tools,HIGH,HIGH,HIGH,False,2,2,0,0.51,MEDIUM,Yes,extraction: item type not confidently identified | no live manufacturer-source evidence gathered for this row in this run -- attributes remain UNVERIFIED (regex/candidate layer only),,0
DCF961B,Cordless Power Tools,HIGH,HIGH,HIGH,False,3,3,0,0.51,MEDIUM,Yes,extraction: item type not confidently identified | no live manufacturer-source evidence gathered for this row in this run -- attributes remain UNVERIFIED (regex/candidate layer only),,0
DCF964B,Cordless Power Tools,HIGH,HIGH,HIGH,False,3,3,0,0.51,MEDIUM,Yes,extraction: item type not confidently identified | no live manufacturer-source evidence gathered for this row in this run -- attributes remain UNVERIFIED (regex/candidate layer only),,0
2563P-20,Cordless Power Tools,HIGH,HIGH,HIGH,False,2,2,0,0.51,MEDIUM,Yes,extraction: item type not confidently identified | no live manufacturer-source evidence gathered for this row in this run -- attributes remain UNVERIFIED (regex/candidate layer only),MOBILE_DESC out of 60-80 char range (58),0
DCF921P2,Cordless Power Tools,HIGH,HIGH,HIGH,False,1,1,0,0.51,MEDIUM,Yes,extraction: no dimension pattern matched | extraction: item type not confidently identified | no live manufacturer-source evidence gathered for this row in this run -- attributes remain UNVERIFIED (regex/candidate layer only),,0
XLT03Z,Cordless Power Tools,HIGH,HIGH,HIGH,False,2,2,0,0.51,MEDIUM,Yes,extraction: item type not confidently identified | no live manufacturer-source evidence gathered for this row in this run -- attributes remain UNVERIFIED (regex/candidate layer only),MOBILE_DESC out of 60-80 char range (58),0
XLT04Z,Cordless Power Tools,HIGH,HIGH,HIGH,False,2,2,0,0.51,MEDIUM,Yes,extraction: item type not confidently identified | no live manufacturer-source evidence gathered for this row in this run -- attributes remain UNVERIFIED (regex/candidate layer only),MOBILE_DESC out of 60-80 char range (58),0
XLT05Z,Cordless Power Tools,HIGH,HIGH,HIGH,False,2,2,0,0.51,MEDIUM,Yes,extraction: item type not confidently identified | no live manufacturer-source evidence gathered for this row in this run -- attributes remain UNVERIFIED (regex/candidate layer only),MOBILE_DESC out of 60-80 char range (58),0
DCF510B,,UNRESOLVED,HIGH,HIGH,False,1,1,0,0.31,LOW,Yes,"taxonomy: no rule matched, classification UNRESOLVED | extraction: no dimension pattern matched | extraction: item type not confidently identified | no live manufacturer-source evidence gathered for this row in this run -- attributes remain UNVERIFIED (regex/candidate layer only)",,0
3052-20,,UNRESOLVED,HIGH,HIGH,False,2,2,0,0.285,LOW,Yes,"taxonomy: no rule matched, classification UNRESOLVED | extraction: dimension chain length has no schema mapping for '' | extraction: item type not confidently identified | no live manufacturer-source evidence gathered for this row in this run -- attributes remain UNVERIFIED (regex/candidate layer only)",,0
3054-20,Cordless Power Tools,HIGH,HIGH,HIGH,False,3,3,0,0.51,MEDIUM,Yes,extraction: item type not confidently identified | no live manufacturer-source evidence gathered for this row in this run -- attributes remain UNVERIFIED (regex/candidate layer only),MOBILE_DESC out of 60-80 char range (57),0
DCF513EB,,UNRESOLVED,HIGH,HIGH,False,1,1,0,0.26,LOW,Yes,"taxonomy: no rule matched, classification UNRESOLVED | extraction: dimension chain length has no schema mapping for '' | extraction: item type not confidently identified | no live manufacturer-source evidence gathered for this row in this run -- attributes remain UNVERIFIED (regex/candidate layer only)",MOBILE_DESC out of 60-80 char range (56),0
XVP01Z,Cordless Power Tools,HIGH,HIGH,HIGH,False,2,2,0,0.51,MEDIUM,Yes,extraction: item type not confidently identified | no live manufacturer-source evidence gathered for this row in this run -- attributes remain UNVERIFIED (regex/candidate layer only),,0
DCM200B,Files & Rasps,HIGH,HIGH,HIGH,False,0,0,0,0.4,LOW,Yes,extraction: no dimension pattern matched | no live manufacturer-source evidence gathered for this row in this run -- attributes remain UNVERIFIED (regex/candidate layer only),MOBILE_DESC out of 60-80 char range (52),0
DCG410B,Cordless Power Tools,HIGH,HIGH,HIGH,False,3,3,0,0.51,MEDIUM,Yes,extraction: item type not confidently identified | no live manufacturer-source evidence gathered for this row in this run -- attributes remain UNVERIFIED (regex/candidate layer only),,0
DCG460B,Cordless Power Tools,HIGH,HIGH,HIGH,False,2,2,0,0.51,MEDIUM,Yes,extraction: item type not confidently identified | no live manufacturer-source evidence gathered for this row in this run -- attributes remain UNVERIFIED (regex/candidate layer only),,0
DCG402B,Cordless Power Tools,HIGH,HIGH,HIGH,False,3,3,0,0.51,MEDIUM,Yes,extraction: item type not confidently identified | no live manufacturer-source evidence gathered for this row in this run -- attributes remain UNVERIFIED (regex/candidate layer only),,0
3485-20,Cordless Power Tools,HIGH,HIGH,HIGH,False,2,2,0,0.51,MEDIUM,Yes,extraction: item type not confidently identified | no live manufacturer-source evidence gathered for this row in this run -- attributes remain UNVERIFIED (regex/candidate layer only),MOBILE_DESC out of 60-80 char range (57),0
DCG420B,Cordless Power Tools,HIGH,HIGH,HIGH,False,2,2,0,0.51,MEDIUM,Yes,extraction: no dimension pattern matched | extraction: item type not confidently identified | no live manufacturer-source evidence gathered for this row in this run -- attributes remain UNVERIFIED (regex/candidate layer only),,0
DCG422B,Cordless Power Tools,HIGH,HIGH,HIGH,False,2,2,0,0.51,MEDIUM,Yes,extraction: no dimension pattern matched | extraction: item type not confidently identified | no live manufacturer-source evidence gathered for this row in this run -- attributes remain UNVERIFIED (regex/candidate layer only),,0
924422,,UNRESOLVED,UNVERIFIED,UNVERIFIED,False,1,1,0,0.11,LOW,Yes,"Part_Manuf is placeholder; no entity master match found | taxonomy: no rule matched, classification UNRESOLVED | extraction: no dimension pattern matched | extraction: item type not confidently identified | no live manufacturer-source evidence gathered for this row in this run -- attributes remain UNVERIFIED (regex/candidate layer only)",MOBILE_DESC out of 60-80 char range (37),0
DCW620B,,UNRESOLVED,HIGH,HIGH,False,1,1,0,0.31,LOW,Yes,"taxonomy: no rule matched, classification UNRESOLVED | extraction: no dimension pattern matched | extraction: item type not confidently identified | no live manufacturer-source evidence gathered for this row in this run -- attributes remain UNVERIFIED (regex/candidate layer only)",,0
2535-20,Cordless Power Tools,HIGH,HIGH,HIGH,False,2,2,0,0.51,MEDIUM,Yes,extraction: item type not confidently identified | no live manufacturer-source evidence gathered for this row in this run -- attributes remain UNVERIFIED (regex/candidate layer only),,0
2837-20,Cordless Power Tools,HIGH,HIGH,HIGH,False,3,3,0,0.51,MEDIUM,Yes,extraction: item type not confidently identified | no live manufacturer-source evidence gathered for this row in this run -- attributes remain UNVERIFIED (regex/candidate layer only),,0
577728,Cordless Power Tools,HIGH,HIGH,HIGH,False,0,0,0,0.4,LOW,Yes,extraction: no dimension pattern matched | extraction: item type not confidently identified | no live manufacturer-source evidence gathered for this row in this run -- attributes remain UNVERIFIED (regex/candidate layer only),MOBILE_DESC out of 60-80 char range (51),0
577738,Cordless Power Tools,HIGH,HIGH,HIGH,False,0,0,0,0.4,LOW,Yes,extraction: no dimension pattern matched | extraction: item type not confidently identified | no live manufacturer-source evidence gathered for this row in this run -- attributes remain UNVERIFIED (regex/candidate layer only),MOBILE_DESC out of 60-80 char range (51),0
KPTRS500A,Cordless Power Tools,HIGH,HIGH,HIGH,False,2,2,0,0.51,MEDIUM,Yes,extraction: item type not confidently identified | no live manufacturer-source evidence gathered for this row in this run -- attributes remain UNVERIFIED (regex/candidate layer only),,0
24-35M-320,,UNRESOLVED,LOW,LOW,True,2,2,0,0.09,LOW,Yes,"'Mirka Abrasives Inc (MIRUS)' not found in entity master | taxonomy: no rule matched, classification UNRESOLVED | extraction: dimension chain length has no schema mapping for '' | extraction: dimension chain length has no schema mapping for '' | extraction: item type not confidently identified | no live manufacturer-source evidence gathered for this row in this run -- attributes remain UNVERIFIED (regex/candidate layer only)",,0
9A-129-120,,UNRESOLVED,LOW,LOW,True,2,2,0,0.09,LOW,Yes,"'Mirka Abrasives Inc (MIRUS)' not found in entity master | taxonomy: no rule matched, classification UNRESOLVED | extraction: dimension chain length has no schema mapping for '' | extraction: dimension chain length has no schema mapping for '' | extraction: item type not confidently identified | no live manufacturer-source evidence gathered for this row in this run -- attributes remain UNVERIFIED (regex/candidate layer only)",,0
578800,,UNRESOLVED,HIGH,HIGH,False,2,2,0,0.26,LOW,Yes,"taxonomy: no rule matched, classification UNRESOLVED | extraction: dimension chain length has no schema mapping for '' | extraction: dimension chain length has no schema mapping for '' | extraction: item type not confidently identified | no live manufacturer-source evidence gathered for this row in this run -- attributes remain UNVERIFIED (regex/candidate layer only)",,0
578801,,UNRESOLVED,HIGH,HIGH,False,2,2,0,0.26,LOW,Yes,"taxonomy: no rule matched, classification UNRESOLVED | extraction: dimension chain length has no schema mapping for '' | extraction: dimension chain length has no schema mapping for '' | extraction: item type not confidently identified | no live manufacturer-source evidence gathered for this row in this run -- attributes remain UNVERIFIED (regex/candidate layer only)",,0
578802,,UNRESOLVED,HIGH,HIGH,False,2,2,0,0.26,LOW,Yes,"taxonomy: no rule matched, classification UNRESOLVED | extraction: dimension chain length has no schema mapping for '' | extraction: dimension chain length has no schema mapping for '' | extraction: item type not confidently identified | no live manufacturer-source evidence gathered for this row in this run -- attributes remain UNVERIFIED (regex/candidate layer only)",,0
578808,,UNRESOLVED,HIGH,HIGH,False,2,2,0,0.26,LOW,Yes,"taxonomy: no rule matched, classification UNRESOLVED | extraction: dimension chain length has no schema mapping for '' | extraction: dimension chain length has no schema mapping for '' | extraction: item type not confidently identified | no live manufacturer-source evidence gathered for this row in this run -- attributes remain UNVERIFIED (regex/candidate layer only)",,0
578809,,UNRESOLVED,HIGH,HIGH,False,2,2,0,0.26,LOW,Yes,"taxonomy: no rule matched, classification UNRESOLVED | extraction: dimension chain length has no schema mapping for '' | extraction: dimension chain length has no schema mapping for '' | extraction: item type not confidently identified | no live manufacturer-source evidence gathered for this row in this run -- attributes remain UNVERIFIED (regex/candidate layer only)",,0
578810,,UNRESOLVED,HIGH,HIGH,False,2,2,0,0.26,LOW,Yes,"taxonomy: no rule matched, classification UNRESOLVED | extraction: dimension chain length has no schema mapping for '' | extraction: dimension chain length has no schema mapping for '' | extraction: item type not confidently identified | no live manufacturer-source evidence gathered for this row in this run -- attributes remain UNVERIFIED (regex/candidate layer only)",,0
578811,,UNRESOLVED,HIGH,HIGH,False,2,2,0,0.26,LOW,Yes,"taxonomy: no rule matched, classification UNRESOLVED | extraction: dimension chain length has no schema mapping for '' | extraction: dimension chain length has no schema mapping for '' | extraction: item type not confidently identified | no live manufacturer-source evidence gathered for this row in this run -- attributes remain UNVERIFIED (regex/candidate layer only)",,0
578192,,UNRESOLVED,HIGH,HIGH,False,0,0,0,0.2,LOW,Yes,"taxonomy: no rule matched, classification UNRESOLVED | extraction: no dimension pattern matched | extraction: item type not confidently identified | no live manufacturer-source evidence gathered for this row in this run -- attributes remain UNVERIFIED (regex/candidate layer only)",MOBILE_DESC out of 60-80 char range (38),0
578806,,UNRESOLVED,HIGH,HIGH,False,0,0,0,0.2,LOW,Yes,"taxonomy: no rule matched, classification UNRESOLVED | extraction: no dimension pattern matched | extraction: item type not confidently identified | no live manufacturer-source evidence gathered for this row in this run -- attributes remain UNVERIFIED (regex/candidate layer only)",MOBILE_DESC out of 60-80 char range (38),0
D0860X,Saw Blades,HIGH,HIGH,HIGH,False,2,5,0,0.534,MEDIUM,No,,,2
48-40-0740,Saw Blades,HIGH,HIGH,HIGH,False,1,6,0,0.568,MEDIUM,Yes,extraction: no dimension pattern matched,,2
48-41-0740,,UNRESOLVED,HIGH,HIGH,False,0,0,0,0.2,LOW,Yes,"taxonomy: no rule matched, classification UNRESOLVED | extraction: no dimension pattern matched | extraction: item type not confidently identified | no live manufacturer-source evidence gathered for this row in this run -- attributes remain UNVERIFIED (regex/candidate layer only)",MOBILE_DESC out of 60-80 char range (47),0
A-96095,Saw Blades,HIGH,HIGH,HIGH,False,2,2,0,0.51,MEDIUM,Yes,no live manufacturer-source evidence gathered for this row in this run -- attributes remain UNVERIFIED (regex/candidate layer only),,0
D0760UX,Saw Blades,HIGH,HIGH,HIGH,False,2,2,0,0.51,MEDIUM,Yes,no live manufacturer-source evidence gathered for this row in this run -- attributes remain UNVERIFIED (regex/candidate layer only),,0
230.312.08,,UNRESOLVED,LOW,LOW,True,0,0,0,0.03,LOW,Yes,"'CMT USA Inc (CMTUS)' not found in entity master | taxonomy: no rule matched, classification UNRESOLVED | extraction: no dimension pattern matched | extraction: item type not confidently identified | no live manufacturer-source evidence gathered for this row in this run -- attributes remain UNVERIFIED (regex/candidate layer only)",MOBILE_DESC out of 60-80 char range (32),0
D0708LF,Saw Blades,HIGH,HIGH,HIGH,False,3,3,0,0.51,MEDIUM,Yes,no live manufacturer-source evidence gathered for this row in this run -- attributes remain UNVERIFIED (regex/candidate layer only),,0
D1012LF,Saw Blades,HIGH,HIGH,HIGH,False,3,3,0,0.51,MEDIUM,Yes,no live manufacturer-source evidence gathered for this row in this run -- attributes remain UNVERIFIED (regex/candidate layer only),,0
D1216LF,Saw Blades,HIGH,HIGH,HIGH,False,3,3,0,0.51,MEDIUM,Yes,no live manufacturer-source evidence gathered for this row in this run -- attributes remain UNVERIFIED (regex/candidate layer only),,0
DWA47421,,UNRESOLVED,HIGH,HIGH,False,1,1,0,0.26,LOW,Yes,"taxonomy: no rule matched, classification UNRESOLVED | extraction: dimension chain length has no schema mapping for '' | extraction: item type not confidently identified | no live manufacturer-source evidence gathered for this row in this run -- attributes remain UNVERIFIED (regex/candidate layer only)",MOBILE_DESC out of 60-80 char range (56),0
DWA4769,,UNRESOLVED,HIGH,HIGH,False,1,1,0,0.26,LOW,Yes,"taxonomy: no rule matched, classification UNRESOLVED | extraction: dimension chain length has no schema mapping for '' | extraction: item type not confidently identified | no live manufacturer-source evidence gathered for this row in this run -- attributes remain UNVERIFIED (regex/candidate layer only)",MOBILE_DESC out of 60-80 char range (55),0
49-93-9204,,UNRESOLVED,HIGH,HIGH,False,1,1,0,0.26,LOW,Yes,"taxonomy: no rule matched, classification UNRESOLVED | extraction: dimension chain length has no schema mapping for '' | extraction: item type not confidently identified | no live manufacturer-source evidence gathered for this row in this run -- attributes remain UNVERIFIED (regex/candidate layer only)",,0
49-93-9207,,UNRESOLVED,HIGH,HIGH,False,1,1,0,0.26,LOW,Yes,"taxonomy: no rule matched, classification UNRESOLVED | extraction: dimension chain length has no schema mapping for '' | extraction: item type not confidently identified | no live manufacturer-source evidence gathered for this row in this run -- attributes remain UNVERIFIED (regex/candidate layer only)",,0
49-93-9210,,UNRESOLVED,HIGH,HIGH,False,1,1,0,0.26,LOW,Yes,"taxonomy: no rule matched, classification UNRESOLVED | extraction: dimension chain length has no schema mapping for '' | extraction: item type not confidently identified | no live manufacturer-source evidence gathered for this row in this run -- attributes remain UNVERIFIED (regex/candidate layer only)",,0
49-93-9202,,UNRESOLVED,HIGH,HIGH,False,1,1,0,0.26,LOW,Yes,"taxonomy: no rule matched, classification UNRESOLVED | extraction: dimension chain length has no schema mapping for '' | extraction: item type not confidently identified | no live manufacturer-source evidence gathered for this row in this run -- attributes remain UNVERIFIED (regex/candidate layer only)",,0
49-93-9205,,UNRESOLVED,HIGH,HIGH,False,1,1,0,0.26,LOW,Yes,"taxonomy: no rule matched, classification UNRESOLVED | extraction: dimension chain length has no schema mapping for '' | extraction: item type not confidently identified | no live manufacturer-source evidence gathered for this row in this run -- attributes remain UNVERIFIED (regex/candidate layer only)",,0
49-22-4702,,UNRESOLVED,HIGH,HIGH,False,2,2,0,0.31,LOW,Yes,"taxonomy: no rule matched, classification UNRESOLVED | extraction: no dimension pattern matched | extraction: item type not confidently identified | no live manufacturer-source evidence gathered for this row in this run -- attributes remain UNVERIFIED (regex/candidate layer only)",,0
DJT155HHM,Saw Blades,HIGH,HIGH,HIGH,False,2,2,0,0.51,MEDIUM,Yes,no live manufacturer-source evidence gathered for this row in this run -- attributes remain UNVERIFIED (regex/candidate layer only),,0
790.82,,UNRESOLVED,LOW,LOW,True,1,1,0,0.14,LOW,Yes,"'CMT USA Inc (CMTUS)' not found in entity master | taxonomy: no rule matched, classification UNRESOLVED | extraction: no dimension pattern matched | extraction: item type not confidently identified | no live manufacturer-source evidence gathered for this row in this run -- attributes remain UNVERIFIED (regex/candidate layer only)",MOBILE_DESC out of 60-80 char range (48),0
794.321,,UNRESOLVED,LOW,LOW,True,1,1,0,0.14,LOW,Yes,"'CMT USA Inc (CMTUS)' not found in entity master | taxonomy: no rule matched, classification UNRESOLVED | extraction: no dimension pattern matched | extraction: item type not confidently identified | no live manufacturer-source evidence gathered for this row in this run -- attributes remain UNVERIFIED (regex/candidate layer only)",MOBILE_DESC out of 60-80 char range (49),0
49-22-5641,Saw Blades,HIGH,HIGH,HIGH,False,2,2,0,0.51,MEDIUM,Yes,extraction: no dimension pattern matched | extraction: item type not confidently identified | no live manufacturer-source evidence gathered for this row in this run -- attributes remain UNVERIFIED (regex/candidate layer only),,0
D0604TSH,Saw Blades,HIGH,HIGH,HIGH,False,1,1,0,0.51,MEDIUM,Yes,no live manufacturer-source evidence gathered for this row in this run -- attributes remain UNVERIFIED (regex/candidate layer only),MOBILE_DESC out of 60-80 char range (58),0
D0620TSR,Saw Blades,HIGH,HIGH,HIGH,False,2,2,0,0.51,MEDIUM,Yes,no live manufacturer-source evidence gathered for this row in this run -- attributes remain UNVERIFIED (regex/candidate layer only),,0
D0648TSF,Saw Blades,HIGH,HIGH,HIGH,False,2,2,0,0.51,MEDIUM,Yes,no live manufacturer-source evidence gathered for this row in this run -- attributes remain UNVERIFIED (regex/candidate layer only),,0
D0652TSL,Saw Blades,HIGH,HIGH,HIGH,False,2,2,0,0.51,MEDIUM,Yes,no live manufacturer-source evidence gathered for this row in this run -- attributes remain UNVERIFIED (regex/candidate layer only),,0
JT1-549,Benchtop & Stationary Power Tools,HIGH,LOW,LOW,True,2,2,0,0.34,LOW,Yes,'JPW Industries (JPWIN)' not found in entity master | extraction: item type not confidently identified | no live manufacturer-source evidence gathered for this row in this run -- attributes remain UNVERIFIED (regex/candidate layer only),MOBILE_DESC out of 60-80 char range (58),0
JT1-1371,Benchtop & Stationary Power Tools,HIGH,LOW,LOW,True,1,1,0,0.34,LOW,Yes,'JPW Industries (JPWIN)' not found in entity master | extraction: item type not confidently identified | no live manufacturer-source evidence gathered for this row in this run -- attributes remain UNVERIFIED (regex/candidate layer only),MOBILE_DESC out of 60-80 char range (59),0
JT9-714400K,Benchtop & Stationary Power Tools,HIGH,LOW,LOW,True,1,1,0,0.34,LOW,Yes,'JPW Industries (JPWIN)' not found in entity master | extraction: item type not confidently identified | no live manufacturer-source evidence gathered for this row in this run -- attributes remain UNVERIFIED (regex/candidate layer only),,0
2834-21HD,Cordless Power Tools,HIGH,HIGH,HIGH,False,3,3,0,0.51,MEDIUM,Yes,extraction: item type not confidently identified | no live manufacturer-source evidence gathered for this row in this run -- attributes remain UNVERIFIED (regex/candidate layer only),MOBILE_DESC out of 60-80 char range (59),0
DCS383B,Cordless Power Tools,HIGH,HIGH,HIGH,False,3,3,0,0.51,MEDIUM,Yes,extraction: item type not confidently identified | no live manufacturer-source evidence gathered for this row in this run -- attributes remain UNVERIFIED (regex/candidate layer only),,0
DCS590B,Cordless Power Tools,HIGH,HIGH,HIGH,False,3,3,0,0.51,MEDIUM,Yes,extraction: item type not confidently identified | no live manufacturer-source evidence gathered for this row in this run -- attributes remain UNVERIFIED (regex/candidate layer only),,0
KPTCS725A,Cordless Power Tools,HIGH,HIGH,HIGH,False,2,2,0,0.51,MEDIUM,Yes,extraction: item type not confidently identified | no live manufacturer-source evidence gathered for this row in this run -- attributes remain UNVERIFIED (regex/candidate layer only),MOBILE_DESC out of 60-80 char range (57),0
KPTCS450A,Cordless Power Tools,HIGH,HIGH,HIGH,False,2,2,0,0.51,MEDIUM,Yes,extraction: item type not confidently identified | no live manufacturer-source evidence gathered for this row in this run -- attributes remain UNVERIFIED (regex/candidate layer only),MOBILE_DESC out of 60-80 char range (57),0
2545-20,Cordless Power Tools,HIGH,HIGH,HIGH,False,1,1,0,0.51,MEDIUM,Yes,extraction: no dimension pattern matched | extraction: item type not confidently identified | no live manufacturer-source evidence gathered for this row in this run -- attributes remain UNVERIFIED (regex/candidate layer only),,0
KPTJS100A,Cordless Power Tools,HIGH,HIGH,HIGH,False,1,1,0,0.51,MEDIUM,Yes,extraction: no dimension pattern matched | extraction: item type not confidently identified | no live manufacturer-source evidence gathered for this row in this run -- attributes remain UNVERIFIED (regex/candidate layer only),,0
DCS714B,Cordless Power Tools,HIGH,HIGH,HIGH,False,3,3,0,0.51,MEDIUM,Yes,extraction: item type not confidently identified | no live manufacturer-source evidence gathered for this row in this run -- attributes remain UNVERIFIED (regex/candidate layer only),,0
DCS785B,Cordless Power Tools,HIGH,HIGH,HIGH,False,3,3,0,0.51,MEDIUM,Yes,extraction: item type not confidently identified | no live manufacturer-source evidence gathered for this row in this run -- attributes remain UNVERIFIED (regex/candidate layer only),,0
GSL02M1,Cordless Power Tools,HIGH,HIGH,HIGH,False,2,2,0,0.51,MEDIUM,Yes,extraction: item type not confidently identified | no live manufacturer-source evidence gathered for this row in this run -- attributes remain UNVERIFIED (regex/candidate layer only),MOBILE_DESC out of 60-80 char range (59),0
DW7029,Power Tool Accessories,HIGH,HIGH,HIGH,False,0,0,0,0.4,LOW,Yes,extraction: no dimension pattern matched | extraction: item type not confidently identified | no live manufacturer-source evidence gathered for this row in this run -- attributes remain UNVERIFIED (regex/candidate layer only),,0
DCS384B,Cordless Power Tools,HIGH,HIGH,HIGH,False,3,3,0,0.51,MEDIUM,Yes,extraction: no dimension pattern matched | extraction: item type not confidently identified | no live manufacturer-source evidence gathered for this row in this run -- attributes remain UNVERIFIED (regex/candidate layer only),,0
XRJ08Z,Cordless Power Tools,HIGH,HIGH,HIGH,False,2,2,0,0.51,MEDIUM,Yes,extraction: no dimension pattern matched | extraction: item type not confidently identified | no live manufacturer-source evidence gathered for this row in this run -- attributes remain UNVERIFIED (regex/candidate layer only),,0
G0771Z,Benchtop & Stationary Power Tools,HIGH,LOW,LOW,True,1,1,0,0.34,LOW,Yes,'Woodstock Intl (3658)' not found in entity master | extraction: item type not confidently identified | no live manufacturer-source evidence gathered for this row in this run -- attributes remain UNVERIFIED (regex/candidate layer only),,0
TS1017,Power Tool Accessories,HIGH,HIGH,HIGH,False,0,0,0,0.4,LOW,Yes,extraction: no dimension pattern matched | extraction: item type not confidently identified | no live manufacturer-source evidence gathered for this row in this run -- attributes remain UNVERIFIED (regex/candidate layer only),,0
XT524,,UNRESOLVED,LOW,LOW,True,1,1,0,0.09,LOW,Yes,"'Bow Products (BOWPR)' not found in entity master | taxonomy: no rule matched, classification UNRESOLVED | extraction: dimension chain length has no schema mapping for '' | extraction: item type not confidently identified | no live manufacturer-source evidence gathered for this row in this run -- attributes remain UNVERIFIED (regex/candidate layer only)",MOBILE_DESC out of 60-80 char range (56),0
XT536,,UNRESOLVED,LOW,LOW,True,1,1,0,0.09,LOW,Yes,"'Bow Products (BOWPR)' not found in entity master | taxonomy: no rule matched, classification UNRESOLVED | extraction: dimension chain length has no schema mapping for '' | extraction: item type not confidently identified | no live manufacturer-source evidence gathered for this row in this run -- attributes remain UNVERIFIED (regex/candidate layer only)",MOBILE_DESC out of 60-80 char range (56),0
XT546,,UNRESOLVED,LOW,LOW,True,1,1,0,0.09,LOW,Yes,"'Bow Products (BOWPR)' not found in entity master | taxonomy: no rule matched, classification UNRESOLVED | extraction: dimension chain length has no schema mapping for '' | extraction: item type not confidently identified | no live manufacturer-source evidence gathered for this row in this run -- attributes remain UNVERIFIED (regex/candidate layer only)",MOBILE_DESC out of 60-80 char range (56),0
XTP235,,UNRESOLVED,LOW,LOW,True,1,1,0,0.09,LOW,Yes,"'Bow Products (BOWPR)' not found in entity master | taxonomy: no rule matched, classification UNRESOLVED | extraction: dimension chain length has no schema mapping for '' | extraction: item type not confidently identified | no live manufacturer-source evidence gathered for this row in this run -- attributes remain UNVERIFIED (regex/candidate layer only)",MOBILE_DESC out of 60-80 char range (57),0
TGP2-FA,,UNRESOLVED,LOW,LOW,True,0,0,0,0.03,LOW,Yes,"'Saw Stop LLC (SAWST)' not found in entity master | taxonomy: no rule matched, classification UNRESOLVED | extraction: no dimension pattern matched | extraction: item type not confidently identified | no live manufacturer-source evidence gathered for this row in this run -- attributes remain UNVERIFIED (regex/candidate layer only)",MOBILE_DESC out of 60-80 char range (30),0
ATGI-FA,,UNRESOLVED,LOW,LOW,True,0,0,0,0.03,LOW,Yes,"'Saw Stop LLC (SAWST)' not found in entity master | taxonomy: no rule matched, classification UNRESOLVED | extraction: no dimension pattern matched | extraction: item type not confidently identified | no live manufacturer-source evidence gathered for this row in this run -- attributes remain UNVERIFIED (regex/candidate layer only)",MOBILE_DESC out of 60-80 char range (30),0
ATGP-FA,,UNRESOLVED,LOW,LOW,True,0,0,0,0.03,LOW,Yes,"'Saw Stop LLC (SAWST)' not found in entity master | taxonomy: no rule matched, classification UNRESOLVED | extraction: no dimension pattern matched | extraction: item type not confidently identified | no live manufacturer-source evidence gathered for this row in this run -- attributes remain UNVERIFIED (regex/candidate layer only)",MOBILE_DESC out of 60-80 char range (30),0
TGI2-FA,,UNRESOLVED,LOW,LOW,True,0,0,0,0.03,LOW,Yes,"'Saw Stop LLC (SAWST)' not found in entity master | taxonomy: no rule matched, classification UNRESOLVED | extraction: no dimension pattern matched | extraction: item type not confidently identified | no live manufacturer-source evidence gathered for this row in this run -- attributes remain UNVERIFIED (regex/candidate layer only)",MOBILE_DESC out of 60-80 char range (30),0
TGI2-T36A,,UNRESOLVED,LOW,LOW,True,1,1,0,0.09,LOW,Yes,"'Saw Stop LLC (SAWST)' not found in entity master | taxonomy: no rule matched, classification UNRESOLVED | extraction: dimension chain length has no schema mapping for '' | extraction: item type not confidently identified | no live manufacturer-source evidence gathered for this row in this run -- attributes remain UNVERIFIED (regex/candidate layer only)",,0
KPTBPS100A,Cordless Power Tools,HIGH,HIGH,HIGH,False,3,3,0,0.51,MEDIUM,Yes,extraction: item type not confidently identified | no live manufacturer-source evidence gathered for this row in this run -- attributes remain UNVERIFIED (regex/candidate layer only),MOBILE_DESC out of 60-80 char range (58),0
DCB606C,,UNRESOLVED,HIGH,HIGH,False,1,1,0,0.31,LOW,Yes,"taxonomy: no rule matched, classification UNRESOLVED | extraction: no dimension pattern matched | extraction: item type not confidently identified | no live manufacturer-source evidence gathered for this row in this run -- attributes remain UNVERIFIED (regex/candidate layer only)",,0
BL1850BDC1,,UNRESOLVED,HIGH,HIGH,False,1,1,0,0.31,LOW,Yes,"taxonomy: no rule matched, classification UNRESOLVED | extraction: no dimension pattern matched | extraction: item type not confidently identified | no live manufacturer-source evidence gathered for this row in this run -- attributes remain UNVERIFIED (regex/candidate layer only)",,0
DCB205C,,UNRESOLVED,HIGH,HIGH,False,2,2,0,0.31,LOW,Yes,"taxonomy: no rule matched, classification UNRESOLVED | extraction: no dimension pattern matched | extraction: item type not confidently identified | no live manufacturer-source evidence gathered for this row in this run -- attributes remain UNVERIFIED (regex/candidate layer only)",,0
DCB2108,Batteries & Chargers,HIGH,HIGH,HIGH,False,2,3,0,0.6,MEDIUM,Yes,extraction: no dimension pattern matched | extraction: item type not confidently identified | evidence: Official product page fetched directly from dewalt.com,,1
DCB2108-2,Batteries & Chargers,HIGH,HIGH,HIGH,False,2,2,0,0.51,MEDIUM,Yes,extraction: no dimension pattern matched | extraction: item type not confidently identified | no live manufacturer-source evidence gathered for this row in this run -- attributes remain UNVERIFIED (regex/candidate layer only),,0
VB0212,Batteries & Chargers,HIGH,LOW,LOW,True,2,2,0,0.34,LOW,Yes,'Senco Products Inc (4650)' not found in entity master | extraction: no dimension pattern matched | extraction: item type not confidently identified | no live manufacturer-source evidence gathered for this row in this run -- attributes remain UNVERIFIED (regex/candidate layer only),,0
BCB2A20A,Batteries & Chargers,HIGH,HIGH,HIGH,False,2,2,0,0.51,MEDIUM,Yes,extraction: no dimension pattern matched | extraction: item type not confidently identified | no live manufacturer-source evidence gathered for this row in this run -- attributes remain UNVERIFIED (regex/candidate layer only),,0
BATT4A,Batteries & Chargers,HIGH,HIGH,HIGH,False,2,2,0,0.51,MEDIUM,Yes,extraction: no dimension pattern matched | extraction: item type not confidently identified | no live manufacturer-source evidence gathered for this row in this run -- attributes remain UNVERIFIED (regex/candidate layer only),,0
BATT2A,Batteries & Chargers,HIGH,HIGH,HIGH,False,2,2,0,0.51,MEDIUM,Yes,extraction: no dimension pattern matched | extraction: item type not confidently identified | no live manufacturer-source evidence gathered for this row in this run -- attributes remain UNVERIFIED (regex/candidate layer only),,0
BL1850BDC2X1,,UNRESOLVED,HIGH,HIGH,False,1,1,0,0.31,LOW,Yes,"taxonomy: no rule matched, classification UNRESOLVED | extraction: no dimension pattern matched | extraction: item type not confidently identified | no live manufacturer-source evidence gathered for this row in this run -- attributes remain UNVERIFIED (regex/candidate layer only)",,0
48-11-2422,Batteries & Chargers,HIGH,HIGH,HIGH,False,1,1,0,0.51,MEDIUM,Yes,extraction: no dimension pattern matched | extraction: item type not confidently identified | no live manufacturer-source evidence gathered for this row in this run -- attributes remain UNVERIFIED (regex/candidate layer only),,0
DCB1104,Batteries & Chargers,HIGH,HIGH,HIGH,False,1,1,0,0.51,MEDIUM,Yes,extraction: no dimension pattern matched | extraction: item type not confidently identified | no live manufacturer-source evidence gathered for this row in this run -- attributes remain UNVERIFIED (regex/candidate layer only),,0
48-59-1804,Batteries & Chargers,HIGH,HIGH,HIGH,False,1,1,0,0.51,MEDIUM,Yes,extraction: no dimension pattern matched | extraction: item type not confidently identified | no live manufacturer-source evidence gathered for this row in this run -- attributes remain UNVERIFIED (regex/candidate layer only),,0
CRGR401A,Batteries & Chargers,HIGH,HIGH,HIGH,False,1,1,0,0.51,MEDIUM,Yes,extraction: no dimension pattern matched | extraction: item type not confidently identified | no live manufacturer-source evidence gathered for this row in this run -- attributes remain UNVERIFIED (regex/candidate layer only),,0
48-59-1211,Batteries & Chargers,HIGH,HIGH,HIGH,False,0,0,0,0.4,LOW,Yes,extraction: no dimension pattern matched | extraction: item type not confidently identified | no live manufacturer-source evidence gathered for this row in this run -- attributes remain UNVERIFIED (regex/candidate layer only),,0
2847-20,Batteries & Chargers,HIGH,HIGH,HIGH,False,1,1,0,0.51,MEDIUM,Yes,extraction: no dimension pattern matched | extraction: item type not confidently identified | no live manufacturer-source evidence gathered for this row in this run -- attributes remain UNVERIFIED (regex/candidate layer only),,0
DWV9401,,UNRESOLVED,HIGH,HIGH,False,0,0,0,0.2,LOW,Yes,"taxonomy: no rule matched, classification UNRESOLVED | extraction: no dimension pattern matched | extraction: item type not confidently identified | no live manufacturer-source evidence gathered for this row in this run -- attributes remain UNVERIFIED (regex/candidate layer only)",MOBILE_DESC out of 60-80 char range (55),0
578512,,UNRESOLVED,HIGH,HIGH,False,0,0,0,0.2,LOW,Yes,"taxonomy: no rule matched, classification UNRESOLVED | extraction: no dimension pattern matched | extraction: item type not confidently identified | no live manufacturer-source evidence gathered for this row in this run -- attributes remain UNVERIFIED (regex/candidate layer only)",MOBILE_DESC out of 60-80 char range (38),0
577871,,UNRESOLVED,HIGH,HIGH,False,0,0,0,0.2,LOW,Yes,"taxonomy: no rule matched, classification UNRESOLVED | extraction: no dimension pattern matched | extraction: item type not confidently identified | no live manufacturer-source evidence gathered for this row in this run -- attributes remain UNVERIFIED (regex/candidate layer only)",MOBILE_DESC out of 60-80 char range (38),0
577874,,UNRESOLVED,HIGH,HIGH,False,0,0,0,0.2,LOW,Yes,"taxonomy: no rule matched, classification UNRESOLVED | extraction: no dimension pattern matched | extraction: item type not confidently identified | no live manufacturer-source evidence gathered for this row in this run -- attributes remain UNVERIFIED (regex/candidate layer only)",MOBILE_DESC out of 60-80 char range (38),0
577876,,UNRESOLVED,HIGH,HIGH,False,0,0,0,0.2,LOW,Yes,"taxonomy: no rule matched, classification UNRESOLVED | extraction: no dimension pattern matched | extraction: item type not confidently identified | no live manufacturer-source evidence gathered for this row in this run -- attributes remain UNVERIFIED (regex/candidate layer only)",MOBILE_DESC out of 60-80 char range (38),0
578441,,UNRESOLVED,HIGH,HIGH,False,0,0,0,0.2,LOW,Yes,"taxonomy: no rule matched, classification UNRESOLVED | extraction: no dimension pattern matched | extraction: item type not confidently identified | no live manufacturer-source evidence gathered for this row in this run -- attributes remain UNVERIFIED (regex/candidate layer only)",MOBILE_DESC out of 60-80 char range (38),0
DCK225D2,Cordless Power Tools,HIGH,HIGH,HIGH,False,1,1,0,0.51,MEDIUM,Yes,extraction: no dimension pattern matched | extraction: item type not confidently identified | no live manufacturer-source evidence gathered for this row in this run -- attributes remain UNVERIFIED (regex/candidate layer only),,0
DCK2101QQ2,,UNRESOLVED,HIGH,HIGH,False,3,3,0,0.31,LOW,Yes,"taxonomy: no rule matched, classification UNRESOLVED | extraction: no dimension pattern matched | extraction: item type not confidently identified | no live manufacturer-source evidence gathered for this row in this run -- attributes remain UNVERIFIED (regex/candidate layer only)",,0
4000-2/32,,UNRESOLVED,HIGH,HIGH,False,0,0,0,0.2,LOW,Yes,"taxonomy: no rule matched, classification UNRESOLVED | extraction: no dimension pattern matched | extraction: item type not confidently identified | no live manufacturer-source evidence gathered for this row in this run -- attributes remain UNVERIFIED (regex/candidate layer only)",MOBILE_DESC out of 60-80 char range (50),0
3100-1/15,,UNRESOLVED,HIGH,HIGH,False,2,2,0,0.31,LOW,Yes,"taxonomy: no rule matched, classification UNRESOLVED | extraction: no dimension pattern matched | extraction: item type not confidently identified | no live manufacturer-source evidence gathered for this row in this run -- attributes remain UNVERIFIED (regex/candidate layer only)",,0
T-90043,,UNRESOLVED,HIGH,HIGH,False,0,0,0,0.2,LOW,Yes,"taxonomy: no rule matched, classification UNRESOLVED | extraction: no dimension pattern matched | extraction: item type not confidently identified | no live manufacturer-source evidence gathered for this row in this run -- attributes remain UNVERIFIED (regex/candidate layer only)",MOBILE_DESC out of 60-80 char range (46),0
T-90059,,UNRESOLVED,HIGH,HIGH,False,0,0,0,0.2,LOW,Yes,"taxonomy: no rule matched, classification UNRESOLVED | extraction: no dimension pattern matched | no live manufacturer-source evidence gathered for this row in this run -- attributes remain UNVERIFIED (regex/candidate layer only)",MOBILE_DESC out of 60-80 char range (43),0
T-90065,,UNRESOLVED,HIGH,HIGH,False,0,0,0,0.2,LOW,Yes,"taxonomy: no rule matched, classification UNRESOLVED | extraction: no dimension pattern matched | extraction: item type not confidently identified | no live manufacturer-source evidence gathered for this row in this run -- attributes remain UNVERIFIED (regex/candidate layer only)",MOBILE_DESC out of 60-80 char range (46),0
10047VS,,UNRESOLVED,LOW,LOW,True,1,1,0,0.14,LOW,Yes,"'Oliver Machinery Company (OLIMA)' not found in entity master | taxonomy: no rule matched, classification UNRESOLVED | extraction: no dimension pattern matched | extraction: item type not confidently identified | no live manufacturer-source evidence gathered for this row in this run -- attributes remain UNVERIFIED (regex/candidate layer only)",,0
MAG:2044-230-1,,UNRESOLVED,LOW,LOW,True,0,0,0,0.03,LOW,Yes,"'J&G Machinery (JGMAC)' not found in entity master | taxonomy: no rule matched, classification UNRESOLVED | extraction: no dimension pattern matched | extraction: item type not confidently identified | no live manufacturer-source evidence gathered for this row in this run -- attributes remain UNVERIFIED (regex/candidate layer only)",MOBILE_DESC out of 60-80 char range (38),0
XTP242,,UNRESOLVED,LOW,LOW,True,1,1,0,0.09,LOW,Yes,"'Bow Products (BOWPR)' not found in entity master | taxonomy: no rule matched, classification UNRESOLVED | extraction: dimension chain length has no schema mapping for '' | extraction: item type not confidently identified | no live manufacturer-source evidence gathered for this row in this run -- attributes remain UNVERIFIED (regex/candidate layer only)",MOBILE_DESC out of 60-80 char range (57),0
AAS-P,Power Tool Accessories,HIGH,LOW,LOW,True,0,0,0,0.23,LOW,Yes,'Woodpeckers Inc (WOODP)' not found in entity master | extraction: no dimension pattern matched | extraction: item type not confidently identified | no live manufacturer-source evidence gathered for this row in this run -- attributes remain UNVERIFIED (regex/candidate layer only),MOBILE_DESC out of 60-80 char range (46),0
SSCMS,,UNRESOLVED,LOW,LOW,True,0,0,0,0.03,LOW,Yes,"'Woodpeckers Inc (WOODP)' not found in entity master | taxonomy: no rule matched, classification UNRESOLVED | extraction: no dimension pattern matched | extraction: item type not confidently identified | no live manufacturer-source evidence gathered for this row in this run -- attributes remain UNVERIFIED (regex/candidate layer only)",MOBILE_DESC out of 60-80 char range (31),0
4225.201,,UNRESOLVED,LOW,LOW,True,1,1,0,0.09,LOW,Yes,"'Oliver Machinery Company (OLIMA)' not found in entity master | taxonomy: no rule matched, classification UNRESOLVED | extraction: dimension chain length has no schema mapping for '' | extraction: item type not confidently identified | no live manufacturer-source evidence gathered for this row in this run -- attributes remain UNVERIFIED (regex/candidate layer only)",,0
KC-426C,,UNRESOLVED,LOW,LOW,True,1,1,0,0.09,LOW,Yes,"'King Canada Inc (KINCA)' not found in entity master | taxonomy: no rule matched, classification UNRESOLVED | extraction: dimension chain length has no schema mapping for '' | extraction: item type not confidently identified | no live manufacturer-source evidence gathered for this row in this run -- attributes remain UNVERIFIED (regex/candidate layer only)",,0
10045.201,,UNRESOLVED,LOW,LOW,True,2,2,0,0.115,LOW,Yes,"'Oliver Machinery Company (OLIMA)' not found in entity master | taxonomy: no rule matched, classification UNRESOLVED | extraction: dimension chain length has no schema mapping for '' | extraction: item type not confidently identified | no live manufacturer-source evidence gathered for this row in this run -- attributes remain UNVERIFIED (regex/candidate layer only)",,0
10014.201,,UNRESOLVED,LOW,LOW,True,2,2,0,0.115,LOW,Yes,"'Oliver Machinery Company (OLIMA)' not found in entity master | taxonomy: no rule matched, classification UNRESOLVED | extraction: dimension chain length has no schema mapping for '' | extraction: item type not confidently identified | no live manufacturer-source evidence gathered for this row in this run -- attributes remain UNVERIFIED (regex/candidate layer only)",,0
4430.201,,UNRESOLVED,LOW,LOW,True,2,2,0,0.115,LOW,Yes,"'Oliver Machinery Company (OLIMA)' not found in entity master | taxonomy: no rule matched, classification UNRESOLVED | extraction: dimension chain length has no schema mapping for '' | extraction: item type not confidently identified | no live manufacturer-source evidence gathered for this row in this run -- attributes remain UNVERIFIED (regex/candidate layer only)",,0
10055.201,,UNRESOLVED,LOW,LOW,True,2,2,0,0.115,LOW,Yes,"'Oliver Machinery Company (OLIMA)' not found in entity master | taxonomy: no rule matched, classification UNRESOLVED | extraction: dimension chain length has no schema mapping for '' | extraction: item type not confidently identified | no live manufacturer-source evidence gathered for this row in this run -- attributes remain UNVERIFIED (regex/candidate layer only)",,0
T27417,Benchtop & Stationary Power Tools,HIGH,LOW,LOW,True,0,0,0,0.23,LOW,Yes,'Woodstock Intl (3658)' not found in entity master | extraction: no dimension pattern matched | extraction: item type not confidently identified | no live manufacturer-source evidence gathered for this row in this run -- attributes remain UNVERIFIED (regex/candidate layer only),MOBILE_DESC out of 60-80 char range (57),0
