Mfg_Part_Num,Part_Manuf,Part_Desc,Actionability_Category,Primary_Reason
5B-332-080,Mirka Abrasives Inc (MIRUS),"5B-332-080 HIOLIT 5"" P80",Resolvable_From_Raw_Text,Contains descriptive text tokens suitable for deterministic rule matching if taxonomy is expanded
5B-332-120,Mirka Abrasives Inc (MIRUS),"5B-332-120 HIOLIT 5"" P120",Resolvable_From_Raw_Text,Contains descriptive text tokens suitable for deterministic rule matching if taxonomy is expanded
9A-570-240,Mirka Abrasives Inc (MIRUS),9A-570-240 Abranet 2.75x30,Genuinely_Ambiguous,"Cryptic short description without brand, manufacturer, or product type context"
9A-570-320,Mirka Abrasives Inc (MIRUS),9A-570-320 Abranet 2.75x30,Genuinely_Ambiguous,"Cryptic short description without brand, manufacturer, or product type context"
49-94-0907,Milwaukee Accessory (4031),"49-94-0907 Milw 4-1/2""x1/8""x5/8-11""Perform+Dual Metal Cut n Grind Disc",Requires_Manufacturer_Web_Evidence,Specialty accessory requiring live manufacturer specification page retrieval
1700-1PK-BB40,3 M Co (5293),3/4x60' Vinyl Elect Tape,Resolvable_From_Raw_Text,Contains descriptive text tokens suitable for deterministic rule matching if taxonomy is expanded
ASH-40-40-04,Emseal Joint Systems Ltd (EMSJO),1.5x1.5x13' Legacy Emseal Tape,Resolvable_From_Raw_Text,Contains descriptive text tokens suitable for deterministic rule matching if taxonomy is expanded
KDFM404KPS,Appliance Dealers Cooperative (APPDE),KDFM404KPS Dishwasher SS,Requires_Authoritative_Taxonomy_LOV,"Belongs to Lighting, Appliance, PPE, or Wiring taxonomy branch not present in current 21-category schema"
PDSH4816AF,Appliance Dealers Cooperative (APPDE),PDSH4816AF Dishwasher SS - Display Only,Requires_Authoritative_Taxonomy_LOV,"Belongs to Lighting, Appliance, PPE, or Wiring taxonomy branch not present in current 21-category schema"
PDT715SYVFS,Appliance Dealers Cooperative (APPDE),PDT715SYVFS Ge Dishwasher SS,Requires_Authoritative_Taxonomy_LOV,"Belongs to Lighting, Appliance, PPE, or Wiring taxonomy branch not present in current 21-category schema"
LDPH5554D,Appliance Dealers Cooperative (APPDE),LDPH5554D LG Dishwasher BSS,Requires_Authoritative_Taxonomy_LOV,"Belongs to Lighting, Appliance, PPE, or Wiring taxonomy branch not present in current 21-category schema"
WDTS7024RZ,Appliance Dealers Cooperative (APPDE),WDTS7024RZ Dishwasher SS - Display Only,Requires_Authoritative_Taxonomy_LOV,"Belongs to Lighting, Appliance, PPE, or Wiring taxonomy branch not present in current 21-category schema"
PDD415PYYFS,Appliance Dealers Cooperative (APPDE),PDD415PYYFS GE Dishwasher SS,Requires_Authoritative_Taxonomy_LOV,"Belongs to Lighting, Appliance, PPE, or Wiring taxonomy branch not present in current 21-category schema"
KDTS424SBE,Appliance Dealers Cooperative (APPDE),KDTS424SBE Kitchen Aid Dishwasher Bk,Requires_Authoritative_Taxonomy_LOV,"Belongs to Lighting, Appliance, PPE, or Wiring taxonomy branch not present in current 21-category schema"
KDTS324SPS,Appliance Dealers Cooperative (APPDE),KDTS324SPS Kitchen Aid Dishwasher SS,Requires_Authoritative_Taxonomy_LOV,"Belongs to Lighting, Appliance, PPE, or Wiring taxonomy branch not present in current 21-category schema"
KDPS624SJP,Appliance Dealers Cooperative (APPDE),KDPS624SJP Dishwasher Juniper - Display Only,Requires_Authoritative_Taxonomy_LOV,"Belongs to Lighting, Appliance, PPE, or Wiring taxonomy branch not present in current 21-category schema"
KDTS624SBE,Appliance Dealers Cooperative (APPDE),KDTS624SBE Dishwasher BO Display Only,Requires_Authoritative_Taxonomy_LOV,"Belongs to Lighting, Appliance, PPE, or Wiring taxonomy branch not present in current 21-category schema"
D519127,V & V Appliance Parts Inc (VVAPP),D519127 Heater Kit,Requires_Manufacturer_Web_Evidence,Specialty accessory requiring live manufacturer specification page retrieval
DF7004WE,Appliance Dealers Cooperative (APPDE),DF7004WE Speed Queen Elect Dryer Wh,Requires_Authoritative_Taxonomy_LOV,"Belongs to Lighting, Appliance, PPE, or Wiring taxonomy branch not present in current 21-category schema"
DR7004BE,Appliance Dealers Cooperative (APPDE),DR7004BE SQ Elect Dryer Bk,Requires_Authoritative_Taxonomy_LOV,"Belongs to Lighting, Appliance, PPE, or Wiring taxonomy branch not present in current 21-category schema"
DV2000WE,Appliance Dealers Cooperative (APPDE),DV2000WE SQ Elect Dryer Wh,Requires_Authoritative_Taxonomy_LOV,"Belongs to Lighting, Appliance, PPE, or Wiring taxonomy branch not present in current 21-category schema"
DC5004WE,Appliance Dealers Cooperative (APPDE),DC5004WE SQ Elect Dryer Wh,Requires_Authoritative_Taxonomy_LOV,"Belongs to Lighting, Appliance, PPE, or Wiring taxonomy branch not present in current 21-category schema"
DC5004BE,Appliance Dealers Cooperative (APPDE),DC5004BE SQ Elect Dryer Bk,Requires_Authoritative_Taxonomy_LOV,"Belongs to Lighting, Appliance, PPE, or Wiring taxonomy branch not present in current 21-category schema"
WKE100HWA,Appliance Dealers Cooperative (APPDE),WKE100HWA LG Laundry Center Wh - Display,Requires_Authoritative_Taxonomy_LOV,"Belongs to Lighting, Appliance, PPE, or Wiring taxonomy branch not present in current 21-category schema"
FF7011WN,Appliance Dealers Cooperative (APPDE),FF7011WN Speed Queen Washer Wh,Requires_Authoritative_Taxonomy_LOV,"Belongs to Lighting, Appliance, PPE, or Wiring taxonomy branch not present in current 21-category schema"
PTD70GBPTDG,Appliance Dealers Cooperative (APPDE),PTD70GBPTDG GE Gas Dryer DG,Requires_Authoritative_Taxonomy_LOV,"Belongs to Lighting, Appliance, PPE, or Wiring taxonomy branch not present in current 21-category schema"
PTD70GBSTWS,Appliance Dealers Cooperative (APPDE),PTD70GBSTWS GE Gas Dryer Wh,Requires_Authoritative_Taxonomy_LOV,"Belongs to Lighting, Appliance, PPE, or Wiring taxonomy branch not present in current 21-category schema"
DR5004WG,Appliance Dealers Cooperative (APPDE),DR5004WG SQ Gas Dryer Wh,Requires_Authoritative_Taxonomy_LOV,"Belongs to Lighting, Appliance, PPE, or Wiring taxonomy branch not present in current 21-category schema"
DR7004BG,Appliance Dealers Cooperative (APPDE),DR7004BG SQ Gas Dryer Bk,Requires_Authoritative_Taxonomy_LOV,"Belongs to Lighting, Appliance, PPE, or Wiring taxonomy branch not present in current 21-category schema"
DR7004WG,Appliance Dealers Cooperative (APPDE),DR7004WG SQ Gas Dryer Wh,Requires_Authoritative_Taxonomy_LOV,"Belongs to Lighting, Appliance, PPE, or Wiring taxonomy branch not present in current 21-category schema"
DV2000WG,Appliance Dealers Cooperative (APPDE),DV2000WG SQ Gas Dryer Wh,Requires_Authoritative_Taxonomy_LOV,"Belongs to Lighting, Appliance, PPE, or Wiring taxonomy branch not present in current 21-category schema"
DC5004WG,Appliance Dealers Cooperative (APPDE),DC5004WG SQ Gas Dryer Wh,Requires_Authoritative_Taxonomy_LOV,"Belongs to Lighting, Appliance, PPE, or Wiring taxonomy branch not present in current 21-category schema"
DC5004BG,Appliance Dealers Cooperative (APPDE),DC5004BG SQ Gas Dryer Bk,Requires_Authoritative_Taxonomy_LOV,"Belongs to Lighting, Appliance, PPE, or Wiring taxonomy branch not present in current 21-category schema"
PTW705BSTWS,Appliance Dealers Cooperative (APPDE),PTW705BSTWS GE Washer Wh,Requires_Authoritative_Taxonomy_LOV,"Belongs to Lighting, Appliance, PPE, or Wiring taxonomy branch not present in current 21-category schema"
MVWP586GW,Appliance Dealers Cooperative (APPDE),MVWP586GW Washer Wh - Display,Requires_Authoritative_Taxonomy_LOV,"Belongs to Lighting, Appliance, PPE, or Wiring taxonomy branch not present in current 21-category schema"
TV2000WN,Appliance Dealers Cooperative (APPDE),TV2000WN SQ Elect Washer,Requires_Authoritative_Taxonomy_LOV,"Belongs to Lighting, Appliance, PPE, or Wiring taxonomy branch not present in current 21-category schema"
TC5003BN,Appliance Dealers Cooperative (APPDE),TC5003BN SQ Washer Bk,Requires_Authoritative_Taxonomy_LOV,"Belongs to Lighting, Appliance, PPE, or Wiring taxonomy branch not present in current 21-category schema"
TR7006WN,Appliance Dealers Cooperative (APPDE),TR7006WN Speed Queen Washer Wh,Requires_Authoritative_Taxonomy_LOV,"Belongs to Lighting, Appliance, PPE, or Wiring taxonomy branch not present in current 21-category schema"
TR7006BN,Appliance Dealers Cooperative (APPDE),TR7006BN Speed Queen Washer Bk,Requires_Authoritative_Taxonomy_LOV,"Belongs to Lighting, Appliance, PPE, or Wiring taxonomy branch not present in current 21-category schema"
TR5006WN,Appliance Dealers Cooperative (APPDE),TR5006WN Speed Queen Washer Wh,Requires_Authoritative_Taxonomy_LOV,"Belongs to Lighting, Appliance, PPE, or Wiring taxonomy branch not present in current 21-category schema"
05134545001,Wera Tools NA Inc (WERTO),9516 Kneeling Pad& Bttl Opener,Resolvable_From_Raw_Text,Contains descriptive text tokens suitable for deterministic rule matching if taxonomy is expanded
LNL65301,-,LNL65301 Digital Tire Pressure - Inflator Gauge,Resolvable_From_Raw_Text,Contains descriptive text tokens suitable for deterministic rule matching if taxonomy is expanded
25-A,Rees Cast Stone Company (REECA),Charcoal Black 25-A Mortar - Type N,Resolvable_From_Raw_Text,Contains descriptive text tokens suitable for deterministic rule matching if taxonomy is expanded
38-E,Rees Cast Stone Company (REECA),Dark Chocolate 38-E Mortar - Type N,Resolvable_From_Raw_Text,Contains descriptive text tokens suitable for deterministic rule matching if taxonomy is expanded
59-J,Rees Cast Stone Company (REECA),Light Buff 59-J Mortar - Type N,Requires_Authoritative_Taxonomy_LOV,"Belongs to Lighting, Appliance, PPE, or Wiring taxonomy branch not present in current 21-category schema"
44-A,Rees Cast Stone Company (REECA),Light Chocolate 44-A Mortar - Type N,Requires_Authoritative_Taxonomy_LOV,"Belongs to Lighting, Appliance, PPE, or Wiring taxonomy branch not present in current 21-category schema"
73045028,-,Custom Finyline Wh Gate Sq Bal,Resolvable_From_Raw_Text,Contains descriptive text tokens suitable for deterministic rule matching if taxonomy is expanded
73045031,-,Custom Finyline Wh Gate Rd - w/Black Alum Balusters,Resolvable_From_Raw_Text,Contains descriptive text tokens suitable for deterministic rule matching if taxonomy is expanded
73012503,-,4x4 Wh Heritage Post Trim RDI,Resolvable_From_Raw_Text,Contains descriptive text tokens suitable for deterministic rule matching if taxonomy is expanded
73018131,-,6x6 Wh Elite Post Trim 4pc RDI,Resolvable_From_Raw_Text,Contains descriptive text tokens suitable for deterministic rule matching if taxonomy is expanded
73018091,-,4x4 Wh Elite Post Trim RDI,Resolvable_From_Raw_Text,Contains descriptive text tokens suitable for deterministic rule matching if taxonomy is expanded
73018066,-,Clay 6x6 Elite Post Trim RDI - 4pc,Resolvable_From_Raw_Text,Contains descriptive text tokens suitable for deterministic rule matching if taxonomy is expanded
61109087,-,Wh 4x4-39 Blank Post RDI,Resolvable_From_Raw_Text,Contains descriptive text tokens suitable for deterministic rule matching if taxonomy is expanded
73272TBK,Palmer Donavin Mfg Company (PALDO),6x6-10' Black Alum Deco - Support Post,Resolvable_From_Raw_Text,Contains descriptive text tokens suitable for deterministic rule matching if taxonomy is expanded
SPB-44BPL,-,"Patriot 4""x4""x37""/43"" Adjustable Self Leveling Support Post",Resolvable_From_Raw_Text,Contains descriptive text tokens suitable for deterministic rule matching if taxonomy is expanded
925219,Palmer Donavin Mfg Company (PALDO),"2""x50' Deck Joist Tape - Protecto Wrap",Resolvable_From_Raw_Text,Contains descriptive text tokens suitable for deterministic rule matching if taxonomy is expanded
27233,A J Manufacturing Inc (AJMAN),24x48 WH Attic Access Door,Resolvable_From_Raw_Text,Contains descriptive text tokens suitable for deterministic rule matching if taxonomy is expanded
1517602,United Window & Door Manufacturing (UNIWI),6068R Gliding Patio Dr 4500 United Blk Ext/WH Int LowE Arg w/J,Resolvable_From_Raw_Text,Contains descriptive text tokens suitable for deterministic rule matching if taxonomy is expanded
1517603,United Window & Door Manufacturing (UNIWI),6068L Gliding Patio Dr 4500 United Blk Ext/WH Int LowE Arg w/J,Resolvable_From_Raw_Text,Contains descriptive text tokens suitable for deterministic rule matching if taxonomy is expanded
1517604,United Window & Door Manufacturing (UNIWI),6068L Gliding Patio Dr 4500 United White LowE Arg w/J,Resolvable_From_Raw_Text,Contains descriptive text tokens suitable for deterministic rule matching if taxonomy is expanded
1517605,United Window & Door Manufacturing (UNIWI),6068R Gliding Patio Dr 4500 United White LowE Arg w/J,Resolvable_From_Raw_Text,Contains descriptive text tokens suitable for deterministic rule matching if taxonomy is expanded
FS C01 2004S,Velux America Inc (VELAM),"FS C01 Velux Fxd Skylt Gry/Wh - w/Solar Shade RO 21""x26-7/8""",Resolvable_From_Raw_Text,Contains descriptive text tokens suitable for deterministic rule matching if taxonomy is expanded
FS C04 2004S,Velux America Inc (VELAM),"FS C04 Velux Fxd Skylt Gry/Wh - w/Solar Shade RO 21""x37-7/8""",Resolvable_From_Raw_Text,Contains descriptive text tokens suitable for deterministic rule matching if taxonomy is expanded
FS C06 2004S,Velux America Inc (VELAM),"FS C06 Velux Fxd Skylt Gry/Wh - w/Solar Shade RO 21""x45-7/8""",Resolvable_From_Raw_Text,Contains descriptive text tokens suitable for deterministic rule matching if taxonomy is expanded
1501831,ProVia (PRODO),31.5x14.75 Bsmt ecoLitePlus WH - Hopper DLA w/Screen,Resolvable_From_Raw_Text,Contains descriptive text tokens suitable for deterministic rule matching if taxonomy is expanded
1501832,ProVia (PRODO),31.5x22.75 Bsmt ecoLitePlus WH - Hopper DLA w/Screen,Resolvable_From_Raw_Text,Contains descriptive text tokens suitable for deterministic rule matching if taxonomy is expanded
1515974,-,3030 Slider 3900 United Black WH Int LowE-2 w/Half Scrn w/J,Resolvable_From_Raw_Text,Contains descriptive text tokens suitable for deterministic rule matching if taxonomy is expanded
640383,Certainteed Gypsum (2765),"1/2"" 54""x10 Drywall Easi-Lite",Resolvable_From_Raw_Text,Contains descriptive text tokens suitable for deterministic rule matching if taxonomy is expanded
653258,Certainteed Gypsum (2765),"5/8"" 4x9 Drywall Firelite",Resolvable_From_Raw_Text,Contains descriptive text tokens suitable for deterministic rule matching if taxonomy is expanded
413S-DBA-36,Hager Hinge Co (4189),"413S 36"" Alum Threshold DBZ",Resolvable_From_Raw_Text,Contains descriptive text tokens suitable for deterministic rule matching if taxonomy is expanded
413S-DBA-72,Hager Hinge Co (4189),"413S 72"" Alum Threshold DBZ",Resolvable_From_Raw_Text,Contains descriptive text tokens suitable for deterministic rule matching if taxonomy is expanded
1511506,Huber Eng Wood LLC (3158),4'x65' Zip Rainscreen,Genuinely_Ambiguous,"Cryptic short description without brand, manufacturer, or product type context"
1513577,Westwood Lumber Sales (WESLU),1x8-12' Doug Fir STK Smooth 1S2E,Resolvable_From_Raw_Text,Contains descriptive text tokens suitable for deterministic rule matching if taxonomy is expanded
1513578,Westwood Lumber Sales (WESLU),1x8-16' Doug Fir STK Smooth 1S2E,Resolvable_From_Raw_Text,Contains descriptive text tokens suitable for deterministic rule matching if taxonomy is expanded
1513579,Westwood Lumber Sales (WESLU),1x12-12 'Doug Fir STK Smooth 1S2E,Resolvable_From_Raw_Text,Contains descriptive text tokens suitable for deterministic rule matching if taxonomy is expanded
1513580,Westwood Lumber Sales (WESLU),1x12-16' Doug Fir STK Smooth 1S2E,Resolvable_From_Raw_Text,Contains descriptive text tokens suitable for deterministic rule matching if taxonomy is expanded
1501767,-,"3/4"" 4x8T&G Huber Blue PlusOSB - Sub Floor",Resolvable_From_Raw_Text,Contains descriptive text tokens suitable for deterministic rule matching if taxonomy is expanded
PP-8BL,Premier Metals (PREME),8' Premier Rib XL Black,Resolvable_From_Raw_Text,Contains descriptive text tokens suitable for deterministic rule matching if taxonomy is expanded
PP-10BL,Premier Metals (PREME),10' Premier Rib XL Black,Resolvable_From_Raw_Text,Contains descriptive text tokens suitable for deterministic rule matching if taxonomy is expanded
PP-12BL,Premier Metals (PREME),12' Premier Rib XL Black,Resolvable_From_Raw_Text,Contains descriptive text tokens suitable for deterministic rule matching if taxonomy is expanded
PP-8CH,Premier Metals (PREME),8' Premier Rib XL Charcoal,Resolvable_From_Raw_Text,Contains descriptive text tokens suitable for deterministic rule matching if taxonomy is expanded
PP-10CH,Premier Metals (PREME),10' Premier Rib XL Charcoal,Resolvable_From_Raw_Text,Contains descriptive text tokens suitable for deterministic rule matching if taxonomy is expanded
PP-12CH,Premier Metals (PREME),12' Premier Rib XL Charcoal,Resolvable_From_Raw_Text,Contains descriptive text tokens suitable for deterministic rule matching if taxonomy is expanded
PP-8WH,Premier Metals (PREME),8' Premier Rib XL White,Resolvable_From_Raw_Text,Contains descriptive text tokens suitable for deterministic rule matching if taxonomy is expanded
PP-10WH,Premier Metals (PREME),10' Premier Rib XL White,Resolvable_From_Raw_Text,Contains descriptive text tokens suitable for deterministic rule matching if taxonomy is expanded
1504345,Palmer Donavin Mfg Company (PALDO),OC Duration TruDef Wburg Gray (BDL),Resolvable_From_Raw_Text,Contains descriptive text tokens suitable for deterministic rule matching if taxonomy is expanded
2733,Palmer Donavin Mfg Company (PALDO),3'x65' Henry Eaveguard - Ice Guard,Resolvable_From_Raw_Text,Contains descriptive text tokens suitable for deterministic rule matching if taxonomy is expanded
7547,-,Ice Guard OC Weathr Lk Mat 2sq,Resolvable_From_Raw_Text,Contains descriptive text tokens suitable for deterministic rule matching if taxonomy is expanded
8912220,Boise Cascade Building Materials (BOICA),"7-1/4""x12' Hardie Sdg Smooth - Primed HardiePlank",Resolvable_From_Raw_Text,Contains descriptive text tokens suitable for deterministic rule matching if taxonomy is expanded
8904015,Boise Cascade Building Materials (BOICA),4'x10' HardiePanel Smooth - Primed,Resolvable_From_Raw_Text,Contains descriptive text tokens suitable for deterministic rule matching if taxonomy is expanded
25796,U S Lumber (3073),"6""x16' Smart Lap Sdg Cedar",Resolvable_From_Raw_Text,Contains descriptive text tokens suitable for deterministic rule matching if taxonomy is expanded
40503,U S Lumber (3073),"3/8"" 16""x16' Smart Pan Cedar - No-Groove Sq Edge B&B",Resolvable_From_Raw_Text,Contains descriptive text tokens suitable for deterministic rule matching if taxonomy is expanded
25825,U S Lumber (3073),"3/8"" 4x10 Smart Pan Cedar - No-Groove w/Shiplap Edges",Resolvable_From_Raw_Text,Contains descriptive text tokens suitable for deterministic rule matching if taxonomy is expanded
25822,U S Lumber (3073),"3/8"" 12""x16' Smart Vented Soff - Cedar Soffit",Resolvable_From_Raw_Text,Contains descriptive text tokens suitable for deterministic rule matching if taxonomy is expanded
543650101,Boise Cascade Building Materials (BOICA),Black Alum ADA Wall Mount Trex,Requires_Manufacturer_Web_Evidence,Specialty accessory requiring live manufacturer specification page retrieval
543650010,Boise Cascade Building Materials (BOICA),Black Alum ADA Int End Cap - Trex,Resolvable_From_Raw_Text,Contains descriptive text tokens suitable for deterministic rule matching if taxonomy is expanded
543650048,Boise Cascade Building Materials (BOICA),8' Black Alum ADA Rail Trex,Resolvable_From_Raw_Text,Contains descriptive text tokens suitable for deterministic rule matching if taxonomy is expanded
1506969,-,"1-1/2"" 4x8 Huber Zip R6.6 - Insulated R-Sheathing",Resolvable_From_Raw_Text,Contains descriptive text tokens suitable for deterministic rule matching if taxonomy is expanded
1514681,-,"1"" 4x8 Huber Zip R3.6 - Insulated R-Sheathing",Resolvable_From_Raw_Text,Contains descriptive text tokens suitable for deterministic rule matching if taxonomy is expanded
1514726,-,"2"" 4x8 Huber Zip R9.6 - Insulated R-Sheathing",Resolvable_From_Raw_Text,Contains descriptive text tokens suitable for deterministic rule matching if taxonomy is expanded
1728ABL,Palmer Donavin Mfg Company (PALDO),2x2 Black Fine Fissured 1728BL,Resolvable_From_Raw_Text,Contains descriptive text tokens suitable for deterministic rule matching if taxonomy is expanded
SL1672,-,SL1672 Jumpstart & Pwr Supply,Resolvable_From_Raw_Text,Contains descriptive text tokens suitable for deterministic rule matching if taxonomy is expanded
BHA1-UPC,Southwire/g Turner (6603),16-24 Adjust Hanger,Requires_Authoritative_Taxonomy_LOV,"Belongs to Lighting, Appliance, PPE, or Wiring taxonomy branch not present in current 21-category schema"
G1941-UPC,Southwire/g Turner (6603),"G1941UPC 4"" Sq Cover Sw/Outlet",Requires_Authoritative_Taxonomy_LOV,"Belongs to Lighting, Appliance, PPE, or Wiring taxonomy branch not present in current 21-category schema"
G1950-UPC,Southwire/g Turner (6603),4x4 2G GFI Box Cover,Requires_Authoritative_Taxonomy_LOV,"Belongs to Lighting, Appliance, PPE, or Wiring taxonomy branch not present in current 21-category schema"
A410RCAR,Thomas & Betts (7405),4x4 1G PVC Box Cover,Resolvable_From_Raw_Text,Contains descriptive text tokens suitable for deterministic rule matching if taxonomy is expanded
G1951-UPC,Southwire/g Turner (6603),4x4 2G GFCI Duplex Box Cover,Requires_Authoritative_Taxonomy_LOV,"Belongs to Lighting, Appliance, PPE, or Wiring taxonomy branch not present in current 21-category schema"
52C3-5/8-UPC,Southwire/g Turner (6603),4x4 1G Box Cover,Requires_Authoritative_Taxonomy_LOV,"Belongs to Lighting, Appliance, PPE, or Wiring taxonomy branch not present in current 21-category schema"
52C14-5/8-UPC,Southwire/g Turner (6603),4x4 1G Box Cover,Requires_Authoritative_Taxonomy_LOV,"Belongs to Lighting, Appliance, PPE, or Wiring taxonomy branch not present in current 21-category schema"
52C3-UPC,Southwire/g Turner (6603),4x4 1G Box Cover,Requires_Authoritative_Taxonomy_LOV,"Belongs to Lighting, Appliance, PPE, or Wiring taxonomy branch not present in current 21-category schema"
54151-F-UPC,Southwire/g Turner (6603),4x4x1-1/2 Oct Box w/Bracket,Requires_Authoritative_Taxonomy_LOV,"Belongs to Lighting, Appliance, PPE, or Wiring taxonomy branch not present in current 21-category schema"
54151-HUR-UPC,Southwire/g Turner (6603),4x4x1-1/2 Oct Box w/Hanger,Requires_Authoritative_Taxonomy_LOV,"Belongs to Lighting, Appliance, PPE, or Wiring taxonomy branch not present in current 21-category schema"
54151-JR-UPC,Southwire/g Turner (6603),4x4x1-1/2 Oct Box w/Brakcet,Requires_Authoritative_Taxonomy_LOV,"Belongs to Lighting, Appliance, PPE, or Wiring taxonomy branch not present in current 21-category schema"
54171-R-UPC,Southwire/g Turner (6603),4x4x2 Oct Box,Requires_Authoritative_Taxonomy_LOV,"Belongs to Lighting, Appliance, PPE, or Wiring taxonomy branch not present in current 21-category schema"
52151-S-UPC,Southwire/g Turner (6603),4x4x1-1/2 Square Box,Requires_Authoritative_Taxonomy_LOV,"Belongs to Lighting, Appliance, PPE, or Wiring taxonomy branch not present in current 21-category schema"
72171-3/4-1W-UPC,Southwire/g Turner (6603),4-1/2x4-1/2x2 2G Box,Requires_Authoritative_Taxonomy_LOV,"Belongs to Lighting, Appliance, PPE, or Wiring taxonomy branch not present in current 21-category schema"
5522-5EV,Cooper Wiring Devices (3560),5522-5EV 2 Port Decor Plate,Resolvable_From_Raw_Text,Contains descriptive text tokens suitable for deterministic rule matching if taxonomy is expanded
AYCL-153PH-LA,Fenton Bros Electric Inc (FENBR),AYCL-153PH-LA Lutron Dimmer LA,Resolvable_From_Raw_Text,Contains descriptive text tokens suitable for deterministic rule matching if taxonomy is expanded
AYCL-153PH-WH,Fenton Bros Electric Inc (FENBR),AYCL-153PH-WH Lutron Dimmer Wh,Resolvable_From_Raw_Text,Contains descriptive text tokens suitable for deterministic rule matching if taxonomy is expanded
D23LP-R02-1RW,Leviton Mfg Co (4927),D23LPR021RW Plug In Dimmer Wh,Requires_Authoritative_Taxonomy_LOV,"Belongs to Lighting, Appliance, PPE, or Wiring taxonomy branch not present in current 21-category schema"
TNOCD002,Prime Wire & Cable (3562),TNOCD002 125V Outdooor Timer,Resolvable_From_Raw_Text,Contains descriptive text tokens suitable for deterministic rule matching if taxonomy is expanded
TNDHD002,Prime Wire & Cable (3562),TNDHD002 125V 7Day Timer,Resolvable_From_Raw_Text,Contains descriptive text tokens suitable for deterministic rule matching if taxonomy is expanded
TNIDP12,Prime Wire & Cable (3562),TNIDP12 125V Dig Indoor Timer,Resolvable_From_Raw_Text,Contains descriptive text tokens suitable for deterministic rule matching if taxonomy is expanded
TNIW24,Prime Wire & Cable (3562),TNIW24 125V 24hr Mech Timer,Resolvable_From_Raw_Text,Contains descriptive text tokens suitable for deterministic rule matching if taxonomy is expanded
65-1222,Satco Prod Inc (5573),65-1222 1' Led Lt Multi CCT,Requires_Authoritative_Taxonomy_LOV,"Belongs to Lighting, Appliance, PPE, or Wiring taxonomy branch not present in current 21-category schema"
65-1224,Satco Prod Inc (5573),65-1224 4' Led Strip Light,Requires_Authoritative_Taxonomy_LOV,"Belongs to Lighting, Appliance, PPE, or Wiring taxonomy branch not present in current 21-category schema"
45297BK,Kichler Lighting (KICLI),45297BK Kichler Wall Lt,Requires_Authoritative_Taxonomy_LOV,"Belongs to Lighting, Appliance, PPE, or Wiring taxonomy branch not present in current 21-category schema"
45573BK,Kichler Lighting (KICLI),45573BK Kichler Wall Light,Requires_Authoritative_Taxonomy_LOV,"Belongs to Lighting, Appliance, PPE, or Wiring taxonomy branch not present in current 21-category schema"
37418A,Kichler Lighting (KICLI),37418A Kichler Bath Light,Requires_Authoritative_Taxonomy_LOV,"Belongs to Lighting, Appliance, PPE, or Wiring taxonomy branch not present in current 21-category schema"
37423A,Kichler Lighting (KICLI),37423A Kichler Bath Light,Requires_Authoritative_Taxonomy_LOV,"Belongs to Lighting, Appliance, PPE, or Wiring taxonomy branch not present in current 21-category schema"
45496BKCLR,Kichler Lighting (KICLI),45496BKCLR Kichler Bath Light,Requires_Authoritative_Taxonomy_LOV,"Belongs to Lighting, Appliance, PPE, or Wiring taxonomy branch not present in current 21-category schema"
45973BK,Kichler Lighting (KICLI),45973BK Kichler Wall Light,Requires_Authoritative_Taxonomy_LOV,"Belongs to Lighting, Appliance, PPE, or Wiring taxonomy branch not present in current 21-category schema"
55155BK,Kichler Lighting (KICLI),55155BK Kichler Wall Lt,Requires_Authoritative_Taxonomy_LOV,"Belongs to Lighting, Appliance, PPE, or Wiring taxonomy branch not present in current 21-category schema"
55157CPZ,Kichler Lighting (KICLI),55157CPZ Kichler Wall Light,Requires_Authoritative_Taxonomy_LOV,"Belongs to Lighting, Appliance, PPE, or Wiring taxonomy branch not present in current 21-category schema"
55184BK,Kichler Lighting (KICLI),55184BK Kichler Wall Lt,Requires_Authoritative_Taxonomy_LOV,"Belongs to Lighting, Appliance, PPE, or Wiring taxonomy branch not present in current 21-category schema"
55185BK,Kichler Lighting (KICLI),55185BK Kichler Wall Lt,Requires_Authoritative_Taxonomy_LOV,"Belongs to Lighting, Appliance, PPE, or Wiring taxonomy branch not present in current 21-category schema"
55186CH,Kichler Lighting (KICLI),55186CH Kichler Wall Lt,Requires_Authoritative_Taxonomy_LOV,"Belongs to Lighting, Appliance, PPE, or Wiring taxonomy branch not present in current 21-category schema"
55210NI,Kichler Lighting (KICLI),55210NI Kichler Wall Light,Requires_Authoritative_Taxonomy_LOV,"Belongs to Lighting, Appliance, PPE, or Wiring taxonomy branch not present in current 21-category schema"
55211BK,Kichler Lighting (KICLI),55211BK Kichler Wall Light,Requires_Authoritative_Taxonomy_LOV,"Belongs to Lighting, Appliance, PPE, or Wiring taxonomy branch not present in current 21-category schema"
55211NI,Kichler Lighting (KICLI),55211NI Kichler Wall Light,Requires_Authoritative_Taxonomy_LOV,"Belongs to Lighting, Appliance, PPE, or Wiring taxonomy branch not present in current 21-category schema"
55212NI,Kichler Lighting (KICLI),55212NI Kichler Wall Light,Requires_Authoritative_Taxonomy_LOV,"Belongs to Lighting, Appliance, PPE, or Wiring taxonomy branch not present in current 21-category schema"
55226BKLFU,Kichler Lighting (KICLI),55226BKFLU Kichler Wall Lt,Requires_Authoritative_Taxonomy_LOV,"Belongs to Lighting, Appliance, PPE, or Wiring taxonomy branch not present in current 21-category schema"
55239CPZLED,Kichler Lighting (KICLI),55239CPZLED Kichler Wall Lt,Requires_Authoritative_Taxonomy_LOV,"Belongs to Lighting, Appliance, PPE, or Wiring taxonomy branch not present in current 21-category schema"
44072DBK,Kichler Lighting (KICLI),44072DBK Kichler Chandelier Lt,Requires_Authoritative_Taxonomy_LOV,"Belongs to Lighting, Appliance, PPE, or Wiring taxonomy branch not present in current 21-category schema"
44073NI,Kichler Lighting (KICLI),44073NI Kichler Chandelier Lt,Requires_Authoritative_Taxonomy_LOV,"Belongs to Lighting, Appliance, PPE, or Wiring taxonomy branch not present in current 21-category schema"
52033BK,Kichler Lighting (KICLI),52033BK Kichler Chandelier Lt,Requires_Authoritative_Taxonomy_LOV,"Belongs to Lighting, Appliance, PPE, or Wiring taxonomy branch not present in current 21-category schema"
84322WH,Kichler Lighting (KICLI),84322WH Kichler Chandelier Lt,Requires_Authoritative_Taxonomy_LOV,"Belongs to Lighting, Appliance, PPE, or Wiring taxonomy branch not present in current 21-category schema"
52404BK,Kichler Lighting (KICLI),52404BK Kichler Chandelier Lt,Requires_Authoritative_Taxonomy_LOV,"Belongs to Lighting, Appliance, PPE, or Wiring taxonomy branch not present in current 21-category schema"
34686A,Kichler Lighting (KICLI),34686A Kichler Chandelier Lt,Requires_Authoritative_Taxonomy_LOV,"Belongs to Lighting, Appliance, PPE, or Wiring taxonomy branch not present in current 21-category schema"
34687A,Kichler Lighting (KICLI),34687A Kichler Chandelier Lt,Requires_Authoritative_Taxonomy_LOV,"Belongs to Lighting, Appliance, PPE, or Wiring taxonomy branch not present in current 21-category schema"
34688A,-,34688A Kichler Chandelier Lt,Requires_Authoritative_Taxonomy_LOV,"Belongs to Lighting, Appliance, PPE, or Wiring taxonomy branch not present in current 21-category schema"
43671BKCLR,Kichler Lighting (KICLI),43671BKCLR Kichler Chand Lt,Requires_Authoritative_Taxonomy_LOV,"Belongs to Lighting, Appliance, PPE, or Wiring taxonomy branch not present in current 21-category schema"
52616BK,Kichler Lighting (KICLI),52616BK Kichler Chandelier Lt,Requires_Authoritative_Taxonomy_LOV,"Belongs to Lighting, Appliance, PPE, or Wiring taxonomy branch not present in current 21-category schema"
52616NI,Kichler Lighting (KICLI),52616NI Kichler Chandelier Lt,Requires_Authoritative_Taxonomy_LOV,"Belongs to Lighting, Appliance, PPE, or Wiring taxonomy branch not present in current 21-category schema"
52678BK,Kichler Lighting (KICLI),52678BK Kichler Chandelier Lt,Requires_Authoritative_Taxonomy_LOV,"Belongs to Lighting, Appliance, PPE, or Wiring taxonomy branch not present in current 21-category schema"
52680CPZ,Kichler Lighting (KICLI),52680CPZ Kichler Chandelier Lt,Requires_Authoritative_Taxonomy_LOV,"Belongs to Lighting, Appliance, PPE, or Wiring taxonomy branch not present in current 21-category schema"
52772BK,Kichler Lighting (KICLI),52772BK Kichler Chandelier Lt,Requires_Authoritative_Taxonomy_LOV,"Belongs to Lighting, Appliance, PPE, or Wiring taxonomy branch not present in current 21-category schema"
82399,Kichler Lighting (KICLI),82399 Kichler Chandelier Lt,Requires_Authoritative_Taxonomy_LOV,"Belongs to Lighting, Appliance, PPE, or Wiring taxonomy branch not present in current 21-category schema"
65-771R3,Satco Prod Inc (5573),65-771R3 Nuvo Highbay Light,Requires_Authoritative_Taxonomy_LOV,"Belongs to Lighting, Appliance, PPE, or Wiring taxonomy branch not present in current 21-category schema"
42955BK,Kichler Lighting (KICLI),42955BK Kichler Ceiling Lt,Requires_Authoritative_Taxonomy_LOV,"Belongs to Lighting, Appliance, PPE, or Wiring taxonomy branch not present in current 21-category schema"
42275BK,Kichler Lighting (KICLI),42275BK Kichler Ceiling Lt,Requires_Authoritative_Taxonomy_LOV,"Belongs to Lighting, Appliance, PPE, or Wiring taxonomy branch not present in current 21-category schema"
62-1850,Satco Prod Inc (5573),"62-1850 11"" Led Ceiling Light",Requires_Authoritative_Taxonomy_LOV,"Belongs to Lighting, Appliance, PPE, or Wiring taxonomy branch not present in current 21-category schema"
62-1852,Satco Prod Inc (5573),"62-1852 14"" Satco Led Ceiling Lt",Requires_Authoritative_Taxonomy_LOV,"Belongs to Lighting, Appliance, PPE, or Wiring taxonomy branch not present in current 21-category schema"
62-1875,Satco Prod Inc (5573),"62-1875 10"" Led Ceiling Lt Bn",Requires_Authoritative_Taxonomy_LOV,"Belongs to Lighting, Appliance, PPE, or Wiring taxonomy branch not present in current 21-category schema"
62-1876,Satco Prod Inc (5573),"62-1876 13"" Satco Ceiling Light BN",Requires_Authoritative_Taxonomy_LOV,"Belongs to Lighting, Appliance, PPE, or Wiring taxonomy branch not present in current 21-category schema"
42296BK,Kichler Lighting (KICLI),42296BK Kichler Ceiling Lt,Requires_Authoritative_Taxonomy_LOV,"Belongs to Lighting, Appliance, PPE, or Wiring taxonomy branch not present in current 21-category schema"
43913BK,Kichler Lighting (KICLI),43913BK Kichler Pendant Lt,Requires_Authoritative_Taxonomy_LOV,"Belongs to Lighting, Appliance, PPE, or Wiring taxonomy branch not present in current 21-category schema"
HLSMS9129FS1E,Cooper Lighting (7638),"HLSMS9129FS1E 9"" Motion Lt",Resolvable_From_Raw_Text,Contains descriptive text tokens suitable for deterministic rule matching if taxonomy is expanded
64-110,Satco Prod Inc (5573),64-110 Satco Tape Light 16',Requires_Authoritative_Taxonomy_LOV,"Belongs to Lighting, Appliance, PPE, or Wiring taxonomy branch not present in current 21-category schema"
603571,Phillips Lighting (5831),603571 3' Strip Light Ext,Requires_Authoritative_Taxonomy_LOV,"Belongs to Lighting, Appliance, PPE, or Wiring taxonomy branch not present in current 21-category schema"
65-572R1,Satco Prod Inc (5573),65572 Satco 2x4 Led Flat Panel,Requires_Authoritative_Taxonomy_LOV,"Belongs to Lighting, Appliance, PPE, or Wiring taxonomy branch not present in current 21-category schema"
52476AVI,Kichler Lighting (KICLI),52476AVI Kichler Pendant Lt,Requires_Authoritative_Taxonomy_LOV,"Belongs to Lighting, Appliance, PPE, or Wiring taxonomy branch not present in current 21-category schema"
42199BK,Kichler Lighting (KICLI),42199BK Kichler Pendant Lt,Requires_Authoritative_Taxonomy_LOV,"Belongs to Lighting, Appliance, PPE, or Wiring taxonomy branch not present in current 21-category schema"
42199BKCS,Kichler Lighting (KICLI),42199BKCS Kichler Pendant Lt,Requires_Authoritative_Taxonomy_LOV,"Belongs to Lighting, Appliance, PPE, or Wiring taxonomy branch not present in current 21-category schema"
42200BK,Kichler Lighting (KICLI),42200BK Kichler Pendant Lt,Requires_Authoritative_Taxonomy_LOV,"Belongs to Lighting, Appliance, PPE, or Wiring taxonomy branch not present in current 21-category schema"
42200BKCS,Kichler Lighting (KICLI),42200BKCS Kichler Pendant Lt,Requires_Authoritative_Taxonomy_LOV,"Belongs to Lighting, Appliance, PPE, or Wiring taxonomy branch not present in current 21-category schema"
43851BK,Kichler Lighting (KICLI),43851BK Kichler Pendant Lt,Requires_Authoritative_Taxonomy_LOV,"Belongs to Lighting, Appliance, PPE, or Wiring taxonomy branch not present in current 21-category schema"
43852BK,Kichler Lighting (KICLI),43852BK Kichler Pendant Lt,Requires_Authoritative_Taxonomy_LOV,"Belongs to Lighting, Appliance, PPE, or Wiring taxonomy branch not present in current 21-category schema"
43853BK,Kichler Lighting (KICLI),43853BK Kichler Pendant Lt,Requires_Authoritative_Taxonomy_LOV,"Belongs to Lighting, Appliance, PPE, or Wiring taxonomy branch not present in current 21-category schema"
43905BK,Kichler Lighting (KICLI),43905BK Kichler Pendant Lt,Requires_Authoritative_Taxonomy_LOV,"Belongs to Lighting, Appliance, PPE, or Wiring taxonomy branch not present in current 21-category schema"
43911BK,Kichler Lighting (KICLI),43911BK Kichler Pendant Lt,Requires_Authoritative_Taxonomy_LOV,"Belongs to Lighting, Appliance, PPE, or Wiring taxonomy branch not present in current 21-category schema"
52529BK,Kichler Lighting (KICLI),52529BK Kichler Pendant Light,Requires_Authoritative_Taxonomy_LOV,"Belongs to Lighting, Appliance, PPE, or Wiring taxonomy branch not present in current 21-category schema"
52662BKCLR,Kichler Lighting (KICLI),52662BKCLR Kichler Pendant Lt,Requires_Authoritative_Taxonomy_LOV,"Belongs to Lighting, Appliance, PPE, or Wiring taxonomy branch not present in current 21-category schema"
52734CPZ,Kichler Lighting (KICLI),52734CPZ Kichler Pendant Light,Requires_Authoritative_Taxonomy_LOV,"Belongs to Lighting, Appliance, PPE, or Wiring taxonomy branch not present in current 21-category schema"
82400,Kichler Lighting (KICLI),82400 Kichler Pendant Lt,Requires_Authoritative_Taxonomy_LOV,"Belongs to Lighting, Appliance, PPE, or Wiring taxonomy branch not present in current 21-category schema"
S11606,Satco Prod Inc (5573),"S11606 8"" Round Down Lt 30K",Requires_Authoritative_Taxonomy_LOV,"Belongs to Lighting, Appliance, PPE, or Wiring taxonomy branch not present in current 21-category schema"
S11828,Satco Prod Inc (5573),"S11828 8"" Led Down Light",Requires_Authoritative_Taxonomy_LOV,"Belongs to Lighting, Appliance, PPE, or Wiring taxonomy branch not present in current 21-category schema"
801274,Phillips Lighting (5831),"801274 10w LED 6"" Retro 50k",Requires_Authoritative_Taxonomy_LOV,"Belongs to Lighting, Appliance, PPE, or Wiring taxonomy branch not present in current 21-category schema"
S11860,Satco Prod Inc (5573),"S11860 6"" Downlight White 5 CCT",Requires_Authoritative_Taxonomy_LOV,"Belongs to Lighting, Appliance, PPE, or Wiring taxonomy branch not present in current 21-category schema"
S11562,Satco Prod Inc (5573),"S11562 Starfish 6"" D/W Downlight",Requires_Authoritative_Taxonomy_LOV,"Belongs to Lighting, Appliance, PPE, or Wiring taxonomy branch not present in current 21-category schema"
S11646,Satco Prod Inc (5573),"S11646 6"" Downlight Wh",Requires_Authoritative_Taxonomy_LOV,"Belongs to Lighting, Appliance, PPE, or Wiring taxonomy branch not present in current 21-category schema"
S11801R1,Satco Prod Inc (5573),"S11801R1 6"" Led Downlight Wh",Requires_Authoritative_Taxonomy_LOV,"Belongs to Lighting, Appliance, PPE, or Wiring taxonomy branch not present in current 21-category schema"
S11848,Satco Prod Inc (5573),"S11848 10"" Down Light Wh",Requires_Authoritative_Taxonomy_LOV,"Belongs to Lighting, Appliance, PPE, or Wiring taxonomy branch not present in current 21-category schema"
S11849,Satco Prod Inc (5573),"S11849 12"" Down Light Wh",Requires_Authoritative_Taxonomy_LOV,"Belongs to Lighting, Appliance, PPE, or Wiring taxonomy branch not present in current 21-category schema"
HLBSL609FS5,Cooper Lighting (7638),"HLBSL609FS5 6"" Down Light",Requires_Authoritative_Taxonomy_LOV,"Belongs to Lighting, Appliance, PPE, or Wiring taxonomy branch not present in current 21-category schema"
WF4REGSWW590CRIMW,Lithonia Lighting (2776),"WF4REGSWW590CRIMW 4"" Down Light",Requires_Authoritative_Taxonomy_LOV,"Belongs to Lighting, Appliance, PPE, or Wiring taxonomy branch not present in current 21-category schema"
43849WH5CCT,Kichler Lighting (KICLI),43849WH5CCT Kichler Ceiling Lt,Requires_Authoritative_Taxonomy_LOV,"Belongs to Lighting, Appliance, PPE, or Wiring taxonomy branch not present in current 21-category schema"
62-1777,Satco Prod Inc (5573),"62-1777 15"" Ceiling Lt Wh",Requires_Authoritative_Taxonomy_LOV,"Belongs to Lighting, Appliance, PPE, or Wiring taxonomy branch not present in current 21-category schema"
62-1778,Satco Prod Inc (5573),"62-1778 19"" Ceiling Lt Wh",Requires_Authoritative_Taxonomy_LOV,"Belongs to Lighting, Appliance, PPE, or Wiring taxonomy branch not present in current 21-category schema"
62-1784,Satco Prod Inc (5573),62-1784 24x24 Led Ceiling Lt,Requires_Authoritative_Taxonomy_LOV,"Belongs to Lighting, Appliance, PPE, or Wiring taxonomy branch not present in current 21-category schema"
62-1787,Satco Prod Inc (5573),"62-1787 15"" Ceiling Lt Bk",Requires_Authoritative_Taxonomy_LOV,"Belongs to Lighting, Appliance, PPE, or Wiring taxonomy branch not present in current 21-category schema"
62-1788,Satco Prod Inc (5573),"62-1788 19"" Ceiling Lt Bk",Requires_Authoritative_Taxonomy_LOV,"Belongs to Lighting, Appliance, PPE, or Wiring taxonomy branch not present in current 21-category schema"
SHOP/4X2/840/V1,Feit Electric (3468),4' Feit Shop Light 4500L 40k,Requires_Authoritative_Taxonomy_LOV,"Belongs to Lighting, Appliance, PPE, or Wiring taxonomy branch not present in current 21-category schema"
45495BKCLR,Kichler Lighting (KICLI),45495BKCLR Kichler Wall Lt,Requires_Authoritative_Taxonomy_LOV,"Belongs to Lighting, Appliance, PPE, or Wiring taxonomy branch not present in current 21-category schema"
55209NI,Kichler Lighting (KICLI),55209NI Kichler Wall Sconce,Requires_Authoritative_Taxonomy_LOV,"Belongs to Lighting, Appliance, PPE, or Wiring taxonomy branch not present in current 21-category schema"
65-1210,Satco Prod Inc (5573),65-1210 2' LED Wrap Lt,Requires_Authoritative_Taxonomy_LOV,"Belongs to Lighting, Appliance, PPE, or Wiring taxonomy branch not present in current 21-category schema"
65-1211,Satco Prod Inc (5573),65-1211 4' Led Wrap Light,Requires_Authoritative_Taxonomy_LOV,"Belongs to Lighting, Appliance, PPE, or Wiring taxonomy branch not present in current 21-category schema"
141465,Phillips Lighting (5831),"141465 15W Flor 18"" T12 27k",Requires_Authoritative_Taxonomy_LOV,"Belongs to Lighting, Appliance, PPE, or Wiring taxonomy branch not present in current 21-category schema"
391227,Phillips Lighting (5831),"391227 32W Led 12"" T9 30K",Requires_Authoritative_Taxonomy_LOV,"Belongs to Lighting, Appliance, PPE, or Wiring taxonomy branch not present in current 21-category schema"
392225,Phillips Lighting (5831),"392225 22W Flor 8"" T9 30k",Requires_Authoritative_Taxonomy_LOV,"Belongs to Lighting, Appliance, PPE, or Wiring taxonomy branch not present in current 21-category schema"
S3539,Satco Prod Inc (5573),S3539 20W Halogen Pin T4,Requires_Authoritative_Taxonomy_LOV,"Belongs to Lighting, Appliance, PPE, or Wiring taxonomy branch not present in current 21-category schema"
S3496,Satco Prod Inc (5573),S3496 300W Halogen T3 Bulb,Requires_Authoritative_Taxonomy_LOV,"Belongs to Lighting, Appliance, PPE, or Wiring taxonomy branch not present in current 21-category schema"
467316,Phillips Lighting (5831),467316 150W Sodium Med 21k,Requires_Authoritative_Taxonomy_LOV,"Belongs to Lighting, Appliance, PPE, or Wiring taxonomy branch not present in current 21-category schema"
S3709,Satco Prod Inc (5573),S3709 25W Incan 27K,Requires_Authoritative_Taxonomy_LOV,"Belongs to Lighting, Appliance, PPE, or Wiring taxonomy branch not present in current 21-category schema"
S4720,Satco Prod Inc (5573),S4720 25W Incan 27K,Requires_Authoritative_Taxonomy_LOV,"Belongs to Lighting, Appliance, PPE, or Wiring taxonomy branch not present in current 21-category schema"
S3720,Satco Prod Inc (5573),S3720 40w Inc A15 Med 26k,Requires_Authoritative_Taxonomy_LOV,"Belongs to Lighting, Appliance, PPE, or Wiring taxonomy branch not present in current 21-category schema"
S3702,Satco Prod Inc (5573),S3702 40W Incan Med 27K,Requires_Authoritative_Taxonomy_LOV,"Belongs to Lighting, Appliance, PPE, or Wiring taxonomy branch not present in current 21-category schema"
S3703,Satco Prod Inc (5573),S3703 40W Incan Med 27K,Requires_Authoritative_Taxonomy_LOV,"Belongs to Lighting, Appliance, PPE, or Wiring taxonomy branch not present in current 21-category schema"
S3797,Satco Prod Inc (5573),S3797 4W Incan Cand 27K 2pk,Requires_Authoritative_Taxonomy_LOV,"Belongs to Lighting, Appliance, PPE, or Wiring taxonomy branch not present in current 21-category schema"
S4724,Satco Prod Inc (5573),S4724 4W Incan Cand 27K 4pk,Requires_Authoritative_Taxonomy_LOV,"Belongs to Lighting, Appliance, PPE, or Wiring taxonomy branch not present in current 21-category schema"
S4717,Satco Prod Inc (5573),S4717 6W Incan Cand 27k 2pk,Requires_Authoritative_Taxonomy_LOV,"Belongs to Lighting, Appliance, PPE, or Wiring taxonomy branch not present in current 21-category schema"
S3794,Satco Prod Inc (5573),S3794 7W Incan Med 27K,Requires_Authoritative_Taxonomy_LOV,"Belongs to Lighting, Appliance, PPE, or Wiring taxonomy branch not present in current 21-category schema"
S3795,Satco Prod Inc (5573),S3795 7W Incan Med 27K,Requires_Authoritative_Taxonomy_LOV,"Belongs to Lighting, Appliance, PPE, or Wiring taxonomy branch not present in current 21-category schema"
S4726,Satco Prod Inc (5573),S4726 7W Incan Cand 27K 4pk,Requires_Authoritative_Taxonomy_LOV,"Belongs to Lighting, Appliance, PPE, or Wiring taxonomy branch not present in current 21-category schema"
S11429,Satco Prod Inc (5573),S11429 60W Led Bulb 27K,Requires_Authoritative_Taxonomy_LOV,"Belongs to Lighting, Appliance, PPE, or Wiring taxonomy branch not present in current 21-category schema"
S21354,Satco Prod Inc (5573),S21354 8W Led T9 Med 27k,Requires_Authoritative_Taxonomy_LOV,"Belongs to Lighting, Appliance, PPE, or Wiring taxonomy branch not present in current 21-category schema"
S21363,Satco Prod Inc (5573),S21363 8W Led Edison ST19 27K,Requires_Authoritative_Taxonomy_LOV,"Belongs to Lighting, Appliance, PPE, or Wiring taxonomy branch not present in current 21-category schema"
S11445,Satco Prod Inc (5573),S11445 12W Led Med 30k Motion,Requires_Authoritative_Taxonomy_LOV,"Belongs to Lighting, Appliance, PPE, or Wiring taxonomy branch not present in current 21-category schema"
567313,Phillips Lighting (5831),567313 50W Led MR16 30K 3pk,Requires_Authoritative_Taxonomy_LOV,"Belongs to Lighting, Appliance, PPE, or Wiring taxonomy branch not present in current 21-category schema"
586875,Phillips Lighting (5831),586875 60W Led Multi CCT 4pk,Requires_Authoritative_Taxonomy_LOV,"Belongs to Lighting, Appliance, PPE, or Wiring taxonomy branch not present in current 21-category schema"
576355,Phillips Lighting (5831),576355 60/100/150 Led Med 50k,Requires_Authoritative_Taxonomy_LOV,"Belongs to Lighting, Appliance, PPE, or Wiring taxonomy branch not present in current 21-category schema"
576363,Phillips Lighting (5831),576363 100/150/200 Led Med 27k,Requires_Authoritative_Taxonomy_LOV,"Belongs to Lighting, Appliance, PPE, or Wiring taxonomy branch not present in current 21-category schema"
565374,Phillips Lighting (5831),565374 75W Led A19 Med 27k 4pk,Requires_Authoritative_Taxonomy_LOV,"Belongs to Lighting, Appliance, PPE, or Wiring taxonomy branch not present in current 21-category schema"
565390,Phillips Lighting (5831),565390 75W Led A19 Med 50k 4pk,Requires_Authoritative_Taxonomy_LOV,"Belongs to Lighting, Appliance, PPE, or Wiring taxonomy branch not present in current 21-category schema"
576371,Phillips Lighting (5831),576371 100/150/200 Led Med 50k,Requires_Authoritative_Taxonomy_LOV,"Belongs to Lighting, Appliance, PPE, or Wiring taxonomy branch not present in current 21-category schema"
576496,Phillips Lighting (5831),576496 45W Led R20 Med 27k,Requires_Authoritative_Taxonomy_LOV,"Belongs to Lighting, Appliance, PPE, or Wiring taxonomy branch not present in current 21-category schema"
564856,Phillips Lighting (5831),564856 40W Led ST19 27k 2pk,Requires_Authoritative_Taxonomy_LOV,"Belongs to Lighting, Appliance, PPE, or Wiring taxonomy branch not present in current 21-category schema"
565796,Phillips Lighting (5831),565796 60W Led A19 Med 20k,Requires_Authoritative_Taxonomy_LOV,"Belongs to Lighting, Appliance, PPE, or Wiring taxonomy branch not present in current 21-category schema"
576389,Phillips Lighting (5831),576389 100/200/300 Led Med 27k,Requires_Authoritative_Taxonomy_LOV,"Belongs to Lighting, Appliance, PPE, or Wiring taxonomy branch not present in current 21-category schema"
564492,Phillips Lighting (5831),564492 75W Adj Base 27k 3pk,Requires_Authoritative_Taxonomy_LOV,"Belongs to Lighting, Appliance, PPE, or Wiring taxonomy branch not present in current 21-category schema"
603449,Phillips Lighting (5831),603449 Wiz 60W Led Med Clr Ch,Requires_Authoritative_Taxonomy_LOV,"Belongs to Lighting, Appliance, PPE, or Wiring taxonomy branch not present in current 21-category schema"
586909,Phillips Lighting (5831),586909 Led 60W Med A19 27K,Requires_Authoritative_Taxonomy_LOV,"Belongs to Lighting, Appliance, PPE, or Wiring taxonomy branch not present in current 21-category schema"
566364,Phillips Lighting (5831),566364 75W Led ST19 27k 4pk,Requires_Authoritative_Taxonomy_LOV,"Belongs to Lighting, Appliance, PPE, or Wiring taxonomy branch not present in current 21-category schema"
576397,Phillips Lighting (5831),576394 100/200/300 Led A23 50k,Requires_Authoritative_Taxonomy_LOV,"Belongs to Lighting, Appliance, PPE, or Wiring taxonomy branch not present in current 21-category schema"
571497,Phillips Lighting (5831),571497 150W Led Med 27k,Requires_Authoritative_Taxonomy_LOV,"Belongs to Lighting, Appliance, PPE, or Wiring taxonomy branch not present in current 21-category schema"
576306,Phillips Lighting (5831),576306 40W Led A19 5CCT 4pk,Requires_Authoritative_Taxonomy_LOV,"Belongs to Lighting, Appliance, PPE, or Wiring taxonomy branch not present in current 21-category schema"
588533,Phillips Lighting (5831),588533 40W Led Cand 3pk,Requires_Authoritative_Taxonomy_LOV,"Belongs to Lighting, Appliance, PPE, or Wiring taxonomy branch not present in current 21-category schema"
576520,Phillips Lighting (5831),576520 65W Led Med 27k,Requires_Authoritative_Taxonomy_LOV,"Belongs to Lighting, Appliance, PPE, or Wiring taxonomy branch not present in current 21-category schema"
574004,Phillips Lighting (5831),574004 75W Led ST19 27k 2pk,Requires_Authoritative_Taxonomy_LOV,"Belongs to Lighting, Appliance, PPE, or Wiring taxonomy branch not present in current 21-category schema"
574012,Phillips Lighting (5831),574012 75W Led ST19 50k 2pk,Requires_Authoritative_Taxonomy_LOV,"Belongs to Lighting, Appliance, PPE, or Wiring taxonomy branch not present in current 21-category schema"
573971,Phillips Lighting (5831),573971 75W Led ST19 20k 4pk,Requires_Authoritative_Taxonomy_LOV,"Belongs to Lighting, Appliance, PPE, or Wiring taxonomy branch not present in current 21-category schema"
573989,Phillips Lighting (5831),573989 40W Led Med 27K 4pk,Requires_Authoritative_Taxonomy_LOV,"Belongs to Lighting, Appliance, PPE, or Wiring taxonomy branch not present in current 21-category schema"
576769,Phillips Lighting (5831),576769 65W Led BR30 Med 27k,Requires_Authoritative_Taxonomy_LOV,"Belongs to Lighting, Appliance, PPE, or Wiring taxonomy branch not present in current 21-category schema"
567446,Phillips Lighting (5831),567446 60W Led Med 50K 3pk,Requires_Authoritative_Taxonomy_LOV,"Belongs to Lighting, Appliance, PPE, or Wiring taxonomy branch not present in current 21-category schema"
573997,Phillips Lighting (5831),573997 40W Led Med 50k 4pk,Requires_Authoritative_Taxonomy_LOV,"Belongs to Lighting, Appliance, PPE, or Wiring taxonomy branch not present in current 21-category schema"
571463,Phillips Lighting (5831),571463 100W Led BR30 Med 50k,Requires_Authoritative_Taxonomy_LOV,"Belongs to Lighting, Appliance, PPE, or Wiring taxonomy branch not present in current 21-category schema"
576512,Phillips Lighting (5831),576512 65W Led BR40 Med 27k,Requires_Authoritative_Taxonomy_LOV,"Belongs to Lighting, Appliance, PPE, or Wiring taxonomy branch not present in current 21-category schema"
581181,Phillips Lighting (5831),581181 40W Led Med 2pk,Requires_Authoritative_Taxonomy_LOV,"Belongs to Lighting, Appliance, PPE, or Wiring taxonomy branch not present in current 21-category schema"
GT-CB-100C,Keystone (5702),GTCB100C Led 100W Cob Bulb,Resolvable_From_Raw_Text,Contains descriptive text tokens suitable for deterministic rule matching if taxonomy is expanded
566430,Phillips Lighting (5831),566430 75W Led Med 50k 4pk,Requires_Authoritative_Taxonomy_LOV,"Belongs to Lighting, Appliance, PPE, or Wiring taxonomy branch not present in current 21-category schema"
568337,Phillips Lighting (5831),568337 120W Led Par38 Med 50k,Requires_Authoritative_Taxonomy_LOV,"Belongs to Lighting, Appliance, PPE, or Wiring taxonomy branch not present in current 21-category schema"
565788,Phillips Lighting (5831),565788 40W Led A19 Med 27k,Requires_Authoritative_Taxonomy_LOV,"Belongs to Lighting, Appliance, PPE, or Wiring taxonomy branch not present in current 21-category schema"
565770,Phillips Lighting (5831),565770 40W Led A19 Med 50k,Requires_Authoritative_Taxonomy_LOV,"Belongs to Lighting, Appliance, PPE, or Wiring taxonomy branch not present in current 21-category schema"
573436,Phillips Lighting (5831),573436 60W Led A19 Med 27k 2pk,Requires_Authoritative_Taxonomy_LOV,"Belongs to Lighting, Appliance, PPE, or Wiring taxonomy branch not present in current 21-category schema"
576538,Phillips Lighting (5831),576538 65W Led BR30 Med 50k,Requires_Authoritative_Taxonomy_LOV,"Belongs to Lighting, Appliance, PPE, or Wiring taxonomy branch not present in current 21-category schema"
573451,Phillips Lighting (5831),573451 40W Led Med 27k 2pk,Requires_Authoritative_Taxonomy_LOV,"Belongs to Lighting, Appliance, PPE, or Wiring taxonomy branch not present in current 21-category schema"
586883,Phillips Lighting (5831),586883 100W Led Multi CCT 2pk,Requires_Authoritative_Taxonomy_LOV,"Belongs to Lighting, Appliance, PPE, or Wiring taxonomy branch not present in current 21-category schema"
586859,Phillips Lighting (5831),586859 40W Led Med 27K Back Up,Requires_Authoritative_Taxonomy_LOV,"Belongs to Lighting, Appliance, PPE, or Wiring taxonomy branch not present in current 21-category schema"
576488,Phillips Lighting (5831),576488 45W Led R20 Med 50k,Requires_Authoritative_Taxonomy_LOV,"Belongs to Lighting, Appliance, PPE, or Wiring taxonomy branch not present in current 21-category schema"
575217,Phillips Lighting (5831),575217 60W Led Med 50k 2pk,Requires_Authoritative_Taxonomy_LOV,"Belongs to Lighting, Appliance, PPE, or Wiring taxonomy branch not present in current 21-category schema"
586479,Phillips Lighting (5831),586479 90W Led Med Multi CCT,Requires_Authoritative_Taxonomy_LOV,"Belongs to Lighting, Appliance, PPE, or Wiring taxonomy branch not present in current 21-category schema"
571471,Phillips Lighting (5831),571471 100W Led BR30 Med 27k,Requires_Authoritative_Taxonomy_LOV,"Belongs to Lighting, Appliance, PPE, or Wiring taxonomy branch not present in current 21-category schema"
570762,Phillips Lighting (5831),570762 50W Led Par16 30k 3pk,Requires_Authoritative_Taxonomy_LOV,"Belongs to Lighting, Appliance, PPE, or Wiring taxonomy branch not present in current 21-category schema"
533352,Phillips Lighting (5831),571505 150W Led Med 50k,Requires_Authoritative_Taxonomy_LOV,"Belongs to Lighting, Appliance, PPE, or Wiring taxonomy branch not present in current 21-category schema"
573519,Phillips Lighting (5831),573519 100W Led A21 27k 2pk,Requires_Authoritative_Taxonomy_LOV,"Belongs to Lighting, Appliance, PPE, or Wiring taxonomy branch not present in current 21-category schema"
573378,Phillips Lighting (5831),573378 60W Led Med 27k 3pk,Requires_Authoritative_Taxonomy_LOV,"Belongs to Lighting, Appliance, PPE, or Wiring taxonomy branch not present in current 21-category schema"
565622,Phillips Lighting (5831),565622 60W Led Med 20k,Requires_Authoritative_Taxonomy_LOV,"Belongs to Lighting, Appliance, PPE, or Wiring taxonomy branch not present in current 21-category schema"
586891,Phillips Lighting (5831),586891 Led 60W Med A19 27k,Requires_Authoritative_Taxonomy_LOV,"Belongs to Lighting, Appliance, PPE, or Wiring taxonomy branch not present in current 21-category schema"
585448,Phillips Lighting (5831),585448 120W Led Motion Bulb,Requires_Authoritative_Taxonomy_LOV,"Belongs to Lighting, Appliance, PPE, or Wiring taxonomy branch not present in current 21-category schema"
573444,Phillips Lighting (5831),573444 60W Led A19 Med 50k 2pk,Requires_Authoritative_Taxonomy_LOV,"Belongs to Lighting, Appliance, PPE, or Wiring taxonomy branch not present in current 21-category schema"
566687,Phillips Lighting (5831),566687 60W Cand Led 27k 3pk,Requires_Authoritative_Taxonomy_LOV,"Belongs to Lighting, Appliance, PPE, or Wiring taxonomy branch not present in current 21-category schema"
564385,Phillips Lighting (5831),564385 40w Led Med 27k 2pk,Requires_Authoritative_Taxonomy_LOV,"Belongs to Lighting, Appliance, PPE, or Wiring taxonomy branch not present in current 21-category schema"
566661,Phillips Lighting (5831),566661 40W LED Cand 27k 3pk,Requires_Authoritative_Taxonomy_LOV,"Belongs to Lighting, Appliance, PPE, or Wiring taxonomy branch not present in current 21-category schema"
564898,Phillips Lighting (5831),564898 60W Cand Led 50k 3pk,Requires_Authoritative_Taxonomy_LOV,"Belongs to Lighting, Appliance, PPE, or Wiring taxonomy branch not present in current 21-category schema"
538319,Phillips Lighting (5831),588525 40W Led Cand 3pk,Requires_Authoritative_Taxonomy_LOV,"Belongs to Lighting, Appliance, PPE, or Wiring taxonomy branch not present in current 21-category schema"
576009,Phillips Lighting (5831),576009 100W Led Par30L Med 50k,Requires_Authoritative_Taxonomy_LOV,"Belongs to Lighting, Appliance, PPE, or Wiring taxonomy branch not present in current 21-category schema"
564450,Phillips Lighting (5831),564450 40W Led Cand 27k 2pk,Requires_Authoritative_Taxonomy_LOV,"Belongs to Lighting, Appliance, PPE, or Wiring taxonomy branch not present in current 21-category schema"
572669,Phillips Lighting (5831),572669 60W Led F15 Med 27k,Requires_Authoritative_Taxonomy_LOV,"Belongs to Lighting, Appliance, PPE, or Wiring taxonomy branch not present in current 21-category schema"
564906,Phillips Lighting (5831),564906 60W Led Med 27k 2pk,Requires_Authoritative_Taxonomy_LOV,"Belongs to Lighting, Appliance, PPE, or Wiring taxonomy branch not present in current 21-category schema"
573410,Phillips Lighting (5831),573410 40W Led A19 Med 27k 2pk,Requires_Authoritative_Taxonomy_LOV,"Belongs to Lighting, Appliance, PPE, or Wiring taxonomy branch not present in current 21-category schema"
576504,Phillips Lighting (5831),576504 65W Led BR40 Med 50k,Requires_Authoritative_Taxonomy_LOV,"Belongs to Lighting, Appliance, PPE, or Wiring taxonomy branch not present in current 21-category schema"
576017,Phillips Lighting (5831),576017 100W Led Par30L Med 30k,Requires_Authoritative_Taxonomy_LOV,"Belongs to Lighting, Appliance, PPE, or Wiring taxonomy branch not present in current 21-category schema"
574392,Phillips Lighting (5831),574392 40W Led B11 Med 27k 3pk,Requires_Authoritative_Taxonomy_LOV,"Belongs to Lighting, Appliance, PPE, or Wiring taxonomy branch not present in current 21-category schema"
576751,Phillips Lighting (5831),576751 65W Led BR30 Med 3pk,Requires_Authoritative_Taxonomy_LOV,"Belongs to Lighting, Appliance, PPE, or Wiring taxonomy branch not present in current 21-category schema"
583161,Phillips Lighting (5831),583161 Led 65W Med BR30 3pk,Requires_Authoritative_Taxonomy_LOV,"Belongs to Lighting, Appliance, PPE, or Wiring taxonomy branch not present in current 21-category schema"
566695,Phillips Lighting (5831),566695 60W Led Med 27k 3pk,Requires_Authoritative_Taxonomy_LOV,"Belongs to Lighting, Appliance, PPE, or Wiring taxonomy branch not present in current 21-category schema"
577007,Phillips Lighting (5831),577007 125W Led Med 30k Flood,Requires_Authoritative_Taxonomy_LOV,"Belongs to Lighting, Appliance, PPE, or Wiring taxonomy branch not present in current 21-category schema"
566653,Phillips Lighting (5831),566653 25W Led Cand 27k 3pk,Requires_Authoritative_Taxonomy_LOV,"Belongs to Lighting, Appliance, PPE, or Wiring taxonomy branch not present in current 21-category schema"
566679,Phillips Lighting (5831),566679 40W Led Med 27k 3pk,Requires_Authoritative_Taxonomy_LOV,"Belongs to Lighting, Appliance, PPE, or Wiring taxonomy branch not present in current 21-category schema"
573311,Phillips Lighting (5831),573311 60W Led Med 27k 2pk,Requires_Authoritative_Taxonomy_LOV,"Belongs to Lighting, Appliance, PPE, or Wiring taxonomy branch not present in current 21-category schema"
573394,Phillips Lighting (5831),573394 60W Led Cand 27k 2pk,Requires_Authoritative_Taxonomy_LOV,"Belongs to Lighting, Appliance, PPE, or Wiring taxonomy branch not present in current 21-category schema"
573329,Phillips Lighting (5831),573329 60W Cand Led 27k 2pk,Requires_Authoritative_Taxonomy_LOV,"Belongs to Lighting, Appliance, PPE, or Wiring taxonomy branch not present in current 21-category schema"
564930,Phillips Lighting (5831),564930 40W Cand Led 50k 3pk,Requires_Authoritative_Taxonomy_LOV,"Belongs to Lighting, Appliance, PPE, or Wiring taxonomy branch not present in current 21-category schema"
565000,Phillips Lighting (5831),565000 60W Led Med 27k 2pk,Requires_Authoritative_Taxonomy_LOV,"Belongs to Lighting, Appliance, PPE, or Wiring taxonomy branch not present in current 21-category schema"
564922,Phillips Lighting (5831),564922 60W Led BA11 50k 3pk,Requires_Authoritative_Taxonomy_LOV,"Belongs to Lighting, Appliance, PPE, or Wiring taxonomy branch not present in current 21-category schema"
573295,Phillips Lighting (5831),573295 40W Led Med 27k 2pk,Requires_Authoritative_Taxonomy_LOV,"Belongs to Lighting, Appliance, PPE, or Wiring taxonomy branch not present in current 21-category schema"
564914,Phillips Lighting (5831),564914 60W Med Led 50k 2pk,Requires_Authoritative_Taxonomy_LOV,"Belongs to Lighting, Appliance, PPE, or Wiring taxonomy branch not present in current 21-category schema"
573485,Phillips Lighting (5831),573485 60W Led A19 Med 50k 2pk,Requires_Authoritative_Taxonomy_LOV,"Belongs to Lighting, Appliance, PPE, or Wiring taxonomy branch not present in current 21-category schema"
573337,Phillips Lighting (5831),573337 40W Led G25 Med 50k 2pk,Requires_Authoritative_Taxonomy_LOV,"Belongs to Lighting, Appliance, PPE, or Wiring taxonomy branch not present in current 21-category schema"
544874,Phillips Lighting (5831),544874 32W Led T8 UBulb 40k,Requires_Authoritative_Taxonomy_LOV,"Belongs to Lighting, Appliance, PPE, or Wiring taxonomy branch not present in current 21-category schema"
570846,Phillips Lighting (5831),570846 50W Led Med 22K 2pk,Requires_Authoritative_Taxonomy_LOV,"Belongs to Lighting, Appliance, PPE, or Wiring taxonomy branch not present in current 21-category schema"
565473,Phillips Lighting (5831),565473 60W Led A19 Bulb 2pk,Requires_Authoritative_Taxonomy_LOV,"Belongs to Lighting, Appliance, PPE, or Wiring taxonomy branch not present in current 21-category schema"
573402,Phillips Lighting (5831),573402 60W Led Med 50k 2pk,Requires_Authoritative_Taxonomy_LOV,"Belongs to Lighting, Appliance, PPE, or Wiring taxonomy branch not present in current 21-category schema"
573352,Phillips Lighting (5831),573352 40W Led Med 27k 2pk,Requires_Authoritative_Taxonomy_LOV,"Belongs to Lighting, Appliance, PPE, or Wiring taxonomy branch not present in current 21-category schema"
573428,Phillips Lighting (5831),573428 40W Med Led 50k 2pk,Requires_Authoritative_Taxonomy_LOV,"Belongs to Lighting, Appliance, PPE, or Wiring taxonomy branch not present in current 21-category schema"
573386,Phillips Lighting (5831),573386 60W Led Med 27k 2pk,Requires_Authoritative_Taxonomy_LOV,"Belongs to Lighting, Appliance, PPE, or Wiring taxonomy branch not present in current 21-category schema"
564948,Phillips Lighting (5831),564948 40W Led Med 50k 3pk,Requires_Authoritative_Taxonomy_LOV,"Belongs to Lighting, Appliance, PPE, or Wiring taxonomy branch not present in current 21-category schema"
573303,Phillips Lighting (5831),573303 40W Led Cand 27k 2pk,Requires_Authoritative_Taxonomy_LOV,"Belongs to Lighting, Appliance, PPE, or Wiring taxonomy branch not present in current 21-category schema"
573188,Phillips Lighting (5831),573188 250W Led Par38 Med 50k,Requires_Authoritative_Taxonomy_LOV,"Belongs to Lighting, Appliance, PPE, or Wiring taxonomy branch not present in current 21-category schema"
573469,Phillips Lighting (5831),573469 40W Led A19 Med 50k 2pk,Requires_Authoritative_Taxonomy_LOV,"Belongs to Lighting, Appliance, PPE, or Wiring taxonomy branch not present in current 21-category schema"
565671,Phillips Lighting (5831),565671 25W Led Med 20K,Requires_Authoritative_Taxonomy_LOV,"Belongs to Lighting, Appliance, PPE, or Wiring taxonomy branch not present in current 21-category schema"
573204,Phillips Lighting (5831),573204 75W Led Par20 Med 50k,Requires_Authoritative_Taxonomy_LOV,"Belongs to Lighting, Appliance, PPE, or Wiring taxonomy branch not present in current 21-category schema"
581199,Phillips Lighting (5831),581199 60W Led Med 2pk,Requires_Authoritative_Taxonomy_LOV,"Belongs to Lighting, Appliance, PPE, or Wiring taxonomy branch not present in current 21-category schema"
565887,Phillips Lighting (5831),565887 60W Led Med 20k,Requires_Authoritative_Taxonomy_LOV,"Belongs to Lighting, Appliance, PPE, or Wiring taxonomy branch not present in current 21-category schema"
586867,Phillips Lighting (5831),586867 60W Led Med 27K,Requires_Authoritative_Taxonomy_LOV,"Belongs to Lighting, Appliance, PPE, or Wiring taxonomy branch not present in current 21-category schema"
568451,Phillips Lighting (5831),5686451 50W Led Med 50k 2pk,Requires_Authoritative_Taxonomy_LOV,"Belongs to Lighting, Appliance, PPE, or Wiring taxonomy branch not present in current 21-category schema"
568444,Phillips Lighting (5831),568444 90W Led Par38 50k 2pk,Requires_Authoritative_Taxonomy_LOV,"Belongs to Lighting, Appliance, PPE, or Wiring taxonomy branch not present in current 21-category schema"
573196,Phillips Lighting (5831),573196 75W Led Med 30K,Requires_Authoritative_Taxonomy_LOV,"Belongs to Lighting, Appliance, PPE, or Wiring taxonomy branch not present in current 21-category schema"
564500,Phillips Lighting (5831),564500 75W Adj Base 50k 3pk,Requires_Authoritative_Taxonomy_LOV,"Belongs to Lighting, Appliance, PPE, or Wiring taxonomy branch not present in current 21-category schema"
571513,Phillips Lighting (5831),571513 40/60/100 Led Med 27k,Requires_Authoritative_Taxonomy_LOV,"Belongs to Lighting, Appliance, PPE, or Wiring taxonomy branch not present in current 21-category schema"
588566,Phillips Lighting (5831),588566 40W Led Med 55k 3pk,Requires_Authoritative_Taxonomy_LOV,"Belongs to Lighting, Appliance, PPE, or Wiring taxonomy branch not present in current 21-category schema"
565655,Phillips Lighting (5831),565655 25W Led A15 Med 20k,Requires_Authoritative_Taxonomy_LOV,"Belongs to Lighting, Appliance, PPE, or Wiring taxonomy branch not present in current 21-category schema"
565812,Phillips Lighting (5831),565812 60W Med Led 50k,Requires_Authoritative_Taxonomy_LOV,"Belongs to Lighting, Appliance, PPE, or Wiring taxonomy branch not present in current 21-category schema"
586917,Phillips Lighting (5831),586917 40W Led Cand 27K 2pk,Requires_Authoritative_Taxonomy_LOV,"Belongs to Lighting, Appliance, PPE, or Wiring taxonomy branch not present in current 21-category schema"
46719,Maxsa Innovations (MAXIN),49719 Wall Light Motion Wh,Requires_Authoritative_Taxonomy_LOV,"Belongs to Lighting, Appliance, PPE, or Wiring taxonomy branch not present in current 21-category schema"
59061BSL,Kichler Lighting (KICLI),59061BSL Kichler Ext Wall Lt,Requires_Authoritative_Taxonomy_LOV,"Belongs to Lighting, Appliance, PPE, or Wiring taxonomy branch not present in current 21-category schema"
59062BSL,Kichler Lighting (KICLI),59062BSL Kichler Ext Wall Lt,Requires_Authoritative_Taxonomy_LOV,"Belongs to Lighting, Appliance, PPE, or Wiring taxonomy branch not present in current 21-category schema"
59124BKT,Kichler Lighting (KICLI),59124BKT Kichler Ext Wall Lt,Requires_Authoritative_Taxonomy_LOV,"Belongs to Lighting, Appliance, PPE, or Wiring taxonomy branch not present in current 21-category schema"
59025BK,Kichler Lighting (KICLI),59025BK Kichler Post Lt,Requires_Authoritative_Taxonomy_LOV,"Belongs to Lighting, Appliance, PPE, or Wiring taxonomy branch not present in current 21-category schema"
DCL183,Black & Decker/dewlt (2585),Dewalt DCL183 Light - Rechargeable,Requires_Authoritative_Taxonomy_LOV,"Belongs to Lighting, Appliance, PPE, or Wiring taxonomy branch not present in current 21-category schema"
73020,Streamlight (7277),73020 Nano Clip Light Bk,Requires_Authoritative_Taxonomy_LOV,"Belongs to Lighting, Appliance, PPE, or Wiring taxonomy branch not present in current 21-category schema"
NEB-FLT-1021,ACG Brands (1154),NEBFLT1021 Slyde King FlashLt,Resolvable_From_Raw_Text,Contains descriptive text tokens suitable for deterministic rule matching if taxonomy is expanded
NEB-FLT-0053,ACG Brands (1154),NEBFLT0053 2600L Flash Light,Requires_Authoritative_Taxonomy_LOV,"Belongs to Lighting, Appliance, PPE, or Wiring taxonomy branch not present in current 21-category schema"
97708,Police Security (9470),97708 Police 800L Headlight,Requires_Authoritative_Taxonomy_LOV,"Belongs to Lighting, Appliance, PPE, or Wiring taxonomy branch not present in current 21-category schema"
WORK6000XLTPPLUG,Feit Electric (3468),6000L Twin Head Work Light,Requires_Authoritative_Taxonomy_LOV,"Belongs to Lighting, Appliance, PPE, or Wiring taxonomy branch not present in current 21-category schema"
HOM2040M200PRB,Square D Con Prod Dv (6825),HOM2040M200PRB 200A Load Cntr,Resolvable_From_Raw_Text,Contains descriptive text tokens suitable for deterministic rule matching if taxonomy is expanded
HOM3060L225PGC,Square D Con Prod Dv (6825),HOM3060L225PGC 225 Load Center,Resolvable_From_Raw_Text,Contains descriptive text tokens suitable for deterministic rule matching if taxonomy is expanded
QO612L100RBCP,Square D Con Prod Dv (6825),QO612L100RBCP 100A Load Center,Resolvable_From_Raw_Text,Contains descriptive text tokens suitable for deterministic rule matching if taxonomy is expanded
13093005,Southwire/g Turner (6603),4/0 Aluminum Entrance Cable (Linear Foot),Requires_Authoritative_Taxonomy_LOV,"Belongs to Lighting, Appliance, PPE, or Wiring taxonomy branch not present in current 21-category schema"
12-4 SO,-,12-4 SO Cord (Linear Foot),Resolvable_From_Raw_Text,Contains descriptive text tokens suitable for deterministic rule matching if taxonomy is expanded
96263-46-06,Woods Wire Southwire (7579),96263-46-06 CAT5E Wire (Linear Foot),Requires_Authoritative_Taxonomy_LOV,"Belongs to Lighting, Appliance, PPE, or Wiring taxonomy branch not present in current 21-category schema"
R50003-ID,Southwire/g Turner (6603),16-2 Stranded Wire CL3 500' (Linear Foot),Requires_Authoritative_Taxonomy_LOV,"Belongs to Lighting, Appliance, PPE, or Wiring taxonomy branch not present in current 21-category schema"
10-4 SO,Southwire/g Turner (6603),10-4 SO Cord (Linear Foot),Requires_Authoritative_Taxonomy_LOV,"Belongs to Lighting, Appliance, PPE, or Wiring taxonomy branch not present in current 21-category schema"
23346-0408,-,23346-0408 Wire 16/3 SJEWA 250 (Linear Foot),Requires_Authoritative_Taxonomy_LOV,"Belongs to Lighting, Appliance, PPE, or Wiring taxonomy branch not present in current 21-category schema"
2/2/4 UD ALUM,Southwire/g Turner (6603),2/2/4 UD Aluminum Triplex Wire (Linear Foot),Requires_Authoritative_Taxonomy_LOV,"Belongs to Lighting, Appliance, PPE, or Wiring taxonomy branch not present in current 21-category schema"
55418901,Southwire/g Turner (6603),6/6/6 UD Triplex Aluminum Wire,Requires_Authoritative_Taxonomy_LOV,"Belongs to Lighting, Appliance, PPE, or Wiring taxonomy branch not present in current 21-category schema"
CG50K,Fenton Bros Electric Inc (FENBR),"CG50K 1/2"" Cord Grip Kit",Requires_Manufacturer_Web_Evidence,Specialty accessory requiring live manufacturer specification page retrieval
R02-D215P-1RW,Leviton Mfg Co (4927),R02D215P1RW 15A Mini Outlet Wh,Requires_Authoritative_Taxonomy_LOV,"Belongs to Lighting, Appliance, PPE, or Wiring taxonomy branch not present in current 21-category schema"
PBUC013,Prime Wire & Cable (3562),PBUC013 15A Wall Tap w/USB,Resolvable_From_Raw_Text,Contains descriptive text tokens suitable for deterministic rule matching if taxonomy is expanded
R00-GFNT1-00K,Leviton Mfg Co (4927),R00GFNT100K 15A Outlet Br,Requires_Authoritative_Taxonomy_LOV,"Belongs to Lighting, Appliance, PPE, or Wiring taxonomy branch not present in current 21-category schema"
R92-GFWT1-0KW,Leviton Mfg Co (4927),R92GFWT10KW 15A GFCI Outlet Wh,Requires_Authoritative_Taxonomy_LOV,"Belongs to Lighting, Appliance, PPE, or Wiring taxonomy branch not present in current 21-category schema"
R12-AGTR1-0KW,Leviton Mfg Co (4927),R12AGTR10KW 15A GFCI Outler Wh,Requires_Authoritative_Taxonomy_LOV,"Belongs to Lighting, Appliance, PPE, or Wiring taxonomy branch not present in current 21-category schema"
R62-GFTA1-0KW,Leviton Mfg Co (4927),R92GFTA10KW 15A GFCI Outlet Wh,Requires_Authoritative_Taxonomy_LOV,"Belongs to Lighting, Appliance, PPE, or Wiring taxonomy branch not present in current 21-category schema"
165-04729-00C,Leviton Mfg Co (4927),1650472900C 15A 125V Cord Conn,Requires_Authoritative_Taxonomy_LOV,"Belongs to Lighting, Appliance, PPE, or Wiring taxonomy branch not present in current 21-category schema"
161-04720-00C,Leviton Mfg Co (4927),1610472000C 15A 125V Cord Conn,Requires_Authoritative_Taxonomy_LOV,"Belongs to Lighting, Appliance, PPE, or Wiring taxonomy branch not present in current 21-category schema"
R02-GUAC1-0BW,Leviton Mfg Co (4927),R02GUAC10BW 15A/USB Outlet Wh,Requires_Authoritative_Taxonomy_LOV,"Belongs to Lighting, Appliance, PPE, or Wiring taxonomy branch not present in current 21-category schema"
R56-CBR15-00T,Leviton Mfg Co (4927),R56CBR1500T 15A Outlet LA,Requires_Authoritative_Taxonomy_LOV,"Belongs to Lighting, Appliance, PPE, or Wiring taxonomy branch not present in current 21-category schema"
R20-05378-P00,Leviton Mfg Co (4927),R2005378P00 6-50R Welder Outet,Requires_Authoritative_Taxonomy_LOV,"Belongs to Lighting, Appliance, PPE, or Wiring taxonomy branch not present in current 21-category schema"
WC1V12W-SG-UPC,Southwire/g Turner (6603),WC1V12WSGUPC 1G Cover Wh,Requires_Authoritative_Taxonomy_LOV,"Belongs to Lighting, Appliance, PPE, or Wiring taxonomy branch not present in current 21-category schema"
R51-GSRA1-THD,Leviton Mfg Co (4927),R5GSRA1THD 15A GFCI Plug,Requires_Authoritative_Taxonomy_LOV,"Belongs to Lighting, Appliance, PPE, or Wiring taxonomy branch not present in current 21-category schema"
R62-CBR15-00W,Leviton Mfg Co (4927),R62CBR1500W 15A Outlet Wh,Requires_Authoritative_Taxonomy_LOV,"Belongs to Lighting, Appliance, PPE, or Wiring taxonomy branch not present in current 21-category schema"
S03-05226-IS,Leviton Mfg Co (4927),S0305226IS IV Switch / Pilot,Requires_Authoritative_Taxonomy_LOV,"Belongs to Lighting, Appliance, PPE, or Wiring taxonomy branch not present in current 21-category schema"
174-0CSB3-15W,Leviton Mfg Co (4927),174-OCSB3-15A Toggle 3-Way Switch Wh,Requires_Authoritative_Taxonomy_LOV,"Belongs to Lighting, Appliance, PPE, or Wiring taxonomy branch not present in current 21-category schema"
R50-0SL13-000,Leviton Mfg Co (4927),T50-0SL13000 1G Wallplate SS - Blank,Requires_Authoritative_Taxonomy_LOV,"Belongs to Lighting, Appliance, PPE, or Wiring taxonomy branch not present in current 21-category schema"
R52-0PJ13-00W,Leviton Mfg Co (4927),R520PJ1300W 1G Wallplate Wh - Blank,Requires_Authoritative_Taxonomy_LOV,"Belongs to Lighting, Appliance, PPE, or Wiring taxonomy branch not present in current 21-category schema"
XOU2470BCGS,Appliance Dealers Cooperative (APPDE),XOU2470BCGS Tall Beverage Center SS,Requires_Authoritative_Taxonomy_LOV,"Belongs to Lighting, Appliance, PPE, or Wiring taxonomy branch not present in current 21-category schema"
XOU24BCGSR,Appliance Dealers Cooperative (APPDE),XOU24BCGSR Beverage Center SS,Requires_Authoritative_Taxonomy_LOV,"Belongs to Lighting, Appliance, PPE, or Wiring taxonomy branch not present in current 21-category schema"
XOU24WDZGBR,Appliance Dealers Cooperative (APPDE),XOU24WDZGBR Beverage Center Bk,Requires_Authoritative_Taxonomy_LOV,"Belongs to Lighting, Appliance, PPE, or Wiring taxonomy branch not present in current 21-category schema"
C7CDAAS3PD3,Appliance Dealers Cooperative (APPDE),C7CDAAS3PD3 Café Drip Coffee Maker MB,Requires_Authoritative_Taxonomy_LOV,"Belongs to Lighting, Appliance, PPE, or Wiring taxonomy branch not present in current 21-category schema"
C7CDAAS4PW3,Appliance Dealers Cooperative (APPDE),C7CDAAS4PW3 Café Drip Coffee Maker MW,Requires_Authoritative_Taxonomy_LOV,"Belongs to Lighting, Appliance, PPE, or Wiring taxonomy branch not present in current 21-category schema"
C7CDABS2RS3,Appliance Dealers Cooperative (APPDE),C7CDABS2RS3 Cafe Coffee Maker,Requires_Authoritative_Taxonomy_LOV,"Belongs to Lighting, Appliance, PPE, or Wiring taxonomy branch not present in current 21-category schema"
C7CDABS3RD3,Appliance Dealers Cooperative (APPDE),C7CDABS3RD3 Café Coffee Maker MB,Requires_Authoritative_Taxonomy_LOV,"Belongs to Lighting, Appliance, PPE, or Wiring taxonomy branch not present in current 21-category schema"
C7CDABS4RW3,Appliance Dealers Cooperative (APPDE),C7CDABS4RW3 Café Coffee Maker MW,Requires_Authoritative_Taxonomy_LOV,"Belongs to Lighting, Appliance, PPE, or Wiring taxonomy branch not present in current 21-category schema"
C7CEBBS2RS3,Appliance Dealers Cooperative (APPDE),C7CEBBS2RS3 Cafe Auto Espresso Machine SS,Requires_Authoritative_Taxonomy_LOV,"Belongs to Lighting, Appliance, PPE, or Wiring taxonomy branch not present in current 21-category schema"
C7CEBBS4RW3,Appliance Dealers Cooperative (APPDE),C7CEBBS4RW3 Café Auto Espresso Machine Wh,Requires_Authoritative_Taxonomy_LOV,"Belongs to Lighting, Appliance, PPE, or Wiring taxonomy branch not present in current 21-category schema"
C7CESAS2RS3,Appliance Dealers Cooperative (APPDE),C7CESAS2RS3 Café Espresso SS,Requires_Authoritative_Taxonomy_LOV,"Belongs to Lighting, Appliance, PPE, or Wiring taxonomy branch not present in current 21-category schema"
C7CESAS3RD3,Appliance Dealers Cooperative (APPDE),C7CESAS3RD3 Café Espresso Machine MB,Requires_Authoritative_Taxonomy_LOV,"Belongs to Lighting, Appliance, PPE, or Wiring taxonomy branch not present in current 21-category schema"
C7CESAS4RW3,Appliance Dealers Cooperative (APPDE),C7CESAS4RW3 Cafe Espresso Wh,Requires_Authoritative_Taxonomy_LOV,"Belongs to Lighting, Appliance, PPE, or Wiring taxonomy branch not present in current 21-category schema"
WOSP30100SS,Appliance Dealers Cooperative (APPDE),WOSP30100SS Beko Wall Oven SS,Requires_Authoritative_Taxonomy_LOV,"Belongs to Lighting, Appliance, PPE, or Wiring taxonomy branch not present in current 21-category schema"
MSER2090S,Appliance Dealers Cooperative (APPDE),MSER2090S LG Microwave SS,Requires_Authoritative_Taxonomy_LOV,"Belongs to Lighting, Appliance, PPE, or Wiring taxonomy branch not present in current 21-category schema"
GCST16S1WSS,Appliance Dealers Cooperative (APPDE),GCST16S1WSS GE Microwave SS,Requires_Authoritative_Taxonomy_LOV,"Belongs to Lighting, Appliance, PPE, or Wiring taxonomy branch not present in current 21-category schema"
PCWK15C1WSS,Appliance Dealers Cooperative (APPDE),PCWK15C1WSS GE Microwave,Requires_Authoritative_Taxonomy_LOV,"Belongs to Lighting, Appliance, PPE, or Wiring taxonomy branch not present in current 21-category schema"
SMC2266KS,Appliance Dealers Cooperative (APPDE),SMC2266KS Microwave SS Display Only,Requires_Authoritative_Taxonomy_LOV,"Belongs to Lighting, Appliance, PPE, or Wiring taxonomy branch not present in current 21-category schema"
SMD2479JS,Appliance Dealers Cooperative (APPDE),SMD2479JS Microwave Drawer SS Display Only,Requires_Authoritative_Taxonomy_LOV,"Belongs to Lighting, Appliance, PPE, or Wiring taxonomy branch not present in current 21-category schema"
PEP9030DTBB,Appliance Dealers Cooperative (APPDE),"PEP9030DTBB 30"" GE Cooktop Bk",Requires_Authoritative_Taxonomy_LOV,"Belongs to Lighting, Appliance, PPE, or Wiring taxonomy branch not present in current 21-category schema"
CES700P3MD1,Appliance Dealers Cooperative (APPDE),"CES700P3MD1 Cafe 30"" Range Bk - Display",Requires_Authoritative_Taxonomy_LOV,"Belongs to Lighting, Appliance, PPE, or Wiring taxonomy branch not present in current 21-category schema"
PS960YPFS,Appliance Dealers Cooperative (APPDE),"PS960YPFS 30"" GE Electric Range SS - Display Only",Requires_Authoritative_Taxonomy_LOV,"Belongs to Lighting, Appliance, PPE, or Wiring taxonomy branch not present in current 21-category schema"
PB900YVFS,Appliance Dealers Cooperative (APPDE),"PB900YVFS Elect 30"" Range SS",Requires_Authoritative_Taxonomy_LOV,"Belongs to Lighting, Appliance, PPE, or Wiring taxonomy branch not present in current 21-category schema"
PCFE3080AF,Appliance Dealers Cooperative (APPDE),"PCFE3080AF 30"" Elect Range SS - Display Only",Requires_Authoritative_Taxonomy_LOV,"Belongs to Lighting, Appliance, PPE, or Wiring taxonomy branch not present in current 21-category schema"
SLER30524SS,Appliance Dealers Cooperative (APPDE),"SLER30524SS 30"" Elect Range SS",Requires_Authoritative_Taxonomy_LOV,"Belongs to Lighting, Appliance, PPE, or Wiring taxonomy branch not present in current 21-category schema"
LSEL6333ZE,Appliance Dealers Cooperative (APPDE),"LSEL6333ZE LG 30"" Elec Range BS-Display Only",Requires_Authoritative_Taxonomy_LOV,"Belongs to Lighting, Appliance, PPE, or Wiring taxonomy branch not present in current 21-category schema"
KSES530SBE,Appliance Dealers Cooperative (APPDE),"KSES530SBE 30"" Elect Range BO Display Only",Requires_Authoritative_Taxonomy_LOV,"Belongs to Lighting, Appliance, PPE, or Wiring taxonomy branch not present in current 21-category schema"
GCFG3661AF,Appliance Dealers Cooperative (APPDE),"GCFG3661AF 36"" Frigidaire Gas Range SS",Requires_Authoritative_Taxonomy_LOV,"Belongs to Lighting, Appliance, PPE, or Wiring taxonomy branch not present in current 21-category schema"
WSGS7530RZ,Appliance Dealers Cooperative (APPDE),"WSGS7530RZ 30"" Gas Range SS - Display Only",Requires_Authoritative_Taxonomy_LOV,"Belongs to Lighting, Appliance, PPE, or Wiring taxonomy branch not present in current 21-category schema"
CHP90301TBB,Appliance Dealers Cooperative (APPDE),CHP90301TBB Café Cooktop Bk,Requires_Authoritative_Taxonomy_LOV,"Belongs to Lighting, Appliance, PPE, or Wiring taxonomy branch not present in current 21-category schema"
CVM517P3RD1,Appliance Dealers Cooperative (APPDE),CVM517P3RD1 Cafe Microwave Bk - Display,Requires_Authoritative_Taxonomy_LOV,"Belongs to Lighting, Appliance, PPE, or Wiring taxonomy branch not present in current 21-category schema"
PMOS1980AF,Appliance Dealers Cooperative (APPDE),PMOS1980AF OTR Microwave SS - Display Only,Requires_Authoritative_Taxonomy_LOV,"Belongs to Lighting, Appliance, PPE, or Wiring taxonomy branch not present in current 21-category schema"
WMMS3330RZ,Appliance Dealers Cooperative (APPDE),WMMS3330RZ OTR Mocrowave SS - Display Only,Requires_Authoritative_Taxonomy_LOV,"Belongs to Lighting, Appliance, PPE, or Wiring taxonomy branch not present in current 21-category schema"
KMMF530PBE,Appliance Dealers Cooperative (APPDE),KMMF530PBE OTR Microwave BO Display Only,Requires_Authoritative_Taxonomy_LOV,"Belongs to Lighting, Appliance, PPE, or Wiring taxonomy branch not present in current 21-category schema"
JXGRILL1,Appliance Dealers Cooperative (APPDE),JXGRILL1 GE Range Grill,Requires_Authoritative_Taxonomy_LOV,"Belongs to Lighting, Appliance, PPE, or Wiring taxonomy branch not present in current 21-category schema"
C9TMA2S3PD3,Appliance Dealers Cooperative (APPDE),C9TMA2S3PD3 Café Toaster MB,Requires_Authoritative_Taxonomy_LOV,"Belongs to Lighting, Appliance, PPE, or Wiring taxonomy branch not present in current 21-category schema"
C9TMA2S4PW3,Appliance Dealers Cooperative (APPDE),C9TMA2S4PW3 Café Toaster MW,Requires_Authoritative_Taxonomy_LOV,"Belongs to Lighting, Appliance, PPE, or Wiring taxonomy branch not present in current 21-category schema"
C90AAAS2RS3,Appliance Dealers Cooperative (APPDE),C90AAAS2RS3 Cafe Toast Oven SS,Requires_Authoritative_Taxonomy_LOV,"Belongs to Lighting, Appliance, PPE, or Wiring taxonomy branch not present in current 21-category schema"
C9TMA2SP2PS3,Appliance Dealers Cooperative (APPDE),C9TMA2S2PS3 Cafe Toaster SS,Requires_Authoritative_Taxonomy_LOV,"Belongs to Lighting, Appliance, PPE, or Wiring taxonomy branch not present in current 21-category schema"
GDE21EMKES,Appliance Dealers Cooperative (APPDE),GDE21EMKES GE 21CF Fridge SL Display Only,Requires_Authoritative_Taxonomy_LOV,"Belongs to Lighting, Appliance, PPE, or Wiring taxonomy branch not present in current 21-category schema"
FCM16SLWW,Appliance Dealers Cooperative (APPDE),FCM16SLWW 16CF GE Freezer Chest MH,Requires_Authoritative_Taxonomy_LOV,"Belongs to Lighting, Appliance, PPE, or Wiring taxonomy branch not present in current 21-category schema"
GNE27JYMFS,Appliance Dealers Cooperative (APPDE),GNE27JYMFS GE Fridge SS,Requires_Authoritative_Taxonomy_LOV,"Belongs to Lighting, Appliance, PPE, or Wiring taxonomy branch not present in current 21-category schema"
CVE28DP3ND1,Appliance Dealers Cooperative (APPDE),CVE28DP3ND1 Cafe Fridge Bk,Requires_Authoritative_Taxonomy_LOV,"Belongs to Lighting, Appliance, PPE, or Wiring taxonomy branch not present in current 21-category schema"
GNE25JMKES,Appliance Dealers Cooperative (APPDE),GNE25JMKES GE Fridge Slate - Display,Requires_Authoritative_Taxonomy_LOV,"Belongs to Lighting, Appliance, PPE, or Wiring taxonomy branch not present in current 21-category schema"
PRFS2883AF,Appliance Dealers Cooperative (APPDE),"PRFS2883AF 36"" Fridge SS - Display Only",Requires_Authoritative_Taxonomy_LOV,"Belongs to Lighting, Appliance, PPE, or Wiring taxonomy branch not present in current 21-category schema"
PAD28BYTFS,Appliance Dealers Cooperative (APPDE),PAD28BYTFS GE Fridge SS,Requires_Authoritative_Taxonomy_LOV,"Belongs to Lighting, Appliance, PPE, or Wiring taxonomy branch not present in current 21-category schema"
PGE29BYTFS,Appliance Dealers Cooperative (APPDE),PGE29BYTFS GE Fridge SS,Requires_Authoritative_Taxonomy_LOV,"Belongs to Lighting, Appliance, PPE, or Wiring taxonomy branch not present in current 21-category schema"
ERFD19CGCS,Appliance Dealers Cooperative (APPDE),ERFD19CGCS Element Fridge SS,Requires_Authoritative_Taxonomy_LOV,"Belongs to Lighting, Appliance, PPE, or Wiring taxonomy branch not present in current 21-category schema"
LT18S2100W,Appliance Dealers Cooperative (APPDE),LT18S2100W LG Fridge Wh,Requires_Authoritative_Taxonomy_LOV,"Belongs to Lighting, Appliance, PPE, or Wiring taxonomy branch not present in current 21-category schema"
LT18S2100SS,Appliance Dealers Cooperative (APPDE),LT18S2100S 18CF LG Fridge SS,Requires_Authoritative_Taxonomy_LOV,"Belongs to Lighting, Appliance, PPE, or Wiring taxonomy branch not present in current 21-category schema"
EUF17CDBW,Appliance Dealers Cooperative (APPDE),EUF17CDBW Element 17CF Freezer - Upright,Requires_Authoritative_Taxonomy_LOV,"Belongs to Lighting, Appliance, PPE, or Wiring taxonomy branch not present in current 21-category schema"
EUF21CDBW,Appliance Dealers Cooperative (APPDE),EUF21CDBW Element 21CF Freezer - Upright,Requires_Authoritative_Taxonomy_LOV,"Belongs to Lighting, Appliance, PPE, or Wiring taxonomy branch not present in current 21-category schema"
K527APBXR,Senco Products Inc (4650),"K527APBXR Senco .131x3"" SM BB - 500CT",Resolvable_From_Raw_Text,Contains descriptive text tokens suitable for deterministic rule matching if taxonomy is expanded
51334,Hunter Fan Co (4381),"51334 44"" Wh Gilmour Fan",Resolvable_From_Raw_Text,Contains descriptive text tokens suitable for deterministic rule matching if taxonomy is expanded
59210,Hunter Fan Co (4381),"59210 52"" BZ Sent Hunter Fan",Resolvable_From_Raw_Text,Contains descriptive text tokens suitable for deterministic rule matching if taxonomy is expanded
52485,Hunter Fan Co (4381),"52485 52"" MB Anisten Fan",Resolvable_From_Raw_Text,Contains descriptive text tokens suitable for deterministic rule matching if taxonomy is expanded
52486,Hunter Fan Co (4381),"52486 44"" MB Anisten Fan",Resolvable_From_Raw_Text,Contains descriptive text tokens suitable for deterministic rule matching if taxonomy is expanded
52487,Hunter Fan Co (4381),"52487 52"" WH Anisten Fan",Resolvable_From_Raw_Text,Contains descriptive text tokens suitable for deterministic rule matching if taxonomy is expanded
52488,Hunter Fan Co (4381),"52488 44"" WH Anisten Fan",Resolvable_From_Raw_Text,Contains descriptive text tokens suitable for deterministic rule matching if taxonomy is expanded
52655,Hunter Fan Co (4381),"52655 52"" MB Xidane Hunter Fan",Resolvable_From_Raw_Text,Contains descriptive text tokens suitable for deterministic rule matching if taxonomy is expanded
59261,Hunter Fan Co (4381),"59261 52"" PB Cassius Fan",Resolvable_From_Raw_Text,Contains descriptive text tokens suitable for deterministic rule matching if taxonomy is expanded
51731,Hunter Fan Co (4381),"51731 52"" MB Jetty Hunter Fan",Resolvable_From_Raw_Text,Contains descriptive text tokens suitable for deterministic rule matching if taxonomy is expanded
HS-DA,Sabre (9195),HS-DA Motion Driveway Alert,Resolvable_From_Raw_Text,Contains descriptive text tokens suitable for deterministic rule matching if taxonomy is expanded
48-22-8396R,Milwaukee Accessory (4031),48-22-8396R Milw 24oz Bottle - Insulated,Requires_Manufacturer_Web_Evidence,Specialty accessory requiring live manufacturer specification page retrieval
48-22-8397R,Milwaukee Accessory (4031),48-22-8397R Milw 36oz Bottle - Insulated,Requires_Manufacturer_Web_Evidence,Specialty accessory requiring live manufacturer specification page retrieval
DCGG581B,Black & Decker/dewlt (2585),DCGG581B Dewalt 20V Grease Gun 2-Speed,Requires_Manufacturer_Web_Evidence,Specialty accessory requiring live manufacturer specification page retrieval
DCGG581GD1,Black & Decker/dewlt (2585),DCGG581GD1 Dewalt 20V Grease Gun 2-Speed Kit,Requires_Manufacturer_Web_Evidence,Specialty accessory requiring live manufacturer specification page retrieval
DWST41092,Black & Decker/dewlt (2585),"DWST41092 Dewalt Tool Chest 41"" Bottom",Requires_Manufacturer_Web_Evidence,Specialty accessory requiring live manufacturer specification page retrieval
156436WHT,Palmer Donavin Mfg Company (PALDO),156436 Wh 4x4x120 Post Wrap,Resolvable_From_Raw_Text,Contains descriptive text tokens suitable for deterministic rule matching if taxonomy is expanded
173950TBK,Palmer Donavin Mfg Company (PALDO),"4""x8'-6"" DSI SQ Black Alum Post Wrap",Resolvable_From_Raw_Text,Contains descriptive text tokens suitable for deterministic rule matching if taxonomy is expanded
173951TBK,Palmer Donavin Mfg Company (PALDO),"6""x8'-6"" DSI SQ Black Alum Post Wrap",Resolvable_From_Raw_Text,Contains descriptive text tokens suitable for deterministic rule matching if taxonomy is expanded
173952TBK,Palmer Donavin Mfg Company (PALDO),"6""x10' DSI SQ Black Alum Post Wrap",Resolvable_From_Raw_Text,Contains descriptive text tokens suitable for deterministic rule matching if taxonomy is expanded
1624157,-,TW52 WH INSIDE CAS VIN WRAPPED,Resolvable_From_Raw_Text,Contains descriptive text tokens suitable for deterministic rule matching if taxonomy is expanded
40025,Marshalltown Trowel (5155),40025 TS-54 Wal-Board T-Square 009-008,Resolvable_From_Raw_Text,Contains descriptive text tokens suitable for deterministic rule matching if taxonomy is expanded
48-22-3301,Milwaukee Accessory (4031),48-22-3301 Milw Mechanical Pencil w/ Lead Pack,Requires_Manufacturer_Web_Evidence,Specialty accessory requiring live manufacturer specification page retrieval
48-22-3302,Milwaukee Accessory (4031),48-22-3302 Milw Mechanical Pencil Replacement Lead,Requires_Manufacturer_Web_Evidence,Specialty accessory requiring live manufacturer specification page retrieval
48-22-3303,Milwaukee Accessory (4031),48-22-3303 Milw Mechanical Pencil Replacement Lead-Color,Requires_Manufacturer_Web_Evidence,Specialty accessory requiring live manufacturer specification page retrieval
TSDKAP218-G2,Edge Eyewear Inc (EDGSA),TSDKAP218-G2 Edge Safety - Khor Black Frame Polarized,Requires_Authoritative_Taxonomy_LOV,"Belongs to Lighting, Appliance, PPE, or Wiring taxonomy branch not present in current 21-category schema"
XPAP418,Edge Eyewear Inc (EDGSA),XPAP418 Edge Safety Glasses - Pumori Black Frame,Requires_Authoritative_Taxonomy_LOV,"Belongs to Lighting, Appliance, PPE, or Wiring taxonomy branch not present in current 21-category schema"
XDAP419,Edge Eyewear Inc (EDGSA),XDAP419 Edge Safety Glasses - Dawson Black Frame Red Lenses,Requires_Authoritative_Taxonomy_LOV,"Belongs to Lighting, Appliance, PPE, or Wiring taxonomy branch not present in current 21-category schema"
XB11PCVS,Edge Eyewear Inc (EDGSA),XB11PCVS Edge Safety Glasses - Photochromic Lense,Requires_Authoritative_Taxonomy_LOV,"Belongs to Lighting, Appliance, PPE, or Wiring taxonomy branch not present in current 21-category schema"
KB121VS,Edge Eyewear Inc (EDGSA),KB121VS Edge Safety Glasses - Kabru Black Frame,Requires_Authoritative_Taxonomy_LOV,"Belongs to Lighting, Appliance, PPE, or Wiring taxonomy branch not present in current 21-category schema"
KB126VS,Edge Eyewear Inc (EDGSA),KB126VS Edge Safety Glasses - Kabru Black Frame,Requires_Authoritative_Taxonomy_LOV,"Belongs to Lighting, Appliance, PPE, or Wiring taxonomy branch not present in current 21-category schema"
TC121VS,Edge Eyewear Inc (EDGSA),TC121VS Edge Safety Glasses - Tacana Black Frame,Requires_Authoritative_Taxonomy_LOV,"Belongs to Lighting, Appliance, PPE, or Wiring taxonomy branch not present in current 21-category schema"
TC126VS,Edge Eyewear Inc (EDGSA),TC126VS Edge Safety Glasses - Tacana Black Frame,Requires_Authoritative_Taxonomy_LOV,"Belongs to Lighting, Appliance, PPE, or Wiring taxonomy branch not present in current 21-category schema"
MK113MPAP,Edge Eyewear Inc (EDGSA),MK113MPAP Edge Safety Glasses - Makalu Black Frame Polarized,Requires_Authoritative_Taxonomy_LOV,"Belongs to Lighting, Appliance, PPE, or Wiring taxonomy branch not present in current 21-category schema"
LS117MPAP,Edge Eyewear Inc (EDGSA),LS117MPAP Edge Safety Glasses - Lassen Black Frame Polarized,Requires_Authoritative_Taxonomy_LOV,"Belongs to Lighting, Appliance, PPE, or Wiring taxonomy branch not present in current 21-category schema"
FE-EFX-6L,Ohio Firewatch Protection Inc (HOLFS),FEEFX6L Lith Fire Extinguisher,Resolvable_From_Raw_Text,Contains descriptive text tokens suitable for deterministic rule matching if taxonomy is expanded
FE-EFX-9L,Ohio Firewatch Protection Inc (HOLFS),FEEFX9L Lith Fire Extinguisher,Resolvable_From_Raw_Text,Contains descriptive text tokens suitable for deterministic rule matching if taxonomy is expanded
1046793,First Alert - B R K Brands (2754),1046793 Smoke & CO Alarm,Resolvable_From_Raw_Text,Contains descriptive text tokens suitable for deterministic rule matching if taxonomy is expanded
1046870,First Alert - B R K Brands (2754),1046870 Smoke & CO Alarm,Resolvable_From_Raw_Text,Contains descriptive text tokens suitable for deterministic rule matching if taxonomy is expanded
M701B-21L,Milwaukee Accessory (4031),M701B-21L Milw L Black Heated Work Glove Liners,Requires_Authoritative_Taxonomy_LOV,"Belongs to Lighting, Appliance, PPE, or Wiring taxonomy branch not present in current 21-category schema"
M701B-21M,Milwaukee Accessory (4031),M701B-21M Milw M Black Heated Work Glove Liners,Requires_Authoritative_Taxonomy_LOV,"Belongs to Lighting, Appliance, PPE, or Wiring taxonomy branch not present in current 21-category schema"
M701B-21S,Milwaukee Accessory (4031),M701B-21S Milw S Black Heated Work Glove Liners,Requires_Authoritative_Taxonomy_LOV,"Belongs to Lighting, Appliance, PPE, or Wiring taxonomy branch not present in current 21-category schema"
M701B-21XL,Milwaukee Accessory (4031),M701B-21XL Milw XL Black Heated Work Glove Liners,Requires_Authoritative_Taxonomy_LOV,"Belongs to Lighting, Appliance, PPE, or Wiring taxonomy branch not present in current 21-category schema"
MWUG42010124,Tech Gear 5.7 Inc (TECGE),UTW Pro Heated Glove Blk XS,Requires_Authoritative_Taxonomy_LOV,"Belongs to Lighting, Appliance, PPE, or Wiring taxonomy branch not present in current 21-category schema"
MWUG42010224,Tech Gear 5.7 Inc (TECGE),UTW Pro Heated Glove Blk SM,Requires_Authoritative_Taxonomy_LOV,"Belongs to Lighting, Appliance, PPE, or Wiring taxonomy branch not present in current 21-category schema"
MWUG42010324,Tech Gear 5.7 Inc (TECGE),UTW Pro Heated Glove Blk MD,Requires_Authoritative_Taxonomy_LOV,"Belongs to Lighting, Appliance, PPE, or Wiring taxonomy branch not present in current 21-category schema"
MWUG42010424,Tech Gear 5.7 Inc (TECGE),UTW Pro Heated Glove Blk LG,Requires_Authoritative_Taxonomy_LOV,"Belongs to Lighting, Appliance, PPE, or Wiring taxonomy branch not present in current 21-category schema"
MWUG42010524,Tech Gear 5.7 Inc (TECGE),UTW Pro Heated Glove Blk XL,Requires_Authoritative_Taxonomy_LOV,"Belongs to Lighting, Appliance, PPE, or Wiring taxonomy branch not present in current 21-category schema"
MWUG42010624,Tech Gear 5.7 Inc (TECGE),UTW Pro Heated Glove Blk 2X,Requires_Authoritative_Taxonomy_LOV,"Belongs to Lighting, Appliance, PPE, or Wiring taxonomy branch not present in current 21-category schema"
MWUG36010225,Tech Gear 5.7 Inc (TECGE),MWUG36010225 BLK SM Aerial Snow Heated Glove,Requires_Authoritative_Taxonomy_LOV,"Belongs to Lighting, Appliance, PPE, or Wiring taxonomy branch not present in current 21-category schema"
MWUG36010325,Tech Gear 5.7 Inc (TECGE),MWUG36010325 BLK MD Aerial Snow Heated Glove,Requires_Authoritative_Taxonomy_LOV,"Belongs to Lighting, Appliance, PPE, or Wiring taxonomy branch not present in current 21-category schema"
MWUG36010425,Tech Gear 5.7 Inc (TECGE),MWUG36010425 BLK LG Aerial Snow Heated Glove,Requires_Authoritative_Taxonomy_LOV,"Belongs to Lighting, Appliance, PPE, or Wiring taxonomy branch not present in current 21-category schema"
MWUG36010525,Tech Gear 5.7 Inc (TECGE),MWUG36010525 BLK XL Aerial Snow Heated Glove,Requires_Authoritative_Taxonomy_LOV,"Belongs to Lighting, Appliance, PPE, or Wiring taxonomy branch not present in current 21-category schema"
MWUG36010625,Tech Gear 5.7 Inc (TECGE),MWUG36010625 BLK 2X Aerial Snow Heated Glove,Requires_Authoritative_Taxonomy_LOV,"Belongs to Lighting, Appliance, PPE, or Wiring taxonomy branch not present in current 21-category schema"
DPG15,Radians (7363),DPG15 Dewalt AM/FM Hearing Protector,Resolvable_From_Raw_Text,Contains descriptive text tokens suitable for deterministic rule matching if taxonomy is expanded
F200B-21L,Milwaukee Accessory (4031),F200B-21L Milw M12 Womens - BLK Heated Hoodie Kit L,Requires_Manufacturer_Web_Evidence,Specialty accessory requiring live manufacturer specification page retrieval
F200B-21M,Milwaukee Accessory (4031),F200B-21M Milw M12 Womens - BLK Heated Hoodie Kit M,Requires_Manufacturer_Web_Evidence,Specialty accessory requiring live manufacturer specification page retrieval
M200B-21L,Milwaukee Accessory (4031),M200B-21L Milw M12 BLK - Heated Hoodie Kit L,Requires_Manufacturer_Web_Evidence,Specialty accessory requiring live manufacturer specification page retrieval
M200B-21M,Milwaukee Accessory (4031),M200B-21M Milw M12 BLK - Heated Hoodie Kit M,Requires_Manufacturer_Web_Evidence,Specialty accessory requiring live manufacturer specification page retrieval
M200B-21XL,Milwaukee Accessory (4031),M200B-21XL Milw M12 BLK - Heated Hoodie Kit XL,Requires_Manufacturer_Web_Evidence,Specialty accessory requiring live manufacturer specification page retrieval
M200G-21L,Milwaukee Accessory (4031),M200G-21L Milw M12 Gray - Heated Hoodie Kit L,Requires_Manufacturer_Web_Evidence,Specialty accessory requiring live manufacturer specification page retrieval
M200G-21M,Milwaukee Accessory (4031),M200G-21M Milw M12 Gray - Heated Hoodie Kit M,Requires_Manufacturer_Web_Evidence,Specialty accessory requiring live manufacturer specification page retrieval
M200G-21XL,Milwaukee Accessory (4031),M200G-21XL Milw M12 Gray - Heated Hoodie Kit XL,Requires_Manufacturer_Web_Evidence,Specialty accessory requiring live manufacturer specification page retrieval
48-11-2330,Milwaukee Accessory (4031),48-11-2330 Milw Heated Gear Power Source,Requires_Manufacturer_Web_Evidence,Specialty accessory requiring live manufacturer specification page retrieval
DCBP250C,Black & Decker/dewlt (2585),DCBP520C Dewalt Starter Kit,Requires_Manufacturer_Web_Evidence,Specialty accessory requiring live manufacturer specification page retrieval
5328,-,5328 Lg. Leather Phone Holster - Clip-on,Resolvable_From_Raw_Text,Contains descriptive text tokens suitable for deterministic rule matching if taxonomy is expanded
3200-20,Milwaukee Accessory (4031),3200-20 Milw Voltage Detector,Requires_Manufacturer_Web_Evidence,Specialty accessory requiring live manufacturer specification page retrieval
3202-20,Milwaukee Accessory (4031),3202-20 Milw Voltage Detector w/ LED,Requires_Manufacturer_Web_Evidence,Specialty accessory requiring live manufacturer specification page retrieval
3203-20,Milwaukee Accessory (4031),3203-20 Milw Dual Range Voltage Detector w/ LED,Requires_Authoritative_Taxonomy_LOV,"Belongs to Lighting, Appliance, PPE, or Wiring taxonomy branch not present in current 21-category schema"
BC-12300,Woodpeckers Inc (WOODP),"BC-12300 BigCal 12""/300mm",Genuinely_Ambiguous,"Cryptic short description without brand, manufacturer, or product type context"
BC-24600,Woodpeckers Inc (WOODP),"BC-24600 BigCal 24""/600mm",Genuinely_Ambiguous,"Cryptic short description without brand, manufacturer, or product type context"
DW08302CG,Black & Decker/dewlt (2585),DW08302CG Dewalt Laser - Green 3 Spot,Requires_Manufacturer_Web_Evidence,Specialty accessory requiring live manufacturer specification page retrieval
GCL165-42GL,Robt Bosch Tool Corp (6564),GCL165--42GL Cross Line Laser,Requires_Manufacturer_Web_Evidence,Specialty accessory requiring live manufacturer specification page retrieval
DW08802CG,Black & Decker/dewlt (2585),DW08802CG Dewalt Laser Green - Self-Level Cross Line,Requires_Manufacturer_Web_Evidence,Specialty accessory requiring live manufacturer specification page retrieval
DW088CG,Black & Decker/dewlt (2585),DW088CG Dewalt Laser - Green Cross Line,Requires_Manufacturer_Web_Evidence,Specialty accessory requiring live manufacturer specification page retrieval
DW089CG,Black & Decker/dewlt (2585),DW089CG Dewalt Laser Level - 3 Line 30ft Range,Requires_Authoritative_Taxonomy_LOV,"Belongs to Lighting, Appliance, PPE, or Wiring taxonomy branch not present in current 21-category schema"
DW0822CG,Black & Decker/dewlt (2585),DW0822CG Dewalt Cross Line - Plumb Spots Laser-Green,Requires_Manufacturer_Web_Evidence,Specialty accessory requiring live manufacturer specification page retrieval
25459,U S Tape Company (6694),25459 Mason Line Brd Orange - 500',Requires_Authoritative_Taxonomy_LOV,"Belongs to Lighting, Appliance, PPE, or Wiring taxonomy branch not present in current 21-category schema"
35459,U S Tape Company (6694),35459 Mason Line Brd Orange - 500' Replacement,Requires_Authoritative_Taxonomy_LOV,"Belongs to Lighting, Appliance, PPE, or Wiring taxonomy branch not present in current 21-category schema"
25759,U S Tape Company (6694),25759 Mason Line Brd Orange - 1000',Requires_Authoritative_Taxonomy_LOV,"Belongs to Lighting, Appliance, PPE, or Wiring taxonomy branch not present in current 21-category schema"
35112,U S Tape Company (6694),35112 Mason Line Twist Yellow - 270',Resolvable_From_Raw_Text,Contains descriptive text tokens suitable for deterministic rule matching if taxonomy is expanded
35115,U S Tape Company (6694),35115 Mason Line Twist Green - 270',Resolvable_From_Raw_Text,Contains descriptive text tokens suitable for deterministic rule matching if taxonomy is expanded
25168,U S Tape Company (6694),25168 Mason Line Brd Green - 250',Resolvable_From_Raw_Text,Contains descriptive text tokens suitable for deterministic rule matching if taxonomy is expanded
35468,U S Tape Company (6694),35468 Mason Line Brd Green - 500' Replacement,Resolvable_From_Raw_Text,Contains descriptive text tokens suitable for deterministic rule matching if taxonomy is expanded
35494,U S Tape Company (6694),35494 Mason Line Brd Blk/Yellw - 500' Replacement,Resolvable_From_Raw_Text,Contains descriptive text tokens suitable for deterministic rule matching if taxonomy is expanded
MLSQ0120,Milwaukee Accessory (4031),"MLSQ0120 Milw 12"" RafterSquare",Requires_Manufacturer_Web_Evidence,Specialty accessory requiring live manufacturer specification page retrieval
MLSQ1120,Milwaukee Accessory (4031),MLSQ1120 Milw 300mm Rafter - Square (Metric),Requires_Manufacturer_Web_Evidence,Specialty accessory requiring live manufacturer specification page retrieval
37300952,-,"095842 Fisch Plug Cutter 3/8""",Resolvable_From_Raw_Text,Contains descriptive text tokens suitable for deterministic rule matching if taxonomy is expanded
DCF6202,Black & Decker/dewlt (2585),DCF6202 Dewalt Collated Attach,Requires_Manufacturer_Web_Evidence,Specialty accessory requiring live manufacturer specification page retrieval
25468,U S Tape Company (6694),25468 Mason Line Brd Green - 500',Resolvable_From_Raw_Text,Contains descriptive text tokens suitable for deterministic rule matching if taxonomy is expanded
25762,U S Tape Company (6694),25762 Mason Line Brd Pink - 1000',Resolvable_From_Raw_Text,Contains descriptive text tokens suitable for deterministic rule matching if taxonomy is expanded
133164,Wera Tools NA Inc (WERTO),133164 950/9 Hex Plus Spks - Multicolor,Resolvable_From_Raw_Text,Contains descriptive text tokens suitable for deterministic rule matching if taxonomy is expanded
DWHT10993,Black & Decker/dewlt (2585),DWHT10993 Folding Knife,Requires_Manufacturer_Web_Evidence,Specialty accessory requiring live manufacturer specification page retrieval
DWHT10994,Black & Decker/dewlt (2585),DWHT10994 Folding Knife,Requires_Manufacturer_Web_Evidence,Specialty accessory requiring live manufacturer specification page retrieval
QB22RU,Vessel Tools USA Inc (VESTO),QB22RU Vessel Carrying Bit Holder (Red),Requires_Manufacturer_Web_Evidence,Specialty accessory requiring live manufacturer specification page retrieval
QB22KU,Vessel Tools USA Inc (VESTO),QB22KU Vessel Carrying Bit Holder (Black),Requires_Manufacturer_Web_Evidence,Specialty accessory requiring live manufacturer specification page retrieval
AVM6EV,Malco Prod (2370),AVM6 EV Mini Snip Red,Resolvable_From_Raw_Text,Contains descriptive text tokens suitable for deterministic rule matching if taxonomy is expanded
AVM6EV,Malco Prod (2370),AVM7 EV Mini Snip Green,Resolvable_From_Raw_Text,Contains descriptive text tokens suitable for deterministic rule matching if taxonomy is expanded
DSA0250B,Freud Inc (2435),"DSA0250B 1/4"" Square x1/4"" Hex - Socket Adapter",Requires_Authoritative_Taxonomy_LOV,"Belongs to Lighting, Appliance, PPE, or Wiring taxonomy branch not present in current 21-category schema"
DSA0375B,Freud Inc (2435),"DSA0375B 3/8"" Square x1/4"" Hex - Socket Adapter",Requires_Authoritative_Taxonomy_LOV,"Belongs to Lighting, Appliance, PPE, or Wiring taxonomy branch not present in current 21-category schema"
DSA0500B,Freud Inc (2435),"DSA0500B 1/2"" Square x1/4"" Hex - Socket Adapter",Requires_Authoritative_Taxonomy_LOV,"Belongs to Lighting, Appliance, PPE, or Wiring taxonomy branch not present in current 21-category schema"
42-04-9107,Milwaukee Accessory (4031),"42-04-9107 Milw 3/8"" Drive Universal Joint",Requires_Manufacturer_Web_Evidence,Specialty accessory requiring live manufacturer specification page retrieval
48-22-9491,Milwaukee Accessory (4031),48-22-9491 Milw 242pc Ratchet & Socket Set 4-Drawer Tool Box,Requires_Authoritative_Taxonomy_LOV,"Belongs to Lighting, Appliance, PPE, or Wiring taxonomy branch not present in current 21-category schema"
DWMT45422,Black & Decker/dewlt (2585),"DWMT45422 Dewalt 1/4"" Drive - 50pc Mechanics Set",Requires_Manufacturer_Web_Evidence,Specialty accessory requiring live manufacturer specification page retrieval
DWMT45424,Black & Decker/dewlt (2585),"DWMT45424 Dewalt 3/8"" Drive - 84pc Mechanics Set",Requires_Manufacturer_Web_Evidence,Specialty accessory requiring live manufacturer specification page retrieval
48-22-9483,Milwaukee Accessory (4031),48-22-9483 Milw Packout 15pc - Metric Wrench Set,Requires_Manufacturer_Web_Evidence,Specialty accessory requiring live manufacturer specification page retrieval
48-22-9484,Milwaukee Accessory (4031),48-22-9484 Milw Packout 15pc - SAE Wrench Set,Requires_Manufacturer_Web_Evidence,Specialty accessory requiring live manufacturer specification page retrieval
48-22-9485,Milwaukee Accessory (4031),48-22-9485 Milw Packout 30pc - Metric & SAE Wrench Set,Requires_Manufacturer_Web_Evidence,Specialty accessory requiring live manufacturer specification page retrieval
48-44-2770,Milwaukee Accessory (4031),48-44-2770 Milw Pole Pruning - Shears Replacement Blade,Requires_Manufacturer_Web_Evidence,Specialty accessory requiring live manufacturer specification page retrieval
IWHT48441RC,Irwin Industrial Tools (5863),IWHT48441RC Irwin 100ft - Red Chalk & Reel Set,Resolvable_From_Raw_Text,Contains descriptive text tokens suitable for deterministic rule matching if taxonomy is expanded
2954-20,Milwaukee Accessory (4031),2954-20 Milw M18 Bluetooth Jobsite Speaker,Requires_Manufacturer_Web_Evidence,Specialty accessory requiring live manufacturer specification page retrieval
2955-20,Milwaukee Accessory (4031),2955-20 Milw M12 Bluetooth - Jobsite Speaker w/Packout,Requires_Manufacturer_Web_Evidence,Specialty accessory requiring live manufacturer specification page retrieval
9A-219-180,Mirka Abrasives Inc (MIRUS),9A-219-180 Abranet 4x6x6,Genuinely_Ambiguous,"Cryptic short description without brand, manufacturer, or product type context"
9A-219-120RP,Mirka Abrasives Inc (MIRUS),9A-219-120RP Abranet 4x6x6,Genuinely_Ambiguous,"Cryptic short description without brand, manufacturer, or product type context"
DZN930,Black & Decker/dewlt (2585),DZN930 Dewalt 30 Degree - Framing Magazine,Requires_Manufacturer_Web_Evidence,Specialty accessory requiring live manufacturer specification page retrieval
DPH12B,Freud Inc (2435),"DPH12B 2"" #1 Phillips Drive - Bit",Requires_Manufacturer_Web_Evidence,Specialty accessory requiring live manufacturer specification page retrieval
DPH135B,Freud Inc (2435),"DPH135B 3-1/2"" #1 Phillips - Drive Bit",Requires_Manufacturer_Web_Evidence,Specialty accessory requiring live manufacturer specification page retrieval
DPH21B,Freud Inc (2435),"DPH21B 1"" #2 Phillips Drive - Bit",Requires_Manufacturer_Web_Evidence,Specialty accessory requiring live manufacturer specification page retrieval
DPH22B,Freud Inc (2435),"DPH22B 2"" #2 Phillips Drive - Bit",Requires_Manufacturer_Web_Evidence,Specialty accessory requiring live manufacturer specification page retrieval
DPH235B,Freud Inc (2435),"DPH235B 3-1/2"" #2 Phillips - Drive Bit",Requires_Manufacturer_Web_Evidence,Specialty accessory requiring live manufacturer specification page retrieval
DPH26B,Freud Inc (2435),"DPH26B 6"" #2 Phillips Drive - Bit",Requires_Manufacturer_Web_Evidence,Specialty accessory requiring live manufacturer specification page retrieval
DPH2R1B,Freud Inc (2435),"DPH2R1B 1"" #2 Phillips Drywall - Screws Drive Bit",Requires_Manufacturer_Web_Evidence,Specialty accessory requiring live manufacturer specification page retrieval
DPH31B,Freud Inc (2435),"DPH31B 1"" #3 Phillips Drive - Bit",Requires_Manufacturer_Web_Evidence,Specialty accessory requiring live manufacturer specification page retrieval
DPH32B,Freud Inc (2435),"DPH32B 2"" #3 Phillips Drive - Bit",Requires_Manufacturer_Web_Evidence,Specialty accessory requiring live manufacturer specification page retrieval
DPH335B,Freud Inc (2435),"DPH335B 3-1/2"" #3 Phillips - Drive Bit",Requires_Manufacturer_Web_Evidence,Specialty accessory requiring live manufacturer specification page retrieval
DSQ12B,Freud Inc (2435),"DSQ12B 2"" #1 Square Drive Bit",Requires_Manufacturer_Web_Evidence,Specialty accessory requiring live manufacturer specification page retrieval
DSQ22B,Freud Inc (2435),"DSQ22B 2"" #2 Square Drive Bit",Requires_Manufacturer_Web_Evidence,Specialty accessory requiring live manufacturer specification page retrieval
DSQ26B,Freud Inc (2435),"DSQ26B 6"" #2 Square Drive Bit",Requires_Manufacturer_Web_Evidence,Specialty accessory requiring live manufacturer specification page retrieval
DSQ32B,Freud Inc (2435),"DSQ32B 2"" #3 Square Drive Bit",Requires_Manufacturer_Web_Evidence,Specialty accessory requiring live manufacturer specification page retrieval
DT102B,Freud Inc (2435),"DT102B 2"" #10 Torx Drive Bit",Requires_Manufacturer_Web_Evidence,Specialty accessory requiring live manufacturer specification page retrieval
DT152B,Freud Inc (2435),"DT152B 2"" #15 Torx Drive Bit",Requires_Manufacturer_Web_Evidence,Specialty accessory requiring live manufacturer specification page retrieval
DT1535B,Freud Inc (2435),"DT1535B 3-1/2"" #15 Torx Drive - Bit",Requires_Manufacturer_Web_Evidence,Specialty accessory requiring live manufacturer specification page retrieval
DT202B,Freud Inc (2435),"DT202B 2"" #20 Torx Drive Bit",Requires_Manufacturer_Web_Evidence,Specialty accessory requiring live manufacturer specification page retrieval
DT2035B,Freud Inc (2435),"DT2035B 3-1/2"" #20 Torx Drive - Bit",Requires_Manufacturer_Web_Evidence,Specialty accessory requiring live manufacturer specification page retrieval
DT206B,Freud Inc (2435),"DT206B 6"" #20 Torx Drive Bit",Requires_Manufacturer_Web_Evidence,Specialty accessory requiring live manufacturer specification page retrieval
DT252B,Freud Inc (2435),"DT252B 2"" #25 Trox Drive Bit",Requires_Manufacturer_Web_Evidence,Specialty accessory requiring live manufacturer specification page retrieval
DT2535B,Freud Inc (2435),"DT2535B 3-1/4"" #25 Torx Drive - Bit",Requires_Manufacturer_Web_Evidence,Specialty accessory requiring live manufacturer specification page retrieval
DT256B,Freud Inc (2435),"DT256B 6"" #25 Torx Drive Bit",Requires_Manufacturer_Web_Evidence,Specialty accessory requiring live manufacturer specification page retrieval
DT302B,Freud Inc (2435),"DT302B 2"" #30 Torx Drive Bit",Requires_Manufacturer_Web_Evidence,Specialty accessory requiring live manufacturer specification page retrieval
DT402B,Freud Inc (2435),"DT402B 2"" #40 Torx Drive Bit",Requires_Manufacturer_Web_Evidence,Specialty accessory requiring live manufacturer specification page retrieval
DDWSSB,Freud Inc (2435),DDWSSB #2 Drywall Screw Setter,Requires_Manufacturer_Web_Evidence,Specialty accessory requiring live manufacturer specification page retrieval
191V02-0,Makita Usa Inc (5142),191V02-0 Makita #2 Phillips Bit 5pk,Requires_Manufacturer_Web_Evidence,Specialty accessory requiring live manufacturer specification page retrieval
2761-20,Milwaukee Accessory (4031),"2761-20 Milw M18 1/4"" Hex Hydraulic Driver",Requires_Manufacturer_Web_Evidence,Specialty accessory requiring live manufacturer specification page retrieval
2761-22,Milwaukee Accessory (4031),2761-22 Milw M18 Surge Kit,Requires_Manufacturer_Web_Evidence,Specialty accessory requiring live manufacturer specification page retrieval
DCF510B,Black & Decker/dewlt (2585),Dewalt DCF510B 20V Rachet - Interchangeable Anvil,Requires_Manufacturer_Web_Evidence,Specialty accessory requiring live manufacturer specification page retrieval
3052-20,Milwaukee Accessory (4031),"3052-20 Milw M12 Fuel 1/4"" Rachet",Requires_Manufacturer_Web_Evidence,Specialty accessory requiring live manufacturer specification page retrieval
DCF513EB,Black & Decker/dewlt (2585),"DCF513EB Dewalt 3/8"" Open Head Rachet",Requires_Manufacturer_Web_Evidence,Specialty accessory requiring live manufacturer specification page retrieval
924422,-,924422 Mafell Carpentry - Planing Machine ZH 320 Ec 120V,Resolvable_From_Raw_Text,Contains descriptive text tokens suitable for deterministic rule matching if taxonomy is expanded
DCW620B,Black & Decker/dewlt (2585),DCW620B Dewalt 20V Plunge - Router,Requires_Manufacturer_Web_Evidence,Specialty accessory requiring live manufacturer specification page retrieval
24-35M-320,Mirka Abrasives Inc (MIRUS),"24-35M-320 Iridium Grip - 3.2"" x 5.2"" Grip",Resolvable_From_Raw_Text,Contains descriptive text tokens suitable for deterministic rule matching if taxonomy is expanded
9A-129-120,Mirka Abrasives Inc (MIRUS),9A-129-120 Abranet 3x4 - 50 Sheets/Box,Resolvable_From_Raw_Text,Contains descriptive text tokens suitable for deterministic rule matching if taxonomy is expanded
578800,Festool USA (FESTO),578800 Festool 80x133 M GR PRO/10,Requires_Manufacturer_Web_Evidence,Specialty accessory requiring live manufacturer specification page retrieval
578801,Festool USA (FESTO),578801 Festool 80x133 F GR PRO/10,Requires_Manufacturer_Web_Evidence,Specialty accessory requiring live manufacturer specification page retrieval
578802,Festool USA (FESTO),578802 Festool 80x133 S GR PRO/10,Requires_Manufacturer_Web_Evidence,Specialty accessory requiring live manufacturer specification page retrieval
578808,Festool USA (FESTO),578808 Festool 3x4 M GR PRO/10,Requires_Manufacturer_Web_Evidence,Specialty accessory requiring live manufacturer specification page retrieval
578809,Festool USA (FESTO),578809 Festool 3x4 F GR PRO/10,Requires_Manufacturer_Web_Evidence,Specialty accessory requiring live manufacturer specification page retrieval
578810,Festool USA (FESTO),578810 Festool 3x4 S GR PRO/10,Requires_Manufacturer_Web_Evidence,Specialty accessory requiring live manufacturer specification page retrieval
578811,Festool USA (FESTO),578811 Festool 3x4 GR PRO/10-Set,Requires_Manufacturer_Web_Evidence,Specialty accessory requiring live manufacturer specification page retrieval
578192,Festool USA (FESTO),578192 Festool D 150 GR SYS - Systainer Abrasive Set,Requires_Manufacturer_Web_Evidence,Specialty accessory requiring live manufacturer specification page retrieval
578806,Festool USA (FESTO),578806 Festool Delta S GR PRO/10,Requires_Manufacturer_Web_Evidence,Specialty accessory requiring live manufacturer specification page retrieval
48-41-0740,Milwaukee Accessory (4031),48-41-0740 Milw7-1/4 24TFrming - Blade,Requires_Manufacturer_Web_Evidence,Specialty accessory requiring live manufacturer specification page retrieval
230.312.08,CMT USA Inc (CMTUS),230.312.08 CMT Locked Dado Pro Set,Resolvable_From_Raw_Text,Contains descriptive text tokens suitable for deterministic rule matching if taxonomy is expanded
DWA47421,Black & Decker/dewlt (2585),"DWA47421 Dewalt 14"" Segmented - Rim Diamond Blade",Requires_Manufacturer_Web_Evidence,Specialty accessory requiring live manufacturer specification page retrieval
DWA4769,Black & Decker/dewlt (2585),"DWA4769 Dewalt Rim Glass Tile - Blade 10""",Requires_Manufacturer_Web_Evidence,Specialty accessory requiring live manufacturer specification page retrieval
49-93-9204,Milwaukee Accessory (4031),"49-93-9204 Milw 4-1/2"" Diamond - Tile Blade",Requires_Manufacturer_Web_Evidence,Specialty accessory requiring live manufacturer specification page retrieval
49-93-9207,Milwaukee Accessory (4031),"49-93-9207 Milw 7"" Diamond - Tile Blade",Requires_Manufacturer_Web_Evidence,Specialty accessory requiring live manufacturer specification page retrieval
49-93-9210,Milwaukee Accessory (4031),"49-93-9210 Milw 10"" Diamond - Tile Blade",Requires_Manufacturer_Web_Evidence,Specialty accessory requiring live manufacturer specification page retrieval
49-93-9202,Milwaukee Accessory (4031),"49-93-9202 Milw 4"" Diamond - Tile Blade",Requires_Manufacturer_Web_Evidence,Specialty accessory requiring live manufacturer specification page retrieval
49-93-9205,Milwaukee Accessory (4031),"49-93-9205 Milw 5"" Diamond - Tile Blade",Requires_Manufacturer_Web_Evidence,Specialty accessory requiring live manufacturer specification page retrieval
49-22-4702,Milwaukee Accessory (4031),49-22-4702 Milw 13pc Quik-Lock Hole Dozer Kit,Requires_Manufacturer_Web_Evidence,Specialty accessory requiring live manufacturer specification page retrieval
790.82,CMT USA Inc (CMTUS),790.820 CMT Planer Blade 2pc,Requires_Manufacturer_Web_Evidence,Specialty accessory requiring live manufacturer specification page retrieval
794.321,CMT USA Inc (CMTUS),794.321 HS Planer Knives 3pc,Resolvable_From_Raw_Text,Contains descriptive text tokens suitable for deterministic rule matching if taxonomy is expanded
XT524,Bow Products (BOWPR),"XT524 24"" XT XTENDER Fence",Resolvable_From_Raw_Text,Contains descriptive text tokens suitable for deterministic rule matching if taxonomy is expanded
XT536,Bow Products (BOWPR),"XT536 36"" XT XTENDER Fence",Resolvable_From_Raw_Text,Contains descriptive text tokens suitable for deterministic rule matching if taxonomy is expanded
XT546,Bow Products (BOWPR),"XT546 46"" XT XTENDER Fence",Resolvable_From_Raw_Text,Contains descriptive text tokens suitable for deterministic rule matching if taxonomy is expanded
XTP235,Bow Products (BOWPR),"35"" XTP XTENDER PRO Fence - XTP235",Resolvable_From_Raw_Text,Contains descriptive text tokens suitable for deterministic rule matching if taxonomy is expanded
TGP2-FA,Saw Stop LLC (SAWST),TGP2-FA T-Glide Fence Professional,Resolvable_From_Raw_Text,Contains descriptive text tokens suitable for deterministic rule matching if taxonomy is expanded
ATGI-FA,Saw Stop LLC (SAWST),ATGI-FA T-Glide Advanced Fence Industrial,Resolvable_From_Raw_Text,Contains descriptive text tokens suitable for deterministic rule matching if taxonomy is expanded
ATGP-FA,Saw Stop LLC (SAWST),ATGP-FA T-Glide Advance Fence Professional,Resolvable_From_Raw_Text,Contains descriptive text tokens suitable for deterministic rule matching if taxonomy is expanded
TGI2-FA,Saw Stop LLC (SAWST),TGI2-FA T-Glide Fence Indudtrial,Resolvable_From_Raw_Text,Contains descriptive text tokens suitable for deterministic rule matching if taxonomy is expanded
TGI2-T36A,Saw Stop LLC (SAWST),"TGI2-T36A 36"" Table Assembly Industrial",Resolvable_From_Raw_Text,Contains descriptive text tokens suitable for deterministic rule matching if taxonomy is expanded
DCB606C,Black & Decker/dewlt (2585),DCB606C Dewalt Flexvolt Starter Kit,Requires_Manufacturer_Web_Evidence,Specialty accessory requiring live manufacturer specification page retrieval
BL1850BDC1,Makita Usa Inc (5142),BL1850BDC1 Makita Starter Kit,Requires_Manufacturer_Web_Evidence,Specialty accessory requiring live manufacturer specification page retrieval
DCB205C,Black & Decker/dewlt (2585),DCB205C 20V Starter Kit,Requires_Manufacturer_Web_Evidence,Specialty accessory requiring live manufacturer specification page retrieval
BL1850BDC2X1,Makita Usa Inc (5142),BL1850BDC2X1 Makita Starter Kit,Requires_Manufacturer_Web_Evidence,Specialty accessory requiring live manufacturer specification page retrieval
DWV9401,Black & Decker/dewlt (2585),DWV9401 Dewalt Paper Bag - 5pk,Requires_Manufacturer_Web_Evidence,Specialty accessory requiring live manufacturer specification page retrieval
578512,Festool USA (FESTO),578512 Festool Dust Extractor-CT MIDI I HEPA,Requires_Manufacturer_Web_Evidence,Specialty accessory requiring live manufacturer specification page retrieval
577871,Festool USA (FESTO),577871 Festool Dust Extractor - CT 26,Requires_Manufacturer_Web_Evidence,Specialty accessory requiring live manufacturer specification page retrieval
577874,Festool USA (FESTO),577874 Festool Dust Extractor - CT 36,Requires_Manufacturer_Web_Evidence,Specialty accessory requiring live manufacturer specification page retrieval
577876,Festool USA (FESTO),577876 Festool Dust Extractor - CT 48,Requires_Manufacturer_Web_Evidence,Specialty accessory requiring live manufacturer specification page retrieval
578441,Festool USA (FESTO),578441 Festool Dust Extractor-CT 15 HEPA,Requires_Manufacturer_Web_Evidence,Specialty accessory requiring live manufacturer specification page retrieval
DCK2101QQ2,Black & Decker/dewlt (2585),Dewalt DCK2101QQ2 20V 2Pc Kit,Requires_Manufacturer_Web_Evidence,Specialty accessory requiring live manufacturer specification page retrieval
4000-2/32,Robt Bosch Tool Corp (6564),4000-2/32 DREMEL ROTARY TOOL,Requires_Manufacturer_Web_Evidence,Specialty accessory requiring live manufacturer specification page retrieval
3100-1/15,Robt Bosch Tool Corp (6564),3100-1/15 Dremel Rotary Tool - Kit 15pc,Requires_Manufacturer_Web_Evidence,Specialty accessory requiring live manufacturer specification page retrieval
T-90043,Makita Usa Inc (5142),T-90043 Deep Medium Organizer,Requires_Manufacturer_Web_Evidence,Specialty accessory requiring live manufacturer specification page retrieval
T-90059,Makita Usa Inc (5142),T-90059 Low Profile Medium - Organizer,Requires_Manufacturer_Web_Evidence,Specialty accessory requiring live manufacturer specification page retrieval
T-90065,Makita Usa Inc (5142),T-90065 Deep Compact Organizer,Requires_Manufacturer_Web_Evidence,Specialty accessory requiring live manufacturer specification page retrieval
10047VS,Oliver Machinery Company (OLIMA),10047VS Oliver 3HP 230V 1PH Shaper 1-1/4 Spindle,Resolvable_From_Raw_Text,Contains descriptive text tokens suitable for deterministic rule matching if taxonomy is expanded
MAG:2044-230-1,J&G Machinery (JGMAC),2044-230-1 Stock Feeder 4-Roll - Steff,Resolvable_From_Raw_Text,Contains descriptive text tokens suitable for deterministic rule matching if taxonomy is expanded
XTP242,Bow Products (BOWPR),"42"" XTP XTENDER PRO Fence - XTP242",Resolvable_From_Raw_Text,Contains descriptive text tokens suitable for deterministic rule matching if taxonomy is expanded
SSCMS,Woodpeckers Inc (WOODP),SSCMS Stealthstop Miter Sled,Resolvable_From_Raw_Text,Contains descriptive text tokens suitable for deterministic rule matching if taxonomy is expanded
4225.201,Oliver Machinery Company (OLIMA),"4225.201 Oliver 6"" HH Jointer Paralleogram",Resolvable_From_Raw_Text,Contains descriptive text tokens suitable for deterministic rule matching if taxonomy is expanded
KC-426C,King Canada Inc (KINCA),"KC-426C 12"" Portable Planer",Resolvable_From_Raw_Text,Contains descriptive text tokens suitable for deterministic rule matching if taxonomy is expanded
10045.201,Oliver Machinery Company (OLIMA),"10045.201 Oliver 13"" Benchtop Planer 2HP,115V 1Ph",Resolvable_From_Raw_Text,Contains descriptive text tokens suitable for deterministic rule matching if taxonomy is expanded
10014.201,Oliver Machinery Company (OLIMA),"10014.201 Oliver 15"" Planer 3HP 1Ph 220V",Resolvable_From_Raw_Text,Contains descriptive text tokens suitable for deterministic rule matching if taxonomy is expanded
4430.201,Oliver Machinery Company (OLIMA),"4430.201 Oliver 20"" Planer 5HP 1Ph 230V",Resolvable_From_Raw_Text,Contains descriptive text tokens suitable for deterministic rule matching if taxonomy is expanded
10055.201,Oliver Machinery Company (OLIMA),"10055.201 Oliver 15"" Benchtop Planer 2.5HP 1Ph 230V",Resolvable_From_Raw_Text,Contains descriptive text tokens suitable for deterministic rule matching if taxonomy is expanded
